code_ibge,city_name,new_cases_2024,pop_total,health_units_per_10k,propor_specialized_clinics,has_specialized_clinics,lit_ratio,cadun_ratio,aps_coverage,pib_per_capita,avg_years_study,bf_ratio
110001,Alta Floresta D'Oeste,0,21494,21.86656741416209,0.02127659574468085,1,0.9159,0.5731289352067244,1.1398,48680.68,7.1,0.25904903694054154
110002,Ariquemes,12,96833,24.16531554325488,0.004273504273504274,1,0.9408,0.456166802639596,0.6867,45271.91,8.9,0.19654456641847304
110003,Cabixi,0,5351,29.900953092879835,0,0,0.8981999999999999,0.4987852737806018,1.9622,56219.79,7.3,0.19734629041300691
110004,Cacoal,8,86887,58.927112226224864,0.001953125,1,0.9370999999999999,0.48013415892672856,0.9767,44292.79,9.1,0.19929333502134958
110005,Cerejeiras,4,15890,20.767778477029577,0.030303030303030304,1,0.9215000000000001,0.4852737570799245,1.3215,63334.77,8.6,0.21516677155443675
110006,Colorado do Oeste,1,15663,21.707208069973824,0.029411764705882353,1,0.9047,0.3327693715550448,1.1172,37087.31,8.6,0.10023622549958501
110007,Corumbiara,0,7519,29.259210001329965,0.045454545454545456,1,0.9152,0.43578490047435386,1.3964,67770.41,7.5,0.1550738130070488
110008,Costa Marques,0,12627,8.711491248911063,0.09090909090909091,1,0.9292,0.771963517330588,1.3863,32782.37,8.1,0.5144531559356934
110009,Espigão D'Oeste,1,29414,15.638811450329776,0.021739130434782608,1,0.9201,0.4851742934203667,0.8329,34812.43,7.9,0.21081797783368464
110010,Guajará-Mirim,5,39387,14.725670906644325,0.017241379310344827,1,0.9416,0.6890429160213607,1.2657,29071.36,8.8,0.4423286871302714
110011,Jaru,3,50591,37.7537506671147,0.005235602094240838,1,0.9239,0.4769919550908264,1.2543,49723.42,8.5,0.187187444407108
110012,Ji-Paraná,17,124333,50.992093812583946,0.0015772870662460567,1,0.9437000000000001,0.43053399606969456,0.9365,46845.75,9.2,0.16003796256826425
110013,Machadinho D'Oeste,0,30707,12.375028495131403,0.02631578947368421,1,0.9165000000000001,0.6661374713691774,1.0258,34383.24,7.1,0.29351613638584034
110014,Nova Brasilândia D'Oeste,0,15679,22.322852222718286,0.02857142857142857,1,0.9136,0.6716839934519634,1.1161,46683.57,7.2,0.31672938325148287
110015,Ouro Preto do Oeste,3,35044,45.65688848304988,0.00625,1,0.9281,0.5047036106989309,1.1025,36396.5,8.5,0.19050336719552563
110018,Pimenta Bueno,1,35079,40.76513013483851,0.006993006993006993,1,0.9323999999999999,0.39745764322434124,1.3165,60558.74,8.8,0.1324154052281992
110020,Porto Velho,78,460434,29.645942740979162,7.326007326007326e-4,1,0.9564,0.5410628884921618,0.7401,55170.11,9.6,0.26469808919410814
110025,Presidente Médici,1,19327,22.766078542970973,0,0,0.9238,0.6851339231817319,1.4487,40165.61,8.1,0.32100170745589074
110026,Rio Crespo,0,3471,23.048112935753384,0,0,0.9217,0.5584365696725248,2.0167,76393,7.7,0.21895707288965716
110028,Rolim de Moura,7,56406,33.50707371556217,0.005291005291005291,1,0.935,0.40027065678592116,0.9372,40556.52,9.3,0.11505868170052831
110029,Santa Luzia D'Oeste,0,7419,17.52257716673406,0,0,0.9045000000000001,0.6098643123511703,1.887,39343.14,7.6,0.2404636743496428
110030,Vilhena,11,95832,50.8180983387595,0.002053388090349076,1,0.9525,0.43784696134902745,1.187,53382.85,9.4,0.14358460639452375
110032,São Miguel do Guaporé,0,21635,36.052692396579616,0.01282051282051282,1,0.9268000000000001,0.5428356829211926,0.6748,74674.23,7.3,0.19089438409983822
110033,Nova Mamoré,1,25444,9.432479169941834,0.041666666666666664,1,0.9068999999999999,0.6376224912225541,1.3755,41682.37,7.4,0.3507703191322119
110034,Alvorada D'Oeste,0,13117,28.20766943660898,0.02702702702702703,1,0.8853,0.6413369418820359,1.3341,37098.92,7.2,0.32873370435312954
110037,Alto Alegre dos Parecis,0,11479,24.392368673229374,0,0,0.9079,0.43259430263960275,1.8294,50102.74,6.9,0.19365798414496035
110040,Alto Paraíso,0,16320,15.318627450980392,0.04,1,0.9173,0.5874591503267974,1.4476,40926.68,7.7,0.24564950980392156
110045,Buritis,1,27992,16.433266647613603,0.021739130434782608,1,0.9246,0.5119349576069353,1.254,43619.89,7.7,0.25
110050,Novo Horizonte do Oeste,0,7667,9.130037824442416,0,0,0.9003,0.6668623103343333,1.826,43297.04,7.5,0.23085952784661537
110060,Cacaulândia,1,4150,21.686746987951807,0,0,0.8808,0.773855421686747,2.5301,57587.8,7.5,0.2621686746987952
110070,Campo Novo de Rondônia,0,8844,18.091361374943464,0,0,0.9046,0.5822403135835972,1.9787,51475.72,7.1,0.23869289914066033
110080,Candeias do Jamari,3,22310,12.998655311519498,0.034482758620689655,1,0.9187000000000001,0.7812453309427759,1.6472,44895.13,7.8,0.46230389959659346
110090,Castanheiras,0,3233,27.837921435199505,0,0,0.8981,0.600242293019899,2.1651,42868.64,7.7,0.26662542530157746
110092,Chupinguaia,0,9324,24.667524667524667,0.043478260869565216,1,0.9264,0.5268393393393394,1.783,72285.48,8.1,0.26716001716001714
110094,Cujubim,0,14863,10.76498688017224,0.0625,1,0.9234,0.6570847069905134,0.9419,39167.61,6.9,0.30350534885285607
110100,Governador Jorge Teixeira,0,8001,12.49843769528809,0,0,0.8920999999999999,0.7227325750947797,1.7497,40010.43,5.7,0.4014498187726534
110110,Itapuã do Oeste,0,8548,15.208235844642022,0.07692307692307693,1,0.9031,0.6730716736858525,1.2283,39794.4,7.7,0.2912962096396818
110120,Ministro Andreazza,0,6466,18.558614290133004,0,0,0.8898999999999999,0.6645143829260749,1.6238,68091.81,7.6,0.3086916176925456
110130,Mirante da Serra,1,9235,18.408229561451,0.058823529411764705,1,0.8906999999999999,0.7788846778559827,1.5159,41167.16,6.7,0.2354087709799675
110140,Monte Negro,2,11548,26.84447523380672,0.03225806451612903,1,0.8915000000000001,0.7179093060847477,2.1215,45634.72,7.5,0.3655178385867683
110143,Nova União,0,6200,17.741935483870968,0,0,0.897,0.7175537634408602,2.258,31218.79,6.9,0.3369354838709677
110145,Parecis,0,4125,24.242424242424242,0.1,1,0.8953,0.6836363636363636,1.6969,48851.01,7.1,0.28824242424242424
110146,Pimenteiras do Oeste,0,2156,27.82931354359926,0.16666666666666666,1,0.9315000000000001,0.8390151515151516,1.6233,164742.67,6.6,0.362708719851577
110147,Primavera de Rondônia,1,3076,16.25487646293888,0,0,0.8745999999999999,0.7459091894234937,2.2756,42650.5,7.1,0.27535760728218467
110148,São Felipe D'Oeste,0,5258,15.214910612400152,0.125,1,0.8981,0.597629009762901,1.3313,33835.38,8,0.12495245340433625
110149,São Francisco do Guaporé,1,16286,20.876826722338205,0.029411764705882353,1,0.9186,0.6141010684023087,1.7192,43989.35,8,0.2783372221539973
110150,Seringueiras,0,11171,22.379375167845314,0.04,1,0.9273,0.6743204129740697,1.1608,37064.42,7.4,0.25181272938859545
110155,Teixeirópolis,0,4256,16.44736842105263,0,0,0.8996,0.66421914160401,1.6447,36754.24,7,0.26644736842105265
110160,Theobroma,0,8113,17.25625539257981,0,0,0.8837999999999999,0.6193454948847529,2.157,37933.42,7.1,0.2542832491063725
110170,Urupá,0,10725,16.783216783216783,0,0,0.9024,0.5408003108003108,1.3053,34518.76,7,0.2650815850815851
110175,Vale do Anari,1,7788,17.976373908577298,0.07142857142857142,1,0.8835,0.8876262626262625,1.3482,33039.39,7.1,0.3940677966101695
110180,Vale do Paraíso,1,6479,16.97792869269949,0,0,0.895,0.592671194114318,1.6206,34756.51,7.2,0.2626948603179503
120001,Acrelândia,0,14021,12.124670137650666,0,0,0.8835,0.7736193329054037,1.4977,35850.73,7.9,0.5107338991512731
120005,Assis Brasil,0,8100,14.814814814814815,0,0,0.853,1.0798559670781893,1.9444,23131.67,7.4,0.8495061728395061
120010,Brasiléia,3,26000,10,0.038461538461538464,1,0.8901,0.7125160256410257,1.2115,35761.56,7.8,0.5339615384615385
120013,Bujari,2,12917,7.7417356971433,0,0,0.8126000000000001,0.7022786508735259,1.2387,28289.76,6.9,0.5176898660679724
120017,Capixaba,0,10392,11.547344110854503,0,0,0.8427,0.8635168078008724,1.9365,51063.98,7.3,0.5882409545804465
120020,Cruzeiro do Sul,1,91888,16.21539265192408,0.006711409395973154,1,0.86239999999999994,0.6508312655986999,1.6546,29167.5,8.9,0.5214173776771722
120025,Epitaciolândia,1,18757,9.063283040998028,0,0,0.8878,0.5750653089513248,1.7726,42300.3,8.1,0.41488510955909796
120030,Feijó,0,35426,5.363292497036075,0.05263157894736842,1,0.7735,0.7831700822371516,0.8891,20926.55,6.8,0.6429176311183876
120032,Jordão,0,9222,11.927998265018434,0,0,0.8188,0.933573700571098,1.0368,16335.73,7.2,0.8170678811537627
120033,Mâncio Lima,0,19294,12.957396081683425,0,0,0.8427,0.8335190560105041,1.5119,17581.85,8.2,0.7075256556442417
120034,Manoel Urbano,0,11996,9.16972324108036,0,0,0.7784,0.9352909303101034,1.319,21891.8,6.8,0.7037345781927309
120035,Marechal Thaumaturgo,0,17093,9.360556953138712,0,0,0.7717,0.943973166403401,1.3954,16851.64,7.1,0.8177616568185807
120038,Plácido de Castro,0,16560,12.077294685990339,0,0,0.8438,0.6420088566827696,1.6908,46184.68,7.2,0.4605072463768116
120039,Porto Walter,0,10735,13.04145319049837,0,0,0.8109999999999999,0.9007064120478188,1.5003,18678.34,7.3,0.7561248253376804
120040,Rio Branco,45,364756,25.825483336805974,0.0010615711252653928,1,0.9304000000000001,0.5216825311532458,0.9503,35533.25,10,0.34786816392328024
120042,Rodrigues Alves,0,14938,16.066407818985137,0.041666666666666664,1,0.7996,0.8546492167626188,2.1087,19657.59,8.2,0.7212478243406079
120043,Santa Rosa do Purus,2,6723,16.361743269373793,0,0,0.774,0.9476052357578462,1.5618,18454.5,6.7,0.7994942733898557
120045,Senador Guiomard,0,21454,8.390043814673254,0,0,0.8704000000000001,0.7004637829775333,1.333,51823.46,8.3,0.5346322364127901
120050,Sena Madureira,3,41343,9.191398785767845,0.02631578947368421,1,0.8240999999999999,0.8728744890307912,1.1809,23526.3,7.2,0.7302082577461723
120060,Tarauacá,1,43467,9.202383417305082,0.025,1,0.7851,0.9324813460019478,1.0592,21443.39,6.7,0.7766351485034624
120070,Xapuri,0,18243,10.963109137751466,0.05,1,0.8539,0.6823621845822142,1.6307,34315.94,6.9,0.5056185934330977
120080,Porto Acre,1,16693,7.787695441202899,0,0,0.8398,0.9770662353481498,1.0483,31952.67,7.1,0.7056251123225304
130002,Alvarães,0,15866,8.823900163872432,0.07142857142857142,1,0.8763,0.89278961300895,1.056,15289.58,7.7,0.7686877599899156
130006,Amaturá,0,10819,12.015897957297348,0,0,0.8513,0.9387420279138553,1.4597,12453.24,7.9,0.7469267030224604
130008,Anamã,1,9962,16.061031921300945,0,0,0.8776,0.9967626982533628,2.4593,15528.45,8.3,0.7897008632804657
130010,Anori,0,17194,5.234384087472374,0,0,0.8682,0.734825132798263,1.6132,17283.4,7.4,0.6177736419681285
130014,Apuí,0,20647,9.686637283866906,0.05,1,0.9181,0.6067548150659499,1.6112,18701.67,7.3,0.37588995980045525
130020,Atalaia do Norte,1,15314,28.73187932610683,0,0,0.7718,0.8011188019676985,2.0569,13501.95,6.4,0.6640329110617735
130030,Autazes,3,41564,6.2554133384659805,0.038461538461538464,1,0.8987,0.989036987136304,1.1075,14074.43,8,0.8543210470599557
130040,Barcelos,2,18834,19.64532228947648,0,0,0.7870999999999999,0.7533228912250894,1.6056,12854.43,6.9,0.5770415206541362
130050,Barreirinha,1,31051,8.373321310102734,0.038461538461538464,1,0.9396,0.9254049789056713,1.137,12819.83,8.7,0.8059321760973882
130060,Benjamin Constant,4,37648,6.374840628984275,0.041666666666666664,1,0.873,0.8700572850262077,1.4409,12469.33,8.8,0.7387377815554611
130063,Beruri,0,20718,4.344048653344918,0,0,0.8299,1.0885220581137176,1.1825,12651.84,7,0.9472922096727483
130068,Boa Vista do Ramos,2,23785,5.045196552449022,0.08333333333333333,1,0.9562999999999999,0.5686462055917595,0.8002,10249.28,8.9,0.4610468782846332
130070,Boca do Acre,0,35447,5.6422264225463366,0.05,1,0.8016,0.6517852944772007,0.8886,18668.29,6.9,0.5222162665387762
130080,Borba,3,33080,5.139056831922612,0,0,0.8887999999999999,0.8253199314792422,1.0177,13170.61,7.6,0.7221886336154776
130083,Caapiranga,1,13469,6.682010542727745,0,0,0.9170999999999999,0.7558096369440939,1.5591,16267.84,8.4,0.6440715717573687
130090,Canutama,0,16869,3.5568202027387517,0,0,0.8111,0.7237437508645049,1.1579,12344.97,6.7,0.6078605726480526
130100,Carauari,1,28742,6.262612205135342,0.05555555555555555,1,0.8199,0.879056201145826,0.9048,15076.27,7.6,0.7741284531347853
130110,Careiro,1,30792,8.118991945959989,0.04,1,0.8706,0.8077422707196674,1.6384,14181.68,7.7,0.6116848532086256
130115,Careiro da Várzea,1,19637,11.203340632479502,0,0,0.8709,0.8537242620223726,1.265,21334.1,7.5,0.7098844018943831
130120,Coari,10,70616,5.947660586835845,0.023809523809523808,1,0.8634000000000001,0.8075979003814056,1.6356,55138.76,8.1,0.6769145802650958
130130,Codajás,0,23549,7.643636672470168,0,0,0.8618000000000001,0.8135235749571815,1.4785,27080.25,7.7,0.6248672979744363
130140,Eirunepé,1,33170,5.125113053964426,0.058823529411764705,1,0.7472,0.8286177268616219,1.0794,20610.19,7.1,0.71263189629183
130150,Envira,0,17186,5.23682066798557,0,0,0.7369,0.850542107917297,2.0365,13739.29,6.7,0.7549749796345863
130160,Fonte Boa,1,25871,4.638398206486027,0,0,0.8606999999999999,0.823338229420329,1.188,12536.38,7.6,0.7049592207491013
130165,Guajará,0,13815,9.410061527325372,0,0,0.7764,0.989854023404512,1.6332,13365.64,7.2,0.8827361563517915
130170,Humaitá,2,57473,11.48365319367355,0.015151515151515152,1,0.8874,0.6962733225456591,1.2567,16113.05,8.3,0.5085344422598438
130180,Ipixuna,0,24311,6.170046481016824,0,0,0.7584000000000001,0.6284637955383708,1.5253,10194.75,6.6,0.5851260746164287
130185,Iranduba,7,61163,5.8859114170331734,0.027777777777777776,1,0.9114,0.8511845396726779,1.2996,20657.85,8.9,0.6263917728038193
130190,Itacoatiara,14,103598,6.370779358674878,0.015151515151515152,1,0.9393,0.7258964137016802,1.0818,32065.64,8.9,0.5562076487963088
130195,Itamarati,0,10937,10.971930145378074,0,0,0.7356,0.9297567888817775,1.401,14791.7,7,0.7830300813751486
130200,Itapiranga,0,10162,12.792757331234009,0,0,0.9408,0.8785672111789018,1.3776,19342.4,9.1,0.6447549694941941
130210,Japurá,1,8858,11.289230074508918,0,0,0.8761,0.7973018740121923,1.5075,16407.39,8.3,0.6640325129826146
130220,Juruá,0,10742,6.516477378514243,0.14285714285714285,1,0.7936,0.8564125240489047,2.0104,13773.02,7.1,0.7115993297337554
130230,Jutaí,0,25172,5.164468457015732,0,0,0.841,0.9008455161820011,1.3904,15674.15,7.2,0.7738360082631496
130240,Lábrea,2,45448,9.681394120753389,0.022727272727272728,1,0.804,0.8879653670128499,1.6172,16347.96,7.2,0.7225180425981341
130250,Manacapuru,12,101883,5.1038936819685325,0.019230769230769232,1,0.8896999999999999,0.8269624634793505,1.0596,18819.75,8.4,0.6436402540168625
130255,Manaquiri,0,17107,7.014672356345356,0.08333333333333333,1,0.8858,0.9428158063950429,1.4358,17767.39,7.4,0.7090664640205764
130260,Manaus,550,2063689,7.757951900698216,6.246096189881324e-4,1,0.9702,0.5367493196245494,0.7205,61855.15,10.4,0.36044529965513217
130270,Manicoré,2,53914,6.120859146047409,0.030303030303030304,1,0.8956000000000001,0.7108605062383302,1.0998000000000001,17183.1,7.8,0.5438847052713581
130280,Maraã,1,15529,7.727477622512718,0,0,0.8432999999999999,0.9681617189344668,1.515,13051.72,7.7,0.8914933350505506
130290,Maués,4,61204,6.37213254035684,0.02564102564102564,1,0.9384,0.830563906498486,1.3152,11370.28,8.3,0.6875367623031174
130300,Nhamundá,2,20136,10.429082240762813,0,0,0.9322,0.8866871937491723,1.3009,11905.57,7.9,0.7427493047278506
130310,Nova Olinda do Norte,4,27062,11.085655162220087,0.03333333333333333,1,0.9102,0.8873943783410934,1.3878,13106.67,8.3,0.7263690784125342
130320,Novo Airão,1,15761,5.075820062178796,0,0,0.8956999999999999,0.8060983863122052,1.1103,15437.83,8.2,0.6186155700780407
130330,Novo Aripuanã,1,23818,5.8779074649424805,0,0,0.8797,0.6495157723850309,1.0832,13088.28,7.8,0.5317826853640104
130340,Parintins,17,96372,7.886107998173744,0.013157894736842105,1,0.9593,0.8149695969783755,1.1645,17193.26,9.7,0.6773959241273398
130350,Pauini,0,19373,5.161823155938677,0,0,0.7587999999999999,0.7790610643679348,0.8581,12276.84,5.7,0.6862643885820472
130353,Presidente Figueiredo,1,30668,11.738620059997391,0.027777777777777776,1,0.9140999999999999,0.7256505151949916,1.5977,23813.18,9,0.5255641059084387
130356,Rio Preto da Eva,0,24936,12.431825473211422,0,0,0.9127,0.717810929312373,2.2788,19885.22,8.5,0.5431504651908887
130360,Santa Isabel do Rio Negro,0,14164,21.180457497881953,0,0,0.841,0.7731926009601807,2.2239,13969.01,7.7,0.6326602654617339
130370,Santo Antônio do Içá,3,28211,7.798376519797242,0,0,0.8563,0.9082361490198858,1.1478,12558.12,7.9,0.7354223529828791
130380,São Gabriel da Cachoeira,0,51795,8.495028477652284,0.022727272727272728,1,0.9059999999999999,0.79090806705924,0.6081,11283.11,8.4,0.6718602181677769
130390,São Paulo de Olivença,0,32967,6.97667364334031,0,0,0.852,0.9753415031192808,1.5042,10871.49,6.5,0.8405981739315073
130395,São Sebastião do Uatumã,0,11670,6.855184233076264,0,0,0.9406,0.745222793487575,1.3254,12469.19,9.2,0.5822622107969152
130400,Silves,0,11559,9.51639415174323,0.09090909090909091,1,0.9449,0.8465337255241226,1.3912,37566.86,8.7,0.6597456527381261
130406,Tabatinga,11,66764,6.141034090228267,0.024390243902439025,1,0.9045000000000001,0.7021660875122321,0.9661,12726.63,8.9,0.5649901144329279
130410,Tapauá,0,19599,8.163681820501045,0,0,0.7918999999999999,0.8839821759613586,1.3403,16225.84,6.3,0.6941170467881015
130420,Tefé,11,73669,6.515630726628569,0.020833333333333332,1,0.9016,0.7757785952481143,0.9394,21983.7,8.9,0.5922844072812173
130423,Tonantins,1,19247,7.7934223515353045,0,0,0.8687999999999999,0.8166467501428795,1.6366,11149.91,7.8,0.7038499506416585
130426,Uarini,1,14431,5.543621370660384,0,0,0.8806999999999999,0.82258101771649,1.9402,18380.28,7.2,0.7528930774028134
130430,Urucará,2,18631,8.051097632977296,0,0,0.9423,0.7256946308124452,1.315,13125.81,8.9,0.593258547581987
130440,Urucurituba,1,23945,6.264355815410315,0.06666666666666667,1,0.937,0.6998433911046147,1.3738,12410.65,8.4,0.57694717059929
140002,Amajari,0,13927,29.439218783657644,0,0,0.6817,0.6000753931212752,1.2565,23630.35,6.1,0.47354060458102964
140005,Alto Alegre,4,21096,26.071293136139552,0,0,0.6319,0.54862691189483,1.1613,38042.3,5.6,0.4221653394008343
140010,Boa Vista,97,413486,16.348800201216,0.0014792899408284023,1,0.9643,0.49280709221916424,1.2815,44098.64,10.4,0.26102213859719553
140015,Bonfim,2,13923,28.729440494146377,0,0,0.9131,1.0626660920778568,1.7596,55512.69,7.8,0.8211592329239388
140017,Cantá,6,18682,15.522963280162724,0.034482758620689655,1,0.9081,0.951000071369946,1.8734,26677.78,8.1,0.6608500160582379
140020,Caracaraí,5,20957,9.543350670420384,0,0,0.8701000000000001,0.806934039541283,1.5673,30417.24,7.7,0.6058596173116381
140023,Caroebe,1,10656,14.076576576576576,0.06666666666666667,1,0.9168999999999999,0.8715512387387387,1.6422,29783.88,8.5,0.6311936936936937
140028,Iracema,1,10023,14.965579167913798,0,0,0.7997,0.5783531211546775,1.7459,27891.8,6.9,0.44008779806445175
140030,Mucajaí,3,18095,15.473887814313347,0.03571428571428571,1,0.8767,0.8733489914340978,1.7408,30508.11,8.4,0.6652113843603206
140040,Normandia,1,13986,19.305019305019304,0,0,0.9181999999999999,0.9583333333333334,1.2512,26523.39,8.6,0.8438438438438438
140045,Pacaraima,17,19305,18.13001813001813,0.02857142857142857,1,0.9409000000000001,1.077320210653544,1.8135,23176.41,8.8,0.5883967883967884
140047,Rorainópolis,3,32647,11.945967470211658,0.02564102564102564,1,0.905,0.6032739098028405,1.6333,30049.94,7.9,0.42190706649921894
140050,São João da Baliza,2,8858,14.675999096861593,0,0,0.9037000000000001,0.6845789117182208,1.1853,48070.61,9,0.4854368932038835
140070,Uiramutã,0,13751,60.35924660024725,0,0,0.8753,0.9212845126415049,1.209,18504.32,6.1,0.780888662642717
150010,Abaetetuba,11,158188,6.827319392115711,0.009259259259259259,1,0.8991,0.8234948289377196,0.978,15431.59,8.7,0.6201355349331176
150013,Abel Figueiredo,0,6136,11.408083441981747,0,0,0.8615999999999999,0.8650858322468492,1.7112,21361.97,7.6,0.6716101694915254
150020,Acará,1,59023,5.929891737119428,0.02857142857142857,1,0.841,0.8234614754700145,0.8894,35773.63,5.8,0.6791759144740186
150030,Afuá,3,37765,10.06222692969681,0,0,0.7798,1.001716757138444,1.1911,17623.65,5.6,0.8581755593803787
150034,Água Azul do Norte,0,18080,18.25221238938053,0.030303030303030304,1,0.8832,0.6076696165191741,2.7101,57921.79,7.2,0.44021017699115045
150040,Alenquer,2,69377,3.0269397638986986,0.047619047619047616,1,0.8918,0.6669909816413702,0.6053,22753.7,7.2,0.5619441601683555
150050,Almeirim,2,34280,10.210035005834305,0.02857142857142857,1,0.8742,0.7585715674834694,1.021,17323.43,7.5,0.6563302217036173
150060,Altamira,14,126279,12.116028793386073,0.006535947712418301,1,0.9034,0.589051491802543,0.6859,30788.13,8.5,0.3747337245306029
150070,Anajás,0,28011,6.4260469101424444,0,0,0.7742,1.1041882355741197,1.1151,13239,6.3,0.9310627967584163
150080,Ananindeua,92,478778,6.621022686923793,0.0031545741324921135,1,0.972,0.4929588104159618,0.9635,23964.96,10.4,0.2735944425182444
150085,Anapu,0,31850,11.930926216640502,0.02631578947368421,1,0.8504999999999999,0.8609602302459445,1.0989,22480.35,7.1,0.6723390894819467
150090,Augusto Corrêa,8,44573,8.300989388194647,0.02702702702702703,1,0.8254,0.8807798443003612,1.7227,10996.71,6.9,0.746730083234245
150095,Aurora do Pará,1,23774,9.674434255909818,0.043478260869565216,1,0.8175,0.8078397969770897,1.4353,16421.93,6.5,0.65079498611929
150100,Aveiro,0,18290,6.560962274466922,0,0,0.9096,0.6500820120284309,1.3395,12483.17,7.4,0.5187534171678513
150110,Bagre,2,31892,5.016932145992725,0,0,0.8255,0.6305133993896066,0.9389,10342.66,6.1,0.5668819766712655
150120,Baião,3,51641,6.196626711334018,0.03125,1,0.9196,0.5152446699328054,1.0539,15479.23,7,0.4375012102786546
150125,Bannach,0,4031,39.69238402381543,0,0,0.8722,0.6816546762589928,1.7365,38202.61,6.5,0.4095757876457455
150130,Barcarena,20,126650,9.632846427161468,0.00819672131147541,1,0.9384999999999999,0.639556520594815,1.0643,72562.44,9.2,0.43859455191472563
150140,Belém,312,1303403,13.280620038468532,5.777007510109763e-4,1,0.9704999999999999,0.5378179913145308,0.6093,31100.18,10.7,0.33637332429033845
150145,Belterra,1,18099,12.707884413503509,0.043478260869565216,1,0.9114,0.8365885776378068,1.6734,19495.21,8.4,0.52583015636223
150150,Benevides,11,63567,6.135258860729624,0.02564102564102564,1,0.9444,0.7869229841479594,1.451,52513.8,8.9,0.5099186684915129
150157,Bom Jesus do Tocantins,5,18005,8.88642043876701,0,0,0.8791,0.6160279551976303,1.7495,18715.57,6.6,0.406998056095529
150160,Bonito,0,12622,15.053081920456346,0.05263157894736842,1,0.7983,0.835994031585063,2.2183,11666.79,6.8,0.640310568848043
150170,Bragança,14,123082,8.693391397604849,0.009345794392523364,1,0.8814,0.7234709380738045,1.8294,16065.14,8.4,0.5489429811020295
150172,Brasil Novo,1,24718,12.136904280281577,0.03333333333333333,1,0.8886,0.6293355719179006,0.9911,20935.43,7,0.4368071850473339
150175,Brejo Grande do Araguaia,1,6783,20.63983488132095,0.07142857142857142,1,0.8614,0.9027224925057743,2.0639,21114.74,7.7,0.6533982013858175
150178,Breu Branco,6,45712,9.4067203360168,0.023255813953488372,1,0.8490000000000001,0.7233038735270096,1.3768,17549.46,6.9,0.5347173608680434
150180,Breves,8,106968,10.096477451200359,0.009259259259259259,1,0.8109999999999999,0.838845885373819,0.7744,14165.45,6.8,0.7061925061700696
150190,Bujaru,6,24383,9.432801542057991,0.043478260869565216,1,0.8852,0.9599686940354619,1.2918,28229.5,7.4,0.827584792683427
150195,Cachoeira do Piriá,2,19630,13.245033112582782,0,0,0.7978000000000001,0.871310918661912,2.1395,12119.63,6.1,0.7630667345899134
150200,Cachoeira do Arari,2,23981,8.339935782494475,0,0,0.9163,0.7644037640910165,1.1142,14790.97,6.5,0.653433968558442
150210,Cametá,3,134184,12.222023490132951,0.006097560975609756,1,0.9167000000000001,0.7893427432977603,1.0774,14171.23,8.2,0.669304835151732
150215,Canaã dos Carajás,17,77079,25.687930564745262,0.005050505050505051,1,0.9484999999999999,0.5702482734164515,0.8741,215643.17,9.6,0.28597931991852515
150220,Capanema,11,70394,13.353410802056993,0.010638297872340425,1,0.9006000000000001,0.6033741038535481,1.0441,26753.45,9,0.42503622467823965
150230,Capitão Poço,3,56506,8.140728418221073,0.021739130434782608,1,0.8177,0.764734423483052,1.0529,15929.88,7.2,0.5694793473259477
150240,Castanhal,45,192256,11.807173768308921,0.004405286343612335,1,0.9412,0.5784622239791389,1.1287,32862.91,9.5,0.3333003911451398
150250,Chaves,0,20757,12.044129691188514,0,0,0.8086,0.8804178510060863,0.7574,15955.56,5.3,0.8013200366141543
150260,Colares,4,12868,10.879701585327945,0,0,0.9220999999999999,0.7972425137291472,1.3599,10583.92,8.4,0.6086415915449176
150270,Conceição do Araguaia,2,44617,17.930385279153686,0.0125,1,0.895,0.6356246871521318,1.059,22083.42,8.4,0.29414797050451624
150275,Concórdia do Pará,1,26881,8.184219337078234,0.045454545454545456,1,0.8639,0.9158730453976166,1.1718,19375.46,7.5,0.7504185112161006
150276,Cumaru do Norte,1,14036,14.961527500712453,0,0,0.8375,0.53856155599886,1.2467,34128.83,6.3,0.3926332288401254
150277,Curionópolis,5,19950,9.022556390977444,0.05555555555555555,1,0.8715,0.7586758563074353,1.5789,36982.75,8.3,0.5227568922305764
150280,Curralinho,2,33903,5.604223815001622,0,0,0.8314,0.8991190553441681,0.8043,11704.92,6.7,0.7859776420965696
150285,Curuá,5,14117,12.04221860168591,0,0,0.9196,0.9168791764066965,1.4084,13612.52,8.1,0.7069490684989729
150290,Curuçá,5,41262,7.512965925064224,0.03225806451612903,1,0.9315000000000001,0.7809606902234502,1.1475,11765.26,7.8,0.6676118462507876
150293,Dom Eliseu,7,58484,8.036386020108063,0.02127659574468085,1,0.8896999999999999,0.44660647926498415,0.7779,22782.94,7.1,0.29496956432528554
150295,Eldorado do Carajás,7,28192,10.286606129398411,0.034482758620689655,1,0.8592,0.778832056375331,0.9931,26108.95,7.6,0.44221765039727584
150300,Faro,1,8728,10.311640696608617,0,0,0.9274,0.9546192331194622,1.0969,11692.46,8.6,0.7887259395050412
150304,Floresta do Araguaia,2,17898,11.733154542406973,0.047619047619047616,1,0.8704000000000001,0.7816422691548405,1.7599,36709.39,6.8,0.5751480612358922
150307,Garrafão do Norte,6,24703,9.310610047362669,0,0,0.7813,0.7983173433725997,1.5585,17279.15,6.5,0.6321499413026758
150309,Goianésia do Pará,3,26362,13.656020028829376,0.027777777777777776,1,0.8443999999999999,0.7635611865564069,1.4604,22601.14,6.8,0.5031105378954556
150310,Gurupá,0,31786,9.123513496507897,0,0,0.8203,0.9958603368359236,0.8826,15399.76,7,0.8720505883093186
150320,Igarapé-Açu,4,35797,8.659943570690281,0.03225806451612903,1,0.8775,0.7568441489510294,1.5643,16741.22,8,0.554264323826019
150330,Igarapé-Miri,1,64831,4.6274158967160774,0.03333333333333333,1,0.8459,0.8021882535618248,1.1398,15763.24,7.1,0.6266755101726026
150340,Inhangapi,1,10325,15.49636803874092,0,0,0.8791,0.7764810330912026,2.0338,22327.33,7.8,0.5746246973365617
150345,Ipixuna do Pará,4,30329,15.82643674371064,0.020833333333333332,1,0.8245,0.8974139162737534,2.0772,20202.02,6.6,0.7247518876322991
150350,Irituia,3,30955,6.460991762235503,0.05,1,0.8576,0.8176088946319926,1.696,12202.7,6.8,0.6164109190760781
150360,Itaituba,7,123314,7.379535170378059,0.01098901098901099,1,0.9181,0.6421945872596244,0.8614,30864.46,8.1,0.45015975477236975
150370,Itupiranga,4,49754,5.828677091289142,0.034482758620689655,1,0.8477,0.7265295252643004,1.0551,19692.73,6.4,0.5486594042690035
150375,Jacareacanga,0,24042,17.46942850012478,0,0,0.8879,0.7735421345977872,0.7278,30464.12,7.8,0.6493220197986856
150380,Jacundá,3,37707,15.381759355026919,0.017241379310344827,1,0.8548,0.7334557686017628,1.2994,21222.52,7.5,0.5431882674304506
150390,Juruti,5,50881,7.664943692144416,0.02564102564102564,1,0.9376000000000001,0.706476877419862,1.2827,23286.53,8.7,0.5654566537607358
150400,Limoeiro do Ajuru,2,29569,9.131184686665089,0,0,0.8935,0.860146324416337,1.2125,20358.86,7.9,0.7382393723156008
150405,Mãe do Rio,3,34353,9.315052542718249,0.03125,1,0.8747,0.723609776923898,1.2226,14217.09,7.7,0.5598055482781708
150410,Magalhães Barata,1,8115,19.71657424522489,0.0625,1,0.919,0.782706921339084,1.5728,15015.52,8.3,0.5638940234134319
150420,Marabá,45,266533,13.206619818183865,0.002840909090909091,1,0.922,0.542038884490851,0.563,36576.95,9.2,0.33445014313424604
150430,Maracanã,0,25971,9.241076585422201,0,0,0.9065000000000001,0.9754918948057448,1.47,13930.38,7.6,0.7830657271572138
150440,Marapanim,4,26573,11.66597674331088,0.03225806451612903,1,0.9272,0.7477232529259022,1.0537,12566.93,8.1,0.5797990441425507
150442,Marituba,20,111785,5.635818759225298,0.015873015873015872,1,0.9561,0.6968466252180525,1.3319,24873.84,9.5,0.4657959475779398
150445,Medicilândia,1,27094,9.22713515907581,0.04,1,0.8713,0.8569855564577644,0.8396,42093.03,6.4,0.7017051745773972
150450,Melgaço,0,27881,5.738675083390122,0,0,0.8012,0.8786449553459345,0.8901,12463.63,6,0.7902155589828198
150460,Mocajuba,2,27198,7.353481873667182,0.05,1,0.9178000000000001,1.11564882221732,1.2307,17661.59,8.4,0.8773439223472315
150470,Moju,4,84094,3.686350988179894,0.03225806451612903,1,0.8753,0.7105778454269429,0.5514,25641.22,7.3,0.5722524793683259
150475,Mojuí dos Campos,0,23501,6.808220926769073,0,0,0.8618000000000001,0.8081925591818787,1.3283,19456.64,7.3,0.570614016424833
150480,Monte Alegre,5,60012,7.331866959941345,0.022727272727272728,1,0.8884000000000001,0.8029310804505766,0.8165,20451.22,8,0.6474871692328201
150490,Muaná,2,45368,3.085875506965262,0,0,0.8998999999999999,0.690352598013284,0.9551,10235.72,7,0.575163110562511
150495,Nova Esperança do Piriá,3,20478,8.789920890711983,0.05555555555555555,1,0.7706999999999999,0.8767172900999447,1.88,16335.19,6.7,0.7631116319953121
150497,Nova Ipixuna,1,13955,10.032246506628448,0,0,0.8571,0.6461184760539831,1.5048,16563.62,6.4,0.4206377642422071
150500,Nova Timboteua,1,12806,14.836795252225519,0.05263157894736842,1,0.8634999999999999,0.7117301785621323,2.1181,14452.33,7.4,0.5046072153677963
150503,Novo Progresso,2,33638,12.78316190023188,0.023255813953488372,1,0.9359000000000001,0.5543086192203261,0.9364,45812.7,7.3,0.31289018372079197
150506,Novo Repartimento,8,60732,9.714812619376934,0.01694915254237288,1,0.8522,0.7193256163691849,0.8644,23157.48,6.6,0.5395343476256339
150510,Óbidos,9,52229,10.722012674950697,0.017857142857142856,1,0.9074,0.8193851436302948,1.089,17652.68,7.8,0.6202301403434873
150520,Oeiras do Pará,3,33844,7.682307055903557,0,0,0.8565,0.9330949848323682,1.055,15837.14,7.3,0.8108379624157901
150530,Oriximiná,3,68294,8.053416112689256,0.01818181818181818,1,0.9267,0.7346716646655147,0.8199,25469.47,8.3,0.5708993469411662
150540,Ourém,7,17855,11.201344161299357,0.05,1,0.8617,0.8121301222813405,1.5681,15630.39,7.4,0.627275273032764
150543,Ourilândia do Norte,2,32467,19.712323282101828,0.015625,1,0.8843000000000001,0.6969204628289237,1.2936,32433.37,7.7,0.5031878522807774
150548,Pacajá,3,41097,8.029783195853712,0,0,0.8661,0.8676180743119936,1.1497,27114.57,6.5,0.6950872326447186
150549,Palestina do Pará,1,6885,15.97676107480029,0.09090909090909091,1,0.8011,0.8295328007746308,2.0334,18531.95,7.5,0.6183006535947713
150550,Paragominas,16,105550,10.895310279488394,0.008695652173913044,1,0.9151,0.6324877625138164,1.3989,50294.69,8.7,0.36696352439602087
150553,Parauapebas,72,267836,15.905255454830568,0.002347417840375587,1,0.9456,0.4906814866809042,0.7019,98646.44,9.7,0.2609693991845756
150555,Pau D'Arco,1,6931,25.97027845909681,0.05555555555555555,1,0.8362999999999999,0.9341725580724283,2.0199,22149.9,6.8,0.5882268070985428
150560,Peixe-Boi,5,8285,12.070006035003017,0.1,1,0.8207,0.7391872862603098,1.6898,12149.29,7.9,0.5050090525045262
150563,Piçarra,0,12832,15.586034912718205,0,0,0.8789,0.7078137988362426,1.6365,28186.57,6.9,0.45542394014962595
150565,Placas,0,18668,5.892436254553246,0,0,0.8793000000000001,0.8742054138990072,1.6405,26323.21,7.4,0.6680415684593958
150570,Ponta de Pedras,3,24984,5.203330131284022,0,0,0.8794,0.9262728146013448,1.0891,12543.7,7.5,0.7503602305475504
150580,Portel,0,62503,5.599731212901781,0.02857142857142857,1,0.7945,0.8400210123247418,1.3059,18455.75,6,0.6984304753371838
150590,Porto de Moz,0,40597,7.389708599157573,0,0,0.8645999999999999,0.7474115492934618,0.8172,12492.98,7,0.6366972929034165
150600,Prainha,1,35577,6.74593136014841,0,0,0.8856,0.9748058202396679,0.9837,15428.12,7,0.8034685330410096
150610,Primavera,4,10851,16.58833287254631,0.05555555555555555,1,0.8648,0.8329186250115197,1.6127,51981.98,7.5,0.620403649433232
150611,Quatipuru,0,11524,12.148559527941687,0.07142857142857142,1,0.8162999999999999,0.8206351961124609,1.8222,12767.21,6.9,0.6355432141617494
150613,Redenção,7,85597,14.019182915289088,0.008333333333333333,1,0.9196,0.5411404605301587,0.9813,43012.09,8.9,0.3039709335607556
150616,Rio Maria,1,18384,17.40644038294169,0.03125,1,0.8782,0.6530678851174935,1.3326,54795.61,7.5,0.3494886858137511
150618,Rondon do Pará,1,53143,6.774175338238338,0.027777777777777776,1,0.8954000000000001,0.42764177157229866,0.7903,20383.47,5.8,0.2840073010556423
150619,Rurópolis,3,35769,5.8710056193910924,0.047619047619047616,1,0.8793000000000001,0.5678776780638728,1.1799,16929.57,7.1,0.42360703402387545
150620,Salinópolis,6,44772,8.710801393728223,0.02564102564102564,1,0.9170999999999999,0.6514488221805296,1.6416,17919.4,8.6,0.44505494505494503
150630,Salvaterra,3,24129,7.459903021260724,0,0,0.9301999999999999,0.7660767817425781,0.8511,11218.77,8.4,0.5946786025115007
150635,Santa Bárbara do Pará,4,21087,9.484516526770047,0.05,1,0.9184,0.7460362624681873,1.8257,14235.49,8.7,0.49722577891591974
150640,Santa Cruz do Arari,3,7445,13.431833445265278,0,0,0.9237000000000001,0.9014886948735169,1.1599,15479.51,7,0.7754197447951645
150650,Santa Izabel do Pará,11,73019,7.532286117311933,0.01818181818181818,1,0.9290999999999999,0.5018054661572102,0.9875,25036.57,8.5,0.32686013229433436
150655,Santa Luzia do Pará,4,20370,14.727540500736376,0.03333333333333333,1,0.8240000000000001,0.8312182948780887,1.7182,12683.38,7.2,0.6831124202258223
150658,Santa Maria das Barreiras,1,16548,13.294657964708726,0.045454545454545456,1,0.8803,0.8692994118121021,1.692,57009.05,7,0.5129320763838531
150660,Santa Maria do Pará,0,24624,10.964912280701755,0.037037037037037035,1,0.8405,0.7436410277236302,1.6345,23151.45,7.6,0.5099496426250812
150670,Santana do Araguaia,3,32413,13.574800234473821,0.022727272727272728,1,0.8951,0.7559775398759757,1.4037,61032.74,7.6,0.5190818498750501
150680,Santarém,58,331942,13.195076248260238,0.00228310502283105,1,0.9539,0.7457723538047811,0.9948,26154.78,9.8,0.476330202264251
150690,Santarém Novo,0,6116,22.89077828646174,0.07142857142857142,1,0.8828,1.0900915631131458,2.146,13279.44,8.4,0.790876389797253
150700,Santo Antônio do Tauá,3,27461,8.375514365827902,0.043478260869565216,1,0.9118,0.8112656737433694,1.4227,25027.9,8.2,0.6011434397873348
150710,São Caetano de Odivelas,3,16666,12.000480019200769,0.05,1,0.9101,0.7857064282571303,1.68,14510.29,7.3,0.6047641905676227
150715,São Domingos do Araguaia,2,21092,9.008154750616347,0.05263157894736842,1,0.8477,0.7264760730766799,1.3275,23232.92,7.7,0.5347051014602693
150720,São Domingos do Capim,1,30599,10.457858099937907,0.03125,1,0.8370000000000001,0.8277721494166476,1.5292,21375.83,7,0.6855125984509298
150730,São Félix do Xingu,1,65418,11.923323855819499,0.01282051282051282,1,0.8901,0.7002876374494278,1.0507,35953.63,6.7,0.5186034424776056
150740,São Francisco do Pará,0,14894,11.413992211628845,0,0,0.8865999999999999,0.8572076003759903,1.8799,24156.73,8,0.6038001879951659
150745,São Geraldo do Araguaia,1,24255,10.719439290867863,0.038461538461538464,1,0.8772,0.7169621383907099,1.443,42408.76,7.2,0.5120181405895692
150746,São João da Ponta,0,4430,18.058690744920995,0,0,0.9083,1.2002445447705041,2.3702,17897.68,7.7,0.9038374717832958
150747,São João de Pirabas,7,20689,10.150321426845183,0.047619047619047616,1,0.8379000000000001,0.8088758921810301,2.03,11256.14,7.3,0.6131760839093238
150750,São João do Araguaia,1,13664,10.97775175644028,0,0,0.8062,0.9004378903200625,1.793,17234.72,6.8,0.6596165105386417
150760,São Miguel do Guamá,3,52894,11.53249896018452,0.01639344262295082,1,0.8835,0.7044356007612709,1.009,21412.22,7.4,0.5274511286724393
150770,São Sebastião da Boa Vista,4,25643,8.969309363179034,0,0,0.9048,1.029575972650106,1.2292,12079.03,7.6,0.8917443356861522
150775,Sapucaia,0,5847,15.392508978963571,0,0,0.8661,0.6394304771677783,1.6461,29536.54,7.5,0.42260988541132205
150780,Senador José Porfírio,0,22576,9.301913536498937,0.047619047619047616,1,0.8477,0.7459101110323648,0.8187,15115.32,6.7,0.600859319631467
150790,Soure,12,24204,5.371013055693274,0,0,0.9437000000000001,0.7475382856828073,0.723,13995.56,8.5,0.5745744505040489
150795,Tailândia,9,72493,6.207495896155491,0.022222222222222223,1,0.8862000000000001,0.7591997388253579,0.7242,27913.97,7.7,0.5723173271902114
150796,Terra Alta,0,10400,9.615384615384615,0.1,1,0.9077,0.9538782051282052,2.0192,11031.82,8.6,0.7304807692307692
150797,Terra Santa,2,18782,11.180917900117134,0.047619047619047616,1,0.9494,0.7921281013736556,1.1943,31431.11,8.9,0.5998828665743797
150800,Tomé-Açu,6,67585,6.214396685655101,0.023809523809523808,1,0.8863,0.758200784197677,0.9866,25841.27,7.3,0.5741954575719465
150803,Tracuateua,1,28595,10.141633152649064,0.034482758620689655,1,0.8306,0.8803520428979426,1.9583,13696.03,6.9,0.7158244448330128
150805,Trairão,3,15242,9.841228185277522,0.06666666666666667,1,0.8818,0.8291344093076148,1.6074,29822.73,7.4,0.5924419367537068
150808,Tucumã,5,39550,16.18204804045512,0.015625,1,0.9043000000000001,0.5853244837758111,1.0398,34081.39,7.3,0.27724399494311
150810,Tucuruí,11,91306,11.718835563927891,0.009345794392523364,1,0.9183,0.6351873553399192,1.102,59767.25,9,0.42421089523141964
150812,Ulianópolis,4,37972,9.744021910881703,0.02702702702702703,1,0.892,0.4981762877910039,1.106,61737.21,7.3,0.36450542505003686
150815,Uruará,2,43558,7.346526470453189,0.03125,1,0.8781,0.7221558994138084,0.8838,24284.72,7.2,0.5731668120666698
150820,Vigia,6,50832,6.295247088448222,0.03125,1,0.9159999999999999,0.7224943605078167,0.9295,11845.71,8.2,0.5508734655335222
150830,Viseu,2,58692,6.644857902269474,0.02564102564102564,1,0.8078,0.7665567709398214,1.8486,14818.18,6.9,0.6525420841000477
150835,Vitória do Xingu,1,15607,22.42583456141475,0.02857142857142857,1,0.8581,0.8163270754575938,1.5956,255464.67,7.3,0.5954379445120779
150840,Xinguara,4,52893,13.234265403739625,0.014285714285714285,1,0.9068,0.5214190283528382,0.9594,43892.1,8.2,0.3229727941315486
160005,Serra do Navio,0,4673,23.53948213139311,0,0,0.9370999999999999,0.7773022326842143,2.2469,27079.78,9.6,0.5692274769955061
160010,Amapá,1,7943,18.884552436107263,0,0,0.8953,0.8471505308657519,1.6523,27577.09,8.5,0.7074153342565781
160015,Pedra Branca do Amapari,0,12847,21.016579746244258,0.037037037037037035,1,0.9129999999999999,0.7970667600736877,1.3621,29254.05,8.4,0.6268389507277964
160020,Calçoene,0,10612,9.423294383716547,0,0,0.899,0.7833270511370775,1.8139,27836.47,8.2,0.611100640784018
160021,Cutias,0,4461,17.933198834342075,0,0,0.8941,1.1590824179929762,1.5691,25859.56,8.1,0.8883658372562205
160023,Ferreira Gomes,0,6666,21.002100210021002,0,0,0.9070999999999999,0.8022052205220522,2.1002,83706.89,9.1,0.5906090609060906
160025,Itaubal,0,5599,28.576531523486338,0.0625,1,0.8911,1.191016252902304,2.0316,23704.72,7.8,0.9849973209501697
160027,Laranjal do Jari,6,35114,8.828387537734237,0.03225806451612903,1,0.8975,0.7992989500863853,1.9935,38025.44,8.6,0.6270148658654667
160030,Macapá,69,442933,15.103864467086444,0.0014947683109118087,1,0.951,0.5997568104732167,1.1381,41701.25,10.1,0.3804683778359255
160040,Mazagão,4,21924,14.595876664842182,0.03125,1,0.8756,1.030856595511768,1.4367,26617.09,8.1,0.8152253238460135
160050,Oiapoque,5,27482,13.463357834218762,0.02702702702702703,1,0.9362999999999999,0.7955055430220993,1.2417,29850.96,8.5,0.5273269776581034
160053,Porto Grande,0,17848,13.44688480502017,0.041666666666666664,1,0.9015000000000001,0.8365269684745257,1.7649,29563.8,8.3,0.6355333930972658
160055,Pracuúba,0,3803,21.03602419142782,0,0,0.8987,1.099154176527303,2.7609,26566.7,8.1,0.8824612148303971
160060,Santana,14,107618,9.106283335501496,0.01020408163265306,1,0.9244,0.7271932514387308,0.9756,34619.56,9.7,0.5260551208905574
160070,Tartarugalzinho,0,12945,20.084974893781382,0.038461538461538464,1,0.8879,0.9636603579245526,2.658,25438.8,7.9,0.765778292777134
160080,Vitória do Jari,1,11291,11.5135948985918,0,0,0.8740000000000001,0.9007247660378473,1.8153,26884.18,7.6,0.7813302630413603
170025,Abreulândia,0,2576,15.527950310559007,0,0,0.8787,0.7779503105590062,1.3586,55097.07,8,0.29891304347826086
170030,Aguiarnópolis,1,4497,13.3422281521014,0,0,0.9033,0.8045363575717145,1.5565,50308.71,8.3,0.40382477207026907
170035,Aliança do Tocantins,0,5147,9.714396735962696,0,0,0.8970999999999999,0.7678582993329447,1.36,82197.34,8.6,0.40120458519525937
170040,Almas,0,6499,9.232189567625788,0,0,0.8462999999999999,0.8368466943632354,1.6156,51718.79,7.7,0.49499923065086937
170070,Alvorada,0,8802,19.313792319927288,0.058823529411764705,1,0.9123,0.5868552601681436,1.5905,100667.7,8.9,0.3009543285616905
170100,Ananás,4,10325,7.74818401937046,0,0,0.8639,0.7198305084745763,1.6949,19324.51,8,0.4456174334140436
170105,Angico,1,2876,24.339360222531294,0,0,0.894,0.7114916550764951,2.4339,18926.76,8.6,0.3014603616133519
170110,Aparecida do Rio Negro,0,4856,8.237232289950576,0,0,0.8896999999999999,0.7219419275123559,1.4415,58329.24,8.4,0.3653212520593081
170130,Aragominas,0,5290,11.342155009451796,0,0,0.8275,0.8020478890989288,1.9848,21532.68,7.3,0.4612476370510397
170190,Araguacema,0,5927,11.81035937236376,0,0,0.8736,0.7447837579438726,1.7715,69497.32,8.6,0.4322591530285136
170200,Araguaçu,0,8133,13.525144473134144,0,0,0.8889,0.6137341694331735,1.7213,58340.46,8.2,0.2594368621664822
170210,Araguaína,23,171301,21.42427656581106,0.0027247956403269754,1,0.9367,0.4875842328221474,1.2371,42951.52,10,0.21358310809627498
170215,Araguanã,0,4310,20.88167053364269,0.1111111111111111,1,0.8733,0.7939481825212683,2.8422,24967.3,6.8,0.5055684454756381
170220,Araguatins,2,31918,10.025690832758945,0.03125,1,0.8526,0.6125514338826576,1.8641,20096.49,8.6,0.3717338179083903
170230,Arapoema,2,5550,14.414414414414415,0,0,0.8721,0.7088138138138138,1.8918,28571.58,8.1,0.3592792792792793
170240,Arraias,1,10287,9.72100709633518,0,0,0.8371999999999999,0.8089903113962608,1.3609,23241.99,8.2,0.5092835617770001
170255,Augustinópolis,0,17484,13.1548844657973,0.043478260869565216,1,0.8665,0.6614523755052238,1.201,22662.28,8.4,0.36667810569663695
170270,Aurora do Tocantins,0,3342,11.968880909634949,0,0,0.8375,0.6850189507281069,2.0945,20914.44,8.3,0.3566726511071215
170290,Axixá do Tocantins,1,10262,10.719158058857923,0,0,0.8469,0.8973478204378614,1.7053,16894.7,7.8,0.6353537322159423
170300,Babaçulândia,1,7880,12.690355329949238,0,0,0.83,0.7121510152284264,1.7766,21502.7,7.6,0.4654822335025381
170305,Bandeirantes do Tocantins,0,3407,14.6756677428823,0,0,0.8886,0.6122688582330496,2.0545,73289.08,8.9,0.3137657763428236
170307,Barra do Ouro,0,4476,11.170688114387847,0,0,0.8402,0.8410969615728329,1.5638,22426.74,8.1,0.5350759606791778
170310,Barrolândia,1,4846,14.444903012794057,0.14285714285714285,1,0.8584,0.8814486174164259,2.1667,28911.15,8.5,0.4255055716054478
170320,Bernardo Sayão,0,4229,7.093875620714117,0,0,0.8641,0.7039292188854733,1.6552,30399.6,8.2,0.38448805864270513
170330,Bom Jesus do Tocantins,0,4038,9.905894006934126,0,0,0.8786,0.8676118540531615,2.6002,35567.79,8,0.6228330856859832
170360,Brasilândia do Tocantins,0,1974,20.26342451874367,0,0,0.8659,0.8599290780141844,1.773,37998.74,8.1,0.45440729483282677
170370,Brejinho de Nazaré,0,4725,10.582010582010582,0,0,0.8595,0.7630864197530864,2.2222,56631.59,8.1,0.36592592592592593
170380,Buriti do Tocantins,0,10307,10.672358591248665,0,0,0.8068000000000001,0.5547039229002942,2.0374,14550.56,7.9,0.3303580091200155
170382,Cachoeirinha,0,1961,20.39775624681285,0,0,0.8525,0.8345656977732449,1.7848,31665.19,8.4,0.5007649158592555
170384,Campos Lindos,1,8653,3.467005662775916,0,0,0.8686,0.7182961593281714,1.8201,76950.96,8,0.4656188605108055
170386,Cariri do Tocantins,1,4007,19.96506114299975,0,0,0.9115000000000001,0.722568837867066,1.8517,249014.12,8.3,0.25155977040179683
170388,Carmolândia,0,2201,13.630168105406634,0,0,0.8606999999999999,0.9387778282598819,1.5901,33244.81,8.2,0.5093139482053612
170389,Carrasco Bonito,0,3318,21.09704641350211,0,0,0.7925,0.8657323688969258,2.1097,16935.51,7,0.512959614225437
170390,Caseara,0,4847,10.315659170621002,0,0,0.8937999999999999,0.83269720101781175,2.1662,97893.11,9,0.5737569630699402
170410,Centenário,0,2131,9.385265133740027,0,0,0.8477,0.750743000156421,1.6424,51302.36,7.8,0.4120131393711872
170460,Chapada de Areia,0,1501,26.64890073284477,0,0,0.8493,0.8787475016655563,2.3317,34360.86,7.2,0.4756828780812791
170510,Chapada da Natividade,0,3117,12.832852101379531,0,0,0.8599,0.8498021601967705,2.2457,49848.33,6.8,0.4558870709015079
170550,Colinas do Tocantins,5,34233,17.234831887360148,0.01694915254237288,1,0.9109999999999999,0.588844584660026,1.738,33923.44,9.4,0.2981041684923904
170555,Combinado,0,4756,10.513036164844408,0,0,0.8847,0.7973437061956826,1.4718,19975.07,8.8,0.415475189234651
170560,Conceição do Tocantins,0,3887,20.58142526369951,0,0,0.8345,0.7390018008747106,1.8008,22889.8,7.1,0.4412143040905583
170600,Couto Magalhães,0,5331,9.379103357719002,0,0,0.8615999999999999,0.7964421934596385,1.9696,46794.57,7.7,0.4398799474770212
170610,Cristalândia,0,6371,14.126510751844295,0.1111111111111111,1,0.8894,0.7089546382043636,1.648,33605.45,8.3,0.3908334641343588
170625,Crixás do Tocantins,0,1470,27.210884353741495,0,0,0.9106000000000001,0.905045351473923,2.3809,52644.13,9.1,0.3340136054421769
170650,Darcinópolis,0,5827,8.58074480864939,0,0,0.8985,0.7706795949888451,1.8019,43340.1,8.3,0.4920199073279561
170700,Dianópolis,0,17739,15.784429787473927,0.03571428571428571,1,0.8983,0.6257633838810905,1.5784,44065.23,8.9,0.31969107615987374
170710,Divinópolis do Tocantins,1,7024,14.236902050113896,0,0,0.8969,0.6391657175398633,1.4948,46007.79,8.2,0.3778473804100228
170720,Dois Irmãos do Tocantins,0,6327,14.22475106685633,0.1111111111111111,1,0.8702,0.781584215794742,2.2127,45700.75,7.7,0.4727358937885254
170730,Dueré,0,4248,16.47834274952919,0,0,0.8869,0.7130021971123667,1.6478,68459.88,8.1,0.4227871939736347
170740,Esperantina,0,7530,9.296148738379815,0,0,0.7820999999999999,0.9290172642762284,2.324,15829.63,7.4,0.6739707835325365
170755,Fátima,0,3467,20.19036631093164,0,0,0.9012,0.6815450437457936,2.019,36824.79,8.9,0.35333141044130373
170765,Figueirópolis,1,5211,7.676069852235655,0,0,0.883,0.5893622465297768,1.3433,67182.86,8.5,0.30032623296872
170770,Filadélfia,0,7712,16.856846473029044,0,0,0.8723000000000001,0.7278483748271093,1.8153,20968.21,7.8,0.5047977178423236
170820,Formoso do Araguaia,1,18881,12.181558180181135,0,0,0.8984000000000001,0.645560793037092,1.4829,52336.7,8.6,0.36205709443355755
170825,Fortaleza do Tabocão,0,3455,14.47178002894356,0.2,1,0.9096,0.8416304872165944,1.013,50221.94,8.9,0.4492040520984081
170830,Goianorte,0,4738,16.884761502743775,0,0,0.8641,0.790488251020121,2.2161,37621.77,8.4,0.42887294216969185
170900,Goiatins,0,12433,12.064666613045926,0,0,0.8226,0.8499959784444623,1.689,24866.67,7.8,0.6548701037561329
170930,Guaraí,1,24775,17.7598385469223,0.022727272727272728,1,0.9225,0.500517995290952,1.4127,45614.78,9.5,0.2397981836528759
170950,Gurupi,7,85125,28.076358296622615,0.0041841004184100415,1,0.9556999999999999,0.43352618697993145,1.4395,43406.95,10.4,0.15948311306901616
170980,Ipueiras,0,1590,31.446540880503143,0,0,0.8381000000000001,0.9134696016771489,2.2012,45212.03,7.9,0.40125786163522015
171050,Itacajá,0,6819,17.59788825340959,0,0,0.8664000000000001,0.8004595004155056,2.053,29284.96,8.4,0.5990614459598181
171070,Itaguatins,0,5172,11.600928074245939,0,0,0.8238,0.7786317349832431,2.0301,19377.41,7.5,0.5301624129930395
171090,Itapiratins,0,3577,13.97819401733296,0,0,0.841,0.7680085732923306,1.9569,42798.42,7.6,0.4481409001956947
171110,Itaporã do Tocantins,0,2404,20.798668885191347,0,0,0.8873000000000001,0.7146075984470328,1.4559,31817.51,8.4,0.3036605657237937
171150,Jaú do Tocantins,0,3334,23.995200959808038,0.125,1,0.8952,0.7338032393521295,2.0995,33238.24,7.7,0.33623275344931014
171180,Juarina,0,2243,17.833259028087383,0,0,0.8651000000000001,0.935317283400208,1.5604,24770.37,7.8,0.3553276861346411
171190,Lagoa da Confusão,2,15288,8.503401360544217,0.07692307692307693,1,0.9281999999999999,0.4766483516483517,1.1446,71287.55,8.8,0.321101517530089
171195,Lagoa do Tocantins,0,3516,17.064846416382252,0,0,0.857,0.7579161926431551,1.9908,24451.07,7.6,0.4459613196814562
171200,Lajeado,0,3357,17.873100983020553,0,0,0.9357,0.5659070598748883,2.0851,23653.56,9.3,0.25171283884420614
171215,Lavandeira,0,1626,30.75030750307503,0,0,0.8089,0.7902316523165233,2.1525,25533.31,8.2,0.3960639606396064
171240,Lizarda,0,2999,10.003334444814937,0,0,0.8329000000000001,0.8598421696120929,2.3341,26122.39,7,0.5365121707235745
171245,Luzinópolis,0,2717,14.72211998527788,0.25,1,0.8697,0.8634523371365477,2.5763,21648.91,8.3,0.45712182554287817
171250,Marianópolis do Tocantins,1,4615,17.33477789815818,0,0,0.914,0.6239797760924521,2.2751,80866.17,7.9,0.27258938244853737
171270,Mateiros,0,2748,14.55604075691412,0,0,0.8319,0.6911086851043183,1.2736,170006.81,8.1,0.3948326055312955
171280,Maurilândia do Tocantins,0,3095,19.38610662358643,0,0,0.8311,0.8922186322024771,2.2617,20456.62,8.2,0.5521809369951535
171320,Miracema do Tocantins,1,18566,12.926855542389314,0.041666666666666664,1,0.9070999999999999,0.6249730690509534,1.5081,46344.84,9.1,0.30060325325864484
171330,Miranorte,0,12701,24.4075269663806,0.03225806451612903,1,0.9081,0.6947418838411673,1.1022,38059.52,8.6,0.37823793402094325
171360,Monte do Carmo,1,5694,14.049877063575694,0,0,0.8556999999999999,0.8039603090972954,2.4587,70021.9,7.3,0.48314014752370915
171370,Monte Santo do Tocantins,1,2396,12.520868113522537,0,0,0.8939,0.8029354479688369,1.4607,36145.33,7.7,0.4511686143572621
171380,Palmeiras do Tocantins,1,4872,10.262725779967159,0,0,0.8462000000000001,0.8129960317460317,2.1551,22215.72,7.7,0.5262725779967159
171395,Muricilândia,1,3367,11.88001188001188,0,0,0.8619,0.8185328185328186,2.079,23750.03,7.9,0.4377784377784378
171420,Natividade,0,8754,18.277358921635823,0.0625,1,0.8633,0.6798891935115375,1.999,40295.6,8.2,0.3608636052090473
171430,Nazaré,0,4521,19.907100199071003,0,0,0.8458,0.7563407800634078,1.5483,17351.72,8.2,0.41030745410307456
171488,Nova Olinda,0,10367,9.645992090286486,0.1,1,0.8765999999999999,0.7304266743834603,1.3504,42683.88,8.5,0.42664223015337127
171500,Nova Rosalândia,0,3362,11.89767995240928,0,0,0.8981999999999999,0.711233392821733,2.082,32762.29,9,0.36020226055919097
171510,Novo Acordo,0,3969,20.15621063240111,0,0,0.9053,0.7459267657680356,1.7636,44437.68,8.1,0.48450491307634164
171515,Novo Alegre,0,1846,27.085590465872155,0,0,0.8768,0.7016522210184182,1.8959,20916.56,8.5,0.3656554712892741
171525,Novo Jardim,0,2230,13.452914798206278,0,0,0.825,0.9267937219730942,1.5695,22016.76,7.7,0.5040358744394619
171550,Oliveira de Fátima,0,1164,25.77319587628866,0,0,0.8867,0.8959765177548683,3.0068,43108.37,7.5,0.4733676975945017
171570,Palmeirante,0,4798,8.336807002917883,0,0,0.8351999999999999,0.7599520633597332,2.5531,51604.14,7.6,0.4428928720300125
171575,Palmeirópolis,0,6975,24.372759856630825,0,0,0.8837999999999999,0.6140501792114695,2.0071,31315.57,7.5,0.32301075268817203
171610,Paraíso do Tocantins,7,52360,17.952635599694425,0.010638297872340425,1,0.9490000000000001,0.354838298955946,1.1363,43703.79,9.8,0.14142475171886937
171620,Paranã,0,10542,10.434452665528363,0,0,0.8214,0.7625213431986341,1.328,33504.69,7.1,0.550464807436919
171630,Pau D'Arco,1,4043,9.893643334157803,0,0,0.8637999999999999,0.7942946656773023,1.7313,27405.85,7.4,0.48899332179074945
171650,Pedro Afonso,1,14055,18.498754891497686,0.038461538461538464,1,0.9256,0.5463002490217005,1.7431,77584.01,9.5,0.24005691924581998
171660,Peixe,1,9317,12.879682301169904,0,0,0.8458,0.6659779614325069,2.2539,96294.35,7.4,0.3498980358484491
171665,Pequizeiro,1,4921,16.25685836212152,0,0,0.8528,0.7838345864661654,2.1337,26266.17,7.5,0.4238975817923186
171670,Colméia,2,8941,14.539760653170786,0.07692307692307693,1,0.8822,0.6090668456175671,1.5658,25504.92,8.4,0.2994072251426015
171700,Pindorama do Tocantins,0,4478,15.631978561857972,0,0,0.8733,0.7761463450945363,1.5631,24739.39,7.5,0.4207235372934346
171720,Piraquê,0,2282,26.292725679228745,0,0,0.8447,0.8855901256208005,2.684,43049.27,7,0.5122699386503068
171750,Pium,0,7128,15.432098765432098,0,0,0.8658,0.6296763935652824,1.964,64341.32,8.4,0.2969977553310887
171780,Ponte Alta do Bom Jesus,0,4220,11.848341232227488,0,0,0.8337,0.801718009478673,1.6587,19550.51,6.1,0.46895734597156397
171790,Ponte Alta do Tocantins,0,7586,9.227524387028737,0,0,0.8709,0.6124879163371122,1.3841,18656.92,7.3,0.3636962826258898
171800,Porto Alegre do Tocantins,0,2866,20.9351011863224,0.16666666666666666,1,0.8411,0.7213014654570831,1.2212,20909.46,8.2,0.37892533147243546
171820,Porto Nacional,2,64418,22.043528206401938,0.007042253521126761,1,0.9354,0.5646299688492865,1.5213,49611.82,9.8,0.24937129373777517
171830,Praia Norte,0,9044,9.951348960636887,0,0,0.8386,0.5769755270529264,1.1609,12657.38,8.2,0.3743918620079611
171840,Presidente Kennedy,0,3047,13.127666557269446,0,0,0.8873000000000001,0.6705229187178645,2.2973,29157.52,8.7,0.3130948473908763
171845,Pugmil,0,2193,22.79981760145919,0,0,0.9003,0.8549551603587172,1.5959,58334.4,8.3,0.4911080711354309
171850,Recursolândia,0,3421,14.615609470914936,0,0,0.7846,0.946726103478515,2.0461,29758.74,4.1,0.6629640456007015
171855,Riachinho,1,3960,12.626262626262626,0,0,0.8432,0.8266835016835017,1.7676,19013.98,7.1,0.48308080808080806
171865,Rio da Conceição,0,1768,22.624434389140273,0,0,0.8946999999999999,0.872407616892911,1.9796,25870.73,8.8,0.49660633484162897
171870,Rio dos Bois,0,2738,18.261504747991236,0,0,0.8613,0.8723216459702946,1.2783,32423.3,7.3,0.3970051132213294
171875,Rio Sono,0,4841,18.591200165255113,0,0,0.8809999999999999,0.8613922743234869,2.1689,31149.58,6.8,0.5967775253046891
171880,Sampaio,0,4215,11.862396204033216,0,0,0.8306999999999999,1.0086990905496245,1.6607,16639.73,8.3,0.7179122182680902
171884,Sandolândia,0,3723,10.744023636852,0,0,0.8869,0.8473229474438178,1.8802,36100.43,7.7,0.48885307547676604
171886,Santa Fé do Araguaia,2,7216,11.086474501108647,0,0,0.8667,0.6002286585365854,1.9401,28091.32,8.4,0.2989190687361419
171888,Santa Maria do Tocantins,0,2680,11.194029850746269,0,0,0.8809,0.6450248756218906,1.3059,44161.61,8.2,0.35074626865671643
171889,Santa Rita do Tocantins,0,2219,18.026137899954936,0,0,0.8898,0.6513068949977467,1.5772,124012.87,8.5,0.2757999098693105
171890,Santa Rosa do Tocantins,0,4653,17.193208682570386,0,0,0.8602,0.8641557418153163,1.5044,90239,7.9,0.49215559853857727
171900,Santa Tereza do Tocantins,0,2781,14.38331535418914,0,0,0.8683,0.7666007431379599,1.2585,20584.55,8.5,0.37037037037037035
172000,Santa Terezinha do Tocantins,0,2406,24.93765586034913,0,0,0.8469,0.7771197007481296,1.4546,19403.93,8.1,0.3711554447215295
172010,São Bento do Tocantins,0,5654,14.149274849663955,0,0,0.8634000000000001,0.7999793656408442,1.857,16091.61,8.2,0.4801910152104705
172015,São Félix do Tocantins,0,1783,22.434099831744252,0,0,0.8832,0.7771078706300243,1.9629,23754.87,8.9,0.4195176668536175
172020,São Miguel do Tocantins,0,13241,4.531379805150668,0,0,0.8437,0.6670191073181784,1.7842,18097.87,8.1,0.48568839211539916
172025,São Salvador do Tocantins,0,2385,20.964360587002098,0,0,0.8341,0.894619147449336,2.935,25097.39,7,0.509853249475891
172030,São Sebastião do Tocantins,0,4100,12.195121951219512,0,0,0.8288,0.9692276422764228,1.7073,16756.61,8.4,0.6663414634146342
172049,São Valério,0,4422,13.568521031207599,0,0,0.8631,0.7363937886325946,1.5829,51926.24,7.6,0.391677973767526
172065,Silvanópolis,1,5108,17.619420516836335,0,0,0.8878,0.767407334899504,2.0555,55749.24,8,0.47435395458104934
172080,Sítio Novo do Tocantins,0,10830,10.156971375807942,0,0,0.8423,0.6650200061557403,1.6158,16586.96,8.2,0.40812557710064634
172085,Sucupira,0,1577,25.364616360177553,0,0,0.8756999999999999,0.807440287465652,2.2194,196804.85,8.3,0.27013316423589095
172090,Taguatinga,1,14011,7.137249304118193,0.1,1,0.8726,0.7556979040277877,1.249,27610.13,7.6,0.5125972450217686
172093,Taipas do Tocantins,0,2021,14.844136566056408,0,0,0.8590000000000001,0.7297954807850899,1.7318,20597.26,7.1,0.4012864918357249
172097,Talismã,0,2456,16.286644951140065,0,0,0.8855,0.7371403365906624,1.425,70490.46,8.4,0.30252442996742673
172100,Palmas,40,302692,27.387575489276227,0.0012062726176115801,1,0.9689,0.48767448980041317,0.926,46808.2,11.4,0.21945079486738994
172110,Tocantínia,1,7459,16.087947446038342,0,0,0.8995000000000001,0.8647271752245609,1.4076,43914.71,8.7,0.6589355141439871
172120,Tocantinópolis,2,22615,14.592084899403051,0.030303030303030304,1,0.9004000000000001,0.7094664308349915,1.5476,23395.66,9.1,0.4235684280344904
172125,Tupirama,0,1909,15.71503404924044,0,0,0.8797,0.6458442465514231,1.8334,50734.15,8.4,0.30120481927710846
172130,Tupiratins,0,1874,21.34471718249733,0,0,0.8489,0.7714781216648879,1.8676,25836.02,7.7,0.3495197438633938
172208,Wanderlândia,0,10522,7.603117278084015,0,0,0.8639,0.6264810238864601,1.6631,23357.47,8.1,0.3852879680669074
172210,Xambioá,2,10517,13.311780926119615,0,0,0.8637999999999999,0.6744160248486577,1.6639,68718.52,8.1,0.4353903204335837
210005,Açailândia,5,106550,13.51478179258564,0.006944444444444444,1,0.8714,0.5850743000156421,1.2181,40114.14,8.6,0.32871891130924447
210010,Afonso Cunha,0,6144,14.6484375,0,0,0.7678,1.0693359375,1.7089,17184.43,7.2,0.9222005208333334
210015,Água Doce do Maranhão,0,12142,6.588700378850271,0.125,1,0.743,0.8201833854938779,1.8736,10768.08,6.8,0.6628232581123373
210020,Alcântara,0,18467,11.371635891048898,0,0,0.8151999999999999,0.9731638418079097,2.0847,9219.73,7.3,0.80635728596956735
210030,Aldeias Altas,3,23286,7.300523919951902,0.058823529411764705,1,0.7154,0.6983094276961838,2.0291,14396.88,6.7,0.5848578545048527
210040,Altamira do Maranhão,0,6447,15.511090429657205,0,0,0.753,0.809304069076056,2.7144,13702.92,7.3,0.6322320459128277
210043,Alto Alegre do Maranhão,4,24048,7.485029940119761,0.05555555555555555,1,0.7625,0.7106897316478156,1.892,15731.63,7.2,0.5442864271457086
210047,Alto Alegre do Pindaré,3,25710,8.945935433683392,0.043478260869565216,1,0.7784,0.8532834176066382,2.1781,12063.08,7.1,0.6565927654609102
210050,Alto Parnaíba,2,11109,19.803762714915834,0.045454545454545456,1,0.8706,0.7124478650943679,1.5752,51649.06,7.8,0.5066162570888468
210055,Amapá do Maranhão,0,7170,6.97350069735007,0,0,0.7924,0.898326359832636,1.9525,13253.23,7.2,0.7419804741980475
210060,Amarante do Maranhão,3,37085,12.673587703923419,0.02127659574468085,1,0.804,0.775643791290279,1.9819,13503.63,6.6,0.6016988000539302
210070,Anajatuba,0,25322,10.267751362451623,0.038461538461538464,1,0.7802,0.7205065424005477,1.935,10087.62,7.3,0.6258194455414264
210080,Anapurus,1,13793,10.150076125570942,0.07142857142857142,1,0.7829,1.0270004108364146,2.03,13979.02,7.6,0.9251794388457913
210083,Apicum-Açu,2,17519,6.2788971973286145,0,0,0.8445,0.9005555872671576,1.3984,9710.44,7.4,0.7783549289342999
210087,Araguanã,0,11181,9.838118236293713,0,0,0.7985,0.6945264287630802,2.5042,11442.19,7.3,0.572220731598247
210090,Araioses,0,39052,5.377445457338933,0.047619047619047616,1,0.7238,0.7482587319471474,1.5236,8996.31,6.3,0.6278295605858855
210095,Arame,0,25517,9.405494376298154,0,0,0.7501000000000001,0.8786593251557785,1.7145,12565.09,6.5,0.7382137398597014
210100,Arari,0,29472,7.125407166123779,0.047619047619047616,1,0.8445999999999999,0.6901211319218241,1.7813,14342.85,7.8,0.5110274158523345
210110,Axixá,0,11790,13.570822731128075,0,0,0.875,0.7589411931014984,1.4843,10019.58,9,0.6447837150127227
210120,Bacabal,17,103711,9.642178746709606,0.01,1,0.8513,0.6897677199139918,1.7964,18444.22,8.7,0.48986124904783485
210125,Bacabeira,2,16966,12.967110691972179,0.045454545454545456,1,0.8598,0.7440812998546112,1.8566,27480.01,8.5,0.5962513261817753
210130,Bacuri,1,16290,7.366482504604051,0,0,0.8093,0.6802690812359321,1.7188,9598.72,7.5,0.5408225905463474
210135,Bacurituba,0,5252,15.232292460015232,0,0,0.8301999999999999,0.8618462807819244,1.9992,9927.23,7.2,0.6664127951256664
210140,Balsas,17,101767,16.41003468707931,0.005988023952095809,1,0.9159,0.6236787629257683,1.0661,73990.57,9,0.37877701022924914
210150,Barão de Grajaú,0,18984,10.53518752633797,0.05,1,0.8348,0.6227612726506532,1.6592,16324.78,7.9,0.47640117994100295
210160,Barra do Corda,4,84532,10.410258836890172,0.011363636363636364,1,0.7976000000000001,0.6906575813498635,1.1179,13698.13,7.4,0.49645104812378743
210170,Barreirinhas,5,65589,6.2510481940569305,0.024390243902439025,1,0.8311,0.8088233799366763,1.7076,12453.14,7.7,0.6451691594627148
210173,Belágua,0,8460,8.274231678486998,0,0,0.7635,1.0060185185185184,1.2411,11922.31,7.5,0.8653664302600473
210177,Bela Vista do Maranhão,0,11750,11.914893617021276,0,0,0.7948999999999999,0.7830212765957447,1.7872,11354.34,7.3,0.6389787234042553
210180,Benedito Leite,0,5469,10.970927043335163,0.16666666666666666,1,0.7844,0.7194490156640458,1.9199,17270.78,7.2,0.5695739623331505
210190,Bequimão,1,19584,7.659313725490196,0,0,0.8147,0.759484783496732,1.7871,8485.16,7.6,0.5760825163398693
210193,Bernardo do Mearim,1,5840,20.54794520547945,0,0,0.8233,0.676683789954338,1.7979,47280.47,7.4,0.5049657534246575
210197,Boa Vista do Gurupi,1,7574,7.921837866385001,0,0,0.809,0.8495620984068304,1.8484,12320.09,6.9,0.696461579086348
210200,Bom Jardim,1,33100,10.27190332326284,0.029411764705882353,1,0.7506999999999999,0.7811430010070493,2.1148,17253.8,6.6,0.6239577039274925
210203,Bom Jesus das Selvas,0,28599,8.7415643903633,0.04,1,0.7767000000000001,0.7460779514435236,1.5909,15971.39,6.9,0.592468268121263
210207,Bom Lugar,0,12212,9.82640026203734,0,0,0.7311,0.7910115733158642,2.0062,12205.69,6.7,0.6052243694726499
210210,Brejo,2,34120,4.6893317702227435,0,0,0.7681999999999999,0.7113496483001173,1.8207,12498.2,7.3,0.6016412661195779
210215,Brejo de Areia,2,9218,6.509004122369277,0,0,0.7458,0.8758497866493092,1.8984,9773.15,6.5,0.6913647211976568
210220,Buriti,0,29685,8.08489135927236,0,0,0.7636,0.7966986693616305,1.6211,11201.96,7,0.6970186963112683
210230,Buriti Bravo,0,22455,7.125361834780673,0,0,0.7656999999999999,0.7657537296815854,1.8704,13775.43,7.1,0.6351814740592295
210232,Buriticupu,1,55499,9.910088470062524,0.01818181818181818,1,0.7945,0.6985741484831558,1.7657,18169.31,7,0.5197571127407701
210235,Buritirana,4,12918,6.967022758941012,0,0,0.7945,0.7941825359962843,2.1675,12116.72,7,0.636940702895185
210237,Cachoeira Grande,0,9732,7.192766132346897,0,0,0.778,1.1029593094944512,1.7981,8738.44,7.5,0.9101931771475544
210240,Cajapió,1,10121,8.892401936567532,0,0,0.7979,0.7842110463392945,2.0748,8079.74,7.2,0.6190099792510622
210250,Cajari,1,16412,6.702412868632708,0,0,0.8534999999999999,1.0543657080185231,1.706,9450.6,7.1,0.904886668291494
210255,Campestre do Maranhão,0,12301,12.19413055849118,0,0,0.8445,0.6921930466357749,1.9917,24653.05,8,0.4476058857003496
210260,Cândido Mendes,2,19932,6.522175396347582,0,0,0.8287,0.8218986219814035,1.8437,10261.18,7.5,0.6631547260686333
210270,Cantanhede,1,24303,4.937662017034934,0,0,0.8295,0.5405265467912055,1.4401,9598.52,7.5,0.452865901329054
210275,Capinzal do Norte,1,11374,10.550378055213645,0.08333333333333333,1,0.7517,0.7461535080007033,1.5385,18969.01,7.2,0.5924916476173729
210280,Carolina,5,24062,7.480674923115285,0.05555555555555555,1,0.8775,0.6692537334109108,1.6,24753.29,8.1,0.4833762779486327
210290,Carutapera,1,24238,8.6640811948180545,0.047619047619047616,1,0.857,0.8663393569326402,1.1552,10167.8,7.6,0.721140358115356
210300,Caxias,5,156973,9.746899148261166,0.006535947712418301,1,0.8248000000000001,0.5878617129485113,1.2623,17175.06,8.4,0.38385582233887355
210310,Cedral,2,10208,10.775862068965518,0,0,0.868,0.7693638975966562,1.0286,8440.92,8.1,0.6288205329153606
210312,Central do Maranhão,0,7094,14.096419509444601,0,0,0.7926000000000001,0.9949840240578893,1.9754,9748.27,7.8,0.8438116718353538
210315,Centro do Guilherme,2,12342,8.9126559714795,0,0,0.7986,0.7850361907848539,1.985,11142.47,6.9,0.6660994976502997
210317,Centro Novo do Maranhão,2,16267,8.606381016782443,0,0,0.7973,0.8535275916477122,2.3667,14545.42,7.8,0.754410770271101
210320,Chapadinha,3,81386,9.215344162386652,0.013333333333333334,1,0.8088,0.7750667600488209,1.2041,13890.13,7.9,0.6353058265549357
210325,Cidelândia,1,12878,18.636434228917533,0.041666666666666664,1,0.8095,0.8282859657296682,1.9024,18817.35,7.6,0.6444323652741109
210330,Codó,6,114275,6.03806606869394,0.014492753623188406,1,0.777,0.6645569897177861,1.23,15821.78,7.5,0.487315685845548
210340,Coelho Neto,7,41658,8.881847424264247,0.02702702702702703,1,0.7846,0.7547509882055468,1.5123,11671.5,7.4,0.6050938595227807
210350,Colinas,1,40316,13.642226411350332,0.01818181818181818,1,0.7829,0.6773964844395939,1.9099,18102.24,7.6,0.5711380097231868
210355,Conceição do Lago-Açu,1,14915,5.363727790814616,0,0,0.7698999999999999,0.8464409431221365,1.7041,10710.68,6.8,0.6733489775393898
210360,Coroatá,12,59566,8.897693314978344,0.018867924528301886,1,0.7624,0.717810216118815,1.001,10702.15,7.2,0.5222274451868516
210370,Cururupu,4,31558,10.773813296153115,0.029411764705882353,1,0.8549,0.8410492849145489,1.7745,10872.19,7.4,0.6636035236707015
210375,Davinópolis,1,14404,9.025270758122744,0.07692307692307693,1,0.8573999999999999,0.6660591965194853,1.4917,15139.67,8.1,0.38142182727020274
210380,Dom Pedro,0,23053,8.675660434650588,0.05,1,0.8375,0.647395855926199,1.5182,13647.15,7.7,0.5056174901314363
210390,Duque Bacelar,0,10223,15.650983077374548,0.0625,1,0.7331,0.963049007140761,2.0541,10637.54,7.2,0.8315562946297564
210400,Esperantinópolis,0,18311,10.922396373764403,0.05,1,0.7883,0.735787231718639,1.9114,11078.38,6.8,0.606029162798318
210405,Estreito,1,33294,9.31098696461825,0.03225806451612903,1,0.8851,0.6025860515408181,2.1813,35904.33,8.5,0.39739893073827115
210407,Feira Nova do Maranhão,0,8048,9.940357852882704,0,0,0.8393999999999999,0.8365121769383698,1.7395,16523.71,7.1,0.6273608349900597
210408,Fernando Falcão,0,10873,9.19709371838499,0,0,0.7376999999999999,0.9627977559091327,1.6094,14693.35,5.9,0.8459486802170514
210409,Formosa da Serra Negra,1,17719,10.722952762571252,0.05263157894736842,1,0.8592,0.778472261414301,1.9752,14506.91,7.4,0.6402167165189909
210410,Fortaleza dos Nogueiras,1,12640,11.075949367088608,0,0,0.8906000000000001,0.8619330168776371,1.3844,28041.79,7.5,0.6128955696202532
210420,Fortuna,0,16976,8.24693685202639,0,0,0.7951999999999999,0.7656740889098336,1.8555,12624.11,7.1,0.6086239396795476
210430,Godofredo Viana,0,10186,8.83565678382093,0,0,0.8654999999999999,0.6877249820014399,1.718,83956.96,8.2,0.566561947771451
210440,Gonçalves Dias,0,17206,8.71788910845054,0,0,0.7576999999999999,0.6949707466387693,1.6273,10872.93,7.1,0.5669533883529001
210450,Governador Archer,1,10231,14.661323428794839,0,0,0.7908,0.6702342553676734,1.7104,12026.9,7.6,0.5131463200078193
210455,Governador Edison Lobão,4,18411,10.319917440660475,0.05263157894736842,1,0.8458,0.7089647493346369,1.7109,24333.68,7.3,0.4707511813589702
210460,Governador Eugênio Barros,0,13930,11.486001435750179,0,0,0.7605,0.7172828427853554,2.01,14011.08,7.3,0.5618808327351041
210462,Governador Luiz Rocha,0,7063,9.910802775024777,0,0,0.7748999999999999,0.7679692293170985,1.9821,15334.15,7.3,0.5567039501628204
210465,Governador Newton Bello,0,10713,9.334453467749464,0,0,0.8139,0.74937770310215,1.9602,11225.06,6.8,0.6115000466722673
210467,Governador Nunes Freire,0,23128,9.079903147699758,0,0,0.8195999999999999,0.7884382566585957,1.5275,14041.96,7.3,0.6410843998616396
210470,Graça Aranha,2,6023,16.603021749958494,0,0,0.7936,0.8616276495655543,1.7433,11105.13,7.1,0.6334052797609165
210480,Grajaú,7,73872,7.9867879575481915,0.01694915254237288,1,0.8284,0.7301864486318678,0.9002,19161.36,7.6,0.5652750703920295
210490,Guimarães,0,10290,22.351797862001945,0,0,0.8895000000000001,0.8122044055717526,2.0408,10133.25,8.3,0.6108843537414966
210500,Humberto de Campos,5,25680,10.514018691588785,0.037037037037037035,1,0.8157,0.9623442367601246,2.0443,9393.62,6.3,0.8217289719626168
210510,Icatu,0,24794,8.873114463176575,0,0,0.8205,0.8376152832674572,1.9762,8547.25,7.4,0.7184802774864887
210515,Igarapé do Meio,0,13974,12.165450121654501,0.058823529411764705,1,0.7874,0.7993833786555985,1.5027,33268.01,6.6,0.6683125805066552
210520,Igarapé Grande,1,10231,11.729058743035871,0.08333333333333333,1,0.7663,0.785130159971329,2.0525,13502.48,7.7,0.6248656045352361
210530,Imperatriz,58,273110,21.749478232214127,0.0016835016835016834,1,0.9322,0.5432313597695678,0.9023,34695.92,9.8,0.31362454688587016
210535,Itaipava do Grajaú,0,13828,10.847555684119179,0,0,0.7454999999999999,0.8852147816025455,2.1514,9841.55,6.7,0.7487706103557998
210540,Itapecuru Mirim,4,60440,8.438120450033091,0.0196078431372549,1,0.8199,0.7547940105890139,1.6214,14724.16,8,0.543414956982131
210542,Itinga do Maranhão,2,22513,7.99538044685293,0,0,0.8512000000000001,0.7304187210352537,1.8655,30538.53,7.8,0.5177897214942477
210545,Jatobá,1,7471,14.723597911926115,0.09090909090909091,1,0.7764,0.928702092535582,2.3423,11171.22,6.7,0.7460848614643287
210547,Jenipapo dos Vieiras,0,17076,14.64043101428906,0,0,0.7209,0.8083079565862419,1.7934,10197.08,6.2,0.6474584211759195
210550,João Lisboa,2,24709,10.117770852725727,0.04,1,0.8519,0.7491163813455287,1.6997,14678.53,8.2,0.4982799789550366
210560,Joselândia,1,14924,12.731171267756634,0,0,0.7506,0.826135754489413,1.8761,9365.69,6.9,0.6592066470115251
210565,Junco do Maranhão,0,5146,9.71628449280995,0,0,0.8037000000000001,0.8716640756574685,2.0404,13892.46,7.4,0.6401088223863195
210570,Lago da Pedra,3,44403,10.359660383307434,0.021739130434782608,1,0.7620999999999999,0.7138781914134931,1.9705,13988.88,7.4,0.590365515843524
210580,Lago do Junco,2,9506,9.467704607616243,0,0,0.7459,0.8060786170138158,1.8409,11389.04,7.4,0.5900483904902167
210590,Lago Verde,3,14769,10.156408693885842,0,0,0.7333,0.8435687363170604,1.8958,11470.32,6.9,0.6993703026609791
210592,Lagoa do Mato,0,10572,12.296632614453273,0.07692307692307693,1,0.7724,0.7572360953461975,1.9863,20010.09,6.9,0.6200340522133939
210594,Lago dos Rodrigues,0,8758,10.276318794245261,0,0,0.762,0.8410596026490066,1.5985,11909.24,7.4,0.5818680063941539
210596,Lagoa Grande do Maranhão,0,11411,7.887126456927526,0,0,0.7145,0.9309730377121491,1.8403,11286.55,6.5,0.7385855753220577
210598,Lajeado Novo,2,7057,11.336261867649142,0,0,0.8362999999999999,0.7995016768220679,1.9838,17394.42,7.1,0.6532520901232819
210600,Lima Campos,0,11297,16.81862441356112,0.05263157894736842,1,0.7829999999999999,0.7928727390752708,1.8589,21051.33,7.1,0.545720102682128
210610,Loreto,3,11597,9.48521169267914,0,0,0.8656,0.7259420539794774,1.8108,33711.07,8,0.5592825730792447
210620,Luís Domingues,1,7161,11.17162407484988,0,0,0.8603000000000001,1.0493646138807429,1.8455,10158.85,7.7,0.8117581343387795
210630,Magalhães de Almeida,1,13807,8.691243572101108,0.08333333333333333,1,0.7624,0.7544844402597716,1.7744,13150.33,7.7,0.5729702324907655
210632,Maracaçumé,1,21149,8.983876306208332,0.05263157894736842,1,0.8179000000000001,0.7714391539395086,1.8204,13014.63,6.9,0.6276892524469242
210635,Marajá do Sena,1,7027,11.384659171766046,0,0,0.7127,0.8443503628860111,1.9923,16511.08,6.1,0.7163796783833783
210637,Maranhãozinho,1,13761,7.266913741733886,0.1,1,0.7752,0.6680655475619505,2.0347,10657.96,6.5,0.5062132112491825
210640,Mata Roma,0,17090,15.798712697483909,0.037037037037037035,1,0.7903,0.9079676223912619,1.8431,13241.83,7.4,0.7961380924517262
210650,Matinha,2,22034,8.169193065262776,0.05555555555555555,1,0.8467,0.9128846328401561,1.9061,10553.4,8.1,0.7694472179359172
210660,Matões,2,32174,8.702679181948158,0.03571428571428571,1,0.7539,0.738751269140714,1.8493,10393.53,6.6,0.5779511406725928
210663,Matões do Norte,0,17432,5.736576411197797,0,0,0.8079999999999999,0.44609530365611133,1.4054,7722.89,6.4,0.3715580541532813
210667,Milagres do Maranhão,0,8818,9.072352007257882,0,0,0.7066,0.7130018144704015,1.5876,10661.89,6.3,0.6094352460875482
210670,Mirador,1,21030,9.03471231573942,0,0,0.7605,0.8152203201775241,1.9971,18538.13,6.9,0.6719923918212078
210675,Miranda do Norte,0,23864,6.70465973851827,0.0625,1,0.8554999999999999,0.5948080791149849,1.7599,24235.93,8.5,0.46559671471672814
210680,Mirinzal,2,13978,10.015739018457577,0,0,0.8774,0.8390983450183621,2.0031,9531.74,8.9,0.6877235656030906
210690,Monção,2,27751,7.567294872256856,0.047619047619047616,1,0.7955,0.8521284518275618,1.7026,10102.97,7,0.7089474253180066
210700,Montes Altos,0,9106,8.785416209092906,0,0,0.8412000000000001,0.8651438611904239,1.9218,13118.05,7.5,0.6248627278717329
210710,Morros,1,18554,10.24037943300636,0,0,0.8123,0.8616201358197694,1.6977,10264.76,7.6,0.7180661851891775
210720,Nina Rodrigues,0,14176,9.170428893905191,0,0,0.8037000000000001,0.6998448081264108,1.7282,7701.32,8.6,0.597206546275395
210725,Nova Colinas,1,5021,17.924716191993628,0,0,0.8233,0.8221801765916484,2.0912,19063.46,7.6,0.5952997410874328
210730,Nova Iorque,0,4320,13.88888888888889,0,0,0.8057,0.8206790123456791,1.6203,12369.38,7.3,0.6354166666666666
210735,Nova Olinda do Maranhão,0,14314,7.684784127427693,0.09090909090909091,1,0.7867000000000001,0.8919007032741837,2.6896,12013.65,6.9,0.7200642727399749
210740,Olho d'Água das Cunhãs,1,17919,7.81293598973157,0.07142857142857142,1,0.7382,0.774820023438808,1.9532,12598.62,7.1,0.5935041017913946
210745,Olinda Nova do Maranhão,0,13577,13.257715253737938,0,0,0.8145,0.8432643441113649,1.8045,9778.41,7.5,0.6699565441555572
210750,Paço do Lumiar,10,145643,3.913679339206141,0.017543859649122806,1,0.9587,0.5241337837497626,0.5286,11284.69,10.4,0.3634915512589002
210760,Palmeirândia,1,21059,11.871408898808111,0,0,0.8016,0.7529876379062,1.6619,8936.31,7,0.6094781328648083
210770,Paraibano,0,18274,12.586188026704608,0,0,0.7637999999999999,0.84663091459633,1.8195,11508.27,7.1,0.6974389843493488
210780,Parnarama,1,31250,8,0.04,1,0.743,0.760392,1.568,12217.38,6.7,0.570048
210790,Passagem Franca,0,17220,12.195121951219512,0.047619047619047616,1,0.7487,0.8151616337591948,1.8292,12021.73,6.8,0.67137049941928
210800,Pastos Bons,1,18802,15.423891075417508,0.034482758620689655,1,0.8291,0.716120625465376,1.8615,17160.52,7.7,0.5754706946069567
210805,Paulino Neves,0,17056,7.621951219512195,0,0,0.7892,0.9013006175734835,1.6416,9262.69,7.5,0.7648334896810507
210810,Paulo Ramos,1,20341,7.865886632908903,0.0625,1,0.7321,0.7490700227782967,1.8927,12834.92,6.5,0.6218475001229045
210820,Pedreiras,4,37050,15.92442645074224,0.01694915254237288,1,0.847,0.5751417004048583,1.9105,22406.76,8.6,0.3875303643724696
210825,Pedro do Rosário,0,24320,6.578947368421052,0,0,0.7958,0.9607113486842105,1.583,9284.32,6.9,0.7953947368421053
210830,Penalva,4,32511,7.997293223831933,0.038461538461538464,1,0.8319,0.735615125137133,2.0992,9636.5,7.1,0.6164682722770755
210840,Peri Mirim,1,11108,10.803024846957149,0,0,0.8468000000000001,0.8945579762333453,2.2056,9904.56,8,0.7221822110190853
210845,Peritoró,0,20479,6.347966209287563,0.07692307692307693,1,0.7495,0.8035629994954181,1.8799,13571.72,7.2,0.6835782997216661
210850,Pindaré-Mirim,1,31429,8.272614464348214,0,0,0.8427,0.6711635750421585,1.8931,11345.69,8.3,0.5318972923096503
210860,Pinheiro,11,84621,10.281135888254688,0.011494252873563218,1,0.8591,0.6647414156454466,0.2974,15752.59,8.4,0.49982864773519575
210870,Pio XII,5,21886,7.767522617198209,0.058823529411764705,1,0.7513,0.8264986749520241,1.5991,12306.7,6.9,0.6523805172256237
210880,Pirapemas,1,17714,10.1614542170035,0,0,0.7646,0.7083944902337135,1.5806,10470.22,7.6,0.5622106808174325
210890,Poção de Pedras,0,17161,9.906182623390245,0.058823529411764705,1,0.7465999999999999,0.7407299496921314,1.8355,12897.08,6.8,0.6198939455742672
210900,Porto Franco,1,23903,12.132368321967954,0.034482758620689655,1,0.8905,0.6510166087938752,1.4642,52413.93,8.6,0.34669288373844287
210905,Porto Rico do Maranhão,0,5954,10.077258985555929,0,0,0.8698,0.9259461426491994,1.7635,10710.35,8,0.7683909976486396
210910,Presidente Dutra,2,45155,14.616321559074299,0.015151515151515152,1,0.8373,0.5505001291846602,1.8687,21926.09,8.2,0.3634813420440704
210920,Presidente Juscelino,1,11356,8.805917576611483,0,0,0.7929999999999999,0.8676690736174709,1.8492,9022.35,7.8,0.7617118703768933
210923,Presidente Médici,1,4696,21.29471890971039,0,0,0.812,1.0917802385008517,2.2359,15862.11,6.9,0.8083475298126065
210927,Presidente Sarney,1,17511,9.708183427559819,0,0,0.7965000000000001,0.9164620333885367,1.7988,10624.35,6.9,0.7262863343041517
210930,Presidente Vargas,0,10549,6.635700066357001,0,0,0.8029000000000001,0.8221790375075047,1.9907,10321.75,7.9,0.6333301734761588
210940,Primeira Cruz,0,13614,10.28353165858675,0,0,0.7968999999999999,0.7640664022329955,1.7996,8851.76,7.1,0.661451447039812
210945,Raposa,2,30839,4.539706216154869,0.07142857142857142,1,0.8972,0.7386642454900181,1.2484,12356.79,8.9,0.5946690878433153
210950,Riachão,0,22145,6.321968841724995,0.07142857142857142,1,0.8499,0.7052683073681041,1.5804,31054.46,7.2,0.49505531722736507
210955,Ribamar Fiquene,0,7420,16.172506738544474,0,0,0.8347,0.6429357592093441,1.8867,20081.03,6.8,0.4331536388140162
210960,Rosário,0,38475,7.277452891487979,0.03571428571428571,1,0.866,0.7446978557504873,1.9103,13577.52,8.6,0.5156595191682911
210970,Sambaíba,1,5568,14.367816091954023,0,0,0.8029999999999999,0.8462793342911877,1.8857,77826.91,6.8,0.5975215517241379
210975,Santa Filomena do Maranhão,0,6697,11.945647304763327,0,0,0.7639,0.7892713155144094,2.3517,10734.08,7.2,0.6292369717784082
210980,Santa Helena,7,41561,5.7746444984480645,0.041666666666666664,1,0.8217,0.5732818427532222,1.2007,11643.19,6.9,0.4571112340896514
210990,Santa Inês,11,85014,10.939374691227327,0.010752688172043012,1,0.8759,0.6159524705734742,1.6932,21615.44,8.7,0.42855294422095186
211000,Santa Luzia,2,57635,6.246204563199445,0.027777777777777776,1,0.7692,0.7384286168705358,2.0039,17104.34,6.9,0.581955409039646
211003,Santa Luzia do Paruá,3,24307,6.171061834039577,0,0,0.8393,0.6931473786700676,1.5839,15747.06,7.8,0.5674085654338257
211010,Santa Quitéria do Maranhão,1,23957,7.9308761531076515,0,0,0.7591,0.9678556023987422,1.8992,16349.22,7,0.8527361522728222
211020,Santa Rita,1,37035,11.340623734305387,0,0,0.8442000000000001,0.702187120291616,1.7955,9848.68,7.9,0.5723774807614419
211023,Santana do Maranhão,0,10567,9.463423866754992,0,0,0.718,0.6636462572158607,2.2357,10953.69,6.6,0.5421595533263935
211027,Santo Amaro do Maranhão,2,13949,10.036561760699692,0,0,0.8231999999999999,0.8226635123186847,2.0073,9438.49,7.4,0.6980428704566636
211030,Santo Antônio dos Lopes,2,14304,11.884787472035795,0.058823529411764705,1,0.7692,0.7690972222222222,1.7128,362455.53,7.4,0.6266079418344519
211040,São Benedito do Rio Preto,0,18364,11.979960792855588,0.045454545454545456,1,0.7904000000000001,0.8895756189646409,1.9059,10154.34,7.6,0.7780984534959704
211050,São Bento,2,46395,6.681754499407264,0,0,0.8423,0.5329381758091749,1.4333,8711.05,7.6,0.4273736394007975
211060,São Bernardo,2,26943,9.278847938239988,0.04,1,0.7754000000000001,0.8108259411844758,1.7537,14259.34,7.4,0.6810674386668152
211065,São Domingos do Azeitão,1,7992,8.75875875875876,0,0,0.7936,0.830100934267601,1.7517,42493.64,7.4,0.6519019019019019
211070,São Domingos do Maranhão,3,34034,9.696186166774401,0.030303030303030304,1,0.7890999999999999,0.7957802001919648,1.7996,14099.18,7.3,0.6291061879297173
211080,São Félix de Balsas,0,4402,13.630168105406634,0,0,0.7744,0.813588520369529,2.3852,20899.87,6.2,0.5483870967741935
211085,São Francisco do Brejão,1,9051,11.048502927853276,0,0,0.8098000000000001,0.72792140831584,1.16,15328.33,7.7,0.5504364158656502
211090,São Francisco do Maranhão,0,12064,19.06498673740053,0.043478260869565216,1,0.7484000000000001,0.7300646551724138,1.7407,10559.41,6.5,0.631382625994695
211100,São João Batista,3,18544,7.549611734253667,0,0,0.8173999999999999,0.9682332111015244,1.8874,8246.12,7.1,0.8184318377911993
211102,São João do Carú,0,12251,7.346339074361277,0,0,0.7179000000000001,0.8797785214812396,2.2855,11737.61,6.6,0.7273691943514815
211105,São João do Paraíso,1,9904,10.096930533117932,0,0,0.8665,0.7584730075390415,2.1203,22872.04,6.9,0.5746163166397416
211107,São João do Soter,2,16889,14.802534193853988,0.04,1,0.7284999999999999,0.8979266583772475,1.8651,12348.8,6.4,0.7109361122624194
211110,São João dos Patos,1,25020,11.990407673860911,0.03333333333333333,1,0.8323,0.7024213962163602,1.3988,17757.21,7.8,0.5118305355715428
211120,São José de Ribamar,25,244579,4.129545054972013,0.009900990099009901,1,0.9516,0.5208126344998276,0.8121,12820.31,10.4,0.35086413796769145
211125,São José dos Basílios,1,6957,14.374011786689666,0,0,0.753,0.7927147716927795,2.2639,10914.13,6.8,0.6157826649417852
211130,São Luís,174,1037775,17.55679217556792,5.488474204171241e-4,1,0.9601000000000001,0.4613559458135595,0.627,40846.09,10.8,0.3120030835200308
211140,São Luís Gonzaga do Maranhão,0,17818,10.663374116062409,0.05263157894736842,1,0.733,0.8129934148987914,1.7678,11130.03,6.8,0.6387361095521383
211150,São Mateus do Maranhão,5,38829,6.9535656339334,0.037037037037037035,1,0.7847,0.6861087503326552,1.5323,15105.92,7.7,0.5135852069329625
211153,São Pedro da Água Branca,1,14338,7.671920769981867,0,0,0.8054000000000001,0.6250697447342726,1.2205,10416.97,7.7,0.40417073510949925
211157,São Pedro dos Crentes,0,5783,22.479681826041848,0,0,0.9107,0.7228370511268661,1.6643,17971.32,7.2,0.4948988414317828
211160,São Raimundo das Mangabeiras,5,18672,11.246786632390746,0,0,0.8622,0.7433010211368181,1.8744,58377.97,8.1,0.5032669237360754
211163,São Raimundo do Doca Bezerra,0,5650,14.15929203539823,0,0,0.7763,0.8523008849557522,1.8584,11082.44,6.9,0.7035398230088495
211167,São Roberto,0,4544,17.6056338028169,0,0,0.7469,1.0717979753521127,2.3107,12879.95,6.8,0.952024647887324
211170,São Vicente Ferrer,0,19498,10.770335419017336,0.047619047619047616,1,0.7872,0.8636227647280064,1.9745,9423.28,6.9,0.7449994871268848
211172,Satubinha,0,8784,14.799635701275045,0,0,0.7443000000000001,0.8399077868852459,2.291,12286.11,6.8,0.6278460837887068
211174,Senador Alexandre Costa,2,10207,9.797198001371608,0,0,0.7506999999999999,0.886662747787466,2.0574,14237.7,7,0.7729989223082199
211176,Senador La Rocque,2,14700,10.884353741496598,0.0625,1,0.7992,0.8405895691609977,1.9047,15315.72,7.5,0.6250340136054422
211178,Serrano do Maranhão,2,10202,11.76239952950402,0,0,0.7929999999999999,1.2070100633862642,1.7153,11596.98,6.9,1
211180,Sítio Novo,2,17074,11.128030924212252,0,0,0.8299,0.8176613564484011,1.8449,17113.22,7.3,0.6603022138924681
211190,Sucupira do Norte,0,10238,9.767532721234616,0,0,0.8006,0.9000781402617699,1.7093,18940.16,7.3,0.7446766946669271
211195,Sucupira do Riachão,0,4985,16.0481444332999,0,0,0.7619,0.8457873620862588,1.4042,12680.92,6.7,0.665396188565697
211200,Tasso Fragoso,0,8862,16.926201760324982,0.06666666666666667,1,0.8672,0.7504513653802753,1.5797,295272.88,8,0.48973143759873616
211210,Timbiras,4,26484,7.174142878719227,0.05263157894736842,1,0.7120000000000001,0.7418346926446157,1.3215,9384.38,6.6,0.6009666213562906
211220,Timon,28,174465,6.4769437996159684,0.008849557522123894,1,0.8832,0.6253642086760478,1.1498,16279.06,9.1,0.4312268936462901
211223,Trizidela do Vale,2,22484,9.784735812133073,0.045454545454545456,1,0.8331000000000001,0.6590983217695546,1.7123,19415.11,8.1,0.4474292830457214
211227,Tufilândia,0,5507,19.974577810059923,0,0,0.7631999999999999,0.9943405362871496,1.9066,13757.12,7.2,0.8035227891774106
211230,Tuntum,0,36251,10.482469449118645,0.02631578947368421,1,0.7811,0.6868844997379383,2.1723,11313.54,6.7,0.5362058977683374
211240,Turiaçu,1,37491,5.601344322637433,0,0,0.8428,0.7475949783503596,0.8402,11068.66,7.5,0.6522098637006215
211245,Turilândia,4,31638,5.689360895126114,0.05555555555555555,1,0.8245,0.5634021324567503,1.4381,8850.13,6,0.4855553448384854
211250,Tutóia,2,53356,7.684234200464802,0.024390243902439025,1,0.7766,0.8657476822350502,1.8859,12045.75,7.2,0.6940175425444186
211260,Urbano Santos,2,32812,5.48579787882482,0,0,0.7853,0.8078396115242391,1.3866,9604.74,7.4,0.6866390344995733
211270,Vargem Grande,0,43261,6.01003213055639,0.038461538461538464,1,0.7757,0.7370803572116533,1.3763,10803.06,7.2,0.6058343542682786
211280,Viana,2,51442,8.16453481590918,0.023809523809523808,1,0.8621,0.759768282726177,1.4287,11833.36,8.2,0.607577465883908
211285,Vila Nova dos Martírios,0,10362,11.580775911986104,0,0,0.7929,0.6520539792832786,1.2666,18480.53,6.6,0.5074309978768577
211290,Vitória do Mearim,3,30805,8.440188281123195,0.038461538461538464,1,0.8139,0.7253557322945409,1.8178,13318.18,6.9,0.5657523129362116
211300,Vitorino Freire,3,30845,8.429242989139244,0.038461538461538464,1,0.7659999999999999,0.7023774787918085,1.8155,13339.39,7.5,0.516031771762036
211400,Zé Doca,2,40801,8.333129089973285,0.029411764705882353,1,0.8077,0.7967002442750587,2.2372,16809.82,7.5,0.5762358765716526
220005,Acauã,0,6420,10.903426791277258,0,0,0.8311,0.8214304257528556,2.1806,13228.09,6.3,0.5954828660436137
220010,Agricolândia,0,4940,28.34008097165992,0.07142857142857142,1,0.7897,0.8788124156545208,2.1255,11606.34,7.6,0.5864372469635628
220020,Água Branca,2,17573,13.08826039947647,0.043478260869565216,1,0.8493999999999999,0.6914158083423434,1.5933,17272.65,8.6,0.49809366642007624
220025,Alagoinha do Piauí,1,6819,14.664906877841325,0,0,0.6639,0.7261328640563133,2.053,11847.35,5.8,0.5178178618565772
220027,Alegrete do Piauí,0,4634,15.105740181268882,0,0,0.7079000000000001,0.739102287440656,2.2658,12162.15,6.9,0.5358221838584376
220030,Alto Longá,0,13479,6.677053193857111,0,0,0.7175,0.713851175903257,1.8176,10899.42,6.7,0.5371318347058387
220040,Altos,4,47453,8.007923629696753,0.02631578947368421,1,0.8301999999999999,0.573607920819899,1.5754,16119.4,8.1,0.37506585463511266
220045,Alvorada do Gurguéia,0,5322,16.910935738444195,0,0,0.8251999999999999,0.9052987598647125,1.9729,20497.64,7.2,0.6706125516723036
220050,Amarante,3,17234,26.11117558314959,0.022222222222222223,1,0.7791,0.7877209779118797,1.8277,14155.37,7.4,0.6241151212719044
220060,Angical do Piauí,0,6827,24.901127874615497,0.058823529411764705,1,0.8184999999999999,0.8081392510131342,1.538,12417.16,8.1,0.6217958107514282
220070,Anísio de Abreu,1,9407,6.378228978420325,0,0,0.7716,0.6679954643705042,1.8603,13286.92,7.2,0.4978207717657064
220080,Antônio Almeida,0,3152,12.690355329949238,0,0,0.8305,0.7096816835871403,2.2208,62696.38,8,0.5269670050761421
220090,Aroazes,0,5369,20.487986589681505,0.09090909090909091,1,0.7591,0.7593592847830136,1.9556,12942.71,6.7,0.5356677221084001
220095,Aroeiras do Itaim,1,2690,29.739776951672862,0,0,0.6537000000000001,0.8026641883519207,1.3011,11724.87,5.4,0.6271375464684015
220100,Arraial,0,4520,28.761061946902654,0.07692307692307693,1,0.7625,0.8553097345132743,1.5486,13303.84,7.3,0.5803097345132744
220105,Assunção do Piauí,0,7452,13.419216317767042,0,0,0.687,0.8633252818035426,1.8786,10875.6,6.2,0.6027911969940956
220110,Avelino Lopes,0,10866,15.645131603165838,0,0,0.8109999999999999,0.8694014970243573,1.9326,11700.46,6.9,0.6722805080066262
220115,Baixa Grande do Ribeiro,0,13272,8.288125376732971,0.09090909090909091,1,0.8509,0.674195047217199,1.5822,200215.82,7.3,0.5416666666666666
220117,Barra D'Alcântara,0,3995,10.012515644555695,0,0,0.7809,0.8354401335002086,1.7521,11832.45,7,0.5819774718397998
220120,Barras,4,47938,11.264550043806583,0.018518518518518517,1,0.7504000000000001,0.7809775126204681,1.6062,14048.62,7.2,0.6456464600108474
220130,Barreiras do Piauí,0,3264,12.254901960784315,0,0,0.8382999999999999,0.9041309232026145,2.1446,42138.94,7.3,0.7052696078431373
220140,Barro Duro,0,6640,15.060240963855422,0.1,1,0.7664,0.7258910642570282,2.1084,15795.87,7.7,0.5462349397590361
220150,Batalha,1,26300,11.406844106463879,0.03333333333333333,1,0.7475,0.7417712294043092,1.73,11641.69,6.5,0.5665779467680608
220155,Bela Vista do Piauí,0,4091,14.666340747983378,0.16666666666666666,1,0.8428,0.9061557891306119,1.711,15468.75,7.6,0.5680762649718896
220157,Belém do Piauí,0,3423,14.607069821793749,0.2,1,0.7068000000000001,0.7926039536468985,2.0449,13883.53,6.8,0.5685071574642127
220160,Beneditinos,0,9929,22.157316950347468,0,0,0.7381,0.8112431597676839,1.7625,11911.09,6.4,0.5672273139288951
220170,Bertolínia,0,5562,21.57497303128371,0,0,0.8336,0.7449358743857125,1.8878,16332.93,8.1,0.5532182668104998
220173,Betânia do Piauí,1,6220,12.861736334405144,0.125,1,0.7136,1.0184083601286174,1.6881,19313.04,6.1,0.6704180064308681
220177,Boa Hora,0,6902,11.590843233845263,0,0,0.7166,0.87240413406742,1.5212,11296.52,7.1,0.7438423645320197
220180,Bocaina,0,4078,39.2349190779794,0,0,0.8247,0.692884583946379,1.7165,13152.78,7.6,0.44335458558116725
220190,Bom Jesus,0,28796,13.543547714960411,0.02564102564102564,1,0.8809999999999999,0.6507009075334537,1.5801,57705.04,9.1,0.45475065981386303
220191,Bom Princípio do Piauí,0,5636,14.194464158977999,0,0,0.7731999999999999,0.930624556422995,1.863,14666.17,6.8,0.6749467707594038
220192,Bonfim do Piauí,0,5913,8.45594452900389,0,0,0.7053,0.9338040475787812,1.7757,11517.94,6.4,0.6243869440216472
220194,Boqueirão do Piauí,1,6545,12.223071046600458,0,0,0.7843000000000001,0.8138400814871403,1.6042,10301.58,7,0.5961802902979374
220196,Brasileira,0,8436,10.668563300142248,0,0,0.7524,0.6727121858700806,1.6595,11986.39,7.1,0.5013039355144618
220198,Brejo do Piauí,0,3904,12.807377049180328,0.2,1,0.7417,0.8611466871584699,1.793,14845.3,6.1,0.6992827868852459
220200,Buriti dos Lopes,1,19654,11.702452426986873,0.043478260869565216,1,0.7654000000000001,0.7920949085851905,1.7808,14064.64,7.3,0.6222651877480411
220202,Buriti dos Montes,0,7434,12.106537530266344,0.1111111111111111,1,0.7656999999999999,0.8274145816518698,1.8832,13272.71,7,0.6189131019639494
220205,Cabeceiras do Piauí,0,10212,12.7301214257736,0.07692307692307693,1,0.7321,0.7342913565739653,1.7136,10557.84,7.3,0.554837446141794
220207,Cajazeiras do Piauí,1,3108,41.82754182754183,0,0,0.8096,0.7852584727584728,2.2522,14683.77,7.2,0.5196267696267697
220208,Cajueiro da Praia,1,7957,12.567550584391102,0,0,0.8086,0.768861798835407,1.7594,19161.91,6.5,0.44627372125172804
220209,Caldeirão Grande do Piauí,0,5503,12.720334363074686,0,0,0.7403,0.8931491913501727,1.908,44297.15,6.8,0.6365618753407233
220210,Campinas do Piauí,0,4938,20.251113811259618,0,0,0.774,0.9007526663966519,2.1263,15233.16,6.4,0.648440664236533
220211,Campo Alegre do Fidalgo,0,4616,17.33102253032929,0,0,0.6965,0.8616767764298093,2.2746,13472.82,6.1,0.6542461005199307
220213,Campo Grande do Piauí,0,6020,13.289036544850498,0,0,0.7445,0.8033361018826135,1.7441,12831.1,6.6,0.506312292358804
220217,Campo Largo do Piauí,0,7419,16.174686615446827,0,0,0.718,0.9039291009570023,1.887,10901.91,6.8,0.7890551287235477
220220,Campo Maior,3,45793,17.25154499596008,0.012658227848101266,1,0.8411,0.7017539070745893,1.613,20544.67,8.7,0.5087458781909899
220225,Canavieira,0,3414,14.645577035735208,0,0,0.7953,0.7438976762351103,2.0503,15240.82,7.4,0.5852372583479789
220230,Canto do Buriti,0,19365,11.360702297960238,0.045454545454545456,1,0.7863,0.7413761941647302,1.9881,17710.9,7.1,0.573715466046992
220240,Capitão de Campos,0,11100,9.90990990990991,0,0,0.7706000000000001,0.8771696696696697,1.8918,11984.82,7.2,0.6117117117117117
220245,Capitão Gervásio Oliveira,0,3974,15.09813789632612,0,0,0.7648999999999999,0.9960577084381815,1.7614,14772.1,6.5,0.7455963764469049
220250,Caracol,0,10318,14.537701104865285,0,0,0.7049,0.8160576985203851,1.696,12361.23,6.2,0.6912192285326614
220253,Caraúbas do Piauí,0,5630,21.314387211367674,0.08333333333333333,1,0.6873999999999999,0.8628478389579632,1.865,12073.98,5.8,0.6200710479573712
220255,Caridade do Piauí,0,5033,13.908205841446453,0,0,0.7515000000000001,0.9662726008344924,2.0862,14417.59,6.9,0.7399165507649513
220260,Castelo do Piauí,2,19288,15.553712152633762,0.03333333333333333,1,0.7696,0.7568090695423753,1.6331,12158.93,6.9,0.5472314392368312
220265,Caxingó,0,5496,16.375545851528383,0,0,0.7040000000000001,0.893756065016982,1.9104,12484.71,6.2,0.7072416302765647
220270,Cocal,4,28212,7.443641003828159,0.047619047619047616,1,0.7329000000000001,0.7563418639822298,1.7368,12471.02,5.9,0.594002552105487
220271,Cocal de Telha,0,4911,16.289961311341887,0,0,0.7537,0.776657842937623,1.4253,12283.53,7,0.5953980859295459
220272,Cocal dos Alves,0,6386,9.395552771688068,0,0,0.6923999999999999,0.8400407140620106,1.6442,11496.1,5.7,0.5682743501409333
220273,Coivaras,0,4117,12.144765606023803,0,0,0.7795000000000001,0.9492146384908104,1.7002,12151.73,7.1,0.6429438911829002
220275,Colônia do Gurguéia,0,6150,9.75609756097561,0,0,0.8369,0.908319783197832,1.7073,15113.64,7.8,0.6585365853658537
220277,Colônia do Piauí,0,6994,10.008578781812982,0,0,0.7489,0.8003884281765323,2.0017,11779.1,6.6,0.567343437231913
220280,Conceição do Canindé,1,4932,16.220600162206,0,0,0.7735,0.8669572857529061,1.4193,17925.48,6.6,0.6403081914030819
220285,Coronel José Dias,0,4250,11.764705882352942,0,0,0.7522,0.9260588235294117,1.647,13110.13,6.8,0.7327058823529412
220290,Corrente,0,27278,15.39702324217318,0.023809523809523808,1,0.8672,0.7256030500769851,1.668,28016.04,8.6,0.5013564044284772
220300,Cristalândia do Piauí,0,7356,17.672648178357804,0,0,0.7927,0.77876336777234,1.9032,12173.36,6.9,0.5734094616639478
220310,Cristino Castro,0,10503,17.13796058269066,0.05555555555555555,1,0.8201999999999999,0.8233837951061601,1.6661,14823.95,7.6,0.6261068266209654
220320,Curimatá,0,11270,15.971606033717835,0,0,0.8741,0.8176944690919846,1.8633,16527,7.7,0.5592724046140195
220323,Currais,0,4854,18.54140914709518,0,0,0.7939,1.0104552946023897,1.4421,117417.76,6.7,0.7150803461063041
220325,Curralinhos,0,4413,18.12825742125538,0,0,0.7862,0.8941196464989802,1.5862,12173.89,7.4,0.6378880580104237
220327,Curral Novo do Piauí,0,5073,15.769761482357579,0,0,0.7378,0.9758689795650174,2.0697,19440.19,6.6,0.7098363887246205
220330,Demerval Lobão,4,16352,11.007827788649706,0.05555555555555555,1,0.8543999999999999,0.7844708088714938,1.4982,21011.05,8.5,0.610812133072407
220335,Dirceu Arcoverde,1,7054,12.758718457612702,0,0,0.7619,0.7489958416028731,1.9846,12703.54,6.9,0.6220584065778282
220340,Dom Expedito Lopes,0,6320,15.822784810126583,0,0,0.8103,0.8213871308016878,1.6613,14868.51,7.9,0.4286392405063291
220342,Domingos Mourão,0,4075,9.815950920245399,0,0,0.7645000000000001,0.8662576687116564,1.7177,13728.32,6.2,0.6701840490797546
220345,Dom Inocêncio,0,9159,12.010044764712305,0.09090909090909091,1,0.8070999999999999,0.7910252210940059,1.9106,23191.4,6.8,0.54121628998799
220350,Elesbão Veloso,0,13607,13.96340119056368,0.05263157894736842,1,0.7514,0.6411038436099067,1.8005,15350.39,6.8,0.4011905636804586
220360,Eliseu Martins,0,4377,18.277358921635823,0,0,0.8056,0.8077069530119565,1.5992,15043.25,7.6,0.523417866118346
220370,Esperantina,5,40970,11.715889675372223,0.020833333333333332,1,0.7804000000000001,0.6610955170449923,1.6231,15398.9,7.7,0.5265560165975104
220375,Fartura do Piauí,1,5284,9.462528387585163,0,0,0.7423000000000001,0.9035768357305072,1.9871,11947.83,6.4,0.7853898561695685
220380,Flores do Piauí,0,4414,24.92070684186679,0.09090909090909091,1,0.7415,0.8282170367014047,1.5858,12494.08,5.8,0.5906207521522429
220385,Floresta do Piauí,0,2333,25.71795970852979,0,0,0.6531999999999999,0.9155236462351763,1.5002,13563,5.5,0.5820831547363909
220390,Floriano,3,62036,27.725836611000066,0.005813953488372093,1,0.898,0.534588787155845,1.4668,27298.79,9.6,0.30990070281771875
220400,Francinópolis,0,4505,26.637069922308545,0,0,0.7095999999999999,0.8598779134295228,2.3307,12694.99,7,0.502552719200888
220410,Francisco Ayres,1,4412,22.665457842248415,0,0,0.7382,0.7848670293139922,1.5865,15148,7,0.5412511332728921
220415,Francisco Macedo,0,2929,20.484807101399795,0,0,0.7265999999999999,0.8106008876749744,2.3898,12788.14,6.4,0.5131444178900648
220420,Francisco Santos,0,8237,15.782445064950831,0,0,0.7748999999999999,0.6818623285176642,2.1245,13541.51,7.3,0.4116790093480636
220430,Fronteiras,0,10259,15.596061994346428,0.0625,1,0.7633,0.7172563927608279,2.0469,13660.66,7.1,0.5460571205770542
220435,Geminiano,0,5445,11.019283746556473,0,0,0.7337,0.9756810529537802,1.9283,13018.59,6.8,0.7043158861340679
220440,Gilbués,0,10892,14.689680499449137,0,0,0.8265,0.8209542171624434,1.6066,45029.85,7.1,0.6334006610356224
220450,Guadalupe,1,10270,18.500486854917234,0.05263157894736842,1,0.8656,0.6949123661148977,1.7039,56958.73,8,0.5050632911392405
220455,Guaribas,0,4276,9.354536950420954,0,0,0.7339,0.9813299033364515,1.637,14100.55,6.3,0.8419083255378859
220460,Hugo Napoleão,0,3518,25.58271745309835,0,0,0.7428,0.7402406670456698,1.9897,11700.17,7.5,0.5457646389994315
220465,Ilha Grande,0,9274,12.939400474444684,0.08333333333333333,1,0.8017,0.8441970383150025,1.8869,14324.15,7.9,0.6449212853137805
220470,Inhuma,0,14958,16.71346436689397,0.04,1,0.7673000000000001,0.7199881891518475,1.8719,12709.56,7.3,0.4910415830993448
220480,Ipiranga do Piauí,0,9420,22.29299363057325,0.047619047619047616,1,0.8187000000000001,0.7731687898089172,1.8577,10805.77,7.9,0.48014861995753716
220490,Isaías Coelho,0,7774,15.436068947774633,0,0,0.7232999999999999,0.8005638452962868,1.8008,12081.16,6.4,0.598019037818369
220500,Itainópolis,0,10790,13.901760889712698,0,0,0.7156,0.7991427247451344,1.9462,11756.39,6.2,0.5274328081556997
220510,Itaueira,1,10323,13.561949045820013,0.07142857142857142,1,0.7878000000000001,0.7050598986082857,2.0342,15919.97,6.7,0.4946236559139785
220515,Jacobina do Piauí,0,5613,17.815784785319792,0.1,1,0.7182,0.7954005582279232,1.8706,16246.53,6.1,0.6182077320505969
220520,Jaicós,0,17527,13.693159125920008,0.041666666666666664,1,0.6892,0.7675253418535212,1.9969,12226.28,6.4,0.5817880983625264
220525,Jardim do Mulato,0,4180,38.27751196172249,0.0625,1,0.727,0.8389553429027113,1.6746,12314.82,6.9,0.6552631578947369
220527,Jatobá do Piauí,0,4494,17.801513128615934,0,0,0.7604000000000001,0.9533637442515948,1.5576,15576.98,6.8,0.7016021361815754
220530,Jerumenha,0,4497,17.789637536135203,0,0,0.8084,0.8232525387295233,1.5565,15315.81,7.5,0.6273070936179675
220535,João Costa,0,2970,23.569023569023567,0,0,0.7711,0.76672278338945,2.3569,27629.45,6.6,0.6003367003367004
220540,Joaquim Pires,0,13886,7.201497911565606,0,0,0.7331,0.7501020212204138,1.7643,10481.29,6.6,0.5958519372029382
220545,Joca Marques,2,5394,24.10085279940675,0,0,0.6918000000000001,0.8731460882461994,1.9466,10775.79,5.6,0.6952169076751946
220550,José de Freitas,0,42559,9.633685001997227,0.024390243902439025,1,0.8109999999999999,0.6997129475159973,1.6447,13013.65,7.9,0.4810028431119152
220551,Juazeiro do Piauí,0,5214,11.507479861910241,0,0,0.7751,0.7901483186293312,2.0138,12918.12,7.4,0.5713463751438435
220552,Júlio Borges,0,5388,18.55976243504083,0,0,0.866,0.8883630289532294,1.9487,20016.12,7.7,0.6050482553823311
220553,Jurema,0,4425,18.07909604519774,0,0,0.7190000000000001,1.1273446327683616,1.5819,13120.56,6,0.8372881355932204
220554,Lagoinha do Piauí,0,2939,34.02517863218782,0,0,0.7992,0.8569808324827038,1.1908,15852.26,7.5,0.550187138482477
220555,Lagoa Alegre,0,8256,8.478682170542635,0.14285714285714285,1,0.7746,1.0495498223514212,1.6957,11635.73,6.8,0.7696220930232558
220556,Lagoa do Barro do Piauí,0,4995,24.024024024024023,0,0,0.7892,0.8007674341007675,1.4014,73812.32,6.8,0.4794794794794795
220557,Lagoa de São Francisco,0,6331,9.47717580161112,0,0,0.7587999999999999,0.9376875691044069,1.6585,10787.99,6.9,0.5716316537671774
220558,Lagoa do Piauí,0,4810,10.395010395010395,0.2,1,0.8226,0.8222106722106722,1.4553,20966.44,7.4,0.6070686070686071
220559,Lagoa do Sítio,0,4520,39.823008849557525,0,0,0.6909000000000001,1.0284660766961653,2.323,11843.89,5.8,0.7163716814159292
220560,Landri Sales,0,5213,21.101093420295417,0.09090909090909091,1,0.8309000000000001,0.8384487499200716,2.0141,24792.33,6.6,0.6353347400728947
220570,Luís Correia,1,30641,9.13808296073888,0.03571428571428571,1,0.7757999999999999,0.8129684627351152,1.7133,15071.51,6.8,0.6120557423060605
220580,Luzilândia,2,25375,10.246305418719212,0.038461538461538464,1,0.7429000000000001,0.7423349753694581,1.7931,12553.79,6.6,0.6054778325123152
220585,Madeiro,1,8032,13.695219123505977,0,0,0.7432,0.845140272244356,1.743,10871.74,7.6,0.5952440239043825
220590,Manoel Emídio,0,5209,21.117296985985792,0,0,0.8057,0.7988897421130096,2.0157,13333.95,7.6,0.5436744096755616
220595,Marcolândia,0,8533,10.547287003398571,0.1111111111111111,1,0.7705,0.9385815852181726,1.6406,22835.46,6.9,0.7214344310324622
220600,Marcos Parente,0,4724,10.584250635055039,0,0,0.8269,0.7338942986169912,1.4817,14543.85,7.2,0.5687976291278577
220605,Massapê do Piauí,1,5218,24.91376006132618,0,0,0.657,0.850996550402453,2.0122,11675.45,5.8,0.5862399386738214
220610,Matias Olímpio,1,10641,7.51809040503712,0,0,0.7413,0.7920621495473483,1.6445,12453.37,6.9,0.6661967860163518
220620,Miguel Alves,6,32150,9.331259720062208,0.03333333333333333,1,0.7056999999999999,0.7965940902021773,1.8506,13122.77,6.5,0.6702643856920685
220630,Miguel Leão,0,1318,83.4597875569044,0,0,0.7920999999999999,0.8256828528072838,2.6555,26322.75,8,0.5174506828528073
220635,Milton Brandão,0,6542,13.757260776520942,0,0,0.6989,0.8438805665953327,1.605,10382.88,5.9,0.613573830632834
220640,Monsenhor Gil,0,10255,10.726474890297416,0,0,0.8193,0.6817324882171298,1.7064,15760.8,7.5,0.4932228181374939
220650,Monsenhor Hipólito,1,7577,17.157186221459682,0,0,0.7313,0.8757863710351502,1.8476,12065.99,6.6,0.6478817473934275
220660,Monte Alegre do Piauí,0,10660,12.195121951219512,0,0,0.8093,0.7795262664165103,1.6416,36708.6,7.4,0.575422138836773
220665,Morro Cabeça no Tempo,0,4377,18.277358921635823,0,0,0.8078,0.9591234483283831,1.5992,12180.55,6.4,0.7322366917980352
220667,Morro do Chapéu do Piauí,0,6425,15.56420233463035,0,0,0.7226,0.7514656290531777,1.6342,11779.57,6.2,0.58568093385214
220669,Murici dos Portelas,0,9797,8.165765030111258,0,0,0.6975,0.5296434282603518,1.7862,10577.77,6,0.4361539246708176
220670,Nazaré do Piauí,1,6665,19.504876219054765,0,0,0.7620999999999999,0.8567141785446362,2.1005,11824.78,7,0.621755438859715
220672,Nazária,2,10262,7.7957513155330345,0,0,0.7642,0.8470002598583771,1.3642,13065.29,7.5,0.6439290586630286
220675,Nossa Senhora de Nazaré,0,5228,9.563886763580719,0,0,0.7785,0.7394000255036981,1.3389,13242.08,7.3,0.5258224942616679
220680,Nossa Senhora dos Remédios,0,8525,12.903225806451612,0,0,0.7319,0.883841642228739,1.6422,13812.42,7.2,0.7542521994134898
220690,Novo Oriente do Piauí,0,6097,19.681810726586846,0,0,0.7493000000000001,0.7036247334754797,1.7221,10956.76,6.3,0.4900770870920125
220695,Novo Santo Antônio,0,2827,38.91050583657587,0,0,0.7086,0.9497111189718194,2.4761,13640.99,5.9,0.7304563141139017
220700,Oeiras,0,38161,20.701763580618955,0.012658227848101266,1,0.8267,0.7644956019671043,1.6545,19394.05,8.2,0.5170724037630041
220710,Olho D'Água do Piauí,0,2637,30.337504740235115,0,0,0.7792,0.9507647579319933,1.3272,14541.65,7.9,0.5953735305271142
220720,Padre Marcos,0,6382,15.669069257286116,0,0,0.6598999999999999,0.807440196385668,1.6452,13858.49,6.3,0.6396114070824193
220730,Paes Landim,0,4088,26.908023483365948,0.09090909090909091,1,0.8042,0.926247553816047,1.7123,14242.71,7.6,0.6599804305283757
220735,Pajeú do Piauí,0,3000,33.333333333333336,0,0,0.7664,0.7842222222222222,2.3333,20361.28,7.1,0.5003333333333333
220740,Palmeira do Piauí,0,4952,28.27140549273021,0,0,0.8073999999999999,0.7190697361335487,2.1203,36399.15,7,0.5171647819063004
220750,Palmeirais,0,13264,13.570566948130278,0.05555555555555555,1,0.758,0.7962404503417773,1.8471,12640.47,7.1,0.6471652593486128
220755,Paquetá,0,3813,18.35824809861002,0,0,0.6572,0.9456901827082786,1.8358,13956.62,5.7,0.6614214529242066
220760,Parnaguá,0,10103,16.826685143026825,0,0,0.8297,0.8791778019730114,1.7321,13258.33,7.1,0.7390873997822429
220770,Parnaíba,7,162159,13.936938436966187,0.004424778761061947,1,0.8826,0.5402511321192985,0.9496,22707.01,9.1,0.33216781060564016
220775,Passagem Franca do Piauí,0,4135,12.091898428053204,0.2,1,0.7448999999999999,0.8819427650141073,1.6928,15170.04,6.8,0.7218863361547763
220777,Patos do Piauí,1,5425,7.373271889400922,0,0,0.6953,0.7312442396313364,1.9354,12099.7,5.9,0.4678341013824885
220779,Pau D'Arco do Piauí,0,3880,30.927835051546392,0,0,0.7421,0.893298969072165,1.8041,11328.4,5.9,0.6932989690721649
220780,Paulistana,0,21055,23.272381857041083,0.02040816326530612,1,0.7719,0.7342119844850787,1.6623000000000001,17060.81,7.1,0.5478983614343387
220785,Pavussu,0,3628,11.025358324145534,0,0,0.7106999999999999,0.9552324513046675,1.9294,12630.47,5.2,0.7902425578831312
220790,Pedro II,1,37894,12.139124927429144,0.021739130434782608,1,0.7519,0.7923967734557801,1.3854,13193.01,6.9,0.6302053095476856
220793,Pedro Laurentino,0,2458,24.410089503661514,0,0,0.8025,1.0771969080553296,1.4239,15534.9,7,0.7880390561432059
220795,Nova Santa Rita,0,4076,14.720314033366044,0.16666666666666666,1,0.7728,0.9026005888125613,1.7173,12672.74,6.6,0.735279685966634
220800,Picos,6,83090,51.75111325069202,0.002325581395348837,1,0.8629000000000001,0.5646206924218719,1.5164,29566.51,9.1,0.3701528463112288
220810,Pimenteiras,1,11341,16.753372718455164,0.05263157894736842,1,0.7212999999999999,0.7838300561384945,1.8516,10603.74,6.6,0.5513623137289481
220820,Pio IX,0,17613,9.651961619258502,0,0,0.7522,0.8442107155699389,1.7884,13288.76,6.9,0.624481916766025
220830,Piracuruca,3,28846,11.093392498093323,0.03125,1,0.7674,0.6966592710716679,1.6986,16108.84,7.4,0.5195521042778894
220840,Piripiri,3,65538,14.64799047880619,0.010416666666666666,1,0.8081999999999999,0.6198490443203434,1.6034,18956.35,8,0.4122493820379017
220850,Porto,1,12052,11.616329239960173,0.07142857142857142,1,0.7464,0.796562119703507,1.7424,11871.67,7.2,0.6679389312977099
220855,Porto Alegre do Piauí,0,2364,16.920473773265652,0,0,0.7951,0.8387267343485617,1.4805,20238.28,6.6,0.6577834179357022
220860,Prata do Piauí,0,3042,19.723865877712033,0,0,0.7384000000000001,0.9142559719482796,2.3011,14252.26,7.1,0.7199211045364892
220865,Queimada Nova,0,8738,16.021972991531243,0.07142857142857142,1,0.7928000000000001,0.7713435568780042,1.6021,21609.96,6.1,0.4654383154039826
220870,Redenção do Gurguéia,0,8394,13.104598522754348,0,0,0.8207,1.0066714319752204,1.6678,14964.67,7.7,0.7711460567071717
220880,Regeneração,1,17133,11.089709916535341,0.05263157894736842,1,0.7482,0.829340064981809,1.8385,19682.83,7.2,0.6509659721006246
220885,Riacho Frio,0,4165,19.20768307322929,0,0,0.8349,1.0195878351340535,1.6806,14766.73,7.3,0.7879951980792317
220887,Ribeira do Piauí,0,4055,17.26263871763255,0,0,0.7286,0.8775996711878339,1.7262,68568.72,7,0.67422934648582
220890,Ribeiro Gonçalves,0,6164,16.223231667748216,0,0,0.8329000000000001,0.7018981181051266,2.2712,150461.52,7.7,0.5296885139519792
220900,Rio Grande do Piauí,0,5801,24.133770039648336,0,0,0.7787000000000001,0.8748060679193242,1.81,13083.68,6.5,0.6605757627995174
220910,Santa Cruz do Piauí,0,5831,17.14971702966901,0,0,0.7611,0.7862716515177499,1.8007,13385.79,7.5,0.5697135997256045
220915,Santa Cruz dos Milagres,1,3435,29.11208151382824,0.1,1,0.7676999999999999,0.7705482775351772,2.0378,15048.02,7.1,0.4212518195050946
220920,Santa Filomena,0,6087,21.35699030721209,0,0,0.8218000000000001,0.8097037402113795,1.7249,129679.3,7.2,0.6075242319697717
220930,Santa Luz,0,5336,22.488755622188904,0,0,0.8173,0.9168540729635182,1.9677,16432.64,7.3,0.7301349325337332
220935,Santana do Piauí,0,4125,16.96969696969697,0,0,0.7325,0.8055757575757576,1.6969,12698.11,6.8,0.4484848484848485
220937,Santa Rosa do Piauí,1,4650,17.204301075268816,0,0,0.7617,0.8443010752688173,2.258,13644.03,6.9,0.5750537634408602
220940,Santo Antônio de Lisboa,0,5839,22.264086316150024,0.07692307692307693,1,0.7885,0.8036764286122053,1.7982,16757.76,7.1,0.5471827367699948
220945,Santo Antônio dos Milagres,0,2138,46.77268475210477,0,0,0.7804000000000001,0.8518864982850015,1.637,11826.19,8.3,0.5617399438727783
220950,Santo Inácio do Piauí,0,3646,27.427317608337905,0,0,0.7564,0.8854452367891754,1.9199,13507.31,6.9,0.5263302249040044
220955,São Braz do Piauí,0,4358,11.473152822395594,0,0,0.7718,0.9690033654581613,1.6062,12331.4,6.7,0.6782927948600276
220960,São Félix do Piauí,1,2842,28.149190710767066,0,0,0.7791,0.7258092892329345,1.2315,13379.12,7.4,0.38106966924700914
220965,São Francisco de Assis do Piauí,0,5572,14.357501794687725,0,0,0.7437,0.9053302225412778,1.8844,12243.76,6.1,0.6974156496769562
220970,São Francisco do Piauí,1,5392,22.255192878338278,0,0,0.7299,0.8873794510385756,1.9473,12474.73,6.4,0.6135014836795252
220975,São Gonçalo do Gurguéia,0,2947,10.179843909060061,0,0,0.8210999999999999,0.7224861441013459,2.3752,21789.25,6.8,0.5527655242619613
220980,São Gonçalo do Piauí,0,4837,14.47178002894356,0.14285714285714285,1,0.792,0.7430569912480187,2.1707,16647.33,8.3,0.5780442422989456
220985,São João da Canabrava,0,4242,18.85902876001886,0,0,0.7521,0.8591073393053591,1.6501,12796.34,6.5,0.6020744931636021
220987,São João da Fronteira,1,5522,9.054690329590729,0,0,0.7319,0.8051732464083062,1.9014,13571.17,6.4,0.6193408185440058
220990,São João da Serra,0,6114,13.084723585214263,0,0,0.7177,0.7661514556754988,1.7173,11896.97,6.6,0.582597317631665
220995,São João da Varjota,0,4383,25.09696554871093,0,0,0.7232999999999999,0.8606357897939007,1.597,10481.35,6.1,0.6020990189368013
220997,São João do Arraial,1,8186,17.102369899828975,0.07142857142857142,1,0.7695000000000001,0.8752952194804138,1.7102,11715.58,6.5,0.7090153921329099
221000,São João do Piauí,2,21421,16.805938098128006,0.027777777777777776,1,0.8299,0.6305650218632806,1.6339,19535.91,8.2,0.4606227533728584
221005,São José do Divino,0,4841,22.72257797975625,0,0,0.6987000000000001,0.8904840597672656,2.1689,17147.17,6,0.643668663499277
221010,São José do Peixe,0,3297,27.2975432211101,0,0,0.7968999999999999,0.8050753209988879,2.1231,15177.13,6.7,0.5665756748559296
221020,São José do Piauí,0,6597,18.190086402910413,0,0,0.7256999999999999,0.7520969127381132,1.5916,12280.81,6.1,0.536304380779142
221030,São Julião,0,6025,9.95850622406639,0,0,0.7234,0.6760027662517288,1.7427,11258.36,7.2,0.5176763485477178
221035,São Lourenço do Piauí,0,4410,24.94331065759637,0,0,0.8369,0.894501133786848,1.5873,12450.59,7.2,0.680952380952381
221037,São Luis do Piauí,0,2309,34.6470333477696,0,0,0.7354999999999999,0.8484553197632453,1.5158,12313.77,6.8,0.5114768297964487
221038,São Miguel da Baixa Grande,0,2269,30.850594975760245,0,0,0.7081999999999999,0.6933303951814309,1.5425,14503.85,5.5,0.42000881445570737
221039,São Miguel do Fidalgo,0,2829,17.674089784376104,0,0,0.773,0.8245257452574526,2.4743,13020.74,6.4,0.575468363379286
221040,São Miguel do Tapuio,1,17554,19.368804830807793,0,0,0.7142000000000001,0.7673749572746952,1.7944,11768.94,6.6,0.549618320610687
221050,São Pedro do Piauí,2,13755,21.810250817884405,0.03333333333333333,1,0.7666,0.7782685084211802,1.7811,11592.28,7.4,0.6284260268993094
221060,São Raimundo Nonato,2,38934,14.897005188267324,0.017241379310344827,1,0.8582,0.7254927141658533,1.3561,19566.06,8.6,0.49763702676324034
221062,Sebastião Barros,1,3202,31.23048094940662,0,0,0.8108,1.2278003331251301,2.1861,17981.65,6.6,0.9212991880074953
221063,Sebastião Leal,0,4446,20.242914979757085,0,0,0.7918000000000001,0.7615647023541761,1.5744,163047.99,7.1,0.5321637426900585
221065,Sigefredo Pacheco,0,9460,8.456659619450317,0,0,0.7281,0.7794749823819591,1.8498000000000001,10254.31,6.7,0.5891120507399578
221070,Simões,0,14350,13.937282229965156,0.05,1,0.7678,0.7670615563298491,1.7073,37844.46,7.2,0.5021602787456446
221080,Simplício Mendes,1,13870,19.46647440519106,0.037037037037037035,1,0.8353,0.6714912280701755,1.514,17066.38,7.9,0.46445565969718816
221090,Socorro do Piauí,0,4141,21.733880705143687,0,0,0.7855,0.832427754970619,1.6904,12776.5,7.1,0.5969572567012799
221093,Sussuapara,0,6220,16.077170418006432,0,0,0.777,0.7404340836012862,1.6881,13712.76,7.2,0.514951768488746
221095,Tamboril do Piauí,0,2949,16.9548999660902,0,0,0.7375,0.8363286989940093,1.1868,13270.12,6.3,0.6063072227873856
221097,Tanque do Piauí,0,2316,43.17789291882556,0.1,1,0.8107,0.9701352907311457,1.5112,19013.4,7.3,0.5686528497409327
221100,Teresina,101,866300,8.796029089230059,0.0013123359580052493,1,0.9288,0.4712557235753588,1.0676,33994.07,10.4,0.30095694332217476
221110,União,2,46119,8.890045317548083,0.024390243902439025,1,0.7702,0.7110825617785872,1.4419,13207.62,7.5,0.5687027038747587
221120,Uruçuí,0,25203,12.300123001230013,0.03225806451612903,1,0.867,0.6149995370921452,1.7011,167688.99,8.2,0.4746260365829465
221130,Valença do Piauí,1,22279,21.096099465864715,0.02127659574468085,1,0.8195999999999999,0.6624773703188354,1.5709,17319.61,8.1,0.3940482068315454
221135,Várzea Branca,0,5055,9.891196834817013,0,0,0.735,0.972123310253874,1.3847,12036.82,6.7,0.7893175074183977
221140,Várzea Grande,0,4417,18.11184061580258,0,0,0.7827,0.7744132518300506,1.5847,12375.88,7.3,0.5847860538827259
221150,Vera Mendes,0,3185,18.838304552590266,0,0,0.6831,0.9431187859759289,2.1978,12180.94,5.3,0.5764521193092622
221160,Vila Nova do Piauí,0,2935,30.664395229982965,0,0,0.731,0.6620102214650767,1.1925,14283.09,6.9,0.4565587734241908
221170,Wall Ferraz,0,4059,19.70928800197093,0,0,0.7112999999999999,0.7641660507514166,1.7245,14324.63,6.1,0.6053215077605322
230010,Abaiara,0,10038,11.95457262402869,0.08333333333333333,1,0.7684000000000001,0.8317393903167962,1.7433,14318.54,7.8,0.5466228332337119
230015,Acarape,2,14027,12.119483852570044,0,0,0.8403,0.8322461443406762,1.7466,15717.86,8,0.5657660226705639
230020,Acaraú,7,65264,9.959548909046335,0.015384615384615385,1,0.7875,0.7128432213777887,1.5015,19156.82,7.2,0.5866633978916401
230030,Acopiara,2,44962,12.45496196788399,0,0,0.7273000000000001,0.7304594249959224,1.7514,15424.91,6.6,0.536541968773631
230040,Aiuaba,0,14076,10.656436487638533,0,0,0.7166,0.8137373306810647,1.7405,12011.64,6.5,0.6042199488491049
230050,Alcântaras,1,11369,14.07335737531885,0.0625,1,0.8048000000000001,0.7361098894655057,1.8471,10171.74,7.7,0.37144867622482186
230060,Altaneira,0,6782,11.795930404010617,0.125,1,0.7709999999999999,1.0352280546544776,1.9352,13584.14,7.2,0.6610144500147449
230070,Alto Santo,0,14155,28.258565877781702,0.025,1,0.7967,0.8228835511597786,1.978,19347.47,7.3,0.505757682797598
230075,Amontada,2,42156,5.455925609640383,0.043478260869565216,1,0.8023,0.7699319195369579,1.3283,19169.89,7.5,0.5939130847328968
230080,Antonina do Norte,0,7245,12.422360248447205,0,0,0.7334999999999999,0.9093627789279963,1.4492,13967.01,6.9,0.6797791580400276
230090,Apuiarés,0,12928,8.508663366336634,0,0,0.7972,0.8622434509075908,1.8951,12907.16,7.6,0.6232982673267327
230100,Aquiraz,8,80645,9.796019592039183,0.012658227848101266,1,0.8613,0.7134447268894538,1.6289,60152.62,8.4,0.49486018972037943
230110,Aracati,11,75113,13.97893839947812,0.009523809523809525,1,0.8466,0.6025532641930602,1.3512,26180.2,8.7,0.3682718038155845
230120,Aracoiaba,3,25553,15.26239580479787,0.02564102564102564,1,0.7689,0.883262239267405,1.7806,13160.26,7.5,0.5851759088952373
230125,Ararendá,0,11096,11.715933669790916,0,0,0.7729,0.7953692021148762,1.5771,12925.74,6.6,0.5668709444844989
230130,Araripe,2,19783,10.615174644897134,0.047619047619047616,1,0.7317,0.9153734688031812,1.5922,13100.54,6.5,0.5797401809634535
230140,Aratuba,0,11224,13.364219529579472,0.06666666666666667,1,0.8279000000000001,0.9874821810406272,1.8709,17021.99,7.9,0.6511047754811119
230150,Arneiroz,0,7429,14.806838067034594,0,0,0.7589,0.649964104634989,1.8845,11856.04,7.1,0.3993808049535604
230160,Assaré,0,21697,13.82679633129004,0,0,0.7437,0.792129480266089,1.7744,14278.67,6.7,0.5805410886297645
230170,Aurora,0,23714,11.807371173146665,0.03571428571428571,1,0.7755,0.8232373281605803,1.7711,12311.31,6.9,0.49915661634477526
230180,Baixio,0,5704,10.518934081346423,0,0,0.7877,0.8125,1.8408,12708.29,8,0.5392706872370266
230185,Banabuiú,1,17195,12.212852573422506,0.047619047619047616,1,0.762,0.7484879325385286,1.8319,18527.4,7.6,0.5199767374236697
230190,Barbalha,2,75033,14.260392094145242,0.009345794392523364,1,0.8761,0.66524951243675,1.2127,21942.4,9,0.3752748790532166
230195,Barreira,2,22392,10.718113612004288,0.041666666666666664,1,0.7995,0.7841342146004525,1.7193,12926.25,7.4,0.5988745980707395
230200,Barro,0,19381,10.319384964656107,0.05,1,0.7929999999999999,0.8136749049756635,1.9864,14785.48,7.1,0.5023476600794593
230205,Barroquinha,1,14567,11.670213496258667,0.058823529411764705,1,0.7221,0.8867188393858264,1.9221,11653.59,6.7,0.6605340838882405
230210,Baturité,2,35218,18.172525413141006,0.015625,1,0.8361,0.7205335339883014,1.4907,16417.82,7.9,0.5332216480208984
230220,Beberibe,0,53114,7.719245396693903,0.024390243902439025,1,0.8003,0.7508236999661106,1.4497,27215.14,7.5,0.5617351357457544
230230,Bela Cruz,3,32775,12.204424103737605,0.025,1,0.8062,0.650884820747521,1.1746,11642.05,7.5,0.4860106788710908
230240,Boa Viagem,1,50411,9.323361964650573,0.02127659574468085,1,0.7565999999999999,0.7246566556241032,1.5968,14237.39,6.7,0.5057824681121184
230250,Brejo Santo,4,51090,20.16050107653161,0.009708737864077669,1,0.8398,0.5515544464017746,1.5756,24737.96,8.2,0.3902720688980231
230260,Camocim,3,62326,10.429034431858293,0.015384615384615385,1,0.8103,0.734306977291446,1.1792,15770.09,7.9,0.4824631774861214
230270,Campos Sales,2,25135,17.107618858165903,0.023255813953488372,1,0.7735,0.7879119421789007,1.9494,14724.76,7.3,0.4709767256813209
230280,Canindé,3,74174,10.650632297031304,0.012658227848101266,1,0.8076000000000001,0.7341993151238979,0.9437,16108.97,7.5,0.5154771213632809
230290,Capistrano,3,17254,12.750666512113133,0.045454545454545456,1,0.7961,0.7646149685097176,1.4199,13129.77,7.7,0.5618407325837487
230300,Caridade,0,16377,7.937961775660988,0,0,0.7746999999999999,0.8445838676192221,1.496,12806.25,6.8,0.6669719728888075
230310,Cariré,1,17632,10.775862068965518,0.05263157894736842,1,0.77,0.8465810269207501,1.7865,13868.99,7.2,0.5245009074410163
230320,Caririaçu,0,26320,10.638297872340425,0.03571428571428571,1,0.7689,0.8936581813576494,1.7287,11213.37,7.2,0.6122720364741642
230330,Cariús,1,17015,14.692918013517485,0.04,1,0.7464,0.803472426290528,1.8513,13504.03,6.6,0.4981486923302968
230340,Carnaubal,0,17210,21.499128413712956,0.02702702702702703,1,0.7846,0.7342146039124541,1.8303,12252.46,7.3,0.4954677513073794
230350,Cascavel,6,72720,9.625962596259626,0.014285714285714285,1,0.8386,0.7229510451045105,1.1791,18349.34,8.1,0.5129400440044004
230360,Catarina,0,10243,20.501806111490776,0.047619047619047616,1,0.73739999999999994,0.7969426274854372,2.3918,14835.36,6.5,0.5151810992873181
230365,Catunda,0,10444,13.404825737265416,0.07142857142857142,1,0.7713,0.7346881782203498,1.6756,13185,7.4,0.5775564917656071
230370,Caucaia,47,355679,6.8038877752130436,0.004132231404958678,1,0.9158,0.6191547247190117,0.8489,27759.74,9.2,0.43272163945580144
230380,Cedro,1,22344,14.321518080916578,0.03125,1,0.7787000000000001,0.7967202231769901,2.0363,13608.6,7.6,0.5025510204081632
230390,Chaval,1,12462,13.64147006900979,0.058823529411764705,1,0.7542,0.8173848499438292,1.9659,11331.32,7,0.5916385812871128
230393,Choró,0,12113,19.813423594485265,0.041666666666666664,1,0.7502,0.8381078180467266,1.7336,17458.87,6.7,0.5611326673821514
230395,Chorozinho,0,20163,13.390864454694242,0.037037037037037035,1,0.7958,0.8076344459323183,1.7358,13329.65,7.6,0.5324108515597877
230400,Coreaú,3,20953,7.6361380231947695,0.0625,1,0.7401000000000001,0.7908692470449736,1.8374,12672.14,7.6,0.572185367250513
230410,Crateús,2,76390,14.661604922110223,0.008928571428571428,1,0.8212,0.5676855609372955,1.5577,16476.3,8,0.3769865165597591
230420,Crato,7,131050,19.45822205265166,0.00392156862745098,1,0.884,0.6924392725422867,1.2555,18661.32,9.4,0.40620373903090423
230423,Croatá,0,17481,13.729191693839025,0.041666666666666664,1,0.7358,0.8037535991457392,1.8019,16175.67,6.8,0.5791430696184429
230425,Cruz,3,29761,16.464500520815832,0.02040816326530612,1,0.8476,0.6773293908134808,1.4112,19006.85,8,0.4987735627163066
230426,Deputado Irapuan Pinheiro,0,8932,19.03269144648455,0.058823529411764705,1,0.7338,0.8321951037468279,1.9592,13929.93,6.7,0.4755933721450963
230427,Ererê,0,6474,10.812480691998765,0.14285714285714285,1,0.759,0.8345046854082998,1.6808,16399.02,7.3,0.4324992276799506
230428,Eusébio,6,74170,14.96561952271808,0.009009009009009009,1,0.9411,0.40339535301784185,1.333,66608.49,10.4,0.2562491573412431
230430,Farias Brito,0,18217,20.85963660317286,0.02631578947368421,1,0.7511,0.8348795081517264,1.9212,13295.83,7.6,0.5398803315584344
230435,Forquilha,2,24173,9.928432548711372,0.041666666666666664,1,0.8190000000000001,0.7005371006219059,1.3031,14326.07,7.7,0.41202995077152194
230440,Fortaleza,361,2428708,28.628390074064072,1.4382281029771322e-4,1,0.9438,0.504310419367005,0.7758,35796.74,10.2,0.3315507669098138
230445,Fortim,1,17294,10.408234069619521,0.05555555555555555,1,0.8093,0.6851557380208936,1.6192,22627.87,8.3,0.4404995952353417
230450,Frecheirinha,2,15657,12.773839177364756,0.05,1,0.7691,0.719928253603287,1.5647,27047.96,7.5,0.49268697707095865
230460,General Sampaio,0,6734,19.305019305019304,0.07692307692307693,1,0.7528,0.9027571527571528,2.079,14464.84,6.9,0.6985446985446986
230465,Graça,0,13801,12.317947974784436,0.058823529411764705,1,0.7354999999999999,0.8753532352728063,2.0288,11557.56,6.6,0.5765524237374103
230470,Granja,2,53344,7.311037792441511,0.02564102564102564,1,0.7101000000000001,0.7503030643871226,1.6402,10523.67,6.8,0.55248950209958
230480,Granjeiro,0,4841,18.591200165255113,0.1111111111111111,1,0.7694,0.9461027335949872,1.4459,13935.81,7.2,0.5973972319768642
230490,Groaíras,0,10910,16.498625114573784,0.05555555555555555,1,0.7976000000000001,0.7566987473266117,1.604,12462.62,7.9,0.4360219981668194
230495,Guaiúba,1,24325,9.044193216855087,0.045454545454545456,1,0.8238,0.7231003768413841,1.8705,12971.1,7.9,0.48707091469681396
230500,Guaraciaba do Norte,2,42053,14.267709794782775,0.016666666666666666,1,0.7887000000000001,0.7755015496318138,1.4981,20886.84,7.3,0.5694480774261051
230510,Guaramiranga,0,5654,14.149274849663955,0.125,1,0.7863,0.8975356679636836,1.857,18538.33,6.8,0.5070746374248319
230520,Hidrolândia,2,17855,10.08120974516942,0,0,0.7870999999999999,0.757005507327546,1.3721,13420.73,7.2,0.5262391486978437
230523,Horizonte,9,74755,7.4911377165407,0.017857142857142856,1,0.8861,0.7531703564978931,1.2173,39660.41,8.4,0.3081800548458297
230526,Ibaretama,0,11956,14.218802275008365,0,0,0.7372,0.9374512099921936,2.0491,13697.3,6.5,0.644529943124791
230530,Ibiapina,1,23965,15.021906947631964,0.027777777777777776,1,0.8059999999999999,0.7709472146880868,1.8986,18022.32,7.2,0.5281452117671604
230533,Ibicuitinga,0,11611,18.086297476530877,0.047619047619047616,1,0.7563,0.9433367783423765,1.8086,12994.36,7.5,0.6389630522780122
230535,Icapuí,0,21433,7.931694116549246,0.058823529411764705,1,0.8195,0.6809320518204015,1.6329,21144.28,7.8,0.4506601968926422
230540,Icó,0,62642,11.653523195300277,0.0136986301369863,1,0.741,0.6984810510520099,1.1737,14749.95,6.9,0.524855528239839
230550,Iguatu,9,98064,17.13166911404797,0.005952380952380952,1,0.8299,0.6427656088540816,1.4276,23882.71,8.4,0.4024412628487518
230560,Independência,1,24024,14.56876456876457,0.02857142857142857,1,0.7664,0.7626089188589189,1.8939,16988.35,7,0.5481185481185481
230565,Ipaporanga,0,11575,13.822894168466522,0.0625,1,0.7656000000000001,0.7469618430525559,1.8142,11589.61,6.3,0.5325269978401728
230570,Ipaumirim,0,12083,10.758917487378962,0.07692307692307693,1,0.8075,0.7463861072029574,1.7379,15464.79,7.3,0.5348009600264835
230580,Ipu,3,41081,11.684233587303133,0.020833333333333332,1,0.7909,0.775238755953685,1.5335,16467.92,7.5,0.5747669238820866
230590,Ipueiras,2,36798,9.783140388064568,0.027777777777777776,1,0.7531,0.7671137018316213,1.4267,11055.8,6.4,0.5191314745366596
230600,Iracema,0,14001,12.8562245553889,0.05555555555555555,1,0.7835,0.7191331571554413,1.6873,18081.15,7.5,0.44082565531033496
230610,Irauçuba,1,23915,9.617394940413966,0.043478260869565216,1,0.7990999999999999,0.834667921109485,1.9025,11357.81,7.7,0.6264269287058332
230620,Itaiçaba,0,7536,13.26963906581741,0.1,1,0.8161,0.7842356687898089,1.8577,13753.44,8.1,0.45687367303609344
230625,Itaitinga,5,64650,6.187161639597835,0.025,1,0.8979,0.505681876772364,0.9896,36391.91,8.3,0.29667440061871614
230630,Itapagé,0,46426,11.846809977167966,0.01818181818181818,1,0.8166,0.74928919140137,1.9978,15971.93,8,0.5031878688665834
230640,Itapipoca,7,131123,12.888661790837611,0.005917159763313609,1,0.85,0.6700648754731563,1.428,19450.22,8.5,0.5045262844809835
230650,Itapiúna,0,17841,14.573174149431086,0.038461538461538464,1,0.7528,0.8299235842534984,1.177,11994.8,6.9,0.6026007510789754
230655,Itarema,0,42957,8.846055357683264,0.02631578947368421,1,0.8173999999999999,0.7763402937821543,1.6295,16555.28,7.6,0.6482994622529507
230660,Itatira,0,20424,11.26126126126126,0.043478260869565216,1,0.7545000000000001,0.8987873743308525,1.885,11561.29,6.8,0.6472777124951038
230670,Jaguaretama,0,17232,12.186629526462395,0.047619047619047616,1,0.7670999999999999,0.856633008356546,1.8279,18394.06,7.1,0.5395194986072424
230680,Jaguaribara,0,10356,15.44998068752414,0.0625,1,0.799,0.7835876142654822,1.6898,18977.72,7.7,0.4894747006566242
230690,Jaguaribe,6,33726,14.825357291110716,0.02,1,0.8179000000000001,0.6397413469331278,1.7642,21966.06,7.7,0.39239755678111843
230700,Jaguaruana,1,31701,17.349610422384153,0.01818181818181818,1,0.7770999999999999,0.8882632514221422,1.8769,20980.09,7.6,0.5657865682470584
230710,Jardim,0,27411,9.120426106307686,0.04,1,0.7898999999999999,0.8230819743898435,1.6599,13484.67,7.7,0.5560906205537923
230720,Jati,0,7861,24.16995293219692,0.05263157894736842,1,0.7848999999999999,0.764491370902769,1.7809,16531.25,7.7,0.47385828774965016
230725,Jijoca de Jericoacoara,2,25555,10.565447074936412,0.037037037037037035,1,0.8573999999999999,0.6173775516859062,1.2326,27829.9,8.4,0.41631774603795735
230730,Juazeiro do Norte,10,286120,23.696351181322523,0.0014749262536873156,1,0.8911,0.6055655552448855,1.0542,22569.35,9.4,0.33755766811128196
230740,Jucás,1,23922,10.032605969400551,0.041666666666666664,1,0.7576999999999999,0.741447900119834,1.7557,16319.28,6.8,0.5306830532564167
230750,Lavras da Mangabeira,0,30802,11.362898513083566,0.02857142857142857,1,0.7865000000000001,0.760702768218514,1.5623,14447.1,7.3,0.5034413349782482
230760,Limoeiro do Norte,4,59560,25.352585627938215,0.006622516556291391,1,0.8572,0.5735728676964406,1.234,31129.36,8.7,0.36630288784419074
230763,Madalena,1,16896,11.245265151515152,0.05263157894736842,1,0.7909,0.8021227904040403,1.6571,12766.11,7.1,0.5487689393939394
230765,Maracanaú,47,234509,12.877970568293755,0.0033112582781456954,1,0.9279000000000001,0.5897986146942478,1.1193,57738.06,9.5,0.3764972772899974
230770,Maranguape,9,105093,10.086304511242423,0.009433962264150943,1,0.8916,0.6502994173414659,1.3987,19137.28,8.9,0.45093393470545134
230780,Marco,1,25799,8.915074227683244,0.043478260869565216,1,0.8284999999999999,0.9432503843818236,1.4923,17579.65,7.3,0.6596767316562657
230790,Martinópole,1,10846,14.751982297621243,0.0625,1,0.7814,0.8621995820271682,1.9361,11568.49,7.7,0.6378388345933985
230800,Massapê,4,37697,6.8971005650317005,0.038461538461538464,1,0.7807999999999999,0.776746160171897,1.2998,12818.8,7.9,0.5103589145024803
230810,Mauriti,2,45561,11.632756085248348,0.018867924528301886,1,0.7585,0.7699384707681276,1.882,15532.29,7.2,0.5464322556572507
230820,Meruoca,0,15157,13.854984495612587,0.047619047619047616,1,0.836,0.8256361197246597,1.6164,10995.82,8.1,0.483934815596754
230830,Milagres,0,25900,14.285714285714286,0.02702702702702703,1,0.7889,0.8133558558558559,1.8918,12943.58,7.3,0.5636679536679536
230835,Milhã,0,14123,16.285491751044397,0.043478260869565216,1,0.8133,0.7065366187542779,1.7347,17718.68,7.7,0.4889187849607024
230837,Miraíma,0,14196,7.748661594815441,0,0,0.7827,0.7844639335023951,1.7258,9964.94,7.4,0.6049591434206819
230840,Missão Velha,4,36822,9.77676389115203,0.027777777777777776,1,0.7944,0.827485380116959,1.6158,16247.37,7.2,0.5854380533376785
230850,Mombaça,1,37735,11.130250430634689,0.023809523809523808,1,0.7343000000000001,0.7676803144737424,1.7391,14622.86,6.7,0.5369815820855969
230860,Monsenhor Tabosa,0,17149,12.245611989037261,0.047619047619047616,1,0.7863,0.8465605380294283,1.6327,12300.3,7.4,0.6126304740801213
230870,Morada Nova,3,61443,11.555425353579741,0.014084507042253521,1,0.7917000000000001,0.6828415496205156,1.6946,30564.62,7.4,0.46838533274742444
230880,Moraújo,1,8254,13.32687181972377,0.09090909090909091,1,0.7748,0.7675773362410144,1.6961,10427.7,7.7,0.5679670462805912
230890,Morrinhos,0,22753,7.47154221421351,0.058823529411764705,1,0.7809,0.689396270088926,1.3844,10547.85,7.1,0.5090757262778535
230900,Mucambo,0,13666,10.976145177813551,0.06666666666666667,1,0.7597,0.7721291282501584,1.7927,12593.56,7.3,0.4725596370554661
230910,Mulungu,2,10569,11.353959693443088,0.08333333333333333,1,0.8449,0.8613476519380578,1.3246,13861.54,7.8,0.6223862238622386
230920,Nova Olinda,1,15399,12.338463536593284,0.05263157894736842,1,0.8364,0.9274682338680001,1.591,13432,8.1,0.6049094097019287
230930,Nova Russas,1,30699,11.075279325059448,0.029411764705882353,1,0.7925,0.6849544501992465,1.7101,14103,7.3,0.41147920127691456
230940,Novo Oriente,3,27545,11.254311127246325,0.03225806451612903,1,0.7293000000000001,0.780256549888062,1.7789,12477.09,7,0.6015973860954801
230945,Ocara,0,24493,11.840117584616014,0.034482758620689655,1,0.7594,0.7970338464050953,1.8576,13174.62,7.3,0.5430939452088351
230950,Orós,1,19675,15.756035578144854,0.03225806451612903,1,0.7729,0.8246929267259636,1.9567,13610.72,6.8,0.6362388818297332
230960,Pacajus,8,70983,8.73448572193342,0.016129032258064516,1,0.8612000000000001,0.5633285434540665,1.1833,25471.85,8.4,0.32993815420593664
230970,Pacatuba,9,81524,4.538540797801875,0.02702702702702703,1,0.9137000000000001,0.5683847701290418,1.1214,21028.81,9.2,0.36797752808988765
230980,Pacoti,3,11186,22.349365278026102,0.04,1,0.8370000000000001,0.8051582335061684,1.8773,15678.43,8.1,0.5544430538172715
230990,Pacujá,1,6175,17.813765182186234,0.09090909090909091,1,0.7923,0.8262483130904184,1.7004,13155.83,7.8,0.5204858299595142
231000,Palhano,3,9346,10.699764605178686,0,0,0.7778,0.8725479706113132,1.8724,13392,7.8,0.5106997646051787
231010,Palmácia,0,10242,10.74008982620582,0,0,0.8222,0.8582959057475753,1.7086,13792.65,7.3,0.5576059363405584
231020,Paracuru,1,38980,11.03129810159056,0.023255813953488372,1,0.8571,0.7221673507781768,1.5264,17434.25,8.5,0.5057208825038482
231025,Paraipaba,3,32216,12.105785944872114,0.02564102564102564,1,0.858,0.7337632439367603,1.6296,19061.63,8,0.5435808294015396
231030,Parambu,1,31445,9.858483065670217,0.03225806451612903,1,0.7411,0.7516934329782159,1.6695,11114.27,6.4,0.4400381618699316
231040,Paramoti,0,10384,12.519260400616332,0.07692307692307693,1,0.7825,0.8354760529019004,2.0223,13246.64,6.9,0.5937981510015409
231050,Pedra Branca,3,40187,11.944161047104785,0.020833333333333332,1,0.7648999999999999,0.7824794087640282,1.3934,11973.96,6.8,0.5144947371040386
231060,Penaforte,2,8972,26.749888542131075,0.041666666666666664,1,0.8468000000000001,0.9439738445534256,1.9505,16639.85,8,0.6987293802942488
231070,Pentecoste,1,37813,8.46269801391056,0.03125,1,0.8194,0.6395706062288983,1.3884,13810.55,7.7,0.44048343162404463
231080,Pereiro,1,15274,15.058268953777661,0.043478260869565216,1,0.7947,0.723740779538213,1.5805,42816.22,6.1,0.4496530051067173
231085,Pindoretama,2,23391,9.40532683510752,0,0,0.8415,0.7777920282729824,1.4963,15531.35,7.4,0.5426018554144757
231090,Piquet Carneiro,1,16616,12.036591237361579,0.05,1,0.8031999999999999,0.7174861579200771,1.6851,12249.22,7.3,0.41718825228695233
231095,Pires Ferreira,2,10606,11.314350367716386,0,0,0.7714,0.6736359922056697,1.65,9767.22,7.4,0.4057137469356968
231100,Poranga,0,12065,9.117281392457521,0,0,0.775,0.7383340240364691,1.4504,11515.35,7,0.5177786987152921
231110,Porteiras,1,17050,9.970674486803519,0.058823529411764705,1,0.789,0.6946578690127077,1.4369,13631.56,7.9,0.489208211143695
231120,Potengi,0,8833,22.642363862787274,0.05,1,0.7404999999999999,0.8312955205856825,2.3774,13696.53,6.4,0.5488509000339635
231123,Potiretama,1,5974,15.065282892534315,0.1111111111111111,1,0.7715000000000001,0.9123981698471153,1.7576,17466.56,7.1,0.5401740877134248
231126,Quiterianópolis,1,20213,26.220749022906052,0.018867924528301886,1,0.7447,0.788333415788519,1.9047,12363.25,6.7,0.5108593479443923
231130,Quixadá,3,84168,18.17792985457656,0.006535947712418301,1,0.8259000000000001,0.7441238554636758,1.0395,16923.75,8.6,0.5100988499192092
231135,Quixelô,1,15910,13.199245757385292,0.047619047619047616,1,0.7088,0.7703488372093024,1.7598,15166.35,6.6,0.5039597737272156
231140,Quixeramobim,1,82177,10.221838227241198,0.011904761904761904,1,0.8223,0.6228760277612146,1.1925,23468.36,7.9,0.41471457950521434
231150,Quixeré,0,20874,14.371945961483185,0.03333333333333333,1,0.7835,0.7792189645811376,1.7605,38601.98,7.7,0.3671074063428188
231160,Redenção,2,27214,14.69831704269861,0.025,1,0.83,0.8036733544009211,1.9291,19137.44,8,0.5471815977070625
231170,Reriutaba,0,18606,11.286681715575622,0.047619047619047616,1,0.7827,0.7711983589523093,1.693,12820.48,7.5,0.4872621734924218
231180,Russas,5,72928,14.67200526546731,0.009345794392523364,1,0.8454999999999999,0.6421424784262103,1.3917,20809.29,8.3,0.3607256472136902
231190,Saboeiro,1,13854,13.7144507001588,0,0,0.723,0.8884979067417352,2.021,13773.77,6.6,0.5726144073913672
231195,Salitre,0,16633,13.226717970300006,0.045454545454545456,1,0.7184999999999999,0.9802901861760757,1.6834,13369.77,6.3,0.6521373173811098
231200,Santana do Acaraú,1,30628,7.835967088938227,0.041666666666666664,1,0.7653,0.8028519655217448,1.4855,11499.03,7.1,0.6033694658482435
231210,Santana do Cariri,1,16954,9.437300931933468,0.0625,1,0.7719,0.8770988164051748,1.6515,11277.43,7.3,0.614604223192167
231220,Santa Quitéria,1,40183,7.4658437647761495,0.03333333333333333,1,0.7886,0.8371243228894474,1.5678,21382.8,7.8,0.5212403255107881
231230,São Benedito,3,47640,21.20067170445004,0.009900990099009901,1,0.7981,0.7054261125104954,1.3958,18535.35,7.3,0.5065910999160369
231240,São Gonçalo do Amarante,4,54143,11.266461038361376,0.01639344262295082,1,0.8773000000000001,0.715914337956892,1.616,127594.94,8.6,0.4465951277173411
231250,São João do Jaguaribe,0,5855,15.371477369769428,0.1111111111111111,1,0.7966,0.8547395388556789,2.3911,23410.41,7.5,0.40649017933390263
231260,São Luís do Curu,1,10822,12.936610608020699,0,0,0.8320000000000001,0.8641193864350397,2.2639,14876.8,7.9,0.6000739234891886
231270,Senador Pompeu,2,24266,14.835572405835325,0.027777777777777776,1,0.7863,0.6799877743894063,1.875,19529.38,7.6,0.4443666034781175
231280,Senador Sá,0,7262,13.770311209033324,0.1,1,0.7495999999999999,0.8385890021114477,1.9278,11328.78,7.6,0.5751858992013219
231290,Sobral,32,203023,20.88433330213818,0.0023584905660377358,1,0.8712000000000001,0.5596163981420824,1.3805,32454.1,9.2,0.3202740576190875
231300,Solonópole,2,18179,16.502557896473952,0.03333333333333333,1,0.7831999999999999,0.6422153767167245,1.7327,20391.26,7.4,0.37163760382859345
231310,Tabuleiro do Norte,1,30652,13.049719431032234,0.025,1,0.8117,0.7282259993910131,1.4844,19072.63,7.7,0.42189742920527207
231320,Tamboril,2,24815,10.074551682450132,0,0,0.7490000000000001,0.7989488884411311,1.8335,12863.25,7.1,0.5446705621599839
231325,Tarrafas,0,7529,7.96918581484925,0,0,0.7331,0.8853101341479612,1.8594,15516.98,6.7,0.5348651879399655
231330,Tauá,0,61227,13.719437503062375,0.011904761904761904,1,0.7939,0.5731199743032758,1.4862,15260.41,7.4,0.3633527692031293
231335,Tejuçuoca,0,17154,14.573860324122654,0.04,1,0.7664,0.8751894601842136,1.9383,10163.75,6.7,0.6826396175819051
231340,Tianguá,3,81506,11.287512575761294,0.010869565217391304,1,0.8325,0.7573910714139654,1.1808,27792.47,8.3,0.5500208573601943
231350,Trairi,3,58415,7.532311906188479,0.022727272727272728,1,0.8151,0.8001940140945534,1.6177,17787.95,7.5,0.6452452281092185
231355,Tururu,2,15412,6.488450558006748,0,0,0.7829999999999999,0.9046143697551691,1.8167,10667.1,8,0.6784323903451855
231360,Ubajara,3,32767,11.902218695638904,0.02564102564102564,1,0.8197,0.7966449985249388,1.9226,25632.11,8.1,0.576372569963683
231370,Umari,0,6871,17.464706738466017,0,0,0.7624,0.844964342890409,2.0375,12462.89,7.2,0.5546499781691165
231375,Umirim,3,17470,6.868918145392101,0,0,0.7872,0.766518794123259,1.803,12059.06,7.5,0.594733829421866
231380,Uruburetama,2,20189,9.411065431670712,0.05263157894736842,1,0.8199,0.8025946472501527,1.9069,22056.26,8.3,0.6447075139927684
231390,Uruoca,0,13746,13.094718463553034,0.05555555555555555,1,0.7511,0.7722610213880402,1.7823,18516.97,7.2,0.5443037974683544
231395,Varjota,0,18105,12.703673018503176,0.043478260869565216,1,0.8024,0.7399383227469392,1.7398,26958.52,7.4,0.48428610880972106
231400,Várzea Alegre,1,38984,10.517135234968192,0.024390243902439025,1,0.7845,0.7403421916683768,1.3467,14755.13,7.6,0.5175969628565565
231410,Viçosa do Ceará,4,59712,7.20123258306538,0.023255813953488372,1,0.7709999999999999,0.8430298767416935,1.1136,12112.31,7.4,0.6490152733118971
240010,Acari,0,10597,13.211286213079173,0.07142857142857142,1,0.8681,0.6204193010600484,1.6514,18479.58,8.6,0.3354723034821176
240020,Açu,5,56496,13.098272444066836,0.013513513513513514,1,0.8233,0.7270765481922024,1.208,38412.94,8.2,0.44985485698102523
240030,Afonso Bezerra,0,10839,10.148537687978596,0.09090909090909091,1,0.7737,0.8081541962665683,1.6145,14846.49,7.5,0.6177691668973152
240040,Água Nova,0,2946,16.972165648336727,0,0,0.7908,0.8444218148902466,2.3761,14444.7,7.6,0.4697895451459606
240050,Alexandria,0,13640,19.06158357771261,0.038461538461538464,1,0.7757999999999999,0.7264235092864124,1.7961,15331.16,7.5,0.442741935483871
240060,Almino Afonso,0,4687,19.202048218476637,0.1111111111111111,1,0.7846,0.8605895739990044,1.4934,14578.35,7.6,0.5628333688926819
240070,Alto do Rodrigues,0,12484,16.821531560397307,0.047619047619047616,1,0.8387,0.6636761721670406,1.9625,72315.21,8.6,0.39178148029477733
240080,Angicos,0,11632,16.334250343878956,0.05263157894736842,1,0.8070999999999999,0.7102748165978908,1.8053,22173.27,8,0.42864511691884455
240090,Antônio Martins,0,6577,16.72495058537327,0,0,0.7817000000000001,0.8532638994475699,2.1286,12082.07,6.8,0.6017941310627946
240100,Apodi,3,36093,12.74485357271493,0.021739130434782608,1,0.7954000000000001,0.7357382317900978,1.5608,26239.53,8.1,0.46194552960407836
240110,Areia Branca,2,24093,12.866807786494002,0.03225806451612903,1,0.8791,0.6403588870903029,1.3074,45226.72,9,0.40036525131781014
240120,Arês,1,13251,9.81058033355973,0,0,0.7903,0.7659421930420346,1.5847,35565.91,7.6,0.5327145121122934
240130,Augusto Severo,1,9730,10.277492291880781,0,0,0.7635,0.8344210346008908,1.0791,14017.6,7.1,0.5959917780061665
240140,Baía Formosa,0,8825,10.19830028328612,0,0,0.8288,0.678819641170916,1.983,38064.95,8,0.42606232294617563
240145,Baraúna,3,26913,9.289191097239252,0.04,1,0.7942,0.7974089349632768,1.9832,36828.45,7.3,0.5065953256790399
240150,Barcelona,0,3986,22.579026593075763,0,0,0.7866,0.7438534872052183,1.7561,15951.65,6.9,0.5052684395383843
240160,Bento Fernandes,0,4807,10.401497815685458,0.2,1,0.7892,0.9376603564246584,1.4562,26749.41,7.3,0.6284584980237155
240165,Bodó,0,2306,17.346053772766695,0,0,0.7892,1.2108268285631685,1.5177,104148.52,7.4,0.7987857762359063
240170,Bom Jesus,0,9952,11.053054662379422,0,0,0.7940999999999999,0.7696945337620579,1.7584,14119.66,7.3,0.5094453376205788
240180,Brejinho,4,12202,13.112604491067039,0.0625,1,0.789,0.7588373490684588,1.721,13781.63,7.5,0.46344861498115064
240185,Caiçara do Norte,0,6293,12.712537740346416,0,0,0.8236,0.758369087345728,1.6685,19006.95,6.6,0.5830287621166376
240190,Caiçara do Rio do Vento,0,3268,21.41982864137087,0,0,0.7917000000000001,0.9810536515707875,2.1419,145099.23,7.7,0.6790085679314566
240200,Caicó,3,61146,33.03568508160795,0.0049504950495049506,1,0.8892,0.5496911763102519,1.6552,28387.75,9.3,0.3062015503875969
240210,Campo Redondo,0,10215,15.663240332843857,0.0625,1,0.8243,0.7940936531244902,2.0558,12919.69,7.7,0.5486049926578561
240220,Canguaretama,3,29668,11.460159093973305,0.029411764705882353,1,0.8065000000000001,0.7635948946114781,2.0055,20761.66,7.6,0.5979506539031954
240230,Caraúbas,1,19727,13.179905712982206,0.038461538461538464,1,0.8014,0.7626814349199912,1.8017,27543.25,7.9,0.4968317534343793
240240,Carnaúba dos Dantas,0,7992,13.763763763763764,0.09090909090909091,1,0.8870999999999999,0.7093447614280948,1.3138,18881.59,8.9,0.2678928928928929
240250,Carnaubais,1,9714,10.294420424130122,0.1,1,0.8026000000000001,0.8064134239242331,1.8015,23864.16,7.8,0.5717521103561869
240260,Ceará-Mirim,7,79115,7.9630917019528535,0.015873015873015872,1,0.8402,0.6320798837135815,1.2054,15930.56,7.9,0.4279213802692283
240270,Cerro Corá,0,11000,10.909090909090908,0,0,0.7867000000000001,0.6924772727272728,1.909,20485.65,7.4,0.4329090909090909
240280,Coronel Ezequiel,0,5117,11.72562048075044,0,0,0.7706999999999999,0.8263631033808873,2.0519,12792.57,6.9,0.5495407465311706
240290,Coronel João Pessoa,1,4237,21.24144441822044,0,0,0.7269,0.793466289040988,1.6521,12785.04,7,0.4961057351899929
240300,Cruzeta,0,8005,12.492192379762649,0.1,1,0.8432,0.7194982302727462,1.3116,19330.66,8.2,0.38738288569643975
240310,Currais Novos,2,41313,26.868056059835887,0.009009009009009009,1,0.8643000000000001,0.5916358047103817,1.6096,23136.71,8.7,0.311088519352262
240320,Doutor Severiano,1,7044,15.616127200454287,0.09090909090909091,1,0.7791,0.781669979178497,1.9875,15071.49,7.4,0.43852924474730265
240325,Parnamirim,15,252716,7.320470409471501,0.005405405405405406,1,0.9490999999999999,0.4256520494679139,0.9086,30107.02,10.9,0.2471746941230472
240330,Encanto,1,6016,19.9468085106383,0,0,0.8119,0.8856660017730497,1.7453,12474.01,7.5,0.49351728723404253
240340,Equador,0,5360,16.791044776119403,0,0,0.821,0.8706156716417911,1.9589,16821.12,7.8,0.5598880597014926
240350,Espírito Santo,1,10620,15.065913370998116,0.0625,1,0.7271,0.5982266164469554,1.6478,11928.61,6.9,0.48700564971751414
240360,Extremoz,1,61635,5.029609799626836,0.03225806451612903,1,0.9138,0.6328817500878829,0.6814,16005.64,9.3,0.3800924799221222
240370,Felipe Guerra,0,5944,13.458950201884253,0.125,1,0.8262,0.9513795423956931,1.6775,48316.51,8,0.5486204576043069
240375,Fernando Pedroza,0,2938,13.614703880190605,0,0,0.7668,0.8186691626957113,2.3825,21100.64,7.6,0.5074880871341049
240380,Florânia,0,10196,10.788544527265595,0.09090909090909091,1,0.8348,0.6751503857721982,1.373,14957.08,8,0.3730874852883484
240390,Francisco Dantas,0,2700,25.925925925925927,0,0,0.7809999999999999,0.9465432098765432,1.2962,15770.38,7.5,0.4311111111111111
240400,Frutuoso Gomes,0,4122,38.81610868510432,0.0625,1,0.7977,0.8954795406760472,1.6982,14311.89,7,0.5252304706453178
240410,Galinhos,0,2104,23.76425855513308,0,0,0.784,0.8818916349809885,1.6634,78741.62,7.5,0.5156844106463878
240420,Goianinha,1,26741,16.454134101192924,0.022727272727272728,1,0.8451000000000001,0.6875989429465365,1.8323,24171.98,7.8,0.4763845779888561
240430,Governador Dix-Sept Rosado,2,11938,9.214273747696431,0,0,0.8062,0.7807421678673144,1.4666,49936.49,7.6,0.48869157312782713
240440,Grossos,0,9924,11.084240225715437,0.09090909090909091,1,0.8223999999999999,0.6726118500604595,1.7634,18734.49,7.2,0.45908907698508666
240450,Guamaré,3,15295,17.652827721477607,0.037037037037037035,1,0.8395999999999999,0.7872234935163998,1.8306,168808.24,7.7,0.4651847008826414
240460,Ielmo Marinho,0,11615,13.775290572535514,0.0625,1,0.7481,0.8119816329459032,2.1093,14546.22,6.5,0.6165303486870426
240470,Ipanguaçu,3,14131,8.49196801358715,0,0,0.7777,0.7843040124548865,1.9814,18669.94,7.7,0.4386101479017762
240480,Ipueira,0,2035,29.484029484029485,0,0,0.8653,0.8095004095004095,1.7199,20967.76,8.9,0.29434889434889433
240485,Itajá,1,7292,12.342292923752057,0.1111111111111111,1,0.8076000000000001,0.8433443042603768,1.9199,24682.92,8,0.5157707076247943
240490,Itaú,1,5320,20.67669172932331,0,0,0.8031,0.8294016290726818,1.9736,17100.78,7.2,0.5026315789473684
240500,Jaçanã,0,7834,8.935409752361501,0,0,0.7981999999999999,0.787677644455791,1.787,12847.11,7.5,0.5736533061016084
240510,Jandaíra,0,6562,12.1914050594331,0,0,0.772,0.7394087168546175,1.6001,55417.28,7.4,0.5225540993599512
240520,Janduís,0,4746,16.85630004214075,0.125,1,0.7728,0.8289436718640258,2.2123,22084.25,7.2,0.5581542351453855
240530,Januário Cicco,0,9051,17.677604684565242,0.0625,1,0.7217,0.7220012521636652,2.037,11980.5,6.9,0.5598276433543254
240540,Japi,0,5117,11.72562048075044,0,0,0.7537999999999999,1.114422513191323,2.0519,13519.14,6.8,0.8731678717998828
240550,Jardim de Angicos,0,2437,20.51702913418137,0,0,0.7859,0.9434413896867733,1.4361,28428.38,6.7,0.7074271645465736
240560,Jardim de Piranhas,3,13977,12.162838949703083,0.058823529411764705,1,0.8034,0.7102263241992798,1.7528,19758.23,7.4,0.5396007726980039
240570,Jardim do Seridó,0,11655,15.444015444015443,0.05555555555555555,1,0.8393,0.6643000143000143,1.5015,20992.11,8.4,0.23037323037323038
240580,João Câmara,0,33290,15.92069690597777,0.018867924528301886,1,0.7985,0.7635300891158506,1.8924,45870.29,7.4,0.5627515770501652
240590,João Dias,0,2076,28.90173410404624,0.16666666666666666,1,0.7794,0.9990366088631984,1.6859,16281.41,6.8,0.6734104046242775
240600,José da Penha,0,5803,22.40220575564363,0.07692307692307693,1,0.7713,0.8619679476133034,1.8094,15216.65,7.3,0.4694123729105635
240610,Jucurutu,0,17793,15.174506828528072,0.037037037037037035,1,0.764,0.6833633076678095,1.7703,24884.25,7.3,0.46557635025009836
240615,Jundiá,0,3739,29.419630917357583,0,0,0.7547,0.9218151020772042,1.8721,12648.01,7.6,0.5707408397967371
240620,Lagoa d'Anta,1,6654,12.022843402464684,0,0,0.7562000000000001,0.8453311291453761,1.6121,13817.96,7.4,0.608355876164713
240630,Lagoa de Pedras,1,7338,8.176614881439084,0.16666666666666666,1,0.7097,0.8449395839011539,1.9078,13768.06,6.4,0.6208776233306078
240640,Lagoa de Velhos,1,2567,23.37358784573432,0,0,0.8123,0.9557524996753668,1.3634,19066.57,7.5,0.608881963381379
240650,Lagoa Nova,0,15573,7.063507352469017,0.09090909090909091,1,0.8058,0.8158458014940387,1.3484,20940.54,7.3,0.5242406729596096
240660,Lagoa Salgada,0,8319,7.212405337179949,0.16666666666666666,1,0.7491,1.1292422967504105,1.6828,14963.74,7.2,0.8398846015146051
240670,Lajes,1,9866,16.217311980539225,0.0625,1,0.8181,0.7563686735590243,2.1285,64126.26,7.8,0.41942023109669574
240680,Lajes Pintadas,0,4787,16.711928138709002,0,0,0.7835,0.8871422602882808,1.4622,14265.69,7.4,0.5535826195947358
240690,Lucrécia,1,3490,45.845272206303726,0.0625,1,0.8249,0.8898280802292263,2.0057,17501.97,7.9,0.5787965616045845
240700,Luís Gomes,0,9070,14.332965821389195,0,0,0.7820999999999999,0.7855843439911797,1.9294,12392.43,7.3,0.5178610804851158
240710,Macaíba,11,82249,9.483397974443458,0.01282051282051282,1,0.8459,0.6188707461488894,1.1915,29857.38,8.1,0.41357341730598546
240720,Macau,4,27369,13.518944791552487,0.02702702702702703,1,0.8508,0.5186524900434798,1.2788,48071.89,8.4,0.3326391172494428
240725,Major Sales,0,3924,17.83893985728848,0,0,0.784,0.8451834862385321,1.7838,16749.53,7.7,0.46865443425076453
240730,Marcelino Vieira,0,7896,10.131712259371835,0,0,0.7445999999999999,0.8400244849712935,2.2163,12813.75,7.3,0.5315349544072948
240740,Martins,0,8179,15.894363614133757,0.07692307692307693,1,0.8462999999999999,0.6929331214084852,1.7117,15962.4,8,0.3972368260178506
240750,Maxaranguape,0,10255,8.776206728425159,0,0,0.8159000000000001,0.7611409068746953,2.0477,16133.95,7.7,0.5033642125792297
240760,Messias Targino,0,4274,16.378100140383715,0,0,0.7587999999999999,0.9306270472625175,1.6378,15284.31,8.1,0.5830603649976602
240770,Montanhas,0,11444,8.738203425375742,0,0,0.7789,0.8131844926016545,1.835,13890.43,6.9,0.608790632645928
240780,Monte Alegre,0,23031,12.157526811688594,0.03571428571428571,1,0.7938,0.6550591232107449,1.6716,15142.66,7.5,0.4379749033910816
240790,Monte das Gameleiras,0,2276,30.755711775043938,0.14285714285714285,1,0.7786,1.1376318101933216,1.5377,20176.56,7.3,0.6814586994727593
240800,Mossoró,29,264577,22.86668909240032,0.001652892561983471,1,0.8996,0.5442517679163343,0.9282,39019.51,9.7,0.3045162655861999
240810,Natal,130,751300,30.187674697191536,4.409171075837742e-4,1,0.9336,0.37788743954922577,0.7898,41477.5,10.3,0.25483295620923735
240820,Nísia Floresta,1,31942,8.139753302861436,0.038461538461538464,1,0.8591,0.6572068123473797,1.5532,17949.98,8.1,0.44402354267109134
240830,Nova Cruz,2,34269,11.088739093641484,0.02631578947368421,1,0.7646999999999999,0.7263561819720447,1.952,18396.12,7.8,0.5462371239312498
240840,Olho-d'Água do Borges,0,3905,20.486555697823302,0,0,0.7484999999999999,0.7448143405889884,1.7925,15101.6,6.6,0.42176696542893727
240850,Ouro Branco,0,4913,10.17708121310808,0,0,0.8392000000000001,0.83725150960038,1.4247,16464.35,7.5,0.38143700386729085
240860,Paraná,0,3934,15.251652262328419,0,0,0.7598999999999999,0.9904677173360448,1.7793,14250.66,7,0.6570920183019827
240870,Paraú,0,3579,8.382229673093043,0,0,0.7681,0.7760547639005309,1.9558,17365.08,8,0.44090528080469404
240880,Parazinho,0,4801,14.580295771714226,0.14285714285714285,1,0.7687999999999999,0.9254148441296952,2.187,109346.87,7.2,0.6494480316600708
240890,Parelhas,0,21499,22.791757756174707,0.02040816326530612,1,0.8763,0.6782369722622758,1.3023,22037.08,8.3,0.37350574445323037
240895,Rio do Fogo,1,10351,14.491353492416192,0,0,0.8088,0.9297169355617815,1.6906,20022.14,7.4,0.7194473963868225
240910,Passa e Fica,1,10896,16.519823788546255,0.05555555555555555,1,0.7774,0.9043150391581007,2.2068,16175.64,7.4,0.6222466960352423
240920,Passagem,0,3115,35.313001605136435,0.09090909090909091,1,0.7890999999999999,0.8860353130016051,2.2471,14954.29,7.8,0.5386837881219904
240930,Patu,0,11007,17.26174252748251,0.05263157894736842,1,0.7892,0.7666257835922595,1.9078,18001.79,7.8,0.5064050149904606
240933,Santa Maria,0,4847,18.568186507117804,0.1111111111111111,1,0.7876000000000001,0.8546351695206658,2.1662,18512.21,7.2,0.6591706210026821
240940,Pau dos Ferros,1,30479,42.98041274320023,0.007633587786259542,1,0.8704000000000001,0.6123478460579416,1.6135,27157.19,9.3,0.34046392598182357
240950,Pedra Grande,0,3618,24.875621890547265,0,0,0.7665000000000001,0.9730744426018059,1.9347,89940.55,7.6,0.6639027086788281
240960,Pedra Preta,0,2441,24.58009012699713,0,0,0.754,0.8286562884063908,2.8676,26726.71,7.3,0.5800901269971324
240970,Pedro Avelino,0,6242,14.418455623197692,0.1111111111111111,1,0.7556999999999999,0.794056392181993,2.2428,45194.41,6.8,0.5552707465555912
240980,Pedro Velho,1,13824,7.957175925925926,0.09090909090909091,1,0.7806000000000001,0.7817201967592593,1.7722,14532.43,7.4,0.6030815972222222
240990,Pendências,2,12278,13.03143834500733,0.0625,1,0.8248000000000001,0.6578568713688441,2.2805,54449.39,8,0.4452679589509692
241000,Pilões,0,2965,26.981450252951095,0,0,0.7868999999999999,0.9398257448004498,2.3608,17049.05,7,0.58212478920742
241010,Poço Branco,1,12390,8.878127522195319,0.09090909090909091,1,0.7694,0.779317998385795,2.2598,13002.67,7.2,0.585230024213075
241020,Portalegre,1,7601,28.94356005788712,0,0,0.8103,0.781815989124238,1.8418,13134.07,7.7,0.46625444020523615
241025,Porto do Mangue,0,5228,11.476664116296863,0,0,0.7611,0.9077403723539914,2.0084,32595.41,6.6,0.5929609793420046
241030,Serra Caiada,1,10125,15.802469135802468,0,0,0.7617,0.8340411522633744,1.6289,14000.98,6.9,0.5474567901234568
241040,Pureza,0,9362,18.15851313821833,0.058823529411764705,1,0.7761,0.8002830591753899,1.8692,19535.22,7.2,0.5605639820551165
241050,Rafael Fernandes,0,5432,22.091310751104565,0.08333333333333333,1,0.8076000000000001,0.7873251104565537,1.9329,11389.04,7.9,0.47551546391752575
241060,Rafael Godeiro,0,2934,20.449897750511248,0,0,0.8020999999999999,0.8131106566689388,2.3858,16458.77,8.1,0.47375596455351054
241070,Riacho da Cruz,0,2701,22.213994816734544,0,0,0.7440000000000001,0.7669381710477601,2.5916,15867.02,7,0.48981858570899667
241080,Riacho de Santana,0,4127,19.384540828689122,0.125,1,0.7967,0.7880421613763025,1.6961,13044.94,7.2,0.48558274775866245
241090,Riachuelo,0,7389,12.180267965895249,0,0,0.795,0.8272093652727026,1.8947,43298.29,7.6,0.5432399512789281
241100,Rodolfo Fernandes,0,4242,16.501650165016503,0,0,0.7761,0.8183246896118184,1.6501,15974.87,7.6,0.4217350306459217
241105,Tibau,0,5382,26.012634708286882,0.07142857142857142,1,0.8667,0.7170196952805649,1.6257,28817.27,8.3,0.40784095131921216
241110,Ruy Barbosa,0,3206,31.191515907673114,0,0,0.7753,0.812720939904346,2.1834,68072.02,7.3,0.45633187772925765
241120,Santa Cruz,2,37313,12.060139897622813,0.022222222222222223,1,0.8172,0.6244494769472659,1.1256,19197.31,8.1,0.4261785436711066
241140,Santana do Matos,0,12456,11.23956326268465,0,0,0.7436,0.7367868229501177,1.9669,16625.53,6.5,0.42485549132947975
241142,Santana do Seridó,0,2696,22.255192878338278,0.16666666666666666,1,0.8609,0.785484668644906,1.2982,19083.45,8.1,0.3479228486646884
241150,Santo Antônio,0,22177,13.978446137890607,0.03225806451612903,1,0.7685,0.7284912296523425,1.8938,15309.34,7.2,0.5272128782071516
241160,São Bento do Norte,0,3304,12.106537530266344,0.25,1,0.8062999999999999,0.9974778046811945,2.1186,119507.48,7.4,0.4978813559322034
241170,São Bento do Trairí,0,3792,10.548523206751055,0,0,0.7612000000000001,0.9281821378340366,1.8459,15361.52,7.2,0.6302742616033755
241180,São Fernando,0,3492,22.90950744558992,0,0,0.7896,0.7732197403589156,2.0045,22210.8,7.1,0.37628865979381443
241190,São Francisco do Oeste,1,4161,7.209805335255948,0,0,0.7837000000000001,0.7895337659216535,1.6822,17869.95,7.4,0.44244172074020666
241200,São Gonçalo do Amarante,11,115838,7.596816243374367,0.011363636363636364,1,0.8981999999999999,0.59279985842297,1.0877,22346.41,9.2,0.37826101969992576
241210,São João do Sabugi,0,5956,13.431833445265278,0.125,1,0.8502,0.7294464965301096,1.7629,16802.01,8.3,0.38498992612491606
241220,São José de Mipibu,2,47286,10.150996066489025,0.020833333333333332,1,0.8361,0.6410512625301358,1.6283,30829.42,8.1,0.422196844732056
241230,São José do Campestre,0,11121,8.991997122560921,0,0,0.775,0.7206711027185805,1.8883,14857.46,7.5,0.5339447891376675
241240,São José do Seridó,0,4558,13.163668275559456,0.16666666666666666,1,0.8887999999999999,0.8313953488372093,1.5357,23376.1,8.6,0.27336551118911806
241250,São Miguel,0,23537,12.321026468963758,0.034482758620689655,1,0.7613,0.7582033960714336,1.3383,17846.95,6.9,0.49721714746994095
241255,São Miguel do Gostoso,0,10221,7.827022796203894,0.125,1,0.8087000000000001,0.8740746176173237,1.7121,69670.12,7.4,0.5842872517366207
241260,São Paulo do Potengi,3,16786,19.65923984272608,0.030303030303030304,1,0.8112,0.7720223201874578,1.8765,17314.45,8.1,0.5265697605147146
241270,São Pedro,0,5776,13.850415512465373,0,0,0.7928000000000001,0.825744459833795,1.8178,12552.69,7.5,0.5573060941828255
241280,São Rafael,1,7711,11.671637919854753,0.1111111111111111,1,0.785,0.7884083344140406,1.8155,14036.42,7.1,0.5681493969653741
241290,São Tomé,0,9972,14.039310068190934,0,0,0.7775,0.8056474796095735,1.7549,18537.54,6.9,0.5324909747292419
241300,São Vicente,1,6310,17.432646592709983,0.09090909090909091,1,0.8288,0.6949022715266772,1.664,15920.43,8.1,0.4148969889064976
241310,Senador Elói de Souza,0,5965,16.764459346186086,0,0,0.7506999999999999,0.8857781503213189,1.8081,13767.86,6.5,0.6821458507963118
241320,Senador Georgino Avelino,0,4065,17.22017220172202,0.14285714285714285,1,0.8215,0.7880483804838048,1.722,28176.06,7.7,0.5257072570725707
241330,Serra de São Bento,0,5703,12.274241627213748,0,0,0.7295999999999999,0.7823952305803963,1.8411,14875.07,6.9,0.6131860424338068
241335,Serra do Mel,1,13091,11.458253762126652,0.06666666666666667,1,0.8158,0.8689748682300817,1.6041,52352.07,7.6,0.603162478038347
241340,Serra Negra do Norte,0,7597,26.32618138738976,0,0,0.7885,0.6108112851564214,1.8428,21368.8,7.6,0.34092404896669737
241350,Serrinha,0,6436,12.430080795525171,0.125,1,0.7403,0.919062046819971,1.6314,14351.76,7.3,0.670602858918583
241355,Serrinha dos Pintos,0,4659,17.171066752522,0,0,0.7938,0.8268762967732703,1.5024,13891.79,7.1,0.5086928525434643
241360,Severiano Melo,0,5487,23.69236376890833,0,0,0.7812,1.0111475609015248,2.5514,17654.53,7.5,0.5720794605431019
241370,Sítio Novo,1,4654,17.189514396218307,0,0,0.7605,0.8303609798023206,2.2561,13793.54,6.7,0.4972067039106145
241380,Taboleiro Grande,0,2338,42.7715996578272,0.1,1,0.8319,0.8618477331052181,1.497,18629.47,7.8,0.49700598802395207
241390,Taipu,0,11422,7.004027315706531,0,0,0.7456999999999999,0.7287398587521158,1.5321,16117.22,6.8,0.5428121169672562
241400,Tangará,1,13281,9.78841954672088,0.07692307692307693,1,0.7961,0.784824184925834,2.1082,16941.5,7.2,0.5784202996762292
241410,Tenente Ananias,0,10262,13.642564802182811,0.07142857142857142,1,0.7785,0.7835785746768011,1.7053,13914.9,6.4,0.49824595595400506
241415,Tenente Laurentino Cruz,0,5891,18.672551349516212,0.09090909090909091,1,0.8176000000000001,0.9052509477734396,1.7823,20453.69,8.2,0.5971821422508912
241420,Tibau do Sul,3,16929,6.49772579597141,0.09090909090909091,1,0.8814,0.599823773800382,1.4472,34037.14,9,0.4094748656152165
241430,Timbaúba dos Batistas,0,2348,17.035775127768314,0,0,0.8297,0.7767958546280522,1.4906,20162.37,8.6,0.37137989778534924
241440,Touros,1,33035,10.897532919630695,0.027777777777777776,1,0.7792,0.8091821805156147,1.8011,30745.28,6.9,0.6275162706220675
241445,Triunfo Potiguar,0,3376,14.810426540284361,0,0,0.7469,0.9787964060031595,2.0734,16571.2,7.5,0.7574052132701422
241450,Umarizal,0,10078,18.85294701329629,0.05263157894736842,1,0.8212,0.7487265991929616,1.7364,16577.89,8,0.5013891645167692
241460,Upanema,1,13577,13.994254990056714,0.05263157894736842,1,0.7777,0.8409626574353687,1.8045,27268.15,7.8,0.46703984679973487
241470,Várzea,0,5233,7.64379896808714,0,0,0.7685,0.754299636919549,2.0064,13912.23,7.3,0.5608637492833939
241475,Venha-Ver,0,3014,29.860650298606505,0.1111111111111111,1,0.7081000000000001,1.1058947135589472,2.3224,15882.39,5,0.6566025215660252
241480,Vera Cruz,1,10735,13.972985561248253,0.06666666666666667,1,0.7659999999999999,0.9513740102468561,1.9562,15586.96,7.2,0.5539823008849557
241490,Viçosa,0,1822,32.93084522502744,0.16666666666666666,1,0.8075,0.9999085254299305,1.9209,16309.97,8.1,0.5949506037321625
241500,Vila Flor,1,3174,15.75299306868305,0,0,0.7954000000000001,0.7466131064902332,2.2054,15709.84,7.2,0.6172022684310019
250010,Água Branca,1,9335,19.2822710230316,0.05555555555555555,1,0.8131999999999999,0.8686216747009462,1.8746,11501.68,7.6,0.5530798071772898
250020,Aguiar,0,5003,29.982010793523887,0.06666666666666667,1,0.695,0.8957458858018523,2.0987,13708.84,6.4,0.5336797921247252
250030,Alagoa Grande,1,26062,14.196915048729952,0.02702702702702703,1,0.7254999999999999,0.7772715064077967,1.8801,14090.7,6.5,0.5627733865397897
250040,Alagoa Nova,1,21013,11.421500975586541,0.041666666666666664,1,0.7820999999999999,0.70552356477736,1.499,17932.95,7.2,0.45229143863322707
250050,Alagoinha,0,13725,13.843351548269581,0,0,0.7345,0.7557194899817851,1.7863,12144.72,7,0.5805464480874317
250053,Alcantil,0,5578,23.305844388669772,0,0,0.8022,0.7091101948129557,1.8823,12611.68,6.7,0.5129078522768017
250057,Algodão de Jandaíra,0,2953,13.545546901456147,0,0,0.7037,0.834603228355345,1.1852,13031.67,6.6,0.697934304097528
250060,Alhandra,1,21730,12.885411872986655,0.03571428571428571,1,0.8242,0.7528340236232551,1.5704,144880.45,7.2,0.5378278877128394
250070,São João do Rio do Peixe,0,17964,18.926742373636163,0.029411764705882353,1,0.7859999999999999,0.6569574333852891,1.7535,15924.07,7,0.45073480293921175
250073,Amparo,0,2234,35.810205908683976,0.125,1,0.8006,1.0108922709638914,1.5666,16579.74,7.7,0.6557743957027753
250077,Aparecida,0,7960,17.587939698492463,0.07142857142857142,1,0.77,0.8466289782244556,1.7587,18547.41,6.5,0.571105527638191
250080,Araçagi,0,16646,10.813408626697104,0.05555555555555555,1,0.7151000000000001,0.8446373503143899,1.8923,14004.13,6.4,0.6578757659497777
250090,Arara,4,12212,12.283000327546675,0.06666666666666667,1,0.7245999999999999,0.6855756632820177,1.7196,10970.95,5.9,0.5337373075663282
250100,Araruna,1,17189,13.380650415963698,0.043478260869565216,1,0.7,0.6607374871526364,1.6289,14201.47,6.3,0.4661120484030485
250110,Areia,0,22633,14.580479830336234,0.030303030303030304,1,0.7823,0.64125760320476,1.701,15707.7,7.5,0.48345336455617904
250115,Areia de Baraúnas,0,2005,24.93765586034913,0,0,0.7631,0.9074812967581047,1.7456,13923.16,6.6,0.5830423940149626
250120,Areial,0,7128,9.820426487093155,0.14285714285714285,1,0.8162,0.7956883651328096,1.473,11428.62,7.3,0.5878226711560045
250130,Aroeiras,0,18705,11.761561079925153,0.045454545454545456,1,0.7375,0.8062060055243696,1.8711,17519.32,6.3,0.6221331194867682
250135,Assunção,0,4152,24.084778420038536,0.1,1,0.8101,0.9421764611432241,1.6859,13554.69,7.3,0.7008670520231214
250140,Baía da Traição,1,9224,26.019080659150042,0,0,0.8228,0.8172069239664643,1.8972,14143.74,7.9,0.6421292281006071
250150,Bananeiras,0,23134,13.832454396126913,0.03125,1,0.7504000000000001,0.6711982363620645,1.6642,16036.12,6.6,0.509207227457422
250153,Baraúna,0,4762,25.199496010079798,0.08333333333333333,1,0.7701,0.8319683606327873,1.4699,13020.23,7,0.5808483830323393
250157,Barra de Santana,0,8059,26.057823551309095,0.047619047619047616,1,0.7513,0.7567212640112504,1.7371,14284.72,6.2,0.5477106340737065
250160,Barra de Santa Rosa,1,12904,20.148791072535648,0,0,0.7243,0.7470680925811117,2.1698,14567.16,6.5,0.5609888406695598
250170,Barra de São Miguel,0,5906,13.545546901456147,0.125,1,0.7951999999999999,0.8442967603566994,1.7778,17189.93,6.8,0.6281747375550288
250180,Bayeux,11,82742,9.306035628822121,0.012987012987012988,1,0.8722,0.7040761241771611,1.269,22950.86,8.5,0.4982959077614754
250190,Belém,0,16401,16.46241082860801,0.037037037037037035,1,0.7574,0.7121821840131699,1.7072,16380.42,7.2,0.48899457350161574
250200,Belém do Brejo do Cruz,0,6268,33.503509891512444,0.047619047619047616,1,0.7136,0.891818230163795,2.2335,14862.74,6.5,0.6400765794511806
250205,Bernardino Batista,0,3504,31.39269406392694,0.09090909090909091,1,0.7563,0.8023925038051751,1.9977,15331.28,6.9,0.5499429223744292
250210,Boa Ventura,0,5207,34.56884962550413,0.05555555555555555,1,0.7578,0.8375744190512772,2.0165,12214.49,7.2,0.6109083925484924
250215,Boa Vista,0,6377,25.090167790497098,0.0625,1,0.8719,0.712887460143223,2.1953,50093.52,8.4,0.39203387172651716
250220,Bom Jesus,0,2286,52.493438320209975,0.08333333333333333,1,0.7881,0.9025590551181102,1.531,17633.42,6.8,0.5533683289588801
250230,Bom Sucesso,0,4661,25.745548165629693,0.08333333333333333,1,0.7483,0.8237681470356862,1.5018,14280.43,6.8,0.5082600300364729
250240,Bonito de Santa Fé,1,10252,19.508388607101054,0,0,0.7943000000000001,0.7827578358694238,1.7069,11664.64,7,0.5973468591494343
250250,Boqueirão,1,17598,13.637913399249914,0.041666666666666664,1,0.8156,0.7722373754593326,1.7899,17209.34,7.6,0.5887600863734516
250260,Igaracy,0,5648,28.328611898016998,0.0625,1,0.753,0.8505223087818697,1.859,12941.81,6.8,0.5646246458923513
250270,Borborema,0,4214,23.730422401518748,0.1,1,0.7564,0.8781047302641988,2.4916,19143.68,7.2,0.6435690555291884
250280,Brejo do Cruz,1,13613,16.895614486152944,0.043478260869565216,1,0.7692,0.7477288866034918,1.5426,15228.47,7.1,0.5579960332035554
250290,Brejo dos Santos,0,5742,26.12330198537095,0.06666666666666667,1,0.7954000000000001,0.8258156275397655,1.8286,13777.65,7.1,0.5637408568443051
250300,Caaporã,4,21193,12.268201764733638,0.038461538461538464,1,0.8143,0.7148901366803504,1.4863,25723.46,8,0.5346104845939698
250310,Cabaceiras,0,5335,29.99062792877226,0.0625,1,0.9070999999999999,0.7650109340830991,1.9681,32065.36,7.8,0.46485473289597
250320,Cabedelo,6,66519,11.274974067559645,0.013333333333333334,1,0.9148000000000001,0.481277279173369,1.1575,61527.94,10.1,0.35668004630256017
250330,Cachoeira dos Índios,0,9151,16.39165118566277,0.06666666666666667,1,0.782,0.7794958656613121,1.9123000000000001,16733.17,6.7,0.5542563654245438
250340,Cacimba de Areia,0,3291,33.424491036159225,0,0,0.7984,0.9703231034133496,2.127,13876.92,6.8,0.7271346095411729
250350,Cacimba de Dentro,1,16064,12.450199203187251,0.05,1,0.7005,0.7414716135458167,1.5251,11161.52,6.2,0.5328062749003984
250355,Cacimbas,0,7223,12.460196594212931,0,0,0.7526,0.8823895888135124,1.9382,11630.26,6.7,0.7329364529973695
250360,Caiçara,0,6602,22.72038776128446,0.06666666666666667,1,0.7503,0.726029990911845,1.5904,12636.78,6.9,0.5802787034232051
250370,Cajazeiras,3,63239,27.514666582330523,0.005747126436781609,1,0.8628,0.6382256202659751,1.8402,28597.01,8.5,0.4580559464887174
250375,Cajazeirinhas,0,2740,43.7956204379562,0.08333333333333333,1,0.7119,1.1750608272506082,2.5547,18640.54,6.4,0.9251824817518248
250380,Caldas Brandão,0,5753,19.120458891013385,0.09090909090909091,1,0.7365999999999999,0.7826206616837592,1.8251,16014.14,6.8,0.624022249261255
250390,Camalaú,0,6085,14.790468364831552,0.1111111111111111,1,0.7637,0.8474801424267324,1.1503,14414.7,6.9,0.5967132292522597
250400,Campina Grande,44,419379,22.199490198603172,0.0010741138560687433,1,0.9197,0.4864525882316473,1.749,30780.61,9.9,0.244037016636503
250403,Capim,1,6970,12.91248206599713,0.1111111111111111,1,0.7153,0.8506695361071258,1.5064,14575.6,6.4,0.6446197991391679
250407,Caraúbas,0,3944,20.28397565922921,0.125,1,0.8062,0.9247591277890467,1.7748,13962.58,6.8,0.5542596348884381
250410,Carrapateira,0,2312,38.92733564013841,0.1111111111111111,1,0.785,0.8658448673587081,1.5138,17215.22,7.6,0.6072664359861591
250415,Casserengue,0,6889,11.61271592393671,0.125,1,0.6796,0.8081845454105578,2.0322,12180.92,5.8,0.6321672231093047
250420,Catingueira,1,4491,28.94678245379648,0.07692307692307693,1,0.745,0.7565130260521042,1.5586,14143.73,6.6,0.6174571364952126
250430,Catolé do Rocha,1,30661,18.264244479958254,0.017857142857142856,1,0.8334999999999999,0.5949822249763543,1.3698,20309.65,7.7,0.4163595446984769
250435,Caturité,0,5254,17.12980586220023,0.1111111111111111,1,0.8364,0.9449942900647126,1.3323,16600.2,8,0.5982108869432813
250440,Conceição,0,18260,18.072289156626507,0.030303030303030304,1,0.7343000000000001,0.707402336619204,1.725,14110.11,6.5,0.5550383351588171
250450,Condado,2,6451,27.902650751821422,0.05555555555555555,1,0.7783,0.7430243373120446,1.6276,13801.99,7,0.5355758797085723
250460,Conde,4,27605,9.780836804926643,0.037037037037037035,1,0.8409,0.8301122984966491,1.3946,59710.2,7.8,0.5859083499366057
250470,Congo,0,4933,34.46178795864586,0.058823529411764705,1,0.7763,0.9249442529900669,1.419,17325.06,7.4,0.6192986012568417
250480,Coremas,0,14683,25.880269699652658,0.02631578947368421,1,0.7424,0.7642625258235147,1.9069,17368.47,6.7,0.5895934073418239
250485,Coxixola,0,1824,27.412280701754387,0,0,0.8295999999999999,0.9375,1.9188,16960.67,7.8,0.5389254385964912
250490,Cruz do Espírito Santo,0,17095,7.604562737642586,0,0,0.7376,0.7671395144779175,1.6379,14800.42,6.8,0.6177244808423515
250500,Cubati,0,7580,19.788918205804748,0.06666666666666667,1,0.8058,0.7936015831134564,1.8469,13473.54,7.1,0.5770448548812664
250510,Cuité,0,19719,19.77787920279933,0.02564102564102564,1,0.7713,0.7034966276180333,1.7749,13867.18,7,0.530047162635022
250520,Cuitegi,0,6730,13.37295690936107,0,0,0.757,0.7894378405151066,1.5601,13025.86,7,0.562704309063893
250523,Cuité de Mamanguape,0,6251,15.997440409534475,0.1,1,0.6940000000000001,0.8458913240548179,1.6797,13614.6,6.3,0.640857462805951
250527,Curral de Cima,0,5254,15.226494099733536,0,0,0.6859999999999999,0.8540318487501586,1.9984,14167.45,5.9,0.7215454891511229
250530,Curral Velho,0,2292,21.81500872600349,0.2,1,0.7718,0.7792684700407213,1.527,14739.64,7.6,0.5737347294938918
250535,Damião,0,4982,22.079486150140507,0,0,0.6727,0.860949417904456,2.1075,12575.99,5.9,0.6282617422721799
250540,Desterro,0,8067,21.07350935911739,0.058823529411764705,1,0.7997,0.855202264369241,1.7354,11748.33,7.1,0.6527829428536011
250550,Vista Serrana,1,3641,32.957978577313924,0.08333333333333333,1,0.7909,0.7832555158839147,1.9225,13856.66,7.1,0.5163416643779182
250560,Diamante,0,6299,22.225750119066518,0.07142857142857142,1,0.7509999999999999,0.7938297084193258,1.6669,11993.7,7.2,0.5786632798856961
250570,Dona Inês,0,10380,15.414258188824663,0,0,0.7187,0.8297366730892742,1.6859,11311.97,6.6,0.6040462427745664
250580,Duas Estradas,0,3327,21.039975954313196,0,0,0.7938,0.819507063420499,2.1039,15621.68,7.2,0.6543432521791404
250590,Emas,0,3011,26.56924609764198,0.125,1,0.7395999999999999,0.8499391121443595,2.3248,15291.16,7.5,0.6775157754898705
250600,Esperança,0,31231,22.093432807146744,0.014492753623188406,1,0.8184,0.7055196225972057,1.5729,27269.39,7.8,0.48896929333034483
250610,Fagundes,1,11049,12.670829939361028,0,0,0.7481,0.7701149425287356,1.9006,12258.2,6.8,0.5985157027785319
250620,Frei Martinho,0,2846,45.678144764581866,0,0,0.8183,0.8175509486999297,1.2297,13624.15,7.6,0.5650035137034435
250625,Gado Bravo,1,8179,13.449076904267026,0,0,0.7484999999999999,0.8718567877083588,1.7117,12446.62,6.3,0.6956840689570852
250630,Guarabira,1,57484,22.44102706840164,0.007751937984496124,1,0.8525,0.5760153549973326,1.2177,25907.88,8.8,0.3784879270753601
250640,Gurinhém,0,13766,11.622838878396049,0.0625,1,0.7092,0.7446728655140684,1.7797,14617.65,6.5,0.5849193665552811
250650,Gurjão,0,3242,49.352251696483656,0.0625,1,0.8348,0.8262132428542053,2.1591,15549.85,8.4,0.5616903146206046
250660,Ibiara,0,5631,31.96590303676079,0.05555555555555555,1,0.7006,0.748446101935713,1.8646,11294.09,6.3,0.4894334931628485
250670,Imaculada,0,10392,15.396458814472672,0.0625,1,0.7872,0.7329035155247626,2.0207,10199.03,7.3,0.5793879907621247
250680,Ingá,0,17692,10.739317205516617,0.05263157894736842,1,0.7479,0.7888499510136409,1.7804,15270.14,7.3,0.6247456477503956
250690,Itabaiana,2,23182,22.43119661806574,0.019230769230769232,1,0.784,0.7117375549995686,1.516,18004.79,7.2,0.5312311275989993
250700,Itaporanga,0,23940,20.885547201336674,0.02,1,0.8306999999999999,0.597302283486494,1.4619,18624.36,8,0.40697577276524644
250710,Itapororoca,1,18382,13.056250680013056,0.041666666666666664,1,0.7279000000000001,0.7436758785768687,1.3328,14200.05,6.6,0.5322054183440322
250720,Itatuba,0,10499,14.287074959519954,0.06666666666666667,1,0.7219,0.7883925453217767,2.0001,20146.85,6.3,0.617677874083246
250730,Jacaraú,1,14477,13.815016923395731,0.05,1,0.7497,0.8296378163063249,1.6923,15007.12,7,0.6322442494992057
250740,Jericó,1,7516,21.2879191059074,0.0625,1,0.789,0.7005277629945007,1.397,12769.91,6.9,0.48722724853645555
250750,João Pessoa,120,833932,31.153619239938028,3.8491147036181676e-4,1,0.9387000000000001,0.41209255271013306,0.8797,34106.06,10.7,0.2634543344061626
250760,Juarez Távora,0,7796,14.109799897383274,0.09090909090909091,1,0.7195999999999999,0.8462780058149478,1.7957,11957.8,7,0.663545407901488
250770,Juazeirinho,0,17007,14.699829481978009,0.04,1,0.8233,0.7609268732482704,1.8521,15265.57,6.9,0.5711177750338096
250780,Junco do Seridó,0,6793,19.137347269247755,0.07692307692307693,1,0.8134,0.7586363413317632,1.5457,18871.13,7.9,0.5114088031797439
250790,Juripiranga,0,10012,20.974830203755495,0.047619047619047616,1,0.7290000000000001,0.7720901584764949,1.7479,15028.02,7.1,0.5599280862964443
250800,Juru,0,9234,17.327268789257094,0,0,0.7529,0.7256876759800737,1.8951,12023.19,6.4,0.5205761316872428
250810,Lagoa,0,4415,24.91506228765572,0.09090909090909091,1,0.7343999999999999,0.8262740656851643,1.5855,14947.05,6.2,0.5614949037372593
250820,Lagoa de Dentro,0,7819,21.741910730272412,0.058823529411764705,1,0.7494,0.7130067783604042,1.7905,13356.78,7,0.5843458242742039
250830,Lagoa Seca,0,27730,11.539848539487918,0.03125,1,0.8458,0.701815122009857,1.6408,15030.45,8,0.4354850342589254
250840,Lastro,0,3162,28.462998102466795,0.1111111111111111,1,0.7273000000000001,0.7813092979127134,1.1068,11779.82,6.7,0.5597722960151803
250850,Livramento,1,6877,18.90359168241966,0,0,0.8203,0.7879768309825022,1.5268,12156.69,7,0.595899374727352
250855,Logradouro,0,4797,25.015634771732334,0,0,0.7724,0.7257313598777013,1.4592,13668.81,7.5,0.5342922659995831
250860,Lucena,0,12560,15.127388535031848,0,0,0.826,0.8908174097664543,1.6719,22288.53,7.7,0.5732484076433121
250870,Mãe d'Água,0,3583,25.118615685180018,0.1111111111111111,1,0.7666,0.8177504884175272,1.9536,12700.27,6.7,0.550655874965113
250880,Malta,1,6046,18.193847171683757,0.09090909090909091,1,0.7742,0.7023927665674276,1.7366,12820.99,7.4,0.48908369169698973
250890,Mamanguape,5,44599,15.471198905805062,0.014492753623188406,1,0.7852,0.6568196596336241,1.491,24368.26,7.5,0.482701405861118
250900,Manaíra,0,10434,13.417672992141076,0.07142857142857142,1,0.7337,0.8476774646987413,1.6772,10545.74,6.7,0.612037569484378
250905,Marcação,1,8999,27.7808645405045,0.04,1,0.7666,0.8378986554061563,1.5557,13705.52,6.7,0.7174130458939882
250910,Mari,3,21512,14.41056154704351,0.03225806451612903,1,0.7404000000000001,0.7626750960704104,1.7896,14087.56,6.6,0.6182130903681666
250915,Marizópolis,1,6705,16.405667412378822,0.09090909090909091,1,0.8079000000000001,0.8289460601541138,1.5659,14579.78,7.4,0.55137956748695
250920,Massaranduba,0,14139,14.145271942853102,0.05,1,0.7812,0.6854739844873518,1.7327,13874.58,6.8,0.47910036070443457
250930,Mataraca,0,8244,18.19505094614265,0,0,0.7981999999999999,0.8220524017467249,1.6982,28025.92,7.3,0.6256671518680252
250933,Matinhas,0,4571,17.501640778823013,0,0,0.7654000000000001,0.8600233355210384,1.5313,17681.18,6.4,0.610588492671188
250937,Mato Grosso,0,2543,35.39127015336217,0.1111111111111111,1,0.6755,0.894383274347883,1.3763,15296.73,5.3,0.6433346441211167
250939,Maturéia,0,6433,26.42623970153894,0,0,0.7983,0.8478807192082491,1.6322,12359.76,7.1,0.6287890564277941
250940,Mogeiro,0,13899,12.950571983595943,0.05555555555555555,1,0.7458,0.7903506247451856,1.7627,15851.27,6.9,0.6258723649183394
250950,Montadas,0,5812,27.529249827942188,0.0625,1,0.8319,0.8178481303051158,1.8066,11757.55,7.1,0.5648657949070888
250960,Monte Horebe,0,4338,23.05209774089442,0.1,1,0.7731,0.8145458736745044,1.6136,13785.09,6.8,0.5926694329183956
250970,Monteiro,1,32277,27.8836323078353,0.011111111111111112,1,0.815,0.782703886152162,1.5181,26099.62,7.6,0.5327322861480311
250980,Mulungu,0,8791,19.337959276532818,0.058823529411764705,1,0.753,0.7289273120236606,1.9906,12693.56,6.9,0.5660334432942783
250990,Natuba,0,8945,12.297372833985467,0,0,0.7,0.7520775107136203,1.9564,12984.8,6.9,0.5199552822806037
251000,Nazarezinho,0,7203,12.494793835901708,0.1111111111111111,1,0.7425,0.8255472256929983,1.9436,11306.54,6.6,0.5868388171595169
251010,Nova Floresta,0,9724,18.51090086384204,0.05555555555555555,1,0.8009999999999999,0.7615007541478129,1.7996,11821.79,7.6,0.5951254627725215
251020,Nova Olinda,2,5787,20.73613271124935,0,0,0.7537999999999999,0.7881314440412419,1.8144,12006.65,6.9,0.5844133402453776
251030,Nova Palmeira,1,4259,32.871566095327545,0.07142857142857142,1,0.8020999999999999,0.6707951788369726,1.6435,12827.72,7.2,0.4113641699929561
251040,Olho d'Água,0,6060,18.151815181518153,0,0,0.7128,0.8451182618261827,1.7326,12629.3,6.5,0.6283828382838283
251050,Olivedos,0,3580,27.932960893854748,0,0,0.8073,0.8611731843575419,1.9553,14880.01,7.3,0.517877094972067
251060,Ouro Velho,0,2918,34.27004797806717,0.1,1,0.7684000000000001,0.9375142791866575,2.3989,16292.76,7.3,0.5411240575736807
251065,Parari,0,1720,58.13953488372093,0.1,1,0.8198000000000001,0.851453488372093,2.0348,16303.4,7,0.41569767441860467
251070,Passagem,0,2463,36.54080389768575,0,0,0.7964,0.8111720124509406,2.842,14353.22,7.1,0.5172553796183516
251080,Patos,9,103165,28.498037124993942,0.003401360544217687,1,0.8718,0.5460677878479459,1.4253,24768.23,9.1,0.34849028255706876
251090,Paulista,2,11834,18.590501943552475,0.045454545454545456,1,0.765,0.7262548588811898,1.7745,16924.19,6.6,0.5261957072840967
251100,Pedra Branca,0,3739,24.070607114201657,0.1111111111111111,1,0.7816,0.73179103147009,1.8721,12998.68,7.7,0.46162075421235627
251110,Pedra Lavrada,0,6859,17.495261699956263,0.08333333333333333,1,0.7997,0.7451402050833456,1.5308,13808.89,7.2,0.4831608106137921
251120,Pedras de Fogo,2,29662,12.47387229451824,0.02702702702702703,1,0.7674,0.7574506102083474,1.5339,28216.86,7.6,0.5466927381835345
251130,Piancó,1,16441,29.195304421872148,0.020833333333333332,1,0.8045,0.6212111996431685,1.703,15004.24,7,0.5017334712000486
251140,Picuí,0,18333,22.364042982599685,0.024390243902439025,1,0.8170000000000001,0.6723167693958072,1.9091,14744.79,7.6,0.4935907925598647
251150,Pilar,1,12311,16.2456339858663,0.05,1,0.7369,0.6865878753418353,1.7057,12907.23,7,0.546178214604825
251160,Pilões,0,6815,13.206162876008804,0.1111111111111111,1,0.7148,0.9913670824162387,1.5407,19647.31,6.8,0.7842993396918562
251170,Pilõezinhos,0,5329,22.51829611559392,0.08333333333333333,1,0.7328,0.8876743604178395,1.9703,12106.5,6.5,0.7230249577781948
251180,Pirpirituba,1,9340,16.059957173447536,0.06666666666666667,1,0.7874,0.797439329050678,1.4989,12954.01,7.3,0.5502141327623127
251190,Pitimbu,3,16751,12.536564981195152,0.047619047619047616,1,0.8168000000000001,0.8011163512626112,1.8804,28605.56,7.5,0.6203211748552325
251200,Pocinhos,1,17469,16.600835766214438,0.034482758620689655,1,0.8149,0.7700450321521933,1.8031,19125.99,7.1,0.6075333447821856
251203,Poço Dantas,0,3830,28.720626631853786,0,0,0.7051999999999999,0.9151218450826806,1.8276,14807.65,6.3,0.5759791122715404
251207,Poço de José de Moura,0,4006,29.955067398901647,0.08333333333333333,1,0.8096,0.8036486936262273,1.7473,15390.73,7.3,0.44308537194208686
251210,Pombal,3,32473,23.71200689803837,0.012987012987012988,1,0.8101,0.6621013354684405,1.6167,18301.05,7.7,0.4357158254549934
251220,Prata,0,3915,30.65134099616858,0.08333333333333333,1,0.8015000000000001,0.860876968922946,1.7879,21369.15,7.6,0.5586206896551724
251230,Princesa Isabel,0,21114,29.364402765937292,0.016129032258064516,1,0.8212999999999999,0.6812423036847589,1.9892,16263.09,7.6,0.4725774367718102
251240,Puxinanã,1,14277,8.405127127547804,0.08333333333333333,1,0.8525,0.7787000070042726,1.716,13265.21,7.7,0.49471177418225115
251250,Queimadas,3,47658,10.2815896596584,0.02040816326530612,1,0.8420000000000001,0.7087547386238058,1.3219,16549.83,7.6,0.48088463636745143
251260,Quixabá,0,1743,34.42340791738382,0.16666666666666666,1,0.8234999999999999,0.8482023331420923,3.514,17583.12,7.3,0.5731497418244407
251270,Remígio,1,17885,15.655577299412915,0.03571428571428571,1,0.7884,0.773050041934582,1.7612,12544.94,7.6,0.6131954151523623
251272,Pedro Régis,0,5766,19.077349982656955,0,0,0.7445,0.6663053532200254,1.821,12229.55,5.7,0.5461325008671523
251274,Riachão,0,2927,30.748206354629314,0,0,0.736,0.8891641043161371,2.3915,14351.53,6.1,0.5087119918004783
251275,Riachão do Bacamarte,0,4690,19.189765458422176,0.1111111111111111,1,0.7706999999999999,0.8638415067519545,1.4925,14524.96,6.2,0.5976545842217484
251276,Riachão do Poço,0,4738,23.21654706627269,0,0,0.7076,0.8218130012663571,1.4774,15522.51,6.6,0.6099620092866188
251278,Riacho de Santo Antônio,0,1955,56.265984654731454,0.09090909090909091,1,0.7898000000000001,0.9966325660699062,1.7902,18067.55,7.6,0.6526854219948849
251280,Riacho dos Cavalos,0,8493,15.306723183798422,0,0,0.7866,0.7913674006044192,1.2363,13159.2,6.2,0.6231013776050865
251290,Rio Tinto,3,24581,12.611366502583296,0.03225806451612903,1,0.8043,0.6896349484018822,1.2814,15992.19,7.9,0.5161303445750783
251300,Salgadinho,0,3355,35.767511177347245,0.08333333333333333,1,0.7522,0.625384997516145,2.0864,12005.41,6.7,0.54575260804769
251310,Salgado de São Félix,0,11505,19.991308126901348,0.043478260869565216,1,0.7036,0.7315370128929451,1.8252,15412.56,6.2,0.5378531073446328
251315,Santa Cecília,0,7670,9.126466753585397,0,0,0.7437999999999999,0.8189374185136897,1.3689,11794.43,6.7,0.6069100391134289
251320,Santa Cruz,0,5947,28.58584160080713,0.058823529411764705,1,0.7598999999999999,0.7600190572277338,1.7655,12495.69,6.7,0.4792332268370607
251330,Santa Helena,0,5865,20.460358056265985,0.08333333333333333,1,0.7816,0.8751633986928105,1.7902,14365.86,7.6,0.6329070758738278
251335,Santa Inês,0,3227,34.08738766656337,0.09090909090909091,1,0.7302,0.9903419068278071,2.1691,12400.15,7,0.7613882863340564
251340,Santa Luzia,0,14959,14.038371548900328,0.047619047619047616,1,0.8509,0.6574581634244713,1.4038,38333.11,8.6,0.43752924660739356
251350,Santana de Mangueira,0,5010,33.93213572854292,0.058823529411764705,1,0.7286,0.6628077178975382,2.0958,12163.71,6.6,0.47764471057884234
251360,Santana dos Garrotes,0,6569,42.624448165626426,0.03571428571428571,1,0.7023,0.801529913228802,2.1312,12407.03,6.7,0.5358502055107323
251365,Joca Claudino,0,2539,31.508467900748325,0.125,1,0.8094,0.8968425889457793,1.3784,16986.7,7.8,0.5265852697912564
251370,Santa Rita,12,149910,8.738576479220866,0.007633587786259542,1,0.8562000000000001,0.5392841260311743,0.9755,21102.95,8.3,0.3428590487625909
251380,Santa Teresinha,0,4402,22.716946842344388,0.1,1,0.7796,0.8455626230501287,1.5901,15199.7,7,0.6276692412539755
251385,Santo André,0,2622,38.13882532418002,0.1,1,0.8067,0.8345410628019323,1.3348,15336.03,7.3,0.4672006102212052
251390,São Bento,0,32235,17.682643089809215,0.017543859649122806,1,0.7685,0.6676826430898092,1.6286,22470.81,6.2,0.48413215449046065
251392,São Bentinho,0,4327,41.59926045759187,0.05555555555555555,1,0.7628,0.7207071874277791,1.6177,14851.78,7,0.48370695632077654
251394,São Domingos do Cariri,0,2585,15.473887814313347,0,0,0.8373,0.8205029013539652,1.3539,15361.5,7.2,0.5206963249516441
251396,São Domingos,0,2595,34.68208092485549,0.1111111111111111,1,0.6623,0.813776493256262,2.6974,16982.08,5.4,0.5013487475915221
251398,São Francisco,0,3137,25.50207204335352,0.125,1,0.7389,0.9295770906386145,2.2314,15443.64,6.3,0.4727446605036659
251400,São João do Cariri,0,4226,28.39564600094652,0,0,0.8283,0.814974759425777,1.6564,16932,8.1,0.49810695693327023
251410,São João do Tigre,0,4263,28.149190710767066,0.08333333333333333,1,0.7229000000000001,0.8730940652122918,1.642,12079.76,6.4,0.578935022284776
251420,São José da Lagoa Tapada,0,7126,22.452989054167837,0.0625,1,0.6937000000000001,0.7997006268126111,1.9646,12246.49,6,0.560342408083076
251430,São José de Caiana,0,5034,17.878426698450536,0.1111111111111111,1,0.7387999999999999,0.95154615282744,1.3905,12708.19,6.7,0.7304330552244735
251440,São José de Espinharas,0,4083,22.04261572373255,0.1111111111111111,1,0.7905,0.7683280267776962,1.7144,16279.52,7.2,0.5194709772226305
251445,São José dos Ramos,0,5891,15.277542013240536,0,0,0.6928,0.7907401120353081,1.7823,13274.5,6.4,0.6102529281955525
251450,São José de Piranhas,1,19067,14.160591598048985,0.037037037037037035,1,0.7875,0.7150923934896243,1.8356,15179.98,7.1,0.5322284575444485
251455,São José de Princesa,0,3416,23.4192037470726,0.125,1,0.7678,0.7905932864949258,2.0491,12693.9,7,0.5910421545667447
251460,São José do Bonfim,0,3242,18.507094386181368,0,0,0.7951,0.9536294468435121,2.1591,12653.4,7.5,0.6190623072177668
251465,São José do Brejo do Cruz,0,1699,23.543260741612713,0,0,0.785,0.87350402197371,2.06,21367.57,7.2,0.5756327251324308
251470,São José do Sabugi,0,4138,31.416143064282263,0.07692307692307693,1,0.8236,0.8393144836474948,1.6916,31317.2,8,0.4540840985983567
251480,São José dos Cordeiros,0,3411,23.453532688361186,0,0,0.8215,0.8950698719828007,2.0521,13132.4,6.6,0.5236001172676634
251490,São Mamede,0,7470,18.741633199464523,0.07142857142857142,1,0.8240999999999999,0.697400713966979,1.8741,13552.95,7.7,0.479384203480589
251500,São Miguel de Taipu,0,7066,16.982734220209455,0,0,0.7472,0.8183319181054816,1.9813,17343.79,6.1,0.6579394282479479
251510,São Sebastião de Lagoa de Roça,0,11040,20.833333333333332,0.043478260869565216,1,0.8143,0.7633227657004832,1.5851,12137.02,7,0.4688405797101449
251520,São Sebastião do Umbuzeiro,0,3279,24.397682220189083,0.125,1,0.7846,0.8743519365660263,2.1347,14172.53,6.9,0.4906983836535529
251530,Sapé,1,51306,10.330175807897712,0.018867924528301886,1,0.7635,0.7304148962434542,1.2961,16615.42,6.9,0.5590574201847737
251540,São Vicente do Seridó,0,10291,17.491011563502088,0.05555555555555555,1,0.8234,0.915095714702167,1.7005,10883.56,6.8,0.6805946943931591
251550,Serra Branca,0,13614,16.8943734391068,0.043478260869565216,1,0.8461,0.7199757602468048,1.2854,13739.69,7.8,0.5010283531658587
251560,Serra da Raiz,0,3094,32.32062055591467,0.1,1,0.7465999999999999,0.5976082740788623,2.2624,15354.7,6.8,0.4253393665158371
251570,Serra Grande,0,2942,33.99048266485384,0.1,1,0.8131999999999999,0.9313108996147744,2.3793,13734.11,6.8,0.6118286879673691
251580,Serra Redonda,0,6828,23.432923257176334,0.0625,1,0.7835,0.7766915641476274,2.0503,10942.4,6.7,0.5508201523140012
251590,Serraria,0,4885,26.61207778915046,0,0,0.7201000000000001,0.8066359604230637,2.1494,16290.48,6.3,0.6300921187308086
251593,Sertãozinho,0,5054,19.786307874950534,0.1,1,0.8234,0.6204986149584487,1.385,14082.87,7.8,0.41412742382271467
251597,Sobrado,0,8236,10.927634774162215,0.1111111111111111,1,0.7506,0.770145297069775,1.6998,16423.22,6.5,0.631617289946576
251600,Solânea,1,26774,16.433853738701725,0.022727272727272728,1,0.7675,0.6932627424615921,1.4379,16003.38,7.1,0.5164712034062897
251610,Soledade,0,13968,17.898052691867125,0.04,1,0.8629000000000001,0.7264103665521191,1.754,22883.95,7.7,0.49513172966781216
251615,Sossêgo,0,3345,20.92675635276532,0.14285714285714285,1,0.7594,1.0405331340308919,3.6621,14282.39,6.8,0.7070254110612855
251620,Sousa,2,67259,26.46485972137558,0.0056179775280898875,1,0.8332999999999999,0.6823238030102539,1.8213,25495.02,7.9,0.5092403990544017
251630,Sumé,1,17166,25.632063381102178,0.022727272727272728,1,0.8281999999999999,0.7242368635675172,1.2233,14889.95,7.7,0.4809507165326809
251640,Tacima,0,8010,21.22347066167291,0.058823529411764705,1,0.7186,0.7562109862671661,2.6217,13317.1,6.8,0.5955056179775281
251650,Taperoá,0,14068,15.638328120557293,0.045454545454545456,1,0.8079000000000001,0.8095441190408492,1.7415,12068.6,6.7,0.6002274665908445
251660,Tavares,0,14101,13.474221686405219,0,0,0.7594,0.8095170555279767,1.7374,11866.74,6.7,0.5705269129848947
251670,Teixeira,3,14631,15.720046476659148,0.043478260869565216,1,0.8301999999999999,0.8266466179117399,1.9137,15205.99,7.7,0.6763037386371403
251675,Tenório,0,2966,26.972353337828725,0.125,1,0.7889,0.7976511575634975,2.36,13564.15,6.6,0.6065407956844234
251680,Triunfo,0,9892,19.207440355843104,0.05263157894736842,1,0.8079000000000001,0.6943152715999461,1.7691,12312.62,7.3,0.5109179134654266
251690,Uiraúna,0,14930,26.79169457468185,0.025,1,0.7859999999999999,0.6610236659968743,1.8754,16444.05,7.8,0.43529805760214335
251700,Umbuzeiro,0,9124,20.82419991231916,0.05263157894736842,1,0.7119,0.7580282770714599,1.918,12993.98,6.7,0.5478956597983341
251710,Várzea,0,2668,14.992503748125937,0.25,1,0.894,0.7709270364817592,1.3118,17394.33,9.5,0.3804347826086957
251720,Vieirópolis,0,4864,26.726973684210527,0,0,0.6709999999999999,0.7887541118421053,2.1587,12179.79,5.7,0.5053453947368421
251740,Zabelê,0,2228,17.953321364452425,0,0,0.8059999999999999,0.9165544584081388,1.5709,15860.56,7.8,0.533213644524237
260005,Abreu e Lima,13,98462,12.492128943145579,0.008130081300813009,1,0.9145,0.6928155024273324,1.2071,21630.43,9.2,0.4619345534317808
260010,Afogados da Ingazeira,3,40241,19.134713352053875,0.012987012987012988,1,0.8489,0.7210597814832302,1.3123,16273.39,8.2,0.4203921373723317
260020,Afrânio,0,18674,18.742636821248794,0.02857142857142857,1,0.8188,0.8519777944378994,1.8742,14547.92,7.5,0.5921066723787084
260030,Agrestina,1,23779,15.98048698431389,0.02631578947368421,1,0.7674,0.820850330123218,1.7662,15479.04,6.7,0.6037680306152488
260040,Água Preta,1,26461,10.203696005441971,0.037037037037037035,1,0.7662,0.7244876106975046,1.7195,9963.4,7.2,0.5131703261403575
260050,Águas Belas,1,41548,9.868104361220757,0.024390243902439025,1,0.7021999999999999,0.8573938577067488,1.6847,11784.85,6.3,0.7273755656108597
260060,Alagoinha,0,13542,10.338207059518535,0,0,0.79,0.7714394722591444,1.7458,14234.41,7.3,0.5502141485748043
260070,Aliança,0,35741,10.352256512128928,0.02702702702702703,1,0.7828,0.779431651791127,1.4689,13218.68,6.9,0.5669119498615036
260080,Altinho,0,20674,13.05988197736287,0.037037037037037035,1,0.7453,0.747609719131921,1.8622,14608.77,6.7,0.5613814452936055
260090,Amaraji,1,18205,10.43669321614941,0.05263157894736842,1,0.7827,0.7686761878604779,1.7302,16906.98,6.8,0.5735237572095578
260100,Angelim,0,10241,19.529342837613513,0.05,1,0.7681999999999999,0.8117859584024998,2.0511,18258.2,7.4,0.6031637535396934
260105,Araçoiaba,1,19243,11.432728784493062,0.045454545454545456,1,0.8086,0.7402345441632455,1.455,10555.18,7.8,0.5668554799147743
260110,Araripina,2,85088,9.754606995110944,0.012048192771084338,1,0.8123999999999999,0.768202723454933,1.2751,20892.65,7.4,0.5838073523881159
260120,Arcoverde,3,77742,21.224048776723006,0.006060606060606061,1,0.8767,0.55112959104045,1.2436,19341.17,9.1,0.3835635821049111
260130,Barra de Guabiraba,0,12263,14.678300578977412,0.05555555555555555,1,0.7495999999999999,0.6978104868303026,1.9978,16065.95,6.8,0.508440022832912
260140,Barreiros,1,40121,10.966825353306248,0.022727272727272728,1,0.8144,0.7384412153236459,1.2213,16087.25,7.9,0.5485157398868423
260150,Belém de Maria,0,10378,16.38080555020235,0.058823529411764705,1,0.7426999999999999,0.7823842101882187,1.9884,10485.13,7.3,0.6480053960300636
260160,Belém do São Francisco,0,18301,10.928364570242064,0.05,1,0.8293,0.9094812669617326,1.9124,39090.23,8,0.7403420578110486
260170,Belo Jardim,2,79507,13.58370961047455,0.009259259259259259,1,0.8207,0.6544182692509255,1.1885,43136.18,7.8,0.461166941275611
260180,Betânia,0,11232,11.574074074074074,0,0,0.7418,0.8622610992402658,1.8027,10773.28,6.1,0.6501068376068376
260190,Bezerros,4,61694,15.722760722274451,0.010309278350515464,1,0.7961,0.6818991041808496,1.6991,17634.15,7.5,0.5019612928323662
260200,Bodocó,0,34478,9.281280816752712,0.03125,1,0.7698,0.8007352514647021,1.5227,11260.73,6.9,0.6185683624340159
260210,Bom Conselho,1,44294,10.61091795728541,0.02127659574468085,1,0.7445,0.7422638130070288,1.2697,18177.25,6.8,0.5471169910145843
260220,Bom Jardim,1,37629,7.972574344255761,0.03333333333333333,1,0.7741,0.704954954954955,1.12,11175.35,7.1,0.5835392915038933
260230,Bonito,2,37474,9.6066606180285,0.027777777777777776,1,0.7879,0.7868522175374927,1.0317,19728.56,6.3,0.5866467417409403
260240,Brejão,0,9079,17.623086242978303,0,0,0.7598999999999999,0.9441843815398172,1.542,24997.01,7.3,0.6736424716378456
260250,Brejinho,0,7720,16.83937823834197,0.07692307692307693,1,0.8056,0.8187823834196891,1.8134,12394.13,6.9,0.5594559585492228
260260,Brejo da Madre de Deus,0,48648,8.83900674231212,0.023255813953488372,1,0.772,0.7830349312064903,1.0072,10895.98,6.7,0.5870950501562243
260270,Buenos Aires,0,12808,10.930668332292317,0.07142857142857142,1,0.7706000000000001,0.8549148969394129,1.6396,12743.34,7.4,0.665053091817614
260280,Buíque,0,52097,10.365280150488513,0.018518518518518517,1,0.7121999999999999,0.736480347556801,1.8573,12420.36,6.4,0.5918191066664107
260290,Cabo de Santo Agostinho,15,203440,11.698780967361385,0.004201680672268907,1,0.8981,0.6127891925547254,0.9376,78144.03,9,0.3873230436492332
260300,Cabrobó,1,30294,14.854426619132502,0.022222222222222223,1,0.8303,0.9140891485662728,1.964,17699.04,7.8,0.695913382187892
260310,Cachoeirinha,1,19899,12.060907583295643,0.041666666666666664,1,0.807,0.8186257265859256,1.2312,14590.61,7.2,0.6093773556460124
260320,Caetés,0,28827,9.713116175807404,0.03571428571428571,1,0.7401000000000001,0.7850626149096334,1.6997,17456.27,6.8,0.5829951087522115
260330,Calçado,0,11093,12.620571531596502,0.07142857142857142,1,0.7605,0.6846810300790288,1.5794,12123.72,7,0.49878301631659605
260340,Calumbi,0,5228,17.214996174445293,0,0,0.7752,1.1197558020913032,2.0084,11906.83,7,0.832823259372609
260345,Camaragibe,19,147771,12.248682082411298,0.0055248618784530384,1,0.9234,0.5578654359335278,1.0658,16488.7,9.6,0.34736856352058254
260350,Camocim de São Félix,0,17419,16.07440151558643,0.03571428571428571,1,0.7717,0.7981179554892167,1.7079,12012.54,7.2,0.6122050634364774
260360,Camutanga,1,7750,16.774193548387096,0.07692307692307693,1,0.7967,0.8197096774193549,1.8064,55160.67,7.7,0.5425806451612903
260370,Canhotinho,3,24329,13.564059353035471,0.030303030303030304,1,0.7541,0.6672900653541042,1.6419,14993.26,6.4,0.47790702453861644
260380,Capoeiras,0,18338,12.542261969680444,0.043478260869565216,1,0.7547,0.8350874322899626,1.7105,14449.64,6.9,0.5940669647726033
260390,Carnaíba,0,18644,13.4091396695988,0.04,1,0.7978000000000001,0.8086649860544948,1.8511,11259.91,7.3,0.47184080669384254
260392,Carnaubeira da Penha,0,12239,13.072963477408285,0,0,0.8144,1.0233406868752892,0.5719,8747.39,7.4,0.8476182694664597
260400,Carpina,4,79293,19.673867806742084,0.00641025641025641,1,0.8772,0.6390097486537273,0.971,24434.32,9.3,0.4410603710289685
260410,Caruaru,48,378048,21.16133401049602,0.00125,1,0.8919,0.5847218254472095,0.8261,29738.31,9.1,0.3445567758591502
260415,Casinhas,0,12967,13.11020282254955,0.058823529411764705,1,0.753,0.9492750829027532,1.8675,9576.23,7,0.7068712886558186
260420,Catende,2,32156,9.95148650329643,0.03125,1,0.787,0.7923223245013891,0.7619,12130.7,7.6,0.6370817265829083
260430,Cedro,0,10518,11.409013120365088,0.08333333333333333,1,0.8309000000000001,0.8736451796919567,1.9965,12697.71,8,0.5733979844076821
260440,Chã de Alegria,1,12984,12.322858903265558,0,0,0.8128,0.7949463442185254,1.3478,14654.39,7.6,0.6142174984596427
260450,Chã Grande,2,20546,13.627956779908498,0.03571428571428571,1,0.7705,0.7542060092799896,1.3627,15824.43,6.9,0.5861481553587073
260460,Condado,2,24587,7.727660959043397,0.05263157894736842,1,0.8094,0.6734554846056859,1.2811,11997.67,7.8,0.44043600276568917
260470,Correntes,0,17131,10.507267526705972,0.05555555555555555,1,0.7629,0.6974733913178838,1.8387,12368.22,7,0.5910337983772109
260480,Cortês,0,10198,19.611688566385567,0.05,1,0.7597,0.9576224096228019,2.0278,14268.17,7,0.6857226907236713
260490,Cumaru,0,15920,12.56281407035176,0,0,0.7559999999999999,0.819859715242881,1.3241,10334.2,6.6,0.6344849246231156
260500,Cupira,0,23518,11.905774300535759,0.03571428571428571,1,0.8056,0.7013068004648921,1.4882,15129.21,7.1,0.48371460158176716
260510,Custódia,0,37699,11.671397119286985,0.022727272727272728,1,0.7911,0.7091280051637091,1.5975,20394.93,7.4,0.5433035359028091
260515,Dormentes,0,17188,19.199441470793577,0.030303030303030304,1,0.8031999999999999,0.7585185400667132,2.0363,18143.7,7.1,0.44705608564114496
260520,Escada,5,59891,9.350319747541366,0.017857142857142856,1,0.8398,0.6424782799864197,1.3153,26428.1,8.2,0.45511011671202684
260530,Exu,0,31843,9.107182112238169,0.034482758620689655,1,0.7908,0.8921427001224759,1.3189,13827.69,6.9,0.6939358728762993
260540,Feira Nova,1,21427,14.467727633359779,0.03225806451612903,1,0.7825,0.7786826589505452,1.7967,12812.92,6.9,0.6380734587203062
260545,Fernando de Noronha,0,3167,31.575623618566468,0,0,0.9649,0.15293127039259025,2.2102,96281.45,11.8,0.04452162930217872
260550,Ferreiros,0,15026,8.651670437907626,0.07692307692307693,1,0.7985,0.6025001109188517,1.2811,11408.4,7.3,0.3691601224544124
260560,Flores,1,20347,10.81240477711702,0.045454545454545456,1,0.7509,0.7593256991202634,1.3761,12074.47,6.5,0.549417604560869
260570,Floresta,0,30137,12.940903208680359,0.02564102564102564,1,0.867,0.7258049352401809,1.3385,19397.34,8.6,0.5791551912930949
260580,Frei Miguelinho,1,13636,13.933704898797302,0,0,0.7576999999999999,0.8512271438349468,1.4079,11119.96,6.3,0.6824581988853036
260590,Gameleira,0,18214,13.725705501262764,0.04,1,0.7625,0.8353327111013507,1.5372,13626.02,7.1,0.6649280773031734
260600,Garanhuns,9,142506,33.96348223934431,0.002066115702479339,1,0.8784000000000001,0.6507386823478778,1.0071,26904.81,9.1,0.4332378987551401
260610,Glória do Goitá,0,29347,10.563260299178792,0.03225806451612903,1,0.779,0.7675060483183971,1.1498,21652.86,7.3,0.5512999625174635
260620,Goiana,8,81055,12.21392881376843,0.010101010101010102,1,0.8625,0.674998457837271,1.6732,171409.82,8.8,0.4672382949848868
260630,Granito,0,6967,18.659394287354672,0.07692307692307693,1,0.7992,0.9437825941342519,2.0094,13071.72,7.7,0.681929094301708
260640,Gravatá,3,86516,17.3378334643303,0.006666666666666667,1,0.8327,0.6752864595373496,0.9911,18929.95,7.9,0.47628184382079614
260650,Iati,0,17165,9.903874162540053,0.058823529411764705,1,0.7026,0.9177201670065055,1.6312,13749.65,6.4,0.7006117098747451
260660,Ibimirim,0,26593,10.905125408942203,0.034482758620689655,1,0.7559999999999999,0.7234422592411537,1.5358,15554.55,6,0.5691347347046215
260670,Ibirajuba,0,7140,21.008403361344538,0.06666666666666667,1,0.7444,0.8693394024276376,1.9607,13886.95,7.1,0.561484593837535
260680,Igarassu,9,115196,9.375325532136532,0.009259259259259259,1,0.8989,0.691624130467493,1.0404,32733.92,9.2,0.44121323657071426
260690,Iguaracy,2,11081,13.53668441476401,0.06666666666666667,1,0.7872,0.8318142165267877,1.5825,11038.88,7.5,0.5829798754625034
260700,Inajá,1,25603,7.811584579932039,0,0,0.7587,0.7300999882826231,1.0878,10730.55,6.7,0.6425809475452096
260710,Ingazeira,0,4765,23.08499475341028,0,0,0.7965000000000001,0.787722980062959,1.4647,13696.73,7.8,0.5252885624344177
260720,Ipojuca,18,98932,12.432782112966482,0.008130081300813009,1,0.8764,0.750914769740832,0.8756,181663.4,8.2,0.4897909675332552
260730,Ipubi,0,29009,9.996897514564445,0.034482758620689655,1,0.7876000000000001,0.8516581061050019,1.7494,14220.94,7.3,0.6708952394084594
260740,Itacuruba,1,4284,28.011204481792717,0,0,0.8732,0.9100723622782446,2.4126,18940.7,8.7,0.6276844070961718
260750,Itaíba,0,32650,6.431852986217458,0,0,0.7034,0.6270010209290454,1.1072,12345.37,6.2,0.49905053598774884
260760,Ilha de Itamaracá,4,24540,11.00244498777506,0.037037037037037035,1,0.892,0.6479421352893235,1.5833,12155.46,8.3,0.4945802770986145
260765,Itambé,1,34935,10.018605982539,0.02857142857142857,1,0.7522,0.721513763656314,1.2022,16797.56,7.1,0.5085730642622013
260770,Itapetim,0,13791,14.502211587267059,0.05,1,0.8194,0.758949073066976,1.7765,12346.4,6.9,0.5247625262852585
260775,Itapissuma,8,27749,10.090453710043604,0.03571428571428571,1,0.8826999999999999,0.6229894170360493,1.3559,117432.13,8.3,0.4356913762658114
260780,Itaquitinga,0,16554,10.873504893077202,0.05555555555555555,1,0.7835,0.6900900084571705,1.3511,13486.13,7.1,0.4331883532680923
260790,Jaboatão dos Guararapes,63,644037,9.347289053268678,0.0016611295681063123,1,0.9279000000000001,0.5564096731502487,0.6086,31490.89,9.6,0.3467362899957611
260795,Jaqueira,1,10247,16.590221528252172,0,0,0.7716,0.7929312644351193,2.0493,12621.62,7.2,0.6041768322435835
260800,Jataúba,0,15843,12.623871741463107,0,0,0.7465999999999999,0.8727618927391697,2.2091,12143.17,6.2,0.6645206084706179
260805,Jatobá,0,14020,14.265335235378032,0.05,1,0.8262999999999999,0.747010223490252,1.4978,13096.55,7.9,0.5326676176890157
260810,João Alfredo,2,27725,11.902614968440036,0.030303030303030304,1,0.7428,0.6726871055004509,1.6411,12799.96,6.7,0.4717042380522994
260820,Joaquim Nabuco,0,13269,9.797271836611651,0,0,0.7831,0.8462581957947095,1.8464,12396.63,6.9,0.6485040319541789
260825,Jucati,3,11517,15.629070070330815,0.05555555555555555,1,0.7706000000000001,0.7835012011229777,1.823,12396,7.3,0.5672484153859512
260830,Jupi,0,15329,14.35188205362385,0.045454545454545456,1,0.7829,0.8524202492008611,1.8266,16123.02,7.3,0.5955378693978733
260840,Jurema,1,13648,11.723329425556859,0.0625,1,0.728,0.8360443532629934,1.7951,10709.68,6.9,0.6779747948417351
260845,Lagoa do Carro,0,17981,15.015850063956398,0.037037037037037035,1,0.8119,0.7068757762823722,1.8005,18237.1,7.9,0.4852344141037762
260850,Lagoa de Itaenga,1,19003,12.103352102299636,0.043478260869565216,1,0.7852,0.7149616727183427,1.6208,28356.16,7.4,0.4352996895227069
260860,Lagoa do Ouro,0,11933,17.598256934551245,0.047619047619047616,1,0.7240000000000001,0.8441087739881002,2.0443,12531.75,6.6,0.6044582250900863
260870,Lagoa dos Gatos,0,14076,12.077294685990339,0.058823529411764705,1,0.7089,0.7505150610969026,1.7405,11994.23,6.3,0.5861040068201193
260875,Lagoa Grande,0,24088,11.20890069744271,0.037037037037037035,1,0.8173999999999999,0.8512883316727554,1.453,29625.07,7.5,0.5570408502158751
260880,Lajedo,2,39582,12.632004446465565,0.02,1,0.8195,0.7793462516632139,1.3263,17848.19,7.5,0.5779142034257996
260890,Limoeiro,3,56510,22.473898425057513,0.007874015748031496,1,0.8481000000000001,0.6171179142334691,1.4475,17539.2,8.4,0.40815784816846573
260900,Macaparana,1,23879,11.725784161815822,0.03571428571428571,1,0.7767000000000001,0.6988741851277971,1.6122,15042.83,7.5,0.46191214037438755
260910,Machados,0,11333,14.118062295949882,0.0625,1,0.7868,0.8040457072266831,2.4813,24079.62,7.4,0.5976352245654284
260915,Manari,0,23763,7.574801161469511,0.05555555555555555,1,0.6983,0.6292766064890797,0.9633,7201.7,6.1,0.5163489458401717
260920,Maraial,0,9359,10.684902233144566,0,0,0.7226,0.845353848345621,1.1219,11758.2,7,0.6551982049364248
260930,Mirandiba,0,14166,11.29464915996047,0,0,0.8293,0.8959598098734057,1.4824,15615.35,8.2,0.6479599039954821
260940,Moreno,3,55292,8.862041524994574,0.02040816326530612,1,0.8615999999999999,0.6860923219754514,1.1235,20225.51,8.6,0.47889387253128846
260950,Nazaré da Mata,5,30648,10.76742364917776,0.030303030303030304,1,0.8354,0.6523862350996258,1.5131,25355.24,8.5,0.39193422083007046
260960,Olinda,41,349976,8.714883306283859,0.003278688524590164,1,0.9396,0.5913005463231764,0.6031,20072.57,10.2,0.3678709397215809
260970,Orobó,0,21808,13.297872340425531,0.034482758620689655,1,0.7709999999999999,0.6976109684519443,1.6024,26686.96,7.3,0.49848679383712396
260980,Orocó,0,13613,13.957246749430691,0,0,0.8318000000000001,1.015310120228213,2.0568,14126.88,8,0.8362594578711525
260990,Ouricuri,0,65245,11.495133726722354,0.013333333333333334,1,0.7805,0.74753748690832,1.3947,15582.86,7.3,0.533895317648862
261000,Palmares,7,54584,23.2668913967463,0.007874015748031496,1,0.8382,0.7198339562264888,1.7291,21179.32,8.3,0.5087388245639748
261010,Palmeirina,2,7031,15.645000711136396,0,0,0.7509999999999999,0.8189446735883943,1.9908,12992.35,7,0.6390271654103257
261020,Panelas,0,22991,15.658301074333435,0.027777777777777776,1,0.7062999999999999,0.7931074478419091,1.979,10436.5,6.3,0.5726588665129834
261030,Paranatama,0,12199,16.394786457906385,0.05,1,0.7598999999999999,1.0266142033500014,1.7214,25113.83,6.6,0.7338306418558899
261040,Parnamirim,0,18612,17.193208682570386,0.03125,1,0.7820999999999999,0.8500788022064617,2.0685,14407.69,7.5,0.5868794326241135
261050,Passira,1,28340,13.05575158786168,0,0,0.7624,0.748373912020701,1.729,10356.4,7.1,0.5621030345800988
261060,Paudalho,3,56665,8.647313156269302,0.02040816326530612,1,0.8371999999999999,0.7048074943380688,1.5596,20329.67,8.3,0.5177093443924822
261070,Paulista,30,342167,6.575736409414117,0.0044444444444444444,1,0.9520000000000001,0.5247924746298347,0.5352,20454.96,10.5,0.3155768966615717
261080,Pedra,0,22795,11.844702785698619,0.037037037037037035,1,0.7558,0.7563317979088982,1.5354,18689.87,6,0.6283395481465234
261090,Pesqueira,4,62722,13.392430088326265,0.011904761904761904,1,0.8178,0.7504889299873515,1.2391,17283.89,7.9,0.5745990242658079
261100,Petrolândia,1,34161,16.685694212698692,0.017543859649122806,1,0.8629000000000001,0.739622669125611,1.5368,45917.95,8.3,0.5375135388308305
261110,Petrolina,21,386791,20.889834561817622,0.0012376237623762376,1,0.9157,0.5920130854475242,0.9099,27346.89,9.5,0.3587182742101031
261120,Poção,0,10500,20.952380952380953,0.045454545454545456,1,0.7584000000000001,0.9051190476190476,1.6666,12648.33,7.1,0.6972380952380952
261130,Pombos,0,27552,11.977351916376307,0.030303030303030304,1,0.7942,0.6766235965931088,1.6493,24970.36,6.8,0.5167319976771196
261140,Primavera,0,13838,9.394421159127042,0.07692307692307693,1,0.8112999999999999,0.6349845835139952,1.2628,23121.83,7.2,0.45201618731030496
261150,Quipapá,0,17928,12.271307452030344,0.045454545454545456,1,0.7204,0.7729947568049977,1.9522,11795.13,6.9,0.5947679607318161
261153,Quixaba,0,6554,12.206286237412268,0,0,0.7857,0.9349633811412877,1.602,11581,7.4,0.5823924321025328
261160,Recife,181,1488920,17.052628751041023,3.9385584875935406e-4,1,0.9451999999999999,0.4082614691633309,0.9555,44563.38,10.8,0.2413857023883083
261170,Riacho das Almas,0,20639,15.020107563350937,0.03225806451612903,1,0.7574,0.9015698435001696,1.3565,14017.1,6.4,0.6498376859343961
261180,Ribeirão,3,33507,8.058017727639001,0.037037037037037035,1,0.8148000000000001,0.7169546661891545,1.2534,17955.92,8,0.5174739606649357
261190,Rio Formoso,1,20009,9.99550202408916,0.05,1,0.8242,0.7182476219034767,1.7492,18718.84,8,0.5176170723174571
261200,Sairé,0,10887,20.207587030403232,0.045454545454545456,1,0.7645000000000001,0.7570037659594011,1.9289,18756.25,6.8,0.5479930191972077
261210,Salgadinho,0,5727,27.93783830976078,0,0,0.6964,0.820848611838659,3.9724,13378.54,6,0.605378033874629
261220,Salgueiro,4,62372,16.834477008914256,0.009523809523809525,1,0.8803,0.6781755702345069,1.3376,22285.15,9,0.43192458154300006
261230,Saloá,3,13836,18.06880601329864,0.04,1,0.7421,0.8207514214127397,2.0237,18202.84,6.6,0.6190372940156115
261240,Sanharó,1,18624,19.866838487972508,0.02702702702702703,1,0.7923,0.801859607674685,1.8323,14480.97,7.4,0.6166774054982818
261245,Santa Cruz,1,13841,12.282349541218121,0.058823529411764705,1,0.7909999999999999,0.821406208607278,1.5172,11279.91,6.7,0.5577631674011994
261247,Santa Cruz da Baixa Verde,0,11567,11.238869196853116,0,0,0.8247,0.8654073369643526,1.8155,12425.3,7.5,0.5609924786029221
261250,Santa Cruz do Capibaribe,6,98254,16.38610132920797,0.006211180124223602,1,0.8824,0.7162609155861339,1.0106,21634.69,7.8,0.49562358784375193
261255,Santa Filomena,0,12106,14.042623492483067,0.058823529411764705,1,0.7576999999999999,1.0102497384217193,1.6623000000000001,10998.68,6.3,0.66685940855774
261260,Santa Maria da Boa Vista,2,40578,7.146729755039677,0,0,0.8318000000000001,0.9464426536546897,1.2075,19268.89,7.9,0.7671644733599488
261270,Santa Maria do Cambucá,0,14013,10.704345964461572,0.06666666666666667,1,0.7523000000000001,0.8417184043388283,1.7483,10806.76,6.4,0.6473274816242061
261280,Santa Terezinha,1,10244,15.618898867629833,0,0,0.8058,0.7293374983730313,2.0499,11981.54,7.7,0.5278211636079656
261290,São Benedito do Sul,1,13113,9.151223976206818,0.08333333333333333,1,0.6917,0.5779696992806121,1.0676,9843.38,6,0.4455883474414703
261300,São Bento do Una,2,49449,13.751541992760217,0.014705882352941176,1,0.7807999999999999,0.7603928626800677,0.9925,38668.79,7.2,0.5346518635361686
261310,São Caitano,1,37126,8.349943435867047,0.03225806451612903,1,0.7706000000000001,0.6976916446695038,1.2255,15514.24,6.8,0.4965792167214351
261320,São João,1,23837,13.424508117632252,0.03125,1,0.7739,0.7384283536798535,1.6164,15719.3,7.2,0.5481394470780719
261330,São Joaquim do Monte,1,20037,15.97045465888107,0.03125,1,0.7232999999999999,0.7681289614213704,1.7628,13015.58,6.2,0.6164595498328093
261340,São José da Coroa Grande,2,18825,13.811420982735724,0.038461538461538464,1,0.851,0.7888136343514829,1.6733,20689.04,8.6,0.6041965471447543
261350,São José do Belmonte,4,34843,7.462044026059754,0.038461538461538464,1,0.8023,0.7616307436213874,1.2054,15208.3,7.6,0.546451224062222
261360,São José do Egito,2,31004,18.06218552444846,0.017857142857142856,1,0.8349,0.6721122005762697,1.8062,15205.33,7.5,0.4711650109663269
261370,São Lourenço da Mata,10,111249,8.000071910758749,0.011235955056179775,1,0.8823000000000001,0.6151096489256832,1.0067,16099.55,8.8,0.4048665605982975
261380,São Vicente Ferrer,0,16677,13.791449301433111,0.043478260869565216,1,0.769,0.76185764825808,1.7838,23038.43,6.8,0.5521376746417221
261390,Serra Talhada,10,92228,23.42021945613046,0.004629629629629629,1,0.8454,0.6108412485000939,0.9677,21719.14,8.6,0.38425423949342935
261400,Serrita,0,18207,12.083264678420388,0.045454545454545456,1,0.7937000000000001,0.835745409274821,1.9223,10764.5,7.5,0.5764815730213654
261410,Sertânia,1,32811,14.019688519094206,0.021739130434782608,1,0.8040999999999999,0.7592347078723599,1.711,12345.85,7.6,0.5293041967632806
261420,Sirinhaém,6,37596,8.511543781253325,0.03125,1,0.8175,0.6693309571940278,1.3731,22912.46,7.8,0.5059846792211937
261430,Moreilândia,0,10540,12.333965844402277,0,0,0.8081999999999999,1.0402435167615434,1.9924,10100.72,7.9,0.7804554079696394
261440,Solidão,0,5210,21.113243761996163,0.09090909090909091,1,0.7948000000000001,0.831301983365323,1.992,11961.91,7.6,0.5527831094049904
261450,Surubim,3,64120,10.605115408608858,0.014705882352941176,1,0.8208,0.6383941567893533,1.1724,17636.35,7.8,0.4740174672489083
261460,Tabira,2,27681,11.199017376539866,0.03225806451612903,1,0.8337,0.813000493720121,1.7738,12968.28,7.8,0.5775802897294173
261470,Tacaimbó,1,13738,13.102343863735625,0.05555555555555555,1,0.7333,0.7225032755859659,1.5555,16141.32,6,0.5277332945115737
261480,Tacaratu,0,23902,8.785875658940675,0.047619047619047616,1,0.8086,0.7211251499177195,1.1714,10969.69,7.3,0.517864613839846
261485,Tamandaré,1,23561,11.03518526378337,0.038461538461538464,1,0.8561,0.7481077486807295,1.4483,18347.99,8.1,0.5161920122235898
261500,Taquaritinga do Norte,2,24736,12.128072445019406,0.03333333333333333,1,0.8369,0.7740102145321259,1.2734,16255.16,7.4,0.4960785899094437
261510,Terezinha,0,6513,23.030861354214647,0,0,0.7202,0.8810328061825068,2.1043,13771.33,6.7,0.6410256410256411
261520,Terra Nova,0,8920,10.089686098654708,0,0,0.8451000000000001,0.8229540358744395,1.5695,14053.74,7.2,0.5708520179372197
261530,Timbaúba,0,46147,16.46910958458838,0.013157894736842105,1,0.8290000000000001,0.8035101595625573,1.5168,19616.98,8.1,0.4755455392549895
261540,Toritama,5,41137,7.049614702093006,0.034482758620689655,1,0.8486,0.7190991888891589,0.8508,19757.28,7.4,0.473296545688796
261550,Tracunhaém,0,13867,10.095911155981828,0,0,0.8059999999999999,0.7331193961683613,2.0822,14319.57,7.7,0.5111415590971371
261560,Trindade,4,30321,12.202763761089674,0.02702702702702703,1,0.8176000000000001,0.8704033508129679,1.212,21576.16,7.3,0.6544309224629794
261570,Triunfo,2,14705,14.96089765385923,0.045454545454545456,1,0.8721,0.7738864331859912,1.666,13750.79,8.7,0.4450187011220673
261580,Tupanatinga,0,26937,8.16720495972083,0.045454545454545456,1,0.7406,0.7009318038385863,1.2335,10805.58,5.9,0.5548130823773991
261590,Tuparetama,0,8005,19.987507807620236,0.0625,1,0.8275,0.8684884447220487,1.7532,11902.59,8.2,0.6108682073703935
261600,Venturosa,0,17251,13.332560431279346,0.043478260869565216,1,0.8009000000000001,0.8233484049233861,1.8669,17251.34,7.9,0.5898208799489885
261610,Verdejante,0,9169,10.906314756243866,0,0,0.8108,0.750717999054786,1.9086,11257.58,7.9,0.4919838586541608
261618,Vertente do Lério,0,7558,18.52341889388727,0.07142857142857142,1,0.7245,0.8474905177736615,1.8523,12364.62,6.4,0.6562582693834348
261620,Vertentes,3,21959,10.92945944715151,0.041666666666666664,1,0.8058,0.6395707151206036,1.2751,10421.07,6.8,0.4970171683592149
261630,Vicência,1,26359,11.760688948746159,0.03225806451612903,1,0.7994,0.6788541548111335,1.5936,23357.29,7.5,0.4055161424940248
261640,Vitória de Santo Antão,7,134084,19.614569971062917,0.0038022813688212928,1,0.8465,0.6555716317134533,1.5169,44766.86,8.5,0.44683929477044243
261650,Xexéu,1,11611,16.363792954956505,0.05263157894736842,1,0.7417,0.9145494215255648,2.11,17339.63,7.3,0.6929635690293687
270010,Água Branca,1,19008,11.047979797979798,0,0,0.7711,0.7927451599326599,1.6428,12832.6,6.8,0.5734953703703703
270020,Anadia,1,13966,10.024344837462408,0,0,0.7128,0.7354527662418254,2.2554,19830.42,6.6,0.5625805527710154
270030,Arapiraca,25,234696,17.213757371237687,0.0024752475247524753,1,0.8473999999999999,0.47765904261967257,1.1743,29318.52,8.6,0.3284248559839111
270040,Atalaia,8,37512,10.130091703988057,0.02631578947368421,1,0.7552,0.7202472986422123,1.5628,43642.22,6.8,0.5528364256771167
270050,Barra de Santo Antônio,4,16365,7.943782462572563,0.07692307692307693,1,0.7870999999999999,0.7961961503208066,1.2832,21906.56,7.5,0.6301252673388329
270060,Barra de São Miguel,0,7944,15.105740181268882,0.08333333333333333,1,0.8545,0.7905966767371602,1.7623,38322.7,8.4,0.5463242698892246
270070,Batalha,0,16448,11.551556420233464,0.05263157894736842,1,0.767,0.8657587548638133,1.4605,18405.47,7.4,0.6857368677042801
270080,Belém,0,4722,12.706480304955527,0,0,0.7603,0.8581109699279966,1.4824,39635.8,6.8,0.5762388818297332
270090,Belo Monte,0,5936,15.161725067385445,0,0,0.7295,0.9832659478885895,1.8144,33934.13,6.2,0.7749326145552561
270100,Boca da Mata,0,21187,12.271676027752868,0.038461538461538464,1,0.7707999999999999,0.7391324869023458,1.8171,26690.46,7.3,0.5600132156511068
270110,Branquinha,0,9603,12.496094970321774,0,0,0.6709999999999999,0.8475563192058038,1.8223,88437.7,6,0.6119962511715089
270120,Cacimbinhas,0,10482,14.310246136233543,0,0,0.7003,0.6920037524645424,1.6703,18620.1,6.5,0.5285250906315588
270130,Cajueiro,1,16024,8.73689465801298,0.07142857142857142,1,0.7256,0.8464438758528873,1.9255,13677.34,6.7,0.6497753369945083
270135,Campestre,0,6665,7.501875468867217,0,0,0.7670999999999999,0.7597024256064017,1.5753,16474.94,7.4,0.6021005251312829
270140,Campo Alegre,5,32106,9.032579580140784,0.034482758620689655,1,0.7844,0.6860399925247618,1.1991,27555.12,7.4,0.4509748956581324
270150,Campo Grande,1,8143,11.05243767653199,0.1111111111111111,1,0.6742,1.0337918048221375,2.149,13934.63,6,0.9074051332432764
270160,Canapi,0,15559,8.998007584034964,0.07142857142857142,1,0.701,0.9112517942455599,1.5933,15292.73,6.4,0.765473359470403
270170,Capela,0,15032,10.6439595529537,0.0625,1,0.762,0.6433275678552421,1.8897,16916.55,7.4,0.46427621075039915
270180,Carneiros,0,8999,10.00111123458162,0,0,0.7773,0.8518631699818499,1.8474,10845.71,7.3,0.6989665518390933
270190,Chã Preta,0,5910,13.536379018612521,0,0,0.7293999999999999,0.9867174280879865,2.3688,49017.45,6.4,0.827072758037225
270200,Coité do Nóia,0,10810,15.72617946345976,0,0,0.7166,0.8061285846438483,1.6188,21682.27,6.6,0.5654024051803885
270210,Colônia Leopoldina,2,15816,12.645422357106728,0.05,1,0.7412000000000001,0.877471126285618,1.7815,23357.45,6.6,0.7218639352554376
270220,Coqueiro Seco,2,5581,10.750761512273787,0.16666666666666666,1,0.8146,0.76391626351311,1.8813,20724.15,7.6,0.5076151227378606
270230,Coruripe,0,50414,10.314595152140278,0.019230769230769232,1,0.8177,0.5997044471773714,1.3885,47622.08,8,0.42313643035664694
270235,Craíbas,1,25397,7.874945859747214,0.05,1,0.7109000000000001,0.807664291057999,1.5595,18236.52,6.6,0.6041264716305076
270240,Delmiro Gouveia,5,51318,11.886667446120269,0.01639344262295082,1,0.8251999999999999,0.6626898294295698,1.4322,17755.78,8,0.4683541837172142
270250,Dois Riachos,0,9805,10.198878123406425,0,0,0.7273000000000001,0.8523797382287949,1.8002,14404.64,6.6,0.604793472718001
270255,Estrela de Alagoas,0,15429,10.370082312528355,0.0625,1,0.6579999999999999,0.8895532222870352,1.5879,11475.99,5.7,0.5907058137273965
270260,Feira Grande,0,22712,8.36562169778091,0.05263157894736842,1,0.6956,0.7907603909827404,1.2328,22031.76,6.7,0.621961958436069
270270,Feliz Deserto,0,3963,7.57002271006813,0,0,0.7563,0.7176591807553201,1.7663,55250.62,7.1,0.5240979056270502
270280,Flexeiras,2,9618,10.39717196922437,0.1,1,0.7476999999999999,0.9716417134539406,1.8195,26157.17,6.6,0.6738407153254314
270290,Girau do Ponciano,0,36102,8.586781895739849,0.03225806451612903,1,0.6976,0.7484834635200266,1.4729,16634.8,6.8,0.6135394160988311
270300,Ibateguara,1,13731,8.01106984196344,0,0,0.7021999999999999,0.7722064428422304,1.5293,16304.91,6.2,0.5947855218119583
270310,Igaci,1,23995,8.751823296520108,0,0,0.7101000000000001,0.8122733902896436,1.7077,13364.86,6.3,0.6101687851635758
270320,Igreja Nova,1,21372,10.293842410630733,0.045454545454545456,1,0.7201000000000001,0.8197602782456798,1.6113,32115.08,6.3,0.542204753883586
270330,Inhapi,1,15167,10.549218698490144,0,0,0.7131000000000001,0.9685116810619546,2.0768,13848.39,5.9,0.7598074767587526
270340,Jacaré dos Homens,0,5083,21.640763328742867,0,0,0.7623000000000001,0.9092727391960128,2.0657,15426.4,7.5,0.6793232343104466
270350,Jacuípe,0,5352,7.473841554559043,0,0,0.7587999999999999,0.8223872695565522,1.9618,27046.61,7.2,0.5635276532137519
270360,Japaratinga,0,9219,7.593014426727411,0.14285714285714285,1,0.8006,0.8594298007737643,1.5186,35718.97,7.6,0.6830458835014643
270370,Jaramataia,0,4985,14.042126379137413,0,0,0.6876000000000001,0.8971748579070545,2.1063,16364.41,6.7,0.691073219658977
270375,Jequiá da Praia,1,9470,12.671594508975712,0,0,0.7926000000000001,0.8635779655051038,2.2175,48217.65,7.4,0.7055966209081309
270380,Joaquim Gomes,0,17150,9.912536443148689,0.058823529411764705,1,0.6939,0.8971525753158406,1.6326,31585.83,6.3,0.6815160349854228
270390,Jundiá,0,4092,12.218963831867057,0.2,1,0.723,0.8166748126425546,1.7106,22660.92,7.5,0.6050830889540567
270400,Junqueiro,0,23907,14.221776048855984,0.029411764705882353,1,0.7490000000000001,0.7444158614631697,1.7568,29509.42,6.9,0.5217300372275903
270410,Lagoa da Canoa,0,18457,14.086796337432952,0.038461538461538464,1,0.7243999999999999,0.8408237163858338,1.7066,18084.18,6.6,0.6575283090426397
270420,Limoeiro de Anadia,0,24740,12.126111560226354,0,0,0.7379000000000001,0.7842764753435731,1.9805,32578.94,6.4,0.6275262732417138
270430,Maceió,154,957916,20.147904409154872,5.181347150259067e-4,1,0.9158,0.46834108279501196,0.4292,35232.29,9.9,0.27750867508215754
270440,Major Isidoro,0,17700,7.344632768361582,0.07692307692307693,1,0.7245,0.7424905838041431,1.3997,16936.11,6.9,0.5836158192090396
270450,Maragogi,2,32174,7.459439298812706,0.041666666666666664,1,0.8112,0.707742794388844,1.5229,37916.52,7.5,0.5350282837073413
270460,Maravilha,0,9534,12.586532410320956,0,0,0.7212999999999999,0.948237885462555,1.4684,14057.45,7.1,0.6857562408223201
270470,Marechal Deodoro,5,60370,7.785323836342554,0.02127659574468085,1,0.8653,0.5825630832090994,1.2464,52769.31,8.7,0.433841311909889
270480,Maribondo,0,13679,12.427809050369179,0.058823529411764705,1,0.774,0.5990813168603943,1.2793,16248.53,7.4,0.4416989546019446
270490,Mar Vermelho,0,3155,15.847860538827259,0,0,0.7924,0.8299524564183836,2.2187,16357.22,7.5,0.6196513470681458
270500,Mata Grande,0,21844,6.409082585607032,0.07142857142857142,1,0.6892,0.6920741012024659,1.601,18341.97,6,0.5537905145577733
270510,Matriz de Camaragibe,1,23857,8.802447918849813,0.047619047619047616,1,0.7666,0.6901014377331601,1.6137,21586.58,7.1,0.5017814477931005
270520,Messias,1,15405,7.789678675754625,0.08333333333333333,1,0.79,0.767499729525046,1.3631,22801.26,7.4,0.45296981499513145
270530,Minador do Negrão,0,4845,12.38390092879257,0,0,0.6748000000000001,0.8879084967320262,2.1671,18601.58,6.7,0.5923632610939112
270540,Monteirópolis,0,7184,15.311804008908686,0.09090909090909091,1,0.7354,0.885845861172977,1.9487,15201.51,6.6,0.686804008908686
270550,Murici,3,25187,7.146543851987136,0.05555555555555555,1,0.7635,0.7054465928190469,1.5285,42894.7,7.2,0.5031960932226942
270560,Novo Lino,0,10020,12.974051896207586,0.07692307692307693,1,0.7333,0.8056304058549568,1.7294,23777.38,6.8,0.5903193612774451
270570,Olho d'Água das Flores,2,20695,9.180961584923894,0.05263157894736842,1,0.7995,0.6843561246677942,1.3516,16563.39,7.3,0.508287025851655
270580,Olho d'Água do Casado,1,8349,7.186489399928135,0,0,0.7524,0.8516189563620394,1.6768,12048.38,6.4,0.6780452748832195
270590,Olho d'Água Grande,0,4330,18.475750577367204,0,0,0.6788,1.0116050808314088,2.4384,16896.84,5.9,0.8981524249422633
270600,Olivença,0,10812,10.17388087310396,0,0,0.7268000000000001,0.8243464052287582,1.6167,12484.65,6.3,0.6775804661487237
270610,Ouro Branco,1,11446,9.610344225056789,0.09090909090909091,1,0.7655,0.8753785893179569,1.5289,13148.26,7.2,0.689149047702254
270620,Palestina,0,4325,13.872832369942197,0,0,0.7807999999999999,0.9216570327552986,2.4277,11288.34,7.8,0.705664739884393
270630,Palmeira dos Índios,7,71574,14.111269455388829,0.009900990099009901,1,0.8117,0.6569250006985777,1.1736,19102.64,8,0.47961550283622545
270640,Pão de Açúcar,0,23823,10.494060361835201,0.04,1,0.7587999999999999,0.7129909471239279,1.4691,11847.25,7.4,0.5218066574318936
270642,Pariconha,0,10573,16.07869100539109,0,0,0.7776000000000001,0.8379126075853589,1.6551,11303.35,7.1,0.6204483117374444
270644,Paripueira,3,13835,11.564871702204554,0.0625,1,0.8448,0.7480183110468619,1.2649,21869.09,8.5,0.5345861944344055
270650,Passo de Camaragibe,0,13804,7.968704723268618,0.09090909090909091,1,0.7625,0.736670530281078,1.5212,27411.69,7.4,0.5807736887858592
270660,Paulo Jacinto,0,6576,10.644768856447689,0,0,0.7489,0.769743511759935,2.1289,16451.76,7,0.5722323600973236
270670,Penedo,5,58650,17.22080136402387,0.009900990099009901,1,0.8205,0.758901676612674,1.1946,19785.24,8.3,0.5261722080136403
270680,Piaçabuçu,0,15908,7.543374402816193,0.08333333333333333,1,0.7717,0.8471628530718297,1.32,30203.92,7.3,0.6917902941916018
270690,Pilar,7,35370,6.785411365564038,0.041666666666666664,1,0.8251000000000001,0.7669211195928753,1.2864,27073.92,7.8,0.5438224484026011
270700,Pindoba,0,2731,18.30831197363603,0,0,0.7664,0.6654155986818016,1.2815,19702.57,6.8,0.46466495789088247
270710,Piranhas,2,22609,15.038259100358264,0.029411764705882353,1,0.7924,0.8272627419759092,1.0836,15845.06,7.6,0.6182051395461984
270720,Poço das Trincheiras,0,12518,12.781594503914363,0.0625,1,0.7326999999999999,0.8777693454758481,1.6499,11533.72,6.5,0.6842147307876658
270730,Porto Calvo,3,24071,10.385941589464501,0.04,1,0.7887000000000001,0.7218229404677828,1.5994,22621.41,7.7,0.5860994557766607
270740,Porto de Pedras,0,9295,13.986013986013987,0.07692307692307693,1,0.7792,0.7152322036937421,1.5061,48585,7.3,0.5449166218396988
270750,Porto Real do Colégio,0,20082,12.448959267005279,0.04,1,0.7269,0.7611335192377917,1.7635,14831.74,6.6,0.6027288118713275
270760,Quebrangulo,0,11080,13.537906137184116,0.06666666666666667,1,0.7489,0.8592885078219012,1.5794,17600.88,6.6,0.6431407942238268
270770,Rio Largo,9,93927,5.5362142940794445,0.019230769230769232,1,0.8686,0.6753587005511372,1.3601,21641.92,8.5,0.4315053179596921
270780,Roteiro,0,6474,9.267840593141798,0,0,0.7497,0.7975620430439708,1.6218,38164.31,5.8,0.6779425393883225
270790,Santa Luzia do Norte,1,6919,11.562364503540975,0.125,1,0.853,0.7076287517463987,2.0234,28898.36,8.2,0.5048417401358578
270800,Santana do Ipanema,1,46220,14.928602336650801,0.014492753623188406,1,0.7903,0.6843339824030001,1.3669,18731.24,7.6,0.5249891821722198
270810,Santana do Mundaú,3,11323,9.714739909917867,0.09090909090909091,1,0.7217,0.8580838411492833,1.5455,99563.83,6.9,0.5887132385410226
270820,São Brás,0,6555,16.781083142639208,0,0,0.7465999999999999,0.7924993643529112,1.6342,19289.41,6.8,0.5778794813119756
270830,São José da Laje,3,20813,9.609378753663576,0.05,1,0.7458,0.625594580310383,1.8077,39253.97,7,0.44217556334982944
270840,São José da Tapera,2,30604,9.149130832570906,0.03571428571428571,1,0.7301000000000001,0.8641354071363221,1.601,13760.54,6.8,0.6731473010064044
270850,São Luís do Quitunde,2,30873,8.42159816020471,0.038461538461538464,1,0.7528,0.6648014986125957,1.3604,34104.33,7.1,0.5305930748550514
270860,São Miguel dos Campos,4,51990,11.155991536834007,0.017241379310344827,1,0.8412000000000001,0.6753718663845611,1.3464,30663.71,8.4,0.4661473360261589
270870,São Miguel dos Milagres,1,8482,8.252770572978072,0,0,0.8199,0.8750884225418534,1.6505,36372.27,8.2,0.547983966045744
270880,São Sebastião,1,31786,13.842572201598188,0.022727272727272728,1,0.7197,0.8071110971287149,1.9855,23224.33,6.8,0.6068709494746115
270890,Satuba,5,24278,7.002224235933768,0.058823529411764705,1,0.9042,0.43034846362962353,1.0091,15206.52,9.2,0.26196556553258094
270895,Senador Rui Palmeira,0,12303,8.128098837681867,0,0,0.7442,0.889600097537186,1.4224,11162.48,6.8,0.7118588962041779
270900,Tanque d'Arca,0,5796,10.351966873706004,0.16666666666666666,1,0.7026,0.739633655394525,1.8115,16023,6.6,0.5186335403726708
270910,Taquarana,1,19032,13.66120218579235,0.038461538461538464,1,0.741,0.7371707299985989,1.839,34928.48,6.7,0.5417192097519966
270915,Teotônio Vilela,0,38053,10.511654797256458,0.025,1,0.7841,0.7450792315980344,1.7475,24751.17,7.4,0.4724988831366778
270920,Traipu,1,23565,7.214088690855082,0,0,0.6731,0.7959615248603154,1.4771,15096.66,6.4,0.6062380649267982
270930,União dos Palmares,4,59280,9.27800269905533,0.01818181818181818,1,0.7676999999999999,0.7194711538461539,1.0775,28576.21,7.4,0.4930330634278003
270940,Viçosa,3,24092,13.697492943715757,0.030303030303030304,1,0.7514,0.7014327024185069,1.606,24896.3,7.4,0.5189689523493276
280010,Amparo de São Francisco,0,2170,23.04147465437788,0,0,0.8127,0.8097158218125959,1.6129,22770.32,8.2,0.44746543778801845
280020,Aquidabã,0,20131,10.431672544831354,0.047619047619047616,1,0.7768999999999999,0.6626181842266488,1.7386,17997.09,7.4,0.4510953256172073
280030,Aracaju,70,602757,50.30219474846414,3.2981530343007914e-4,1,0.9478,0.4003873036729561,0.8842,36983.19,10.9,0.23974503821606385
280040,Arauá,2,10318,12.599340957549913,0.07692307692307693,1,0.7598999999999999,0.8265248433158882,1.696,19750.61,7.3,0.589649156813336
280050,Areia Branca,2,18081,12.720535368618993,0.043478260869565216,1,0.812,0.7189406928082885,1.355,19569.36,7.4,0.4422874840993308
280060,Barra dos Coqueiros,2,41511,7.708800077088001,0.03125,1,0.9394,0.5148193651481937,0.9274,59718.67,10.3,0.3150490231504902
280067,Boquim,4,24636,12.989121610651079,0.03125,1,0.8047,0.7203888618282188,1.5627,17723.51,7.6,0.4833576879363533
280070,Brejo Grande,1,7841,6.376737661012626,0,0,0.7575,0.7598626875823662,1.7854,15677.29,7,0.5801555923989287
280100,Campo do Brito,1,18149,13.223869083696071,0.041666666666666664,1,0.7948000000000001,0.6559130897937443,1.3499,19526.5,7.3,0.42167612540635846
280110,Canhoba,1,3791,23.74043787918755,0,0,0.7603,1.104304053459949,1.8464,25094.9,7.1,0.8290688472698496
280120,Canindé de São Francisco,6,26834,9.316538719534918,0.04,1,0.7763,0.8648263397182678,1.5651,110604.33,6.7,0.6298352835954386
280130,Capela,4,31645,10.112182019276347,0.03125,1,0.7976000000000001,0.6638094485700743,1.576,18804.26,7.4,0.4698372570706273
280140,Carira,2,19939,9.529063644114549,0.05263157894736842,1,0.7483,0.7104042329103767,1.7553,36299.15,6.7,0.5224434525302172
280150,Carmópolis,0,13853,11.549844798960514,0.0625,1,0.8798999999999999,0.7580608291826079,1.5159,33524.63,8.7,0.5009023316249188
280160,Cedro de São João,0,5391,18.54943424225561,0.1,1,0.8434999999999999,0.7078618685463427,1.9476,15757.49,7.9,0.47152661843813765
280170,Cristinápolis,3,17100,11.695906432748538,0.05,1,0.7753,0.8240058479532164,1.7909,34497.92,7.1,0.6017543859649123
280190,Cumbe,0,3824,15.690376569037657,0,0,0.7809,0.8045240585774058,1.8305,21618.98,7.5,0.6022489539748954
280200,Divina Pastora,0,4340,16.129032258064516,0,0,0.8265,0.787173579109063,2.4193,55483.17,8.4,0.5352534562211981
280210,Estância,5,65078,10.6026614216786,0.014492753623188406,1,0.8608,0.7043304444922502,1.0487,22637.83,8.6,0.45122775746027843
280220,Feira Nova,0,5975,11.715481171548117,0,0,0.7670999999999999,0.7506694560669456,1.745,28146.45,7.2,0.55163179916318
280230,Frei Paulo,0,14530,9.635237439779766,0.07142857142857142,1,0.7968999999999999,0.7873996329433356,1.6861,37922.83,7,0.4847900894700619
280240,Gararu,0,11096,7.209805335255948,0,0,0.7232999999999999,0.8241858928142273,1.5772,19609.39,6.8,0.6303172314347513
280250,General Maynard,0,3037,16.463615409944023,0,0,0.8564,0.823455164087367,2.8811,16594.34,8.6,0.48864010536713864
280260,Gracho Cardoso,0,5834,15.426808364758314,0,0,0.7686,0.9967717975088561,1.7985,23946.43,6.8,0.7728830990743915
280270,Ilha das Flores,0,8321,6.008893161879582,0,0,0.8062999999999999,0.8530425029042984,1.6824,14228.12,7.5,0.6764811921644033
280280,Indiaroba,0,16549,12.689588494773098,0.047619047619047616,1,0.7956,0.7231856909783069,1.2689,19511.04,7.2,0.5469212641247205
280290,Itabaiana,5,103440,16.91802010827533,0.005714285714285714,1,0.84,0.5558794147976283,0.9981,28448.24,7.9,0.34653905645784994
280300,Itabaianinha,2,40678,7.129160725699395,0.034482758620689655,1,0.7816,0.7608043659963617,1.1185,21283.54,6.6,0.5927036727469394
280310,Itabi,0,4745,16.859852476290833,0.125,1,0.7471,0.775131717597471,1.4752,21314.66,6.8,0.5173867228661749
280320,Itaporanga d'Ajuda,2,34411,12.496004184708378,0.023255813953488372,1,0.8222,0.7329826702701656,1.6273,16342.61,7.8,0.5089651564906571
280330,Japaratuba,1,16209,16.040471343081006,0.038461538461538464,1,0.8472,0.7279083636662759,2.1592,33874.39,8.4,0.4767721636128077
280340,Japoatã,3,13407,9.696427239501753,0,0,0.7694,0.8307414037443127,1.5663,22273.43,7,0.6260908480644439
280350,Lagarto,6,101579,11.321237657389815,0.008695652173913044,1,0.8156,0.7015557677603966,1.0336,21439.72,7.9,0.4937831638429203
280360,Laranjeiras,0,23975,9.176225234619395,0.045454545454545456,1,0.8709,0.7186270420576989,1.7518,26612.42,8.6,0.4605213764337852
280370,Macambira,0,6838,17.54899093302135,0.08333333333333333,1,0.805,0.8748537584088915,1.5355,19935.37,6.9,0.5723895875987131
280380,Malhada dos Bois,0,3579,22.352612461581447,0.125,1,0.8281000000000001,0.8139145012573344,1.9558,18788.46,8.1,0.5549036043587594
280390,Malhador,0,11533,9.537847914679615,0,0,0.7931,0.82972773779589,1.8208,19463.05,7.2,0.5511141940518512
280400,Maruim,0,15719,9.542591767924169,0.06666666666666667,1,0.8728,0.6438227622622305,1.5586,20418.77,8.2,0.4484381958139831
280410,Moita Bonita,0,11050,10.85972850678733,0.08333333333333333,1,0.8079000000000001,0.7479638009049774,1.9004,25352.01,6.9,0.46135746606334843
280420,Monte Alegre de Sergipe,1,14336,7.672991071428571,0.09090909090909091,1,0.7454000000000001,0.8666585286458333,1.4628,23488.52,6.8,0.7009626116071429
280430,Muribeca,0,7822,11.506008693428791,0,0,0.799,0.72513423676809,1.7898,14388.1,7.8,0.5501150600869343
280440,Neópolis,1,16426,17.046146353342262,0.03571428571428571,1,0.8061,0.7247199561670522,1.7046,23298.73,7.8,0.5281261414830147
280445,Nossa Senhora Aparecida,0,9232,8.665511265164644,0.125,1,0.7451000000000001,0.6784373194685153,1.5164,22704.13,6.7,0.5124566724436742
280450,Nossa Senhora da Glória,4,41212,10.919149762205183,0.022222222222222223,1,0.8075,0.6390776149341616,1.1057,25477.43,7.7,0.43732408036494225
280460,Nossa Senhora das Dores,0,24996,9.601536245799329,0.041666666666666664,1,0.7911,0.6920974022510269,1.4002,21627.85,7.4,0.5247239558329333
280470,Nossa Senhora de Lourdes,1,6268,9.572431397574984,0,0,0.7722,0.8019304403318442,1.6751,18492.32,7.3,0.5250478621569878
280480,Nossa Senhora do Socorro,11,192330,4.835439089065669,0.010752688172043012,1,0.9183,0.6613975112220315,1.2556,14829.08,9.1,0.4289918369469142
280490,Pacatuba,0,12502,9.598464245720685,0.08333333333333333,1,0.7552,0.8433517303898044,1.6797,17551.73,6.6,0.5714285714285714
280500,Pedra Mole,0,2778,28.797696184305256,0.125,1,0.8206,0.9093472522198224,2.5197,26822.28,6.4,0.6418286537077034
280510,Pedrinhas,0,7396,8.112493239588966,0,0,0.7675,1.0242135388498288,1.8929,17383.79,7,0.7752839372633856
280520,Pinhão,0,5677,10.568962480183195,0.16666666666666666,1,0.7895,0.8084522341612354,1.8495,24910.53,6.6,0.5923903470142681
280530,Pirambu,1,7913,16.428661695943383,0,0,0.8663,0.7886916045326257,1.7692,19630.54,7.8,0.5537722734740301
280540,Poço Redondo,3,33439,4.784832082299112,0,0,0.7339,0.7371781452794641,1.3606,22833.78,6.5,0.5856634468734113
280550,Poço Verde,1,21794,7.341470129393411,0.0625,1,0.7807,0.7506309075892448,1.2847,17840.84,7,0.528677617692943
280560,Porto da Folha,1,26576,7.149307645996387,0.05263157894736842,1,0.7766,0.8193702337949026,1.4486,23999.38,6.2,0.6464479229379891
280570,Propriá,0,26618,17.657224434593132,0.02127659574468085,1,0.8534,0.6405627770681493,1.3806,23100.16,8.6,0.4484559320760388
280580,Riachão do Dantas,3,18313,8.736962813302027,0.0625,1,0.7391,0.8380021478366917,1.1467,22898.41,6.4,0.6282968383115819
280590,Riachuelo,1,8748,10.2880658436214,0,0,0.8722,0.760507163542143,2.0004,27499.2,8.1,0.507201646090535
280600,Ribeirópolis,2,17033,14.677390946985264,0.04,1,0.7911,0.6455410086303058,1.4383,21844.12,7.3,0.4534726706980567
280610,Rosário do Catete,1,9295,11.834319526627219,0.09090909090909091,1,0.8697,0.7289492558723327,1.5061,42160.14,8.6,0.5200645508337816
280620,Salgado,0,20279,8.383056363726022,0,0,0.8043,0.7583255255847593,1.3375,15826.39,7.4,0.5384880911287538
280630,Santa Luzia do Itanhy,0,13616,9.547591069330199,0,0,0.7559,0.822751419898159,1.7993,17499.87,6.9,0.61831668625146885
280640,Santana do São Francisco,0,7346,8.167710318540703,0,0,0.8273,0.8905526817315546,1.9057,21864.22,7.8,0.7014701878573373
280650,Santa Rosa de Lima,0,3937,15.24003048006096,0,0,0.7868999999999999,0.8013292693252053,1.778,15033.2,7.8,0.509271018542037
280660,Santo Amaro das Brotas,0,11092,5.409304002884962,0,0,0.8386,0.7376036783267219,2.051,20550.09,8,0.5451676884240895
280670,São Cristóvão,6,95612,5.229469104296532,0.02,1,0.9109,0.5377898869040149,1.034,14568.65,9.5,0.34719491277245534
280680,São Domingos,0,10327,11.620025176721215,0.08333333333333333,1,0.7967,0.7059972241050967,1.864,15623.56,6.9,0.4640263387237339
280690,São Francisco,0,3243,15.417823003391922,0,0,0.7898000000000001,0.7872083461815191,2.1584,18967.42,7.8,0.5510329941412273
280700,São Miguel do Aleixo,0,3434,23.296447291788002,0,0,0.7397,0.865293146961755,2.0384,23041.1,6.4,0.6217239370995923
280710,Simão Dias,0,42578,10.80370144205928,0.021739130434782608,1,0.8065000000000001,0.786178699484867,1.0686,21733.91,7.5,0.5884024613650242
280720,Siriri,1,7834,15.317845289762573,0.08333333333333333,1,0.8220999999999999,0.7543932431282444,1.787,25782.65,8.1,0.5162113862649987
280730,Telha,0,3274,21.380574221136225,0,0,0.7859,0.8622734677255142,1.069,16330.65,7.6,0.5901038485033598
280740,Tobias Barreto,1,50905,8.839996071112857,0.022222222222222223,1,0.7992,0.7541760796254462,1.1765,22591.3,7,0.5382771829879187
280750,Tomar do Geru,0,12012,7.492507492507492,0,0,0.7403,0.8556374181374181,1.4568,17385.39,6.2,0.5913253413253413
280760,Umbaúba,1,23917,8.362252790901868,0.05,1,0.8187000000000001,0.7957345542222407,1.317,30182.39,7.6,0.5525776644227955
290010,Abaíra,0,7301,17.80578003013286,0,0,0.8116,0.8887367027347852,2.3969,11622.24,6.7,0.535543076290919
290020,Abaré,0,17639,11.338511253472419,0,0,0.8006,0.7862218190751554,1.3889,12712.66,7.1,0.6347865525256534
290030,Acajutiba,0,13795,8.698803914461761,0.08333333333333333,1,0.8161,0.7769844146429866,1.776,13515.49,7.6,0.585357013410656
290035,Adustina,0,14201,9.858460671783677,0,0,0.7208,0.7891110954627608,1.4787,19399.61,6,0.579184564467291
290040,Água Fria,2,14497,11.036766227495344,0.0625,1,0.7998000000000001,0.8218711917408199,2.2935,12057.56,6.4,0.6281989377112506
290050,Érico Cardoso,0,10604,19.80384760467748,0.047619047619047616,1,0.7583,0.6502106123475417,1.6503,9707.09,6.5,0.43794794417201055
290060,Aiquara,1,4447,15.740948954351248,0,0,0.7956,0.7831309497039203,1.574,16959.31,7.3,0.4938160557679334
290070,Alagoinhas,10,151055,21.250537883552347,0.003115264797507788,1,0.9247,0.6243790892941864,0.8804,37769.21,9.4,0.4144649299923869
290080,Alcobaça,1,24530,9.783938035059112,0.041666666666666664,1,0.8337,0.8042906644924582,1.5695,17899.78,6.2,0.5535670607419486
290090,Almadina,0,5218,13.415101571483326,0.14285714285714285,1,0.7695000000000001,0.7964098632937269,2.0122,15276.08,7.2,0.5410118819471061
290100,Amargosa,1,36521,15.881273787683797,0.017241379310344827,1,0.8476,0.7215323603771345,1.15,16668.91,8.2,0.42309903890912076
290110,Amélia Rodrigues,1,24138,8.699975142928164,0.047619047619047616,1,0.9026000000000001,0.6316112906344077,1.3049,21598.68,8.8,0.38636175325213357
290115,América Dourada,2,15137,11.891391953491445,0.05555555555555555,1,0.8251000000000001,0.8458523265288146,1.8497,13121.23,7.2,0.637841051727555
290120,Anagé,0,25438,7.076027989621825,0,0,0.7418,0.6766124171187463,1.5134,11789.24,5.8,0.48278166522525356
290130,Andaraí,0,13080,11.46788990825688,0.06666666666666667,1,0.8109000000000001,0.8136659021406728,1.3379,13639.79,7.2,0.5438073394495413
290135,Andorinha,0,15012,16.653343991473488,0.04,1,0.8078,0.7579714006572519,1.632,16800.28,6.5,0.4603650413002931
290140,Angical,0,13732,11.651616661811826,0,0,0.8115000000000001,0.8507743470239829,1.8478,16698.09,7.4,0.6115642295368482
290150,Anguera,2,11031,14.504578007433595,0.0625,1,0.8522,0.6600565074184873,1.9037,10747.16,7.2,0.4661408757138972
290160,Antas,0,14206,14.078558355624384,0.05,1,0.8169,0.584031395185133,1.4235,13413.07,7.4,0.448613262001971
290170,Antônio Cardoso,0,11146,6.280279921047909,0,0,0.794,0.7889377355104971,1.57,12452.24,6.7,0.6233626413062983
290180,Antônio Gonçalves,0,10862,10.12704842570429,0,0,0.8368000000000001,0.7615847296384951,1.6111,9988.93,7.7,0.5644448536181182
290190,Aporá,0,15922,9.420927019218691,0,0,0.7847,0.7694175773562785,1.5387,12043.58,6.6,0.6187664866222836
290195,Apuarema,0,6913,14.465499783017503,0,0,0.7612000000000001,0.9233449057331597,1.5188,13124.33,7,0.6830608997540865
290200,Aracatu,0,13936,18.65671641791045,0.038461538461538464,1,0.7746999999999999,0.879735935706085,1.5068,12485.96,6.2,0.5416905855338691
290205,Araças,0,11557,12.113870381586917,0.07142857142857142,1,0.8303,0.8445747166219607,1.2113,28175.28,7.9,0.5960024227740763
290210,Araci,0,48294,10.76738311177372,0.019230769230769232,1,0.7315999999999999,0.789746138236634,1.2682,13310.39,6.3,0.5987700335445397
290220,Aramari,0,9833,12.203803518763348,0.08333333333333333,1,0.8353,0.7569578629784061,1.4237,14110.56,7.9,0.5763246211735991
290225,Arataca,2,10191,11.77509567265234,0.08333333333333333,1,0.7554000000000001,0.6042668367513819,1.7172,13254.15,6.2,0.417917770581886
290230,Aratuípe,0,8677,12.677192578079982,0.09090909090909091,1,0.8158,0.8280415658253621,1.6134,12374.13,7,0.6660135991702201
290240,Aurelino Leal,0,11179,12.523481527864746,0.07142857142857142,1,0.7936,0.8574112174613114,1.8785,16103.52,6.8,0.654709723588872
290250,Baianópolis,0,13614,10.28353165858675,0,0,0.7744,0.8598379119533813,1.5425,26640.67,6.9,0.6361833406787131
290260,Baixa Grande,0,18220,12.623490669593853,0,0,0.8072,0.7353640687888767,1.3446,12442.58,6.7,0.5460482985729967
290265,Banzaê,0,11958,11.707643418631879,0,0,0.7917000000000001,0.8437796175503149,1.7561,12717.9,7,0.5435691587221944
290270,Barra,0,51092,7.046112894386597,0.027777777777777776,1,0.7988,0.7593409927190167,1.096,10931.12,7.1,0.5962381586158303
290280,Barra da Estiva,3,26026,12.679628064243449,0.030303030303030304,1,0.8626999999999999,0.7591447014523938,1.2103,22648.06,7.3,0.4925843387381849
290290,Barra do Choça,1,36539,10.126166561755932,0.02702702702702703,1,0.7770999999999999,0.8457105193537499,1.1494,14799.25,6.6,0.5150113577273598
290300,Barra do Mendes,0,13836,17.346053772766695,0.041666666666666664,1,0.8881999999999999,0.8518116989496001,1.7707,10361.08,8,0.529705117085863
290310,Barra do Rocha,0,5775,20.77922077922078,0.08333333333333333,1,0.7378,0.8901875901875901,1.8181,18688.59,7.1,0.6408658008658009
290320,Barreiras,16,159734,18.96903602238722,0.0033003300330033004,1,0.92489999999999994,0.5217596128563737,1.1339,59470.74,9.6,0.316382235466463
290323,Barro Alto,0,13453,12.636586634951312,0.058823529411764705,1,0.885,0.8295857181793403,1.5609,10223.6,7.3,0.5718427116628262
290327,Barrocas,0,15203,22.36400710386108,0.029411764705882353,1,0.8342,0.8389955929750708,1.8417,19053.34,7.2,0.5321318160889298
290330,Barro Preto,0,5833,18.858220469741127,0.09090909090909091,1,0.8047,0.8405337447854162,1.8001,19350.14,7.5,0.6116920966912395
290340,Belmonte,5,20121,17.394761691764824,0.02857142857142857,1,0.8236,0.7621432003048225,1.6959,21488.37,6.7,0.5466925103126087
290350,Belo Campo,0,18412,11.40560504019118,0.047619047619047616,1,0.79989999999999994,0.7930787891954522,1.7108,11818.16,6.6,0.527047577666739
290360,Biritinga,0,15146,13.204806549584049,0,0,0.7807999999999999,0.8861635635371276,1.6175,15492.82,6.8,0.6675029710814736
290370,Boa Nova,0,13690,8.765522279035793,0,0,0.7287,0.8465607499391282,1.5339,10585.13,6.1,0.5330168005843682
290380,Boa Vista do Tupim,0,16873,15.40923368695549,0.038461538461538464,1,0.7598999999999999,0.8664384914755329,1.8668,11097.54,6.2,0.6454098263497896
290390,Bom Jesus da Lapa,4,65550,20.137299771167047,0.007575757575757576,1,0.863,0.6912878210017798,1.8554,23709.45,8.5,0.45943554538520215
290395,Bom Jesus da Serra,0,9730,10.277492291880781,0.1,1,0.7757,0.8974391915039398,1.4388,9492.91,6.5,0.5911613566289825
290400,Boninal,0,13622,13.213918660989576,0.05555555555555555,1,0.8533,0.7916666666666667,1.0277,10745.53,7.2,0.52253707238291
290405,Bonito,0,15844,13.254228730118657,0.047619047619047616,1,0.8602,0.8678416645628209,1.9881,16726.13,7.6,0.596314062105529
290410,Boquira,2,19322,20.701790704895974,0.025,1,0.7945,0.8013878825518407,1.4491,11441.42,7,0.5249974122761619
290420,Botuporã,0,11024,29.027576197387518,0.03125,1,0.7724,0.8041394533139816,1.5874,11994.26,7.3,0.5424528301886793
290430,Brejões,0,12943,10.81665765278529,0,0,0.792,0.7246709933297277,1.6224,13032.22,6.9,0.515181951634088
290440,Brejolândia,0,9108,9.881422924901186,0,0,0.7951999999999999,0.7987483530961792,1.9213,16129.04,6.4,0.4939613526570048
290450,Brotas de Macaúbas,0,11765,27.199320016999575,0.03125,1,0.8824,0.7916843745573027,1.4874,12006.21,6.3,0.5472163195920102
290460,Brumado,2,70510,22.549992908807262,0.006289308176100629,1,0.8806999999999999,0.5593083723348934,1.0424,27398.09,8.5,0.28432846404765283
290470,Buerarema,2,14804,12.834369089435288,0.05263157894736842,1,0.8262,0.7754097991533819,2.1278,16072.15,7.5,0.4682518238313969
290475,Buritirama,0,19589,8.167849303180356,0.0625,1,0.7807999999999999,0.9904665883914442,1.072,9792.24,6.9,0.731788248506815
290480,Caatiba,0,6205,12.892828364222401,0,0,0.7775,0.8156459844211656,1.6921,15718.31,6.7,0.500402900886382
290485,Cabaceiras do Paraguaçu,0,16559,11.474122833504438,0,0,0.795,0.8416017472874772,1.9022,11234.25,7.4,0.6552931940334561
290490,Cachoeira,3,29250,16.41025641025641,0.020833333333333332,1,0.8681,0.7672165242165242,1.5555,17826.19,8.7,0.5785299145299145
290500,Caculé,0,22462,19.58863858961802,0.022727272727272728,1,0.8595,0.6031631199358918,1.2465,19143.15,8.2,0.2937850592111121
290510,Caém,1,10384,10.59322033898305,0.09090909090909091,1,0.7975,0.8435333204930663,1.3482,12268.98,6.9,0.6463790446841294
290515,Caetanos,0,11266,9.76389135451802,0.09090909090909091,1,0.7591,0.8914210900053258,2.097,10128.94,6.1,0.692969998224747
290520,Caetité,1,52012,25.763285395677922,0.007462686567164179,1,0.8454999999999999,0.7059412571457868,1.1439,23393.51,7.8,0.404522033376913
290530,Cafarnaum,0,17466,12.595900606893393,0.045454545454545456,1,0.8358,0.8458385816252528,1.4027,15871.63,7.7,0.6306538417496851
290540,Cairu,0,17761,11.823658577782782,0.047619047619047616,1,0.8902,0.6551339076253214,1.7735,81207.4,7.6,0.5245763189009628
290550,Caldeirão Grande,1,13080,8.409785932721713,0,0,0.7889,0.8509747706422018,1.3379,10608.16,7.3,0.6827217125382263
290560,Camacan,4,22579,14.172461136454228,0.03125,1,0.8388,0.7419837016696931,1.7051,20849.45,7.6,0.46255370034102483
290570,Camaçari,23,300372,11.585633814070553,0.0028735632183908046,1,0.946,0.5383124925092885,0.8629,91283.07,9.8,0.3679470789554286
290580,Camamu,1,30469,9.846073057862089,0.03333333333333333,1,0.7989,0.8064262036824313,2.0676,18302.59,7,0.618464669007844
290590,Campo Alegre de Lourdes,0,30671,6.520817710540902,0,0,0.7936,0.7406344755632356,1.1411,12501.1,6.3,0.568680512536272
290600,Campo Formoso,2,71377,11.348193395631647,0.012345679012345678,1,0.8153,0.7978643914239414,1.3484,22665.37,7.3,0.574540818470936
290610,Canápolis,0,10225,12.71393643031785,0.07692307692307693,1,0.7764,0.7760228198859005,1.7114,10764.71,7.1,0.4935941320293398
290620,Canarana,1,24206,9.08865570519706,0.045454545454545456,1,0.8690000000000001,0.7588924233661076,1.5905,12627.27,7.2,0.5709741386433116
290630,Canavieiras,2,32683,12.238778569898724,0.025,1,0.8362999999999999,0.7281563299982662,1.0708,15634.4,7.4,0.5067160297402319
290640,Candeal,0,7772,12.866700977869275,0,0,0.8108,0.8575334534225425,1.8013,10931.71,7.6,0.5395007720020587
290650,Candeias,4,72382,12.986654140532176,0.010638297872340425,1,0.9281,0.6053104823482819,1.1725,79439.99,9.1,0.4509546572352242
290660,Candiba,0,13016,16.1339889366933,0.047619047619047616,1,0.81,0.7976144744929318,1.3444,13067.58,7.1,0.5085279655808236
290670,Cândido Sales,1,25247,11.882599912860934,0.03333333333333333,1,0.7996,0.8281710038156348,1.3863,11449.16,7.1,0.6023289895829207
290680,Cansanção,1,37439,12.5537541066802,0.02127659574468085,1,0.7981,0.8486026158106075,1.3087,13635.34,6.3,0.6252303747429151
290682,Canudos,0,16105,8.692952499223843,0,0,0.8183,0.7832660664389941,1.3039,12646.18,7,0.6047811238745732
290685,Capela do Alto Alegre,0,10744,13.961280714817573,0,0,0.7761,0.7923414619012161,1.9545,15296.2,6.6,0.4460163812360387
290687,Capim Grosso,1,33235,14.44260568677599,0.020833333333333332,1,0.8515,0.6326864249536132,1.1847,24101.57,7.5,0.4248232285241462
290689,Caraíbas,1,9940,11.066398390342052,0.09090909090909091,1,0.7291,0.8196093226022804,1.4084,12414.73,6.1,0.48883299798792756
290690,Caravelas,3,20580,12.147716229348882,0.04,1,0.8269,0.7568027210884354,1.7006,20083.55,7.4,0.48508260447035956
290700,Cardeal da Silva,1,8365,13.15002988643156,0.09090909090909091,1,0.8327,0.886252241482367,1.8828,16741.43,7.4,0.6969515839808726
290710,Carinhanha,4,28869,8.659808098652533,0.04,1,0.8137000000000001,0.8546797602965118,1.0911,13060.22,7.4,0.6647615088849631
290720,Casa Nova,4,72086,6.103820436700608,0.022727272727272728,1,0.8406999999999999,0.784217231270057,0.8618,15748.91,6.7,0.5631745415198512
290730,Castro Alves,1,24712,13.3538361929427,0.030303030303030304,1,0.8253,0.7221525304845149,1.4163,17478.88,7.4,0.5042489478795726
290740,Catolândia,0,3434,20.3843913803145,0,0,0.7947,0.8612405358182877,2.0384,27106.1,7.1,0.6193942923704135
290750,Catu,1,48148,19.107751100772617,0.010869565217391304,1,0.912,0.7003094624906538,1.0903,19287.22,9.1,0.4387721192988286
290755,Caturama,0,8841,14.704218979753422,0.07692307692307693,1,0.7589,0.6673924518342571,1.5835,11891.62,6.5,0.43151227236737927
290760,Central,0,16348,11.62221678492782,0.05263157894736842,1,0.8519,0.7185843324361797,1.2845,11053.43,7.7,0.46378761928064594
290770,Chorrochó,0,10579,15.124302864164855,0.0625,1,0.8201,0.8088823770362668,1.3233,13005.13,7.5,0.669817563096701
290780,Cícero Dantas,0,30907,11.647846766104767,0.027777777777777776,1,0.7598,0.6633799247203978,1.1382,16365.48,6.8,0.4544925097874268
290790,Cipó,0,17230,11.027278003482298,0.05263157894736842,1,0.8178,0.8425904430257304,1.4219,12455.93,7.7,0.6294834590829947
290800,Coaraci,2,17333,13.846420123463913,0.041666666666666664,1,0.8181999999999999,0.7945633569876344,1.6154,14806.6,7.4,0.5127790919056135
290810,Cocos,0,19151,8.876821053730875,0,0,0.7904000000000001,0.7454005883069639,1.6448,38286.07,6.3,0.5068142655735993
290820,Conceição da Feira,1,20800,10.576923076923077,0.045454545454545456,1,0.8861,0.6936258012820512,1.3461,20702.03,8.3,0.4748076923076923
290830,Conceição do Almeida,0,15794,21.527162213498798,0.029411764705882353,1,0.8513,0.7022497995019206,1.3296,14974.46,7.9,0.4706217550968722
290840,Conceição do Coité,3,67825,20.199041651308516,0.0072992700729927005,1,0.8583,0.7622017446860794,1.0836,16543.51,7.9,0.49714706966457795
290850,Conceição do Jacuípe,2,35308,15.010762433442846,0.018867924528301886,1,0.9109,0.5753181526377402,1.6851,74613.94,8.8,0.37963067859975075
290860,Conde,1,23654,8.877991037456667,0.047619047619047616,1,0.8398,0.788763704517911,1.1837,15442.7,7.8,0.6368901665680223
290870,Condeúba,0,17053,17.005805430129595,0.034482758620689655,1,0.8168000000000001,0.8132244570847749,1.6419,11922.27,6.4,0.4699466369553744
290880,Contendas do Sincorá,1,4333,18.462958689129934,0.125,1,0.8287,0.8214285714285714,1.6155,14684.34,7.4,0.5349642280175398
290890,Coração de Maria,0,26692,5.994305409860632,0.0625,1,0.843,0.7501311254308407,1.2784,12207.55,7.9,0.5419226734602128
290900,Cordeiros,0,7546,13.252054068380598,0.1,1,0.7601,0.8684071031009807,1.8552,10475.77,6.7,0.4843625761993109
290910,Coribe,0,13990,16.440314510364548,0.043478260869565216,1,0.7918000000000001,0.8879020729092209,1.7512,14852.47,6.7,0.6142959256611865
290920,Coronel João Sá,0,17056,10.553470919324578,0.05555555555555555,1,0.6829000000000001,0.7665972873671045,1.2312,15131.79,6,0.6393644465290806
290930,Correntina,0,32457,8.62679853344425,0.03571428571428571,1,0.812,0.6666743691653573,1.3748,117274.03,7.3,0.44924053362910926
290940,Cotegipe,0,13063,8.420730306973896,0,0,0.7668,0.7783880680803287,1.6075,16417.11,6.5,0.5719972441246268
290950,Cravolândia,0,4415,22.650056625141563,0,0,0.8084,0.833446583616459,2.3782,13069.7,7.2,0.5041902604756512
290960,Crisópolis,0,19729,8.616757058137766,0.058823529411764705,1,0.7716,0.7841882507983172,1.4192,13286.01,6.2,0.6137665365705307
290970,Cristópolis,0,13993,10.005002501250626,0,0,0.7779,0.7073298554038924,1.7508,15616.74,7.1,0.49446151647252196
290980,Cruz das Almas,2,60348,18.559024325578314,0.008928571428571428,1,0.9131,0.6132197145445306,1.2034,21196.64,9.7,0.3726884072380195
290990,Curaçá,1,34180,10.23990637799883,0.02857142857142857,1,0.8343,0.8066266822703335,1.4335,14626.44,6.9,0.6088940901111761
291000,Dário Meira,0,10820,11.090573012939002,0.08333333333333333,1,0.742,0.7898721503388786,1.6173,14351.85,6,0.5874306839186691
291005,Dias d'Ávila,2,71485,8.113590263691684,0.017241379310344827,1,0.9347,0.6281795714718705,0.9792,33263.18,9.4,0.4593271315660628
291010,Dom Basílio,0,11884,25.24402558061259,0.03333333333333333,1,0.8137000000000001,0.8539492875575003,1.4725,14914.39,7.1,0.47829013800067316
291020,Dom Macedo Costa,0,4407,11.345586566825505,0,0,0.8477,0.7572800847137131,1.5883,13805.38,7.5,0.44837758112094395
291030,Elísio Medrado,0,7808,19.21106557377049,0,0,0.8299,0.7593173668032787,1.793,13336.34,7.5,0.4249487704918033
291040,Encruzilhada,1,19107,9.420631182289213,0,0,0.7411,0.8110465623418991,1.4654,13336.88,6.2,0.5605798921861098
291050,Entre Rios,1,38098,10.499238805186623,0.025,1,0.8762000000000001,0.7319697446935097,1.4239,20756.63,8.1,0.5113391779096016
291060,Esplanada,5,32554,11.980094612029244,0.02564102564102564,1,0.847,0.7193099670291414,1.2901,24911.83,7.8,0.5274927812250415
291070,Euclides da Cunha,2,61456,10.576672741473574,0.015384615384615385,1,0.7836,0.7750707823483468,1.3668,15613.58,6.6,0.5623698255662588
291072,Eunápolis,17,113710,22.865183361181955,0.0038461538461538464,1,0.8955,0.6456079793627063,1.1092,37503.24,8.8,0.33916981795796325
291075,Fátima,0,17895,10.05867560771165,0,0,0.7506,0.7953664897084847,1.5645,16701.57,6.3,0.5872590108968986
291077,Feira da Mata,0,5631,15.982951518380395,0,0,0.7959,0.8364115314035399,1.8646,14764.76,7.3,0.4881903747114189
291080,Feira de Santana,66,616272,15.723576602539138,0.0010319917440660474,1,0.934,0.5681229229950412,0.8285,35449.37,9.6,0.31648525326479215
291085,Filadélfia,1,17897,17.321338771861207,0.03225806451612903,1,0.8231999999999999,0.8543796911959174,1.5645,11266.03,7.4,0.6039559702743477
291090,Firmino Alves,1,4873,14.364867638005336,0,0,0.8387,0.8380532184143923,2.1547,18180.21,7.1,0.5390929612148574
291100,Floresta Azul,0,11059,6.329686228411249,0.14285714285714285,1,0.7806000000000001,0.6388235826024052,1.5824,12123.94,7.1,0.4028393163938873
291110,Formosa do Rio Preto,1,25899,7.336190586509131,0.05263157894736842,1,0.8164,0.7400092667670567,1.4865,205989.92,7.8,0.5109849801150623
291120,Gandu,7,32178,30.455590776306792,0.01020408163265306,1,0.855,0.5917396979302629,1.3052,18604.11,7.5,0.42709304493753497
291125,Gavião,0,4360,9.174311926605505,0,0,0.8162,0.9459097859327218,1.6055,14758.87,7.1,0.6431192660550459
291130,Gentio do Ouro,0,10884,13.781697905181918,0.06666666666666667,1,0.8184999999999999,0.8560654783780473,1.5274,51772.06,7,0.5209481808158766
291140,Glória,0,15524,16.104096882246843,0.04,1,0.7822,0.8977872970883792,1.1272,19171.27,6.8,0.49046637464570986
291150,Gongogi,0,5555,19.801980198019802,0,0,0.8026000000000001,0.9817431743174317,3.1503,16483.25,6.9,0.7092709270927092
291160,Governador Mangabeira,1,20605,16.015530211113806,0.030303030303030304,1,0.8477,0.72096578500364,1.5287,13824.18,8.2,0.4441155059451589
291165,Guajeru,0,8050,31.055900621118013,0.04,1,0.7826000000000001,0.7627329192546584,2.1739,10718.79,6.2,0.3940372670807453
291170,Guanambi,3,87817,26.41857499117483,0.004310344827586207,1,0.8815999999999999,0.7021628310387891,1.1757,23093.63,8.7,0.41542070441941764
291180,Guaratinga,1,19049,12.074124625964618,0.043478260869565216,1,0.7241,0.819058743241115,1.4698,16737.72,5.9,0.5587169930180061
291185,Heliópolis,0,12309,12.186205215695832,0.06666666666666667,1,0.7372,0.7350109675846941,1.3793,13441.4,6.5,0.5454545454545454
291190,Iaçu,0,24607,10.972487503555898,0.037037037037037035,1,0.7807999999999999,0.7581514745126725,1.7068,12587.36,7.4,0.533547364571057
291200,Ibiassucê,0,10429,20.136158787995015,0.047619047619047616,1,0.8259000000000001,0.7667801323233292,1.678,11624.27,7.3,0.4084763639850417
291210,Ibicaraí,0,21665,12.924071082390952,0.03571428571428571,1,0.8281000000000001,0.7691937841372413,1.777,12260.87,7.8,0.5016847449803831
291220,Ibicoara,0,20785,14.914601876353139,0.03225806451612903,1,0.8723000000000001,0.6765375671558015,1.6839,24909.99,8,0.4667789271108973
291230,Ibicuí,0,13934,15.788718243146262,0.045454545454545456,1,0.8089,0.675936558059423,2.0094,16111.89,7.2,0.48478541696569544
291240,Ibipeba,0,16603,12.046015780280673,0.05,1,0.8422,0.688996968419362,1.4756,12117.15,7.1,0.5184605191832802
291250,Ibipitanga,0,13863,31.01781721128183,0.023255813953488372,1,0.7709999999999999,0.7544242467960278,1.5148,11184.46,6.7,0.4277573396811657
291260,Ibiquera,0,3725,18.79194630872483,0.14285714285714285,1,0.8134999999999999,0.9725055928411633,1.8791,13120.41,6.9,0.7030872483221476
291270,Ibirapitanga,1,25344,5.918560606060606,0,0,0.7903,0.569464172979798,1.1047,15204.83,6.4,0.3946890782828283
291280,Ibirapuã,0,8896,31.47482014388489,0.03571428571428571,1,0.843,0.7961255995203836,1.5737,54651.72,7.6,0.4450314748201439
291290,Ibirataia,0,18792,11.174968071519796,0,0,0.7784,0.7949482049098907,1.3037,14590.52,7,0.49659429544487016
291300,Ibitiara,0,14637,10.248001639680263,0,0,0.8105,0.7246134226048142,1.6738,9915.96,6.9,0.4803579968572795
291310,Ibititá,0,16969,8.2503388532029,0.07142857142857142,1,0.8515999999999999,0.8318797022020546,1.0312,10706,7.3,0.6195415168837292
291320,Ibotirama,1,26309,29.267551028165265,0.012987012987012988,1,0.8682,0.6995229769280474,1.4633,20686.05,7.9,0.4435364323995591
291330,Ichu,0,6190,14.539579967689821,0,0,0.8895000000000001,0.8302907915993538,1.6962,11655.6,8.1,0.5411954765751211
291340,Igaporã,2,15527,14.812906549880852,0.043478260869565216,1,0.8164,0.7414289087825507,1.5778,15275.7,7.5,0.45862046757261543
291345,Igrapiúna,0,13151,11.405976731807467,0,0,0.8061,0.6391402428205714,1.8629,18859.01,6.9,0.5106835982054596
291350,Iguaí,0,21491,8.840910148434228,0,0,0.7594,0.7675228390178834,1.3028,13148.67,6.3,0.5528360709134056
291360,Ilhéus,24,178649,17.3524620904679,0.0032258064516129032,1,0.9086,0.5660153895814325,0.9452,40494.94,9.4,0.3563356078119665
291370,Inhambupe,3,33790,10.358094110683634,0.02857142857142857,1,0.7928000000000001,0.6916025451316957,1.8644,21546.52,7,0.5079017460787215
291380,Ipecaetá,0,13709,7.294478080093369,0,0,0.7884,0.8392357818464756,1.5318,10314.67,6.2,0.6322124152016924
291390,Ipiaú,3,40706,24.566402987274603,0.01,1,0.852,0.6999152459096939,1.2897,17563.45,8.2,0.4805188424310912
291400,Ipirá,0,56876,10.197622898938041,0.017241379310344827,1,0.7745000000000001,0.7071128419720093,0.9845,14050.99,6.6,0.45854138828328295
291410,Ipupiara,0,9935,13.085052843482638,0.07692307692307693,1,0.8740000000000001,0.8173209193088408,1.4091,13896.68,7.3,0.4957221942627076
291420,Irajuba,0,6101,16.390755613833797,0.1,1,0.7745000000000001,0.7636453040485166,2.2947,13327.25,6.4,0.564989346008851
291430,Iramaia,0,10752,11.160714285714286,0.08333333333333333,1,0.8323,0.6955605158730159,1.6276,11968.73,7.2,0.4993489583333333
291440,Iraquara,0,23879,9.213116127141003,0.045454545454545456,1,0.8848,0.8326632885240868,1.3191,29109.78,8,0.5782486703798316
291450,Irará,2,28043,18.186356666547802,0.0196078431372549,1,0.8386,0.8598788764872992,1.248,13752.64,7.9,0.6600221089041829
291460,Irecê,1,74507,21.87713906075939,0.006134969325153374,1,0.9168999999999999,0.6532283320135469,1.0804,26348.84,9.4,0.43681801709906454
291465,Itabela,4,28165,14.202023788389846,0.025,1,0.82,0.767586839457956,1.3669,23776.41,6.8,0.5681164565950648
291470,Itaberaba,3,65073,15.521030227590552,0.009900990099009901,1,0.8787,0.6832224322427632,1.1295,19473.31,8.4,0.45608777834124753
291480,Itabuna,34,186708,24.798080425048738,0.0021598272138228943,1,0.9179999999999999,0.532276335240054,0.9186,27595.86,9.6,0.299917518263813
291490,Itacaré,2,27704,14.43834825295986,0.025,1,0.8628,0.648029165463471,1.6107,20326.14,8.1,0.49563239965347966
291500,Itaeté,1,13472,10.391923990498812,0.07142857142857142,1,0.7898999999999999,0.9156398456057007,1.8185,11218.94,6.9,0.724020190023753
291510,Itagi,1,13803,11.59168296747084,0.0625,1,0.7951,0.7895022821125842,1.2678,11798.17,6.9,0.5588640150691878
291520,Itagibá,0,15310,9.14435009797518,0.07142857142857142,1,0.8104,0.7165632484215111,1.3716,48780.09,7.5,0.4739386022207707
291530,Itagimirim,0,6347,17.33102253032929,0.09090909090909091,1,0.7764,0.8337009610839767,1.6543,24203.48,7,0.5273357491728375
291535,Itaguaçu da Bahia,1,12311,11.371943790106409,0,0,0.8096,0.9133836947986894,1.919,14125.62,7.1,0.6585167736170904
291540,Itaju do Colônia,0,6037,9.938711280437303,0,0,0.8035,0.8314284136712494,1.7392,18253.57,7.3,0.5580586383965546
291550,Itajuípe,1,18781,12.246419253500878,0.043478260869565216,1,0.8114,0.7533322684273113,1.4442,20382.03,7.5,0.4731909908950535
291560,Itamaraju,3,59605,14.26054861169365,0.011764705882352941,1,0.843,0.7589044543243016,1.3505,23412.56,7.7,0.41590470598104184
291570,Itamari,0,7051,11.345908381789817,0,0,0.7735,0.769784427740746,1.4891,16863.65,6.5,0.5701318961849383
291580,Itambé,0,24394,13.527916700828072,0.030303030303030304,1,0.7994,0.674865404061108,1.1478,16557.26,7.2,0.45080757563335244
291590,Itanagra,0,5914,13.527223537368956,0.125,1,0.8203,1.0414553037988954,1.7754,18697.56,7.4,0.7918498478187352
291600,Itanhém,1,17813,19.087183517655646,0.029411764705882353,1,0.816,0.7119519452085555,1.5718,19148.68,7.3,0.42817043732105764
291610,Itaparica,1,19789,7.579968669462833,0.06666666666666667,1,0.9254000000000001,0.7818906126299122,1.5917,15084.83,8.9,0.6106422760119258
291620,Itapé,0,10341,18.37346484866067,0.05263157894736842,1,0.8156,0.6289527125036264,1.6922,13123.66,7.4,0.4376752731844116
291630,Itapebi,0,9174,11.990407673860911,0,0,0.772,0.7853172007848267,1.9075,35874.85,6.2,0.5491606714628298
291640,Itapetinga,7,65897,20.638268813451294,0.007352941176470588,1,0.8908,0.6745135084551143,1.1286,29416.7,8.5,0.37422037422037424
291650,Itapicuru,0,31679,8.838662836579438,0.03571428571428571,1,0.7118000000000001,0.7566947609878257,1.4362,16883.82,5.6,0.5914959436850911
291660,Itapitanga,0,10279,8.755715536530792,0.1111111111111111,1,0.8088,0.48985796283685185,1.362,12082.78,7.3,0.294970327852904
291670,Itaquara,0,8153,19.624678032626026,0.0625,1,0.7857,0.6763665726317512,1.7171,12971.61,6.5,0.45934012020115295
291680,Itarantim,0,17052,11.14238798967863,0.05263157894736842,1,0.8328,0.6170243959652827,1.8472,22023.22,6.5,0.4013605442176871
291685,Itatim,0,15737,14.615237974200928,0.043478260869565216,1,0.8334999999999999,0.8079261189129653,1.5568,32623.82,7.7,0.5576666454851623
291690,Itiruçu,0,10999,11.81925629602691,0,0,0.7947,0.8420841288601995,1.591,13820.45,7.4,0.5511410128193472
291700,Itiúba,3,33872,9.742560226735947,0.030303030303030304,1,0.8034,0.7965920721146277,1.3432,12685.34,6.6,0.6241438356164384
291710,Itororó,1,16617,16.248420292471565,0.037037037037037035,1,0.7913,0.7478887083508856,1.4743,16917.11,7.4,0.4745140518745863
291720,Ituaçu,1,17914,11.164452383610584,0.05,1,0.7852,0.8011797104685349,1.9537,19090.71,6.3,0.5178073015518588
291730,Ituberá,0,21902,18.71975162085654,0.024390243902439025,1,0.8353,0.7810968556905,1.598,19216.18,7.3,0.5982558670441056
291733,Iuiú,0,11118,12.592192840438928,0.07142857142857142,1,0.8003,0.7021346765005696,1.2592,16131.75,6.9,0.48749775139413565
291735,Jaborandi,0,9275,14.016172506738544,0.07692307692307693,1,0.8008,0.8473225516621743,1.5094,164727.19,6.5,0.5167654986522912
291740,Jacaraci,0,14436,14.54696591853699,0.047619047619047616,1,0.8140000000000001,0.807056432991595,1.6971,10438.87,6.7,0.40412856747021336
291750,Jacobina,3,82590,26.153287322920452,0.004629629629629629,1,0.873,0.6425878839246075,1.2289,24580.97,8.5,0.41678169269887394
291760,Jaguaquara,2,45964,18.710295013488818,0.011627906976744186,1,0.8073,0.722694209961419,1.3706,17558.71,7,0.379362109476982
291770,Jaguarari,0,32703,14.065987829862705,0.021739130434782608,1,0.8432,0.6776671864966517,1.2842,24637,7.9,0.43145888756383205
291780,Jaguaripe,2,17659,11.325669630216886,0,0,0.8083,0.8013760688600714,1.5855,14786.83,6.8,0.6439775751741321
291790,Jandaíra,0,9285,15.078082929456112,0.07142857142857142,1,0.8118000000000001,0.8297433135882247,1.5078,23457.96,7.6,0.6590199246095854
291800,Jequié,12,158813,18.260469860779658,0.0034482758620689655,1,0.8819,0.5810838323478976,1.0637,24448.29,8.7,0.3302563392165629
291810,Jeremoabo,0,37626,15.680646361558496,0.01694915254237288,1,0.7376999999999999,0.720370665674445,1.3022,16580.46,6.3,0.547015361717961
291820,Jiquiriçá,0,13629,13.207131851199648,0.05555555555555555,1,0.8051,0.7835803556142539,1.7976,14376.9,7.2,0.5825078875926334
291830,Jitaúna,0,14355,11.145942180424939,0.0625,1,0.7689,0.7495239753860443,1.4629,17626.09,6.8,0.5230929989550679
291835,João Dourado,2,24854,11.668141948982056,0.034482758620689655,1,0.8441,0.8338530350580724,1.1265,13995.13,7.3,0.5546793272712642
291840,Juazeiro,19,237821,14.086224513394528,0.0029850746268656717,1,0.9033,0.6355227951554601,0.9981,25900.17,9,0.4425345112500578
291845,Jucuruçu,2,9655,14.500258933195235,0,0,0.7298,0.7869411358536165,1.8125,15787.06,6,0.5812532366649404
291850,Jussara,0,16354,12.229423994129876,0.05,1,0.7922,0.7857353960295136,1.284,9284.49,7.1,0.5912926501161795
291855,Jussari,2,5888,16.983695652173914,0.1,1,0.8184,0.7449756567028986,1.7832,15353.96,6.8,0.5584239130434783
291860,Jussiape,0,7379,31.169535167366853,0.043478260869565216,1,0.8256999999999999,0.8252247368658806,1.8972,11821.07,6.7,0.4019514839409134
291870,Lafaiete Coutinho,0,4075,12.269938650306749,0,0,0.7529,0.8629447852760737,1.7177,17411.85,6.1,0.4392638036809816
291875,Lagoa Real,0,14105,9.925558312655086,0,0,0.7892,0.6810941746425618,1.4888,10445.4,6.4,0.45168380007089687
291880,Laje,2,21052,10.925327759832795,0,0,0.7908,0.771913990753056,1.4962,16366.21,6.3,0.555956678700361
291890,Lajedão,0,3845,26.00780234070221,0,0,0.8134999999999999,0.9561335067186824,2.7308,34363.07,6.9,0.5014304291287386
291900,Lajedinho,0,3527,22.682166146867026,0.125,1,0.8181,0.9364426802759664,0.9923,18792.16,6.6,0.6044797278140063
291905,Lajedo do Tabocal,0,7494,10.675206832132373,0,0,0.8177,0.790510185926519,1.8681,13657.55,6.6,0.5389645049372832
291910,Lamarão,1,9015,8.874098724348308,0,0,0.7472,0.912664078387872,1.9412,9234.88,6.7,0.7018302828618969
291915,Lapão,0,25736,10.879701585327945,0,0,0.8354,0.8544354211998757,1.6319,14835.72,7.5,0.5710289089213553
291920,Lauro de Freitas,24,203331,15.196895702081827,0.003236245954692557,1,0.9632,0.48604779071235243,0.7478,43861.88,10.8,0.3028067535201224
291930,Lençóis,0,10774,11.137924633376647,0,0,0.8933,0.6662412598230307,1.6242,19525.7,9.1,0.49118247633191015
291940,Licínio de Almeida,0,11834,13.520365049856347,0.0625,1,0.8405,0.8349247929694101,1.7745,13960.79,7.3,0.4372148047997296
291950,Livramento de Nossa Senhora,2,43903,20.95528779354486,0.010869565217391304,1,0.828,0.6853574926542605,0.9566,16069.32,7.2,0.4340933421406282
291955,Luís Eduardo Magalhães,9,107909,20.665560796597134,0.004484304932735426,1,0.9531999999999999,0.5317010938228817,0.8433,107118.26,9.8,0.3535293627037597
291960,Macajuba,1,10454,11.478859766596518,0.08333333333333333,1,0.7845,0.8591288820866017,1.3392,10387.6,6.5,0.6200497417256553
291970,Macarani,2,21599,10.648641140793556,0.043478260869565216,1,0.7961,0.5451216877324567,0.9317,12485.83,7,0.40316681327839254
291980,Macaúbas,0,41859,16.00611576960749,0.014925373134328358,1,0.8015000000000001,0.7151866982011037,1.3378,13129.45,7,0.4658018586206073
291990,Macururé,0,7256,16.5380374862183,0,0,0.7787000000000001,0.8344128996692393,1.9294,11159.32,6.8,0.6962513781697905
291992,Madre de Deus,1,18504,15.672287073065283,0.034482758620689655,1,0.9556999999999999,0.5933176610462603,1.2767,38393.78,10.1,0.4156398616515348
291995,Maetinga,0,6973,20.07744156030403,0.07142857142857142,1,0.7656999999999999,0.8897174817151872,2.5096,11739.59,6.1,0.6061953248243224
292000,Maiquinique,0,8731,10.30809758332379,0.1111111111111111,1,0.8301000000000001,0.7313308899324247,2.0043,24154.8,7.2,0.5552628564883748
292010,Mairi,0,17674,22.632114971144052,0.025,1,0.8034,0.7780025272528384,1.7327,11994.02,6.6,0.5617856738712232
292020,Malhada,0,15398,7.793219898688141,0,0,0.7965000000000001,0.8626228514525696,1.5911,15475.58,7.2,0.615469541498896
292030,Malhada de Pedras,0,8670,14.994232987312571,0.07692307692307693,1,0.8036,0.7651960784313725,1.6147,12844.84,6.6,0.48085351787773933
292040,Manoel Vitorino,0,13860,7.936507936507937,0,0,0.762,0.832569745069745,1.5151,11935.9,6.1,0.5958152958152958
292045,Mansidão,0,13919,10.058193835764063,0,0,0.8859999999999999,0.7434262518859114,1.9487,8462.31,8.2,0.5656297147783605
292050,Maracás,0,27620,20.99927588703838,0.017241379310344827,1,0.8172,0.6787744388124547,0.887,25066.93,7.5,0.4116220130340333
292060,Maragogipe,0,35859,9.202710616581612,0.030303030303030304,1,0.8240000000000001,0.827418965020404,1.3664,13363.78,7.6,0.6769011963523801
292070,Maraú,1,24527,8.561992905777307,0,0,0.8414,0.7153680977426238,1.4269,17723.82,6.9,0.5436457781220696
292080,Marcionílio Souza,0,9267,14.028272364303442,0.07692307692307693,1,0.784,0.9241484119276285,1.8884,12899.29,6.8,0.7325995467788928
292090,Mascote,0,13544,9.598346131128174,0.07692307692307693,1,0.7947,0.7118465741287655,1.8089,14273.22,6.7,0.4742321323095097
292100,Mata de São João,6,42566,10.571817882817273,0.022222222222222223,1,0.9105,0.7977239267647104,1.3156,40756.87,9,0.5015270403608514
292105,Matina,0,10330,26.137463697967085,0.037037037037037035,1,0.7502,0.8451758631816715,1.3552,11932.33,6.8,0.609486931268151
292110,Medeiros Neto,3,22194,18.92403352257367,0.023809523809523808,1,0.8319,0.707631191613349,1.577,22780.57,6.4,0.43953320717310984
292120,Miguel Calmon,0,24661,13.78695105632375,0.029411764705882353,1,0.8351000000000001,0.7482056688698755,1.4192,13795.05,6.6,0.47954259762377843
292130,Milagres,1,11071,7.22608617107759,0,0,0.8188,0.7435416854845994,1.2645,16354.82,7.5,0.5199169000090326
292140,Mirangaba,0,15734,12.075759501716028,0,0,0.8088,0.8664304478623787,2.002,10626.1,6.3,0.6504385407397991
292145,Mirante,0,10187,9.816432708353783,0,0,0.7589,0.7462942966525965,1.7178,10093.44,5.7,0.5183076470010798
292150,Monte Santo,1,47780,8.999581414817916,0.023255813953488372,1,0.7234,0.8910509976280172,1.3185,12365.12,5.6,0.6517789870238594
292160,Morpará,0,7996,16.258129064532266,0.07692307692307693,1,0.8107,0.872269468067367,1.7508,12839.8,6.2,0.6450725362681341
292170,Morro do Chapéu,0,33594,16.66964338870036,0.017857142857142856,1,0.8393,0.7137906570617769,1.8753,46595.27,7.4,0.4780317913913199
292180,Mortugaba,0,11143,21.538185407879386,0.041666666666666664,1,0.8462999999999999,0.7662807741781088,1.8845,11921.42,7,0.4209817822848425
292190,Mucugê,0,12137,20.59817088242564,0.04,1,0.8475,0.6917140424596963,1.7302,49401.93,8,0.44895773255334925
292200,Mucuri,3,37977,16.325670800747822,0.016129032258064516,1,0.8721,0.6515961415242559,1.4515,82350.03,8.5,0.3540564025594439
292205,Mulungu do Morro,0,13152,11.405109489051094,0.06666666666666667,1,0.841,0.8365774533657745,1.3305,21552.35,7.5,0.6588351581508516
292210,Mundo Novo,0,17305,12.713088702687084,0,0,0.8167,0.8744775113165753,1.618,12682.89,6.9,0.7057497832996243
292220,Muniz Ferreira,0,7190,12.517385257301807,0.1111111111111111,1,0.8256999999999999,0.7578929068150209,2.1905,12006.87,7.7,0.4866481223922114
292225,Muquém de São Francisco,0,10443,18.19400555395959,0.05263157894736842,1,0.8101,0.9536292253183951,1.3406,25561.34,6.6,0.7277602221583837
292230,Muritiba,0,28707,14.282230814783851,0.024390243902439025,1,0.882,0.7500203202470942,1.0972,13097.03,8.7,0.5453025394503083
292240,Mutuípe,1,20037,14.972301242701002,0.03333333333333333,1,0.8219,0.7690564123039044,1.31,25536.86,7,0.5235813744572541
292250,Nazaré,2,27060,14.781966001478196,0.025,1,0.8493999999999999,0.6100024636610003,1.5521,17136.76,8.2,0.4460827790096083
292260,Nilo Peçanha,1,12063,14.092680096161818,0,0,0.7853,0.7964989361408162,1.7408,16664.87,6,0.6379839177650667
292265,Nordestina,0,18523,9.177778977487447,0.058823529411764705,1,0.7846,0.557451096834566,1.1337,9963.93,6.4,0.41181234141337797
292270,Nova Canaã,0,13715,16.040831206707985,0.045454545454545456,1,0.7618,0.7660104508445741,2.1691,16621.69,6.1,0.5580021873860737
292273,Nova Fátima,0,7967,17.57248650684072,0.07142857142857142,1,0.8323999999999999,0.8059390820467763,1.3179,15287.93,7.1,0.556420233463035
292275,Nova Ibiá,0,6501,13.84402399630826,0.1111111111111111,1,0.7848,0.7219145772445266,1.6151,19672.1,5.9,0.523611752038148
292280,Nova Itarana,0,7780,15.424164524421593,0.08333333333333333,1,0.7976000000000001,0.8604434447300772,1.7994,11547.56,6.6,0.6610539845758355
292285,Nova Redenção,0,7538,10.612894667020429,0,0,0.8201,0.8170933934730698,2.3215,12352.79,7.3,0.5853011408861767
292290,Nova Soure,1,24236,12.79088958574022,0.03225806451612903,1,0.7706999999999999,0.809477636573692,1.7329,14104.71,6.8,0.5862353523683776
292300,Nova Viçosa,3,39509,10.124275481535852,0.025,1,0.8653,0.7174905295839766,1.063,17711,7.7,0.4407350223999595
292303,Novo Horizonte,0,11162,17.917935853789643,0,0,0.8801000000000001,0.8067326643970615,1.8813,12307.12,7.7,0.595144239383623
292305,Novo Triunfo,0,10660,13.133208255159476,0.07142857142857142,1,0.7888,0.5997029393370856,2.1281,11780.41,6.8,0.4901500938086304
292310,Olindina,0,22633,10.603985331153625,0.041666666666666664,1,0.7776000000000001,0.7598234141887215,1.2371,13080.42,6.4,0.587195687712632
292320,Oliveira dos Brejinhos,1,20715,14.48225923244026,0.03333333333333333,1,0.852,0.7807144581221337,1.5206,20281.14,7.2,0.5220854453294714
292330,Ouriçangas,0,7716,14.25609123898393,0.09090909090909091,1,0.8026000000000001,0.7735333506134439,1.8144,14256.51,7.2,0.5846293416277865
292335,Ourolândia,0,19243,9.873720313880373,0.05263157894736842,1,0.7843000000000001,0.7338209565383083,1.455,16527.17,6.2,0.566699579067713
292340,Palmas de Monte Alto,0,20078,10.9572666600259,0.045454545454545456,1,0.772,0.8188191054885945,1.5253,14525.29,6.8,0.513746389082578
292350,Palmeiras,0,10339,12.573749879098559,0,0,0.9115000000000001,0.7409485121062643,1.354,14887.27,8.9,0.546087629364542
292360,Paramirim,0,20351,34.88772050513488,0.014084507042253521,1,0.826,0.6926604753247179,2.0637,15254.95,7.6,0.4440568031054985
292370,Paratinga,0,29252,8.204567209079721,0.041666666666666664,1,0.8131999999999999,0.8878908564656547,1.4357,11206.51,6.6,0.7200191439901545
292380,Paripiranga,0,26604,10.148849797023004,0.037037037037037035,1,0.7709999999999999,0.7435222773517767,1.3155,21049.42,6.8,0.5315366110359344
292390,Pau Brasil,0,9370,11.739594450373533,0.09090909090909091,1,0.8217,0.943863393810032,1.8676,14445.99,6.6,0.703521878335112
292400,Paulo Afonso,1,112870,37.12235314964118,0.002386634844868735,1,0.8762000000000001,0.6128296565370189,0.8554,37732.71,8.7,0.4047576858332595
292405,Pé de Serra,0,13243,19.633013667597975,0.038461538461538464,1,0.7988,0.8690943643182562,1.5857,12537.3,7,0.6143623046137582
292410,Pedrão,0,6235,14.434643143544507,0.1111111111111111,1,0.8473999999999999,0.8398823843892008,2.526,11054.33,7.3,0.6495589414595028
292420,Pedro Alexandre,0,13954,8.599684678228465,0.08333333333333333,1,0.6809999999999999,0.8535127323109263,1.5049,12815.72,5.4,0.6694137881611008
292430,Piatã,0,20086,9.459324902917455,0,0,0.836,0.7810705632447145,1.2197,10987.35,6.8,0.4566862491287464
292440,Pilão Arcado,0,35357,7.070735639335917,0.04,1,0.7492,0.8113056349049221,1.0393,10384.91,5.8,0.6746895947054331
292450,Pindaí,0,14731,12.219129726427262,0,0,0.8068000000000001,0.8470798542755641,1.8413,19361.39,7,0.5251510420202294
292460,Pindobaçu,0,19083,13.100665513808101,0.04,1,0.8248000000000001,0.8324599556324128,1.834,11271.98,7,0.6122203007912802
292465,Pintadas,0,10325,16.46489104116223,0.058823529411764705,1,0.8026000000000001,0.6496125907990314,1.6949,12817.9,7,0.44174334140435834
292467,Piraí do Norte,1,10974,8.201202843083653,0,0,0.8149,0.5328883421420327,1.5946,14306.6,5.2,0.421997448514671
292470,Piripá,0,9152,14.204545454545455,0.07692307692307693,1,0.7778,0.8408817744755245,2.2898,10066.21,6.5,0.5191215034965035
292480,Piritiba,0,17566,14.801320733234657,0.038461538461538464,1,0.8338,0.8006328513416069,1.3947,12462.22,6.8,0.6487532733690083
292490,Planaltino,0,8022,19.94515083520319,0,0,0.7381,0.8294897365577995,2.0724,11009.26,6.5,0.5555971079531289
292500,Planalto,0,23334,15.856689808862605,0.02702702702702703,1,0.7792,0.8273156481243392,1.4999,13922.78,6.8,0.5275563555326991
292510,Poções,1,48293,15.737270411860932,0.013157894736842105,1,0.8090999999999999,0.7900938024144286,1.0871,14119.47,7.2,0.515002174228149
292520,Pojuca,1,32136,14.002987303958177,0.022222222222222223,1,0.9131,0.6237319517052526,1.3069,94490.87,9.4,0.4300784167289022
292525,Ponto Novo,1,17938,14.494369494926971,0.038461538461538464,1,0.8075,0.9054242390456015,1.5609,13736.75,6.3,0.6990745902553239
292530,Porto Seguro,20,168326,26.19916115157492,0.0022675736961451248,1,0.9153,0.6379337317665323,0.9162,29763.04,9.1,0.36631298789254185
292540,Potiraguá,0,10274,10.70663811563169,0.09090909090909091,1,0.8536,0.7577947569917591,1.3626,14720.99,7.7,0.5154759587307767
292550,Prado,1,35003,10.284832728623261,0.027777777777777776,1,0.8621,0.706667999885724,1.1998,22197.59,7.7,0.4689883724252207
292560,Presidente Dutra,1,15130,8.592200925313946,0.07692307692307693,1,0.8632,0.789000881251377,1.3879,11086.11,7.9,0.5532716457369464
292570,Presidente Jânio Quadros,0,12621,13.46961413517154,0.058823529411764705,1,0.7495,0.8006695190555424,2.2185,9667.5,5.8,0.5608113461690832
292575,Presidente Tancredo Neves,2,27734,12.980457200548063,0.027777777777777776,1,0.8042,0.7512559794235715,1.2619,15069.35,7,0.5961635537607269
292580,Queimadas,1,25988,10.774203478528552,0.03571428571428571,1,0.8214,0.722400723410805,1.0774,12375.07,7.1,0.5439818377712791
292590,Quijingue,2,25272,7.122507122507122,0,0,0.7121999999999999,0.8167009602194788,1.5234,10996.53,6,0.5950063311174423
292593,Quixabeira,0,9461,22.196385160131065,0.047619047619047616,1,0.8197,0.8057728217595039,1.4797,12434.45,6.5,0.5230948102737554
292595,Rafael Jambeiro,0,19662,13.223476757196623,0.038461538461538464,1,0.7617,0.7640584206421862,1.78,21476.26,6.1,0.5907842538907537
292600,Remanso,3,40586,7.8844921894249245,0.03125,1,0.7955,0.785235877724667,1.121,14127.61,7.1,0.5826146947223181
292610,Retirolândia,1,13651,20.511317852172002,0.03571428571428571,1,0.8636,0.8627023661270237,1.7947,12859.71,7.5,0.6042048201596952
292620,Riachão das Neves,1,21642,9.24129008409574,0,0,0.7797,0.8126251424698887,1.6172,87644.68,6.9,0.6558543572682747
292630,Riachão do Jacuípe,0,33386,15.575390882405799,0.019230769230769232,1,0.851,0.6977450628007749,1.4414,16950.62,8.1,0.45528065656263106
292640,Riacho de Santana,0,30711,10.41971931881085,0.03125,1,0.7852,0.78816764894229,1.3675,13242.81,7.2,0.5184135977337111
292650,Ribeira do Amparo,0,13841,9.392384943284444,0,0,0.6927,0.7747995087060183,1.4931,14202.72,6,0.6063868217614334
292660,Ribeira do Pombal,4,54010,14.256619144602851,0.012987012987012988,1,0.8199,0.5934826883910387,1.1761,17154.16,7.7,0.42549527865210146
292665,Ribeirão do Largo,0,9740,9.240246406570842,0,0,0.7399,0.6526095140314853,1.4373,13765.28,6.1,0.4895277207392197
292670,Rio de Contas,0,13184,19.72087378640777,0.038461538461538464,1,0.8181999999999999,0.7637666868932039,1.5928,15051.31,7.2,0.4663986650485437
292680,Rio do Antônio,0,13146,14.453065571276435,0.05263157894736842,1,0.7531,0.8058344743648258,1.5974,10935.82,6.7,0.5266240681576145
292690,Rio do Pires,0,10497,18.100409640849765,0.05263157894736842,1,0.8226,0.6297910514115145,1.6671,11355.94,7.1,0.36839096884824235
292700,Rio Real,0,35362,9.049261919574684,0.03125,1,0.8129000000000001,0.8080613841600212,1.0887,36080.87,7.1,0.5599796391606809
292710,Rodelas,0,10308,20.372526193247964,0.047619047619047616,1,0.8744,0.8817019143707153,1.3581,15766.21,8,0.7377764842840512
292720,Ruy Barbosa,2,28282,12.375362421328052,0.02857142857142857,1,0.8198000000000001,0.7114448530278387,1.2375,19020.79,7.5,0.5136836150201541
292730,Salinas da Margarida,3,14987,9.341429238673516,0.07142857142857142,1,0.9126000000000001,0.8459164609328085,1.4012,16686.5,8.8,0.6069260025355308
292740,Salvador,361,2417678,16.31317321826976,2.535496957403651e-4,1,0.9655,0.44864745567165404,0.6658,31724.15,10.5,0.2842930282692732
292750,Santa Bárbara,1,20952,14.795723558610156,0.03225806451612903,1,0.8194,0.8958214012982054,1.2946,10962.78,7.3,0.6708190148911798
292760,Santa Brígida,0,14965,10.691613765452724,0,0,0.7168000000000001,0.7845138656866021,1.6371,10797.22,6.3,0.5456732375542933
292770,Santa Cruz Cabrália,5,29185,10.279253040945692,0.03333333333333333,1,0.8881,0.7197475872308834,1.439,22254.64,8.3,0.48394723316772315
292780,Santa Cruz da Vitória,2,4681,8.545182653279214,0,0,0.7901,0.8789966531367941,1.4954,16606.86,6.9,0.5682546464430677
292790,Santa Inês,0,10300,15.533980582524272,0.0625,1,0.7896,0.7959708737864077,1.699,11043.47,7.4,0.553009708737864
292800,Santaluz,2,37834,16.651688957022785,0.015873015873015872,1,0.8293,0.8022149389438071,1.3182,17923.9,7.3,0.5811968071047207
292805,Santa Luzia,2,13896,5.757052389176741,0,0,0.7998000000000001,0.6327540299366724,1.2593,11884.38,6.8,0.46006044905008636
292810,Santa Maria da Vitória,3,38604,17.873795461610197,0.014492753623188406,1,0.8165,0.8086273443166512,1.2692,18048.94,7.6,0.5543466998238524
292820,Santana,0,24755,8.079175924055747,0.05,1,0.8326,0.8053187908166701,1.131,17234.6,7.4,0.5131084629367805
292830,Santanópolis,0,8716,11.473152822395594,0.1,1,0.8157,0.8347674774361328,1.6062,9692.77,7.3,0.6399724644332262
292840,Santa Rita de Cássia,2,27390,6.936838262139467,0,0,0.8393,0.8884446878422783,1.2778,14216.86,7.5,0.6809784592917123
292850,Santa Teresinha,0,10441,18.197490661814,0.05263157894736842,1,0.7906,0.6883520097053283,1.5922,15838.42,6.9,0.46068384254381767
292860,Santo Amaro,2,56012,10.533457116332215,0.01694915254237288,1,0.8968,0.69995566426242,0.9997,24562.08,8.3,0.5057487681211169
292870,Santo Antônio de Jesus,3,103055,21.54189510455582,0.0045045045045045045,1,0.9176000000000001,0.5690812349392719,1.1122,29386.38,9.3,0.34281694240939303
292880,Santo Estêvão,0,52276,13.007881245695922,0.014705882352941176,1,0.8487,0.665764404315556,1.0712,24779.37,8,0.4160991659652613
292890,São Desidério,3,32828,11.270866333617644,0.02702702702702703,1,0.8212,0.6949936030218107,1.4659,259713.1,7.4,0.5126416473741927
292895,São Domingos,0,8426,30.856871587942084,0.038461538461538464,1,0.8276,0.8267267980061713,2.0769,12938.49,7.5,0.5549489674816046
292900,São Félix,1,11026,20.859785960457103,0.043478260869565216,1,0.8722,0.7016597134046798,1.9045,17963.55,8.3,0.5048975149646291
292905,São Félix do Coribe,0,15194,12.504936159010136,0.05263157894736842,1,0.8572,0.7835274889210653,1.6124,18196.94,8.2,0.5127023825194156
292910,São Felipe,0,20283,18.734901148745255,0.02631578947368421,1,0.8351000000000001,0.7704687012111949,1.1647,13947.19,7.6,0.552679583887985
292920,São Francisco do Conde,6,38733,10.843466811246223,0.023809523809523808,1,0.9179,0.7205117944216387,1.4457,684319.23,9,0.5009165311233316
292925,São Gabriel,1,18600,9.13978494623656,0.058823529411764705,1,0.8497,0.8394623655913979,1.3172,10406.05,7.4,0.5445161290322581
292930,São Gonçalo dos Campos,0,39513,8.351681725001898,0.030303030303030304,1,0.9003,0.5782316368452577,0.9743,42350.26,8.7,0.3387745805178043
292935,São José da Vitória,1,5315,15.051740357478833,0.125,1,0.7829999999999999,1.0685324553151458,1.9755,13435.04,6.8,0.8015051740357478
292937,São José do Jacuípe,0,10187,10.798075979189163,0,0,0.7831999999999999,0.732935767808645,1.7178,15138.03,6.6,0.5321488171198586
292940,São Miguel das Matas,0,10334,16.450551577317594,0.058823529411764705,1,0.8184,0.7764095864782917,2.2014,20085.93,7.3,0.5058060770272885
292950,São Sebastião do Passé,2,40958,12.207627325553005,0.02,1,0.8913,0.6126641925875287,1.3672,23367.58,8.7,0.38168367596074027
292960,Sapeaçu,1,17963,14.474196960418638,0.038461538461538464,1,0.8704000000000001,0.7683803744734546,1.7536,19139.59,8,0.5225185102711128
292970,Sátiro Dias,0,16008,10.619690154922539,0.058823529411764705,1,0.7874,0.7494586040313177,1.7491,22051.06,6.3,0.5832083958020989
292975,Saubara,2,11438,8.742787200559539,0,0,0.8876999999999999,0.8859794835927027,1.5299,15699.58,8.1,0.7037069417730373
292980,Saúde,0,10478,9.543806069860661,0.1,1,0.8151,0.8429328116052682,1.6701,11540.15,7.6,0.631990837946173
292990,Seabra,0,46160,16.897746967071058,0.01282051282051282,1,0.8917,0.7453874205661468,0.7582,18670.38,8.4,0.5121533795493934
293000,Sebastião Laranjeiras,0,9360,16.025641025641026,0.06666666666666667,1,0.784,0.7172720797720799,1.8696,13240.76,6.6,0.48878205128205127
293010,Senhor do Bonfim,2,74523,25.898044898890276,0.0051813471502590676,1,0.8745,0.683197357415384,1.0332,16914.53,8.8,0.43829421789246276
293015,Serra do Ramalho,0,34222,11.980597276605693,0.024390243902439025,1,0.8219,0.7965368281612218,1.0994,15226.64,7.7,0.5359710127987845
293020,Sento Sé,0,38154,4.193531477695655,0.0625,1,0.8193,0.770851898446646,1.1008,41049.28,6.9,0.6376526707553598
293030,Serra Dourada,0,17066,12.305168170631665,0.047619047619047616,1,0.8058,0.8497744052502051,1.6406,15317.71,7.1,0.5116606117426462
293040,Serra Preta,0,17996,8.890864636585908,0.0625,1,0.7978000000000001,0.6689634733644513,1.3614,9738.74,7.2,0.4834963325183374
293050,Serrinha,6,80435,21.135078013302667,0.0058823529411764705,1,0.8737999999999999,0.7378266094776321,1.0443,17662.57,8.3,0.5043948529868838
293060,Serrolândia,0,13335,11.998500187476566,0.0625,1,0.7943000000000001,0.8069991251093613,1.3123,11529.82,7.4,0.5081364829396325
293070,Simões Filho,13,114559,8.46725268202411,0.010309278350515464,1,0.9436,0.6753768800356148,0.7813,74270.21,9.4,0.4643196955280685
293075,Sítio do Mato,0,13408,6.712410501193317,0,0,0.8387,0.866920246618934,1.8272,11486.24,7.2,0.6943615751789977
293076,Sítio do Quinto,0,14773,8.799837541460773,0,0,0.7181000000000001,0.5833276924118324,1.2694,12201.44,6,0.4776281053272863
293077,Sobradinho,2,25475,10.991167811579981,0.03571428571428571,1,0.8684000000000001,0.7270657507360156,0.9617,35664.15,8.3,0.4602944062806673
293080,Souto Soares,0,17054,8.209217778820218,0.07142857142857142,1,0.8584999999999999,0.803320824049099,1.4366,10390.68,7.5,0.5845549431218482
293090,Tabocas do Brejo Velho,0,11979,10.017530678687704,0,0,0.7812,0.8320394022873362,1.753,28546.9,6.8,0.5119792971032641
293100,Tanhaçu,1,21006,12.853470437017995,0,0,0.7883,0.7774088355707893,1.4995,15023.18,6.6,0.5251832809673427
293105,Tanque Novo,0,17158,15.153281268213078,0.038461538461538464,1,0.8116,0.7748426390022147,1.6318,17335.08,6.8,0.5183005012239189
293110,Tanquinho,2,7717,15.550084229622911,0.08333333333333333,1,0.865,0.8048140469094207,1.3606,10864.5,8,0.5793702215887002
293120,Taperoá,2,18044,11.084016847705609,0.05,1,0.8053,0.6979882509421415,1.3577,14114.51,6.8,0.5451673686544004
293130,Tapiramutá,0,15818,8.218485269945631,0,0,0.8247,0.6463364521431281,1.2722,11016.86,7.1,0.512643823492224
293135,Teixeira de Freitas,18,145216,27.47631115028647,0.002506265664160401,1,0.8968,0.5775442559130307,1.0467,25278.01,8.9,0.2730277655354782
293140,Teodoro Sampaio,1,7110,15.471167369901547,0.09090909090909091,1,0.8462000000000001,0.7927566807313643,1.969,17353.2,7.6,0.5859353023909986
293150,Teofilândia,1,21176,13.694748772194938,0.034482758620689655,1,0.8112,0.7608849641103136,1.818,11243.74,6.8,0.4739799773328296
293160,Teolândia,0,15332,14.349073832507175,0.045454545454545456,1,0.7734000000000001,0.6074223845551787,1.5979,18237.15,6.5,0.5093921210540047
293170,Terra Nova,1,10798,11.113169105389886,0.08333333333333333,1,0.8961,0.9506544421806506,1.9448,15268.64,8.1,0.6719762919059085
293180,Tremedal,0,16296,12.272950417280315,0,0,0.7314,0.811666462117493,1.7202,10626,5.6,0.569219440353461
293190,Tucano,0,48736,10.25935653315824,0.02,1,0.7696,0.8543975021886627,1.5081,16897.39,7,0.6737934996717005
293200,Uauá,0,24665,18.64990877762011,0.021739130434782608,1,0.8005,0.8838401243327252,1.5609,12905.43,7,0.6338536387593756
293210,Ubaíra,0,18626,12.348330290991088,0.043478260869565216,1,0.7642,0.7775824116825942,1.1274,16379.62,6.9,0.5416621926339525
293220,Ubaitaba,1,17596,12.50284155489884,0.045454545454545456,1,0.8408,0.814920057588846,1.5912,17962,7.9,0.48846328711070697
293230,Ubatã,3,16094,12.426991425375917,0,0,0.8343,0.6819622219460668,1.3048,16416.87,7.2,0.45395799676898224
293240,Uibaí,0,13432,11.167361524717094,0.06666666666666667,1,0.8811,0.8595456124677386,1.3028,13197.22,7.6,0.6078022632519356
293245,Umburanas,0,13642,10.262424864389386,0.07142857142857142,1,0.7923,0.8185749890045448,2.5656,17516.15,7,0.6242486438938573
293250,Una,3,18131,14.891622083724009,0.037037037037037035,1,0.821,0.7893157207728936,1.9303,25024.05,7.1,0.4999724229220672
293260,Urandi,0,15355,16.93259524584826,0,0,0.8273,0.8243134700966027,1.5955,15133.21,7.4,0.5391729078476066
293270,Uruçuca,0,21420,10.27077497665733,0.045454545454545456,1,0.8142,0.7846638655462185,1.1437,17933.99,7.9,0.5898692810457516
293280,Utinga,0,16277,13.516004177674018,0.045454545454545456,1,0.8334,0.7508396305625524,1.0751,18303.09,7.1,0.5494255698224488
293290,Valença,8,85655,14.59342712042496,0.008,1,0.8517,0.6229807561341039,1.0536,25619.69,8,0.4249372482633822
293300,Valente,1,24362,18.881865199901487,0.021739130434782608,1,0.8509,0.6917090824508114,1.4366,14390.09,7.7,0.4557507593793613
293305,Várzea da Roça,0,13800,11.594202898550725,0.0625,1,0.7679,0.8081884057971015,1.5217,11022.43,5.6,0.5882608695652174
293310,Várzea do Poço,0,8101,8.640908529811135,0,0,0.8176000000000001,0.7416676953462535,1.2961,19091.6,6.8,0.5120355511665227
293315,Várzea Nova,0,13377,11.9608282873589,0.0625,1,0.8039000000000001,0.7886110488151304,1.5698,42839.21,6.8,0.5675413022351797
293317,Varzedo,1,9913,13.114092605669324,0,0,0.8057,0.7012929150274051,1.7653,17445.31,6.6,0.4793705235549279
293320,Vera Cruz,3,42529,9.405346939735239,0.025,1,0.9186,0.7880955740004859,1.1521,16678.75,8.6,0.572715088527828
293325,Vereda,0,6003,14.992503748125937,0,0,0.7940999999999999,0.7911599755677716,1.7491,19379.33,6.2,0.496751624187906
293330,Vitória da Conquista,34,370879,35.725937569935205,7.547169811320754e-4,1,0.909,0.6301154374697229,0.617,34152.84,9.2,0.3554339825118165
293340,Wagner,0,9503,14.732189834789015,0.07142857142857142,1,0.8447,0.6804079413518538,1.4732,12134.19,7.7,0.4282858044827949
293345,Wanderley,0,12968,12.338062924120914,0.0625,1,0.8275,0.7975336726300637,1.3494,17773.87,7.2,0.5161937075879087
293350,Wenceslau Guimarães,1,24474,8.171937566396993,0.05,1,0.7506999999999999,0.6833476342240745,1.43,17345.75,5.8,0.5499305385306856
293360,Xique-Xique,0,44757,8.713720758763992,0.02564102564102564,1,0.8319,0.8613364017546604,0.997,17429.22,7.9,0.6724087852179548
310010,Abadia dos Dourados,0,6272,12.755102040816327,0.125,1,0.9351999999999999,0.3907047193877551,1.116,30356.59,8,0.17267219387755103
310020,Abaeté,0,22675,26.460859977949283,0.016666666666666666,1,0.9370999999999999,0.4373686144799706,0.9263,28311.84,8.5,0.19047409040793825
310030,Abre Campo,0,13927,14.360594528613484,0.05,1,0.9286,0.4366697781288145,1.5323,23803.57,7.6,0.2806060170891075
310040,Acaiaca,1,3909,15.349194167306216,0,0,0.899,0.613925130041784,1.7907,21761.55,7.9,0.3026349449987209
310050,Açucena,0,8943,15.65470200156547,0.07142857142857142,1,0.8519,0.5691788736069179,1.9568,19243.4,7,0.34786984233478696
310060,Água Boa,0,12589,18.269918182540312,0.043478260869565216,1,0.7759999999999999,0.6978910159663197,1.9461,18700.62,6.2,0.49249344665978234
310070,Água Comprida,0,2108,18.975332068311197,0,0,0.9320999999999999,0.426668247944339,1.6603,156992.53,8.2,0.2405123339658444
310080,Aguanil,1,4357,20.656414964425064,0,0,0.9218999999999999,0.5159513426669727,1.6066,25589.54,8,0.25338535689694747
310090,Águas Formosas,1,18448,23.850823937554207,0.022727272727272728,1,0.8331999999999999,0.7341581743278404,1.5241,19667.48,8.1,0.49447094535993064
310100,Águas Vermelhas,0,14037,13.53565576690176,0.05263157894736842,1,0.8143,0.735615397402104,1.7453,19832.58,7.2,0.5239723587661181
310110,Aimorés,1,25269,17.016898175630217,0.023255813953488372,1,0.9004000000000001,0.5338952867149471,1.2465,31397.2,8.3,0.3002888915271677
310120,Aiuruoca,0,6233,22.461094176159154,0,0,0.9089,0.3043210866891278,1.6845,24774.89,8.4,0.13749398363548854
310130,Alagoa,0,2749,25.463805020007275,0,0,0.905,0.4444343397599127,1.2731,23222.87,7.4,0.30956711531465986
310140,Albertina,0,2952,13.550135501355014,0,0,0.9079,0.38104110207768743,2.3712,30794.8,8.1,0.19546070460704607
310150,Além Paraíba,2,30717,43.298499202396066,0.007518796992481203,1,0.9494,0.5666677518420853,1.3673,34044.96,9.5,0.2758407396555653
310160,Alfenas,2,78970,35.45650246929214,0.0035714285714285713,1,0.9578,0.39003313494576003,1.0317,46472.06,10,0.18765353931872863
310163,Alfredo Vasconcelos,0,6931,11.542345981820805,0.125,1,0.9428,0.575926994661665,2.0199,25532.28,8.8,0.2358966960034627
310170,Almenara,2,40364,19.324150232880786,0.01282051282051282,1,0.8361,0.6335224457437321,1.0476,20164.42,7.9,0.4112823307898127
310180,Alpercata,0,6903,10.140518615094887,0,0,0.8692,0.7627842966826017,1.521,16365.79,7.6,0.4088077647399681
310190,Alpinópolis,1,18300,24.59016393442623,0.022222222222222223,1,0.9443,0.44418488160291436,1.1475,33804.26,8.7,0.17273224043715846
310200,Alterosa,1,13915,37.3697448796263,0.019230769230769232,1,0.9381,0.4511558270451551,1.7606,23877.52,7.8,0.2477182896155228
310205,Alto Caparaó,0,5795,27.610008628127698,0,0,0.91,0.6783865401207938,1.2079,22722.7,7.3,0.3996548748921484
310210,Alto Rio Doce,0,10891,30.30024791111927,0.030303030303030304,1,0.8986,0.637299911241698,1.6068,20466.16,7.2,0.37434579010191904
310220,Alvarenga,0,3975,20.12578616352201,0.125,1,0.8423,0.8743605870020965,1.761,16336.88,6.4,0.4920754716981132
310230,Alvinópolis,0,15059,22.577860415698254,0.029411764705882353,1,0.9296,0.4507603426522345,1.6269,26729.08,8.3,0.2541337406202271
310240,Alvorada de Minas,0,4159,24.044241404183698,0,0,0.8695999999999999,0.788130159493468,1.683,22844.17,7.4,0.4784804039432556
310250,Amparo do Serra,0,4541,8.808632459810614,0,0,0.8798999999999999,0.6700983630624678,1.5415,15766.86,7,0.4468178815238934
310260,Andradas,0,40553,26.63181515547555,0.009259259259259259,1,0.9376000000000001,0.30478838392556246,0.638,36575.48,8.9,0.11340714620373339
310270,Cachoeira de Pajeú,0,9110,15.367727771679473,0.07142857142857142,1,0.8273,0.6901939260885475,1.9209,16075.2,6.5,0.49176728869374314
310280,Andrelândia,0,11927,22.637712752578185,0.037037037037037035,1,0.9184,0.5760669070176909,1.1738,28572.34,8.5,0.3227131717950868
310285,Angelândia,0,7718,12.956724540036278,0,0,0.8134999999999999,0.7861168696553511,1.8139,25117.02,7.3,0.4927442342575797
310290,Antônio Carlos,1,11095,14.420910319963948,0,0,0.9231,0.4524710830704522,2.0504,37194.79,8.8,0.25110410094637226
310300,Antônio Dias,0,9219,15.186028853454822,0,0,0.9028,0.5793198828506345,1.8982,58081.25,7.4,0.26759952272480747
310310,Antônio Prado de Minas,0,1538,45.51365409622887,0.14285714285714285,1,0.9181999999999999,0.5534243606415258,2.2756,23271.88,8.9,0.25942782834850453
310320,Araçaí,0,2181,18.340210912425494,0,0,0.9319,0.6496255540272046,1.6047,34713,8.2,0.2691425951398441
310330,Aracitaba,0,2049,19.521717911176182,0.25,1,0.8831,0.681185944363104,1.7081,19602.76,8.1,0.23718887262079064
310340,Araçuaí,0,34297,27.116074292212147,0.010752688172043012,1,0.8782,0.657445743553858,1.5105,31544.84,8.3,0.32883342566405227
310350,Araguari,7,117808,29.45470596224365,0.002881844380403458,1,0.9634,0.339551784825026,0.8918,58217.9,9.8,0.1585291321472226
310360,Arantina,0,2915,37.735849056603776,0.09090909090909091,1,0.9326000000000001,0.5433962264150943,1.2006,26663.02,8.7,0.3066895368782161
310370,Araponga,0,8048,14.910536779324056,0,0,0.8673000000000001,0.5593004473161034,1.7395,17815.27,6.3,0.29435884691848907
310375,Araporã,1,8479,15.331996697723788,0.07692307692307693,1,0.9470999999999999,0.31005032039941816,1.2383,142592.92,9.6,0.15674018162519165
310380,Arapuá,1,2631,22.80501710376283,0,0,0.9316,0.3669073862916508,1.3302,94826.06,8.9,0.13911060433295325
310390,Araújos,0,9199,15.219045548429177,0.07142857142857142,1,0.9462,0.2550096024930246,1.4267,50543.25,8.5,0.13273181867594303
310400,Araxá,5,111691,49.0639353215568,0.0018248175182481751,1,0.9679000000000001,0.32438901373730505,0.752,79211.75,10.2,0.15030754492304663
310410,Arceburgo,0,9177,20.70393374741201,0.05263157894736842,1,0.9255,0.3712996258762849,1.5255,50160.08,8.8,0.11714067778141005
310420,Arcos,3,41416,29.21576202433842,0.008264462809917356,1,0.9666,0.3767545554053184,1.0141,73837,9.7,0.15571276801236236
310430,Areado,1,13881,18.010229810532383,0.04,1,0.9454,0.4049420070600101,1.2607,27379.57,8.8,0.1717455514732368
310440,Argirita,0,2688,18.601190476190474,0,0,0.9292,0.7185639880952381,1.302,19111.57,7.1,0.2693452380952381
310445,Aricanduva,0,4719,16.9527442254715,0.125,1,0.8418000000000001,0.8541181041181042,2.225,18311.05,7,0.5079465988556897
310450,Arinos,0,17272,24.316813339509032,0.023809523809523808,1,0.8951,0.6793702717307396,1.8237,31528.95,8.4,0.4071908290875405
310460,Astolfo Dutra,0,14138,36.78030838873957,0,0,0.9479000000000001,0.39069646814730985,1.2377,32077.78,9,0.140967605036073
310470,Ataléia,0,13736,10.920209668025626,0,0,0.8001,0.5912929528246942,1.7199,18906.22,6.9,0.39196272568433316
310480,Augusto de Lima,0,4538,13.221683561040106,0,0,0.9022,0.6391031291317761,1.5425,25090.72,7.7,0.33296606434552667
310490,Baependi,1,18366,25.59076554502886,0.02127659574468085,1,0.9207,0.47189099422846564,1.5245,24607.41,8.5,0.24185995861918763
310500,Baldim,1,7492,13.347570742124933,0.1,1,0.9238,0.593266150560598,1.8686,17635.53,8.5,0.35638013881473574
310510,Bambuí,2,23546,33.9760468869447,0.0125,1,0.9423,0.2959773776154478,1.0405,36567.38,8.8,0.1323791726832583
310520,Bandeira,0,4741,21.092596498628982,0.1,1,0.7859,0.7313506292624622,1.4764,13988.01,6.3,0.2839063488715461
310530,Bandeira do Sul,0,5943,26.922429749284873,0.0625,1,0.9218999999999999,0.41568511974872396,1.1778,19159.05,8.5,0.13562173986202256
310540,Barão de Cocais,1,30778,29.89148092793554,0.010869565217391304,1,0.9571,0.30615482920700937,1.1371,50268.69,9.9,0.13720839560725193
310550,Barão de Monte Alto,0,4964,14.101531023368251,0,0,0.882,0.680079908675799,2.1152,14875.4,8.2,0.3380338436744561
310560,Barbacena,3,125317,60.16741543445821,0.001326259946949602,1,0.9617,0.4249376913480746,0.6997,32785.79,9.8,0.18081345707286323
310570,Barra Longa,0,5666,10.589481115425345,0,0,0.8744,0.5691404871161313,1.8531,17955.57,7.2,0.3616307800917755
310590,Barroso,2,20080,30.378486055776893,0.01639344262295082,1,0.9551999999999999,0.6339309428950863,1.3944,39930.77,9.1,0.27689243027888444
310600,Bela Vista de Minas,1,10167,27.54008065309334,0.03571428571428571,1,0.9526,0.45405068686272576,1.7212,40103.71,8.9,0.20832103865447035
310610,Belmiro Braga,0,3244,27.743526510480887,0,0,0.8920999999999999,0.48032264693793675,2.967,24432.08,8.6,0.1717016029593095
310620,Belo Horizonte,173,2315560,31.093990222667518,1.388888888888889e-4,1,0.9778,0.297218311481168,0.9005,56227.29,11.2,0.14466824439876316
310630,Belo Oriente,1,23928,18.80641925777332,0.022222222222222223,1,0.9225,0.6036268527805639,1.6089,97365.17,8.1,0.2754931461049816
310640,Belo Vale,0,8627,9.273212008809551,0,0,0.9434999999999999,0.5253757582782737,1.6228,31136.71,8.4,0.2857308450214443
310650,Berilo,0,9826,16.28332994097293,0.0625,1,0.8353,0.7068915801614764,2.0481,14184.1,7.5,0.3633217993079585
310660,Bertópolis,1,4451,17.97348910357223,0.125,1,0.7743000000000001,0.9011458099303528,1.5726,14104.6,6.1,0.6468209391148056
310665,Berizal,0,4201,19.04308497976672,0,0,0.8258,0.8623145282869159,1.6662,16672.41,7.7,0.606284218043323
310670,Betim,19,411846,11.581999096749756,0.0020964360587002098,1,0.9638,0.4643052257397182,0.9348,127752.43,10,0.25007162871558786
310680,Bias Fortes,0,3361,11.90121987503719,0.25,1,0.8839,0.5925071903203412,2.0827,15264.8,7.3,0.385599523951205
310690,Bicas,2,13978,27.900987265703247,0.02564102564102564,1,0.9575,0.5078516239805408,1.2519,25575.24,9.6,0.2719273143511232
310700,Biquinhas,0,2383,25.178346621905163,0,0,0.9064,0.47405231500909223,1.4687,31738.88,7.5,0.2698279479647503
310710,Boa Esperança,2,39848,50.44167837783578,0.004975124378109453,1,0.9511,0.5167887974302349,1.4077,35476.4,8.5,0.18256876129291308
310720,Bocaina de Minas,2,5348,13.089005235602095,0.14285714285714285,1,0.8884000000000001,0.555877586636749,1.3089,19808.91,8.1,0.34966342557965596
310730,Bocaiúva,0,48032,15.406395736175883,0.013513513513513514,1,0.9194,0.6016318981789918,1.2387,29895.72,8.8,0.3713149566955363
310740,Bom Despacho,2,51737,42.136188801051475,0.0045871559633027525,1,0.9578,0.41122890774494075,1.1549,42391.56,9.6,0.15681233933161953
310750,Bom Jardim de Minas,0,6783,39.80539584254755,0.037037037037037035,1,0.9173,0.5364637082903337,1.5479,22474.56,8.7,0.26846528084918175
310760,Bom Jesus da Penha,0,4474,15.645954403218596,0,0,0.9227,0.4813179853971092,1.5645,45385.21,7.8,0.24273580688421995
310770,Bom Jesus do Amparo,0,5631,12.431184514295863,0.14285714285714285,1,0.9462,0.5874770615047653,1.2431,31687.66,8.2,0.29053454093411474
310780,Bom Jesus do Galho,1,14536,13.75894331315355,0,0,0.8572,0.6819218950651256,1.4446,15228.93,7.3,0.42205558613098515
310790,Bom Repouso,0,12649,15.81152660289351,0.05,1,0.9283,0.5381914248820724,1.3835,16582.87,7.9,0.24294410625345877
310800,Bom Sucesso,0,17151,23.90531164363594,0.024390243902439025,1,0.9106000000000001,0.44676695236429365,1.4284,27308.18,8.4,0.10949798845548364
310810,Bonfim,0,7434,21.522733387140168,0,0,0.9285,0.5294816608375931,1.4124,19218.24,7.8,0.3159806295399516
310820,Bonfinópolis de Minas,0,5528,23.516642547033285,0.07692307692307693,1,0.9074,0.6131964544138929,1.8994,85621.51,8.7,0.21183068017366136
310825,Bonito de Minas,0,10204,19.60015680125441,0,0,0.8253,0.7720501764014112,1.715,12492.57,7.2,0.5305762446099569
310830,Borda da Mata,0,17404,24.70696391634107,0.023255813953488372,1,0.9506999999999999,0.41235731249521185,1.4077,26729.85,9,0.19777062744196736
310840,Botelhos,1,14828,16.18559482060966,0.041666666666666664,1,0.9328,0.4522918352666127,1.4162,23349.51,8.3,0.19173185864580522
310850,Botumirim,0,5790,13.81692573402418,0.125,1,0.8667,0.6965889464594128,1.8134,14802.62,7.9,0.4227979274611399
310855,Brasilândia de Minas,0,15020,23.30226364846871,0.02857142857142857,1,0.9277,0.632057256990679,1.6311,31089.81,8.9,0.3701065246338216
310860,Brasília de Minas,1,32025,20.921155347384854,0.014925373134328358,1,0.8898999999999999,0.6574108769190736,1.7486,15947.78,8.6,0.3990632318501171
310870,Brás Pires,0,4260,28.169014084507044,0.08333333333333333,1,0.9147,0.589064945226917,1.6431,14172.66,6.8,0.39507042253521124
310880,Braúnas,1,4441,15.762215717180815,0,0,0.8919,0.6483900022517451,1.5762,50495.49,6.8,0.3298806575095699
310890,Brazópolis,0,14246,23.86634844868735,0.029411764705882353,1,0.9281999999999999,0.4674470026674154,1.474,19509.05,8.6,0.1301417941878422
310900,Brumadinho,3,38915,31.093408711293847,0.008264462809917356,1,0.9588,0.3738596942053193,1.7763,73116.53,10,0.14675574971090838
310910,Bueno Brandão,0,10911,28.411694620108147,0.03225806451612903,1,0.9258,0.5659579018116274,1.2831,23528.66,7.8,0.16322976812391166
310920,Buenópolis,0,9150,12.021857923497267,0.09090909090909091,1,0.8813,0.5746448087431694,1.53,20956.09,8.2,0.3383606557377049
310925,Bugre,0,4041,27.220984904726553,0,0,0.8509,0.7210673925595975,1.7322,13974.76,6.9,0.4102944815639693
310930,Buritis,0,24030,17.478152309612984,0.023809523809523808,1,0.9007,0.661284505479262,1.4565,60180.55,8.2,0.3424053266749896
310940,Buritizeiro,0,23910,17.14763697197825,0.024390243902439025,1,0.8874,0.7447372089781125,1.5736,35635.57,7.7,0.46863237139272274
310945,Cabeceira Grande,0,6627,15.08978421608571,0,0,0.903,0.587495598812937,2.1125,79944.02,8.5,0.30737890448166594
310950,Cabo Verde,0,11410,21.034180543383,0.041666666666666664,1,0.9209999999999999,0.5457858603564125,1.2269,28070.09,7.6,0.192988606485539
310960,Cachoeira da Prata,0,3693,18.954779312212292,0,0,0.9699,0.5886135932845925,0.9477,18441.58,9.5,0.16734362307067424
310970,Cachoeira de Minas,0,11883,14.30615164520744,0.058823529411764705,1,0.9366,0.32752671884204326,1.7672,51312.38,8.9,0.12261213498274846
310980,Cachoeira Dourada,0,2315,21.598272138228943,0,0,0.9265000000000001,0.4113390928725702,1.5118,67775.17,9.6,0.13822894168466524
310990,Caetanópolis,0,11435,15.741145605596852,0.05555555555555555,1,0.9534999999999999,0.37489433027255503,1.0712,31647.91,9,0.20568430257979886
311000,Caeté,5,38776,13.668248401072828,0.018867924528301886,1,0.9645,0.33357618114297505,0.9703,25895.68,9.6,0.18155560140292964
311010,Caiana,0,5304,18.85369532428356,0,0,0.9136,0.5751005530417296,1.9796,19563.27,7.7,0.34087481146304677
311020,Cajuri,0,4088,14.677103718199609,0,0,0.9109999999999999,0.8096868884540117,1.7123,31383.48,8.1,0.35738747553816047
311030,Caldas,0,14217,18.99134838573539,0.037037037037037035,1,0.94,0.3718259829781248,1.7232,26206.2,8.1,0.1788703664626855
311040,Camacho,0,2838,35.236081747709655,0,0,0.8703,0.3784648813718581,2.4665,31448.46,7.3,0.1719520789288231
311050,Camanducaia,1,26097,21.45840518067211,0,0,0.9298000000000001,0.31890958092245597,0.9388,50515.75,8.9,0.16381193240602368
311060,Cambuí,1,29536,52.478331527627304,0.0064516129032258064,1,0.9479000000000001,0.36170831076200793,1.3627,82998.47,9.4,0.14467091007583965
311070,Cambuquira,0,12313,21.115893770811336,0.038461538461538464,1,0.9211,0.540147269823222,1.6344,36965.69,8.2,0.27288231949971575
311080,Campanário,0,2923,23.947998631542934,0,0,0.8345999999999999,0.8751568023719923,2.3947,20925.98,7,0.518645227505987
311090,Campanha,0,15935,28.23972387825541,0.022222222222222223,1,0.9451,0.4973747515950215,1.4825,35264.92,9.3,0.22880451835582052
311100,Campestre,1,20696,24.642442984151526,0.0196078431372549,1,0.9379000000000001,0.37922787011982995,1.4797,27278.19,7.9,0.14191148047931967
311110,Campina Verde,0,18011,34.978624174115815,0.015873015873015872,1,0.9297,0.5199230100123998,1.1659,37625.23,8.4,0.1331963799900061
311115,Campo Azul,0,3714,21.54011847065159,0,0,0.8402,0.767635971997846,1.8847,14134.95,8,0.5872374798061389
311120,Campo Belo,1,52277,44.37898119631961,0.004310344827586207,1,0.9425,0.4239436080876867,1.0773,27891.73,8.9,0.1810356370870555
311130,Campo do Meio,0,11377,16.70036037619759,0,0,0.9326000000000001,0.500900940493979,1.5381,21479.75,8,0.25472444405379274
311140,Campo Florido,3,8466,12.993149066855658,0.09090909090909091,1,0.9251,0.5756063469564532,1.2402,124601.01,8.3,0.25525631939522797
311150,Campos Altos,1,12979,20.802835349410586,0.037037037037037035,1,0.9157,0.3774494696561112,1.0786,40439.11,8.1,0.20849063872409276
311160,Campos Gerais,2,26105,19.91955564068186,0.019230769230769232,1,0.9142,0.5119581178573709,1.52,32221.78,8.5,0.23424631296686457
311170,Canaã,1,4715,23.329798515376456,0,0,0.8835,0.6104984093319195,1.4846,21641.26,7.4,0.3730646871686108
311180,Canápolis,0,10608,21.681749622926095,0.043478260869565216,1,0.9201999999999999,0.3990463172448466,1.3197,88401.34,7.7,0.1556372549019608
311190,Cana Verde,0,5272,18.96813353566009,0,0,0.9070999999999999,0.4990674001011634,2.3235,18099.99,7.6,0.2120637329286798
311200,Candeias,1,14001,29.997857295907433,0.023809523809523808,1,0.8969,0.4990476870699712,1.4998,31618.63,7.5,0.20948503678308691
311205,Cantagalo,0,3974,12.581781580271766,0,0,0.8779,0.7498322429122631,1.7614,15925.87,7.4,0.4146955208857574
311210,Caparaó,0,5048,13.866877971473851,0,0,0.9041,0.665742208135235,1.3866,25672.72,7.8,0.4936608557844691
311220,Capela Nova,0,4362,16.047684548372306,0,0,0.9152,0.5285610576188293,1.6047,16089.87,7.6,0.3505272810637322
311230,Capelinha,0,39626,28.26427093322566,0.008928571428571428,1,0.875,0.6679368764615825,1.5677,28058.02,8.1,0.30926664311310753
311240,Capetinga,0,6562,18.28710758914965,0.08333333333333333,1,0.9209,0.49784110535405873,1.6001,35558.95,7.4,0.27003962206644316
311250,Capim Branco,0,10663,11.253868517302823,0,0,0.9504,0.4448169683328644,1.3129,16835.91,9.2,0.19169089374472476
311260,Capinópolis,1,14655,17.741385192766973,0.038461538461538464,1,0.9079,0.4941032639599681,1.1941,58817.72,8.5,0.17993858751279426
311265,Capitão Andrade,0,4585,15.267175572519085,0,0,0.8549,0.7259541984732825,2.29,15516.78,7.4,0.4089422028353326
311270,Capitão Enéas,0,14108,14.885171533881486,0.047619047619047616,1,0.8693000000000001,0.6928574803893772,1.7366,41139.63,7.9,0.4381202154805784
311280,Capitólio,0,10380,11.560693641618498,0.08333333333333333,1,0.9712999999999999,0.3840398201669878,1.0115,42758.08,9.2,0.12658959537572254
311290,Caputira,1,8936,14.547896150402865,0,0,0.8975,0.6898034168904804,1.9583,22031.3,7.7,0.4399059982094897
311300,Caraí,0,19548,11.254348270922856,0.045454545454545456,1,0.8055,0.6402914194120455,1.4323,14007.71,6.1,0.44920196439533455
311310,Caranaíba,0,2933,17.047391749062392,0,0,0.9222,0.5209114672121832,2.3866,16810.92,8.3,0.29798840777361063
311320,Carandaí,0,23812,43.255501427851506,0.009708737864077669,1,0.9547,0.43029074976202475,1.6168,37097.63,8.7,0.2152276163279019
311330,Carangola,1,31240,42.25352112676056,0.007575757575757576,1,0.9316,0.529988262910798,1.1256,24977.69,9.1,0.2651408450704225
311340,Caratinga,5,87360,32.967032967032964,0.003472222222222222,1,0.9351,0.37994028540903546,1.0058,32870.3,8.5,0.17395833333333333
311350,Carbonita,0,8512,27.020676691729324,0,0,0.8652,0.7026942355889724,1.6447,23487.07,7.9,0.3005169172932331
311360,Careaçu,0,6816,24.941314553990612,0.058823529411764705,1,0.9315000000000001,0.4514866979655712,1.5404,29280.55,8.5,0.23606220657276994
311370,Carlos Chagas,0,18615,16.653236637120603,0.03225806451612903,1,0.8370000000000001,0.6442832840898917,1.3161,33834.64,7.7,0.32822992210582863
311380,Carmésia,0,2605,15.355086372360844,0,0,0.8906000000000001,0.5470569417786308,1.3435,17477.55,8.1,0.28867562380038386
311390,Carmo da Cachoeira,0,11547,13.856412921105049,0.0625,1,0.92,0.4983112496752403,1.2124,31847.05,8.7,0.2918506971507751
311400,Carmo da Mata,0,11019,11.797803793447681,0.07692307692307693,1,0.9478,0.4488534954775086,1.5881,28594.4,8.4,0.16226517832834195
311410,Carmo de Minas,0,13797,23.193447850982096,0.03125,1,0.9224,0.4742999685922061,1.2683,23937.68,8.3,0.255562803508009
311420,Carmo do Cajuru,2,23479,10.221900421653393,0.041666666666666664,1,0.9523,0.22873276828939337,1.4906,33212.35,9.5,0.0874398398568934
311430,Carmo do Paranaíba,2,29011,48.94695115645789,0.007042253521126761,1,0.9449,0.46220686406305656,1.4477,41200.53,8.3,0.17831167488194133
311440,Carmo do Rio Claro,0,20954,25.293500047723587,0.018867924528301886,1,0.9411,0.4608785911997709,1.6285,40263.75,8.7,0.18459482676338645
311450,Carmópolis de Minas,0,18003,43.32611231461423,0.01282051282051282,1,0.9489,0.4912931178136977,1.3608,30071.74,8.1,0.17174915291895795
311455,Carneirinho,0,9422,21.226915729144554,0.05,1,0.907,0.29386011462534495,1.4858,72650.35,8.5,0.13871789428995968
311460,Carrancas,0,4049,12.348728081007657,0,0,0.9448000000000001,0.5062361076809089,1.7288,43049.31,9.2,0.14546801679427018
311470,Carvalhópolis,0,3341,29.931158335827597,0,0,0.9315000000000001,0.48224084605407563,1.0475,25807.84,9.2,0.14845854534570488
311480,Carvalhos,0,4422,20.352781546811396,0.1111111111111111,1,0.8936,0.5912294587667721,1.5829,23477.11,7.8,0.3548168249660787
311490,Casa Grande,0,2214,9.033423667570009,0,0,0.9483,0.44696627521830773,1.5808,37016.39,8.1,0.2000903342366757
311500,Cascalho Rico,1,2712,11.061946902654867,0,0,0.9656999999999999,0.5512844149459193,2.5811,37351.42,7.7,0.23930678466076696
311510,Cássia,0,17155,23.316817254444768,0.025,1,0.9289000000000001,0.54612843680171,1.1731,30305.57,8.1,0.22792188866219762
311520,Conceição da Barra de Minas,0,3560,22.471910112359552,0,0,0.9301999999999999,0.5583567415730337,1.9662,24578.96,7.7,0.3502808988764045
311530,Cataguases,3,66261,58.10356016359548,0.0025974025974025974,1,0.9603,0.3812448750647691,1.0036,32290.72,9.9,0.15211059295815035
311535,Catas Altas,0,5473,34.71587794628174,0.05263157894736842,1,0.9224,0.5821761374017906,1.279,325175.25,9.4,0.22346062488580304
311540,Catas Altas da Noruega,0,3110,12.861736334405144,0,0,0.9061,0.5420150053590568,2.2508,16604.57,7.6,0.3948553054662379
311545,Catuji,0,7030,15.647226173541963,0.09090909090909091,1,0.8134,0.8787221431958274,1.4935,15630.12,6.1,0.5971550497866287
311547,Catuti,1,4739,23.211648027009918,0,0,0.7797,0.8951079693324894,2.2156,14945.86,6.8,0.6275585566575227
311550,Caxambu,0,21056,45.59270516717325,0.010416666666666666,1,0.9555,0.4057869490881459,0.9973,22079.72,9.7,0.21029635258358662
311560,Cedro do Abaeté,0,1081,83.25624421831637,0,0,0.8858,0.6344434165895776,3.2377,25878.78,8.4,0.21646623496762257
311570,Central de Minas,0,6171,17.825311942959,0,0,0.8423,0.5513287959812024,1.7015,16210.33,7.2,0.3224760978771674
311580,Centralina,2,10207,11.756637601645929,0.08333333333333333,1,0.9148999999999999,0.44325789490872275,1.3716,43978,8.4,0.243264426374057
311590,Chácara,0,3075,16.260162601626018,0,0,0.9074,0.5963143631436315,2.2764,20261.4,7.6,0.3408130081300813
311600,Chalé,0,6075,19.753086419753085,0,0,0.9009,0.6545267489711935,1.7283,23001.8,8,0.4521810699588477
311610,Chapada do Norte,0,10337,19.347973299796845,0.05,1,0.7714,0.7110944503563251,2.7087,11745.8,6.8,0.40466286156525105
311615,Chapada Gaúcha,0,12355,21.04411169566977,0.038461538461538464,1,0.8782,0.8210171320652907,1.6288,47036.58,8.4,0.5485228652367462
311620,Chiador,0,2800,17.857142857142858,0,0,0.9422,0.6737202380952382,1.25,16825.14,8.1,0.3575
311630,Cipotânea,0,5581,34.044078122200325,0.05263157894736842,1,0.8893000000000001,0.6955294750044795,1.8813,14494.05,6.1,0.3873857731589321
311640,Claraval,0,4658,10.734220695577502,0,0,0.9365000000000001,0.5174431086303134,1.5027,56243.76,7.6,0.25032202662086733
311650,Claro dos Poções,0,7166,18.14122243929668,0.07692307692307693,1,0.872,0.7073797562563959,1.9536,15776.36,7.4,0.39729277142059727
311660,Cláudio,1,30159,24.20504658642528,0.0136986301369863,1,0.9626,0.3575604849851343,1.0444,47293.01,9,0.12056102655923605
311670,Coimbra,0,7117,14.05086412814388,0,0,0.9283,0.6217858648306871,1.4753,21021.4,8.4,0.2815793171280034
311680,Coluna,0,8163,23.275756462085017,0,0,0.8416,0.803023806607048,1.9294,16507.12,6.9,0.48474825431826535
311690,Comendador Gomes,0,2773,21.63721601153985,0,0,0.9013,0.5087450414713307,1.2621,81280.19,7.1,0.26289217454020913
311700,Comercinho,0,6660,12.012012012012011,0.125,1,0.7878000000000001,0.7908658658658659,2.1021,12639.05,6.5,0.528078078078078
311710,Conceição da Aparecida,0,10371,35.67640536110308,0.02702702702702703,1,0.9426000000000001,0.5015347282486421,1.3499,31415.11,8.2,0.23662134798958634
311720,Conceição das Pedras,0,2772,18.037518037518037,0.2,1,0.9236,0.5233285233285233,1.2626,28423.34,8,0.325036075036075
311730,Conceição das Alagoas,1,28381,14.798632888199853,0.023809523809523808,1,0.9358,0.47387630222096944,1.2332,62796.89,8.3,0.21870265318346782
311740,Conceição de Ipanema,0,4409,20.412792016330233,0,0,0.8781,0.6817494518787329,1.5876,20741.06,6.9,0.4835563619868451
311750,Conceição do Mato Dentro,1,23163,26.766826404179078,0.016129032258064516,1,0.9066,0.5241081322223661,1.3599,137909.63,8.7,0.29702542848508395
311760,Conceição do Pará,0,5415,18.467220683287167,0.1,1,0.9304000000000001,0.4476608187134503,1.2927,57902.77,8.5,0.18928901200369344
311770,Conceição do Rio Verde,1,12541,39.86922892911251,0.02,1,0.9086,0.5477500465141004,1.3954,28072.27,8.3,0.25348855753129734
311780,Conceição dos Ouros,1,10880,25.735294117647058,0.03571428571428571,1,0.9436,0.46315104166666665,1.9301,28357.83,8.7,0.18079044117647058
311783,Cônego Marinho,0,7237,15.199668370871908,0,0,0.8395,0.861567868822256,1.9345,10875.32,7.9,0.573303855188614
311787,Confins,0,7350,27.210884353741495,0,0,0.9609000000000001,0.34444444444444444,1.4285,220002.3,10.8,0.13319727891156463
311790,Congonhal,0,11083,32.48217991518542,0.027777777777777776,1,0.9319,0.45438208667929864,1.5789,24727.7,8.3,0.18334385996571326
311800,Congonhas,7,52890,32.33125354509359,0.005847953216374269,1,0.968,0.3577771475389172,1.3235,145467.84,10,0.11272452259406315
311810,Congonhas do Norte,0,4831,22.769612916580417,0,0,0.8497,0.6243186365831781,2.1734,13224.74,6.9,0.41047402194162697
311820,Conquista,0,6694,22.408126680609502,0.06666666666666667,1,0.927,0.45317946419679317,1.5685,100331.51,8.3,0.19943232745742456
311830,Conselheiro Lafaiete,7,131621,26.287598483524665,0.002890173410404624,1,0.9727,0.2279778049602014,0.924,26459.67,10.3,0.08752402732086825
311840,Conselheiro Pena,1,20824,15.847099500576258,0.030303030303030304,1,0.893,0.5132419323857088,1.8488,24052.58,7.9,0.3217921628889743
311850,Consolação,0,1563,31.98976327575176,0.2,1,0.8924,0.6429942418426103,2.2392,23198.36,7.9,0.37555982085732564
311860,Contagem,59,621863,14.729932477089005,0.001091703056768559,1,0.9729000000000001,0.35899868620580416,1.0182,72511.78,10.3,0.188213481104359
311870,Coqueiral,0,9023,25.490413388008424,0.043478260869565216,1,0.9401999999999999,0.5869537108869924,1.8425,31011.82,8.1,0.27928626842513576
311880,Coração de Jesus,0,25377,18.126650116246996,0.021739130434782608,1,0.87,0.6797625146129697,1.7929,14105.55,7.8,0.448043503960279
311890,Cordisburgo,1,7547,11.925268318537167,0,0,0.9201999999999999,0.6304933527671038,1.3912,21748,8.1,0.364383198621969
311900,Cordislândia,0,3200,18.75,0,0,0.9029,0.6107552083333334,2.1875,40996.03,8,0.3728125
311910,Corinto,0,23532,20.39775624681285,0.020833333333333332,1,0.9184,0.5039910193212079,1.1933,23238.31,7.9,0.30664626891041985
311920,Coroaci,0,10884,8.26901874310915,0,0,0.905,0.5063242680387112,1.6078,14704.27,8.4,0.3251561925762587
311930,Coromandel,1,28894,31.494427908908424,0.01098901098901099,1,0.9409000000000001,0.41734731547495446,1.0901,71010.76,8.7,0.20800166124454905
311940,Coronel Fabriciano,12,104736,19.28658722884204,0.0049504950495049506,1,0.9567,0.41739787020063146,0.944,22798.71,9.6,0.1659219370608005
311950,Coronel Murta,0,8200,10.975609756097562,0,0,0.846,0.8064430894308943,1.7073,14151.73,7.6,0.45170731707317074
311960,Coronel Pacheco,0,2762,18.102824040550328,0,0,0.9393,0.5066075307748009,1.2671,26227.49,7.8,0.19225199131064447
311970,Coronel Xavier Chaves,0,3486,20.080321285140563,0.14285714285714285,1,0.9564,0.4230254350736279,2.008,25771.95,8.9,0.15633964429145153
311980,Córrego Danta,0,2960,33.78378378378378,0,0,0.9204000000000001,0.46655405405405403,3.2516,61253.28,8.1,0.14932432432432433
311990,Córrego do Bom Jesus,0,4272,7.022471910112359,0,0,0.9327,0.2972651373283396,1.6385,15328.37,8.6,0.12944756554307116
311995,Córrego Fundo,0,6133,16.305233980107616,0.1,1,0.9209,0.5153812707212349,1.1413,82848.14,8.2,0.06603619761943584
312000,Córrego Novo,0,2875,17.391304347826086,0,0,0.8517,0.7047246376811594,2.4347,22171.2,6.1,0.4222608695652174
312010,Couto de Magalhães de Minas,1,4245,11.778563015312132,0,0,0.9002,0.7640164899882215,1.6489,18082.03,8.5,0.4122497055359246
312015,Crisólita,0,5265,13.295346628679962,0,0,0.7648,0.7107945552389997,1.9943,17531.18,6.8,0.5226970560303894
312020,Cristais,0,12197,20.496843486103142,0,0,0.9333,0.5571110382334453,1.7217,28127.36,7.6,0.18192998278265146
312030,Cristália,0,5121,15.621948838117556,0,0,0.872,1.0149222157130768,2.0503,14537.52,8.1,0.7641085725444249
312040,Cristiano Otoni,0,4667,12.8562245553889,0,0,0.9503,0.5615134633240483,1.4998,36140.51,8.5,0.23655453181915578
312050,Cristina,0,10374,22.170811644495856,0.043478260869565216,1,0.9384,0.3925840241629715,1.3495,30535.25,7.5,0.20310391363022942
312060,Crucilândia,0,5434,22.08317997791682,0.08333333333333333,1,0.9075,0.50440130045393206,2.2543,18529.98,7.4,0.2193595877806404
312070,Cruzeiro da Fortaleza,0,3521,22.72081794944618,0,0,0.9415,0.8207895484237433,1.988,52043.75,9.1,0.364101107639875
312080,Cruzília,1,15362,20.830621012888948,0.03125,1,0.9298000000000001,0.5179013149329514,1.5948,27418.39,8.6,0.2758104413487827
312083,Cuparaque,0,3983,27.617373838814963,0.09090909090909091,1,0.8571,0.6853293162607749,2.6362,20995.06,7.3,0.4215415515942757
312087,Curral de Dentro,2,7406,16.203078584931138,0.08333333333333333,1,0.8266,0.8948262669907282,1.8903,12793.26,7.4,0.6289495004050769
312090,Curvelo,2,80665,30.24855885452179,0.004098360655737705,1,0.948,0.43384987293125893,1.1064,33550.19,9.2,0.2294675509824583
312100,Datas,0,5465,32.93687099725526,0.05555555555555555,1,0.9235,0.9039493748093931,2.5617,16112.58,8.3,0.5010064043915828
312110,Delfim Moreira,0,7952,27.665995975855132,0,0,0.9401,0.43128563044936286,1.7605,17835,8.7,0.2369215291750503
312120,Delfinópolis,0,8393,14.29762897652806,0,0,0.925,0.4132610508757298,1.668,42373.44,7.5,0.16668652448468962
312125,Delta,0,10494,9.52925481227368,0.1,1,0.9103,0.5140477098024269,1.0005,67510.91,7.7,0.3036973508671622
312130,Descoberto,0,4928,24.350649350649352,0.08333333333333333,1,0.9222,0.632609577922078,1.4204,23599.35,8,0.2765827922077922
312140,Desterro de Entre Rios,0,7653,28.7468966418398,0.045454545454545456,1,0.9057999999999999,0.33393222701337166,1.8293,32633.58,7.7,0.17679341434731477
312150,Desterro do Melo,0,2994,26.720106880427522,0,0,0.8937999999999999,0.5799098196392786,1.169,20721.76,7.4,0.30828323313293254
312160,Diamantina,0,47702,45.910024736908305,0.0045662100456621,1,0.935,0.6116340335136193,1.1776,25181.77,9.9,0.2831537461741646
312170,Diogo de Vasconcelos,0,3549,25.359256128486898,0,0,0.8303,0.6637785291631445,1.9723,15597.34,6.6,0.37531699070160607
312180,Dionísio,0,6847,17.525923762231635,0.08333333333333333,1,0.9093000000000001,0.5659899712769583,2.0446,15306.41,8.1,0.30378267854534835
312190,Divinésia,0,4226,23.663038334122103,0,0,0.9340999999999999,0.5854432875847926,1.6564,20587.66,8.3,0.27449124467581637
312200,Divino,1,20706,28.977108084613157,0.016666666666666666,1,0.8858,0.6656484432853601,1.5212,21385.58,7.5,0.39476480247271323
312210,Divino das Laranjeiras,0,4178,19.147917663954043,0,0,0.8575,0.730014360938248,1.6754,16831.32,7.9,0.4281953087601723
312220,Divinolândia de Minas,0,6516,27.624309392265193,0.05555555555555555,1,0.892,0.8148276038469409,2.1485,14059.92,7.4,0.5222529158993248
312230,Divinópolis,5,231091,49.0283048669139,8.8261253309797e-4,1,0.9712999999999999,0.2874643178084247,1.0254,40414.09,10.3,0.10755503243311076
312235,Divisa Alegre,0,6321,22.148394241417495,0.07142857142857142,1,0.8347,0.8605837683910773,1.6611,34280.28,7.8,0.5586141433317513
312240,Divisa Nova,0,5851,18.80020509314647,0.09090909090909091,1,0.9115000000000001,0.47040391955791033,1.1963,26848.3,8,0.2064604341138267
312245,Divisópolis,0,10213,11.749730735337316,0,0,0.8107,0.7192140735663697,1.3708,11603.17,6.6,0.5195339273474983
312247,Dom Bosco,0,3697,29.75385447660265,0,0,0.9148999999999999,0.6606708141736544,1.8934,23109.86,8,0.31917771165810116
312250,Dom Cavati,0,4904,24.469820554649267,0.08333333333333333,1,0.9079,0.5534937466014138,2.1411,17412.51,7.9,0.17781402936378465
312260,Dom Joaquim,0,4899,14.288630332720963,0,0,0.8896999999999999,0.5831802408654827,1.4288,16710.43,8.3,0.3737497448458869
312270,Dom Silvério,0,5228,26.778882938026015,0,0,0.9308,0.46148941596531495,1.3389,24641.46,8.5,0.21767406273909717
312280,Dom Viçoso,0,3095,32.31017770597738,0.1,1,0.9314,0.46626278944534194,1.1308,16382.71,8.7,0.2578352180936995
312290,Dona Eusébia,0,6093,8.206138191367142,0,0,0.9340999999999999,0.5231686634936266,1.7232,20782.36,8.4,0.24322993599212211
312300,Dores de Campos,0,10007,16.98810832417308,0.058823529411764705,1,0.9523,0.4075730322107858,0.6995,48563.7,8.5,0.14879584290996303
312310,Dores de Guanhães,0,5029,17.896202028236228,0,0,0.8568000000000001,0.683668058593491,2.0878,37874.38,7.1,0.3436070789421356
312320,Dores do Indaiá,0,12630,30.087094220110846,0.02631578947368421,1,0.9185,0.4647730271839535,1.1084,31579.19,8.8,0.15866983372921614
312330,Dores do Turvo,0,4987,16.04170844194907,0.125,1,0.895,0.5593543212352116,1.4036,15399.71,7.9,0.33507118508121114
312340,Doresópolis,0,1461,47.912388774811774,0,0,0.9415,0.4447296372347707,3.5934,92215.68,8.7,0.20739219712525667
312350,Douradoquara,2,1829,21.869874248223073,0,0,0.9369,0.3081374157098597,1.9136,48518.73,9.1,0.15472936030617823
312352,Durandé,1,7817,11.51336829985928,0,0,0.885,0.6543004562705216,1.3432,19727.94,7.7,0.4001535115773315
312360,Elói Mendes,1,26336,41.76792223572296,0.00909090909090909,1,0.9236,0.4318708232077764,0.9302,36009.33,8.5,0.19498025516403403
312370,Engenheiro Caldas,0,13622,19.820877991484362,0.037037037037037035,1,0.879,0.4279107326383791,1.2204,13866.2,8,0.2312435765673176
312380,Engenheiro Navarro,0,6354,17.311929493232608,0.09090909090909091,1,0.8578,0.7966241737488197,2.7541,18328.51,8.2,0.5264400377714825
312385,Entre Folhas,0,5179,11.585248117397182,0,0,0.8903,0.71680504601918,1.6895,15886.28,6.1,0.4049044217030315
312390,Entre Rios de Minas,0,14746,28.482300284823,0.023809523809523808,1,0.9381,0.41993874044938745,1.4241,28299.66,9,0.1434965414349654
312400,Ervália,2,20255,14.811157738829918,0.03333333333333333,1,0.8876000000000001,0.49473381058174937,1.7397,28482.31,7.8,0.24300172796840286
312410,Esmeraldas,4,85598,8.060936003177645,0.014492753623188406,1,0.9484,0.5489409799294376,0.9097,15358.89,8.9,0.30568471225963223
312420,Espera Feliz,0,24102,16.59613310098747,0.025,1,0.9070999999999999,0.517612646253423,1.1617,23682.64,7,0.30789975935607006
312430,Espinosa,0,30443,19.05199881746214,0.017241379310344827,1,0.8243,0.7446457313668167,1.3796,15510.85,7.3,0.4562953716782183
312440,Espírito Santo do Dourado,1,6611,15.126304643775526,0,0,0.9146,0.6025185297231886,1.0588,22849.15,7.7,0.3265769172591136
312450,Estiva,2,11502,12.171796209354895,0,0,0.9142,0.41455109256361217,1.8257,49781.24,8,0.20005216484089725
312460,Estrela Dalva,2,2186,18.298261665141812,0,0,0.8883,0.5878316559926807,1.601,23666.92,7.5,0.32570905763952424
312470,Estrela do Indaiá,0,2772,43.29004329004329,0,0,0.9116,0.4573412698412698,1.2626,59125.42,7.6,0.13564213564213565
312480,Estrela do Sul,0,6840,13.157894736842104,0.1111111111111111,1,0.9148000000000001,0.40891812865497074,2.0467,67003.37,8.5,0.20307017543859648
312490,Eugenópolis,0,10801,20.36848439959263,0.045454545454545456,1,0.9133,0.5936255902231274,1.956,22512.24,8.2,0.31506342005369875
312500,Ewbank da Câmara,0,3875,10.32258064516129,0,0,0.9443,0.6855913978494623,1.8064,18471.12,8.7,0.4170322580645161
312510,Extrema,2,53482,30.290565049923337,0.006172839506172839,1,0.9638,0.3266379342582551,1.3088,377790.63,9.9,0.0834673348042332
312520,Fama,0,2578,23.273855702094647,0,0,0.9336,0.41605249547452805,1.3576,26425.73,9.1,0.21644685802948022
312530,Faria Lemos,0,3188,21.9573400250941,0.14285714285714285,1,0.915,0.6069374738603095,2.1957,24926.49,8.7,0.39146800501882056
312540,Felício dos Santos,0,5133,13.637249172024157,0,0,0.8745999999999999,0.8512078706409507,2.0455,17594.88,7.7,0.43970387687512175
312550,São Gonçalo do Rio Preto,0,3032,23.08707124010554,0,0,0.8745999999999999,0.7533806068601583,2.3087,19631.11,8.6,0.3548812664907652
312560,Felisburgo,0,6489,18.49283402681461,0,0,0.813,0.7850721734216879,1.6181,14080.51,7.4,0.5125597164432116
312570,Felixlândia,0,13978,22.89311775647446,0.03125,1,0.9309000000000001,0.5126925645061287,2.1283,22597.47,8.2,0.27078265846329946
312580,Fernandes Tourinho,0,2789,17.927572606669056,0,0,0.8312999999999999,0.7236165889805187,2.5098,19978.58,6.9,0.2621011115095016
312590,Ferros,0,9590,20.855057351407716,0,0,0.85,0.4807003823427181,1.4598,17054.14,7,0.2670490093847758
312595,Fervedouro,2,10445,15.318334131163237,0.0625,1,0.8789,0.6564704005106111,1.3403,17689.06,7.2,0.3861177596936333
312600,Florestal,0,8045,34.80422622747048,0.03571428571428571,1,0.9621999999999999,0.4442407292314067,0.8701,22735.72,10.1,0.15040397762585456
312610,Formiga,4,68248,34.433243465009966,0.00425531914893617,1,0.9531999999999999,0.29463867073027783,1.0231,43506.98,9.6,0.1033729926151682
312620,Formoso,0,7949,10.064159013712416,0,0,0.8568000000000001,0.8355663186145008,1.7612,67456.04,7.4,0.5564221914706252
312630,Fortaleza de Minas,0,3477,17.25625539257981,0,0,0.9212,0.29946793212539546,1.0066,28350.46,8.6,0.14121368996261144
312640,Fortuna de Minas,0,3093,19.398642095053347,0,0,0.9516,0.532007759456838,1.1315,22942.53,8.9,0.26867119301648884
312650,Francisco Badaró,0,7366,31.224545207711106,0.043478260869565216,1,0.8287,0.7364806769843425,2.3757,12382.79,6.6,0.3904425739885963
312660,Francisco Dumont,0,4503,19.986675549633578,0,0,0.8645,0.7621955733214894,2.3317,23631.45,7.2,0.4539196091494559
312670,Francisco Sá,0,23476,13.204975293917192,0.03225806451612903,1,0.8456,0.6734075935707389,1.4922,22700.54,7.6,0.4410035781223377
312675,Franciscópolis,0,5034,11.918951132300357,0,0,0.789,0.6203648523374388,1.3905,18891.17,4.7,0.4378228049264998
312680,Frei Gaspar,0,5640,7.092198581560283,0,0,0.8044,0.7292405437352246,1.8617,16149.54,6.8,0.5322695035460993
312690,Frei Inocêncio,1,8226,13.37223437879893,0,0,0.8726999999999999,0.7784869114190777,2.1274,21092.78,7,0.4666909798200827
312695,Frei Lagonegro,0,3391,11.795930404010617,0,0,0.8314,0.8504374324191488,2.0642,15019.98,6.8,0.592155706281333
312700,Fronteira,0,14540,17.1939477303989,0.04,1,0.9194,0.45032668500687756,1.2035,74995.47,8.6,0.21808803301237964
312705,Fronteira dos Vales,0,4345,9.205983889528193,0,0,0.7898000000000001,0.8805523590333717,1.611,13301.8,7.4,0.6741081703107019
312707,Fruta de Leite,0,4647,17.215407789972026,0,0,0.7272,0.8951832723620975,2.2595,12359.93,6.3,0.47536044760060253
312710,Frutal,8,58588,41.98812043421861,0.0040650406504065045,1,0.9540000000000001,0.36393971461732777,0.6136,68730.26,8.9,0.14547347579709155
312720,Funilândia,0,4686,21.340162185232607,0,0,0.9376000000000001,0.6394223929435198,1.4938,23719.13,8.4,0.3553137003841229
312730,Galiléia,0,6222,16.07200257152041,0,0,0.8724,0.650728597449909,1.6875,20379.66,7.9,0.34088717454194795
312733,Gameleiras,0,4793,18.777383684539956,0.1111111111111111,1,0.7994,0.8255268099311496,2.1906,15620.51,7.3,0.41226789067389946
312735,Glaucilândia,0,2928,30.737704918032787,0,0,0.9013,0.7865437158469946,2.3907,18917.24,7.7,0.3941256830601093
312737,Goiabeira,0,2830,42.40282685512368,0.08333333333333333,1,0.8426,0.6882803297997644,2.4734,20156.16,7.7,0.38197879858657247
312738,Goianá,0,4053,27.140389834690353,0.09090909090909091,1,0.9370999999999999,0.5985484003618718,2.1588,25771.9,9.1,0.28793486306439675
312740,Gonçalves,0,4727,12.693039983075947,0.16666666666666666,1,0.9267,0.2799344192934208,1.4808,26274.67,9.4,0.0945631478739158
312750,Gonzaga,0,5230,15.296367112810707,0.125,1,0.8519,0.8235500318674316,2.0076,17753.38,6.4,0.36692160611854685
312760,Gouveia,1,11331,16.768158150207395,0.05263157894736842,1,0.9342,0.5168122848821817,1.8533,18176.41,8.7,0.2244285588209337
312770,Governador Valadares,20,257171,35.65720862772241,0.0010905125408942203,1,0.9495,0.4755820705548708,0.925,33488.48,9.8,0.18597742358197464
312780,Grão Mogol,0,13901,14.387454139989929,0.05,1,0.8391,0.5777402105364122,1.5106,58805.79,7.4,0.37119631681174015
312790,Grupiara,0,1392,35.91954022988506,0,0,0.9393,0.4363026819923372,2.5143,37038.97,9.6,0.06609195402298851
312800,Guanhães,0,32244,30.703386676590995,0.010101010101010102,1,0.9212,0.5440236943307282,1.5295,39834.75,8.2,0.2903175784642104
312810,Guapé,0,13772,11.617775196049957,0,0,0.9377,0.36389655339335847,1.2706,36292.61,8.2,0.16352018588440315
312820,Guaraciaba,0,9753,12.303906490310673,0.08333333333333333,1,0.8756,0.5112273146724085,1.4354,13580.82,7.2,0.29180764892853484
312825,Guaraciama,0,5051,9.899029895070283,0,0,0.8776999999999999,0.7361248597637431,2.0787,16579.95,8.3,0.48129083349831714
312830,Guaranésia,0,19150,20.365535248041777,0.02564102564102564,1,0.9279999999999999,0.4152436901653612,1.2793,42362.89,8.6,0.166266318537859
312840,Guarani,0,7714,15.5561317085818,0.08333333333333333,1,0.9242,0.5316524068792672,2.0417,29320.68,8.6,0.26289862587503243
312850,Guarará,0,3149,25.40489044140997,0.125,1,0.9331,0.8112363713348153,2.2229,22954.16,8.7,0.3724992060971737
312860,Guarda-Mor,0,6539,27.527144823367486,0.05555555555555555,1,0.9329999999999999,0.4944945710353265,1.6057,136087.37,8.6,0.21195901513992965
312870,Guaxupé,1,50911,51.658777081573724,0.0038022813688212928,1,0.9525,0.3528837906673738,0.9968,47760.99,9.6,0.11793129186226944
312880,Guidoval,0,7131,23.839573692329267,0.058823529411764705,1,0.9211,0.573318375169448,1.4724,18839.35,8.3,0.3027625858925817
312890,Guimarânia,1,8478,21.231422505307854,0.05555555555555555,1,0.9373,0.7073110796571518,1.2384,42383.07,8.4,0.29830148619957536
312900,Guiricema,0,7778,14.14245307276935,0,0,0.9077,0.49289663152481356,1.3499,17469.73,7.9,0.26857804062741064
312910,Gurinhatã,0,5192,17.334360554699536,0,0,0.8884000000000001,0.5342995634309194,2.0223,45910.62,7.6,0.2430662557781202
312920,Heliodora,0,6134,32.605151613955,0,0,0.8976000000000001,0.464270188023041,1.7117,25585.81,7.7,0.15373328985979784
312930,Iapu,0,12030,7.4812967581047385,0.1111111111111111,1,0.8981,0.5501316154059296,1.7456,17171.12,6.3,0.2753117206982544
312940,Ibertioga,0,5198,25.00961908426318,0,0,0.8901,0.5650089778119789,2.02,23254.09,7.6,0.3049249711427472
312950,Ibiá,0,22229,40.937514058212244,0.01098901098901099,1,0.9444,0.39957937828962165,1.2202,76543.04,8.1,0.21017589635161277
312960,Ibiaí,0,6286,23.862551702195354,0.06666666666666667,1,0.8789,0.8051092374589034,2.2271,19682.43,6.8,0.5464524339802737
312965,Ibiracatu,0,5081,13.77681558748278,0,0,0.7925,0.9169454831726038,2.0665,12239.29,7.3,0.5685888604605392
312970,Ibiraci,0,10948,19.18158567774936,0.047619047619047616,1,0.9270999999999999,0.49104098161003534,1.5984,81825.83,7.8,0.24716843259042748
312980,Ibirité,17,170537,5.453362027008802,0.010752688172043012,1,0.9575,0.473011721796443,1.0266,18973.2,9.3,0.2237696218415945
312990,Ibitiúra de Minas,0,3365,14.85884101040119,0,0,0.9175,0.4289747399702823,1.0401,22562.83,7.9,0.19732540861812778
313000,Ibituruna,0,2698,14.825796886582653,0,0,0.9307,0.5638744749196936,1.2972,27000.16,8.8,0.3094885100074129
313005,Icaraí de Minas,0,10677,11.2391121101433,0,0,0.8756999999999999,0.705792825700103,1.9668,11855.81,7.2,0.4644563079516718
313010,Igarapé,1,45847,11.996422884812528,0.01818181818181818,1,0.9521,0.40707498127830977,1.1069,30576.13,9.4,0.22904443038802974
313020,Igaratinga,0,10830,12.003693444136658,0.07692307692307693,1,0.9394,0.3265158510310865,1.939,76779.93,7.9,0.11265004616805172
313030,Iguatama,0,6826,19.04482859654263,0.07692307692307693,1,0.9570000000000001,0.4305718331868347,2.0509,83455.72,9.1,0.21344857896278935
313040,Ijaci,0,7003,22.84735113522776,0.0625,1,0.9442,0.45394830786805657,1.4993,85943.92,9.2,0.22933028701984864
313050,Ilicínea,0,12741,18.836825994819872,0.041666666666666664,1,0.9354,0.45323496324202706,1.5795,24689.19,8.2,0.1625461109802998
313055,Imbé de Minas,0,6986,8.588605782994561,0,0,0.8706999999999999,0.7563937398606738,1.503,18600.72,6.4,0.5071571714858288
313060,Inconfidentes,0,7301,6.848376934666484,0,0,0.9440999999999999,0.41662101082043557,1.6778,24012.16,8.2,0.1449116559375428
313065,Indaiabira,0,6346,23.63693665300977,0,0,0.7421,0.7871625170711208,2.2061,15257.71,6.7,0.5739048219350772
313070,Indianópolis,0,6171,12.963863231242911,0,0,0.9114,0.40736239399341007,1.7015,348422.72,8,0.20855614973262032
313080,Ingaí,0,2580,19.37984496124031,0,0,0.9373999999999999,0.47151162790697676,1.3565,63257.13,7.1,0.20271317829457364
313090,Inhapim,1,22692,23.79693283976732,0.018518518518518517,1,0.8992,0.6852414947999295,1.5423,23940.58,7.4,0.406795346377578
313100,Inhaúma,0,6239,16.02820964898221,0.1,1,0.9439,0.5902788908478923,1.6829,25286.14,8.6,0.3316236576374419
313110,Inimutaba,0,7371,13.5666802333469,0.1,1,0.9073,0.63769049880161,1.8993,14831.39,8,0.2878849545516212
313115,Ipaba,1,17136,10.504201680672269,0.05555555555555555,1,0.9159999999999999,0.4994991051976346,1.6474,13158.54,8,0.23482726423902894
313120,Ipanema,0,19522,24.075402110439505,0.02127659574468085,1,0.8979,0.5189615135061298,1.2101,21688.93,7.8,0.31277533039647576
313130,Ipatinga,18,227731,34.25093641181921,0.001282051282051282,1,0.9640000000000001,0.4110449023921498,1.0422,74079.68,10.1,0.17966811720846085
313140,Ipiaçu,0,3775,15.894039735099337,0,0,0.8961,0.5234437086092715,1.8543,61065.16,8.2,0.29721854304635764
313150,Ipuiúna,1,9135,31.746031746031747,0.034482758620689655,1,0.9153,0.48120780879401565,1.1494,24456.86,7.5,0.1746031746031746
313160,Iraí de Minas,0,7180,11.142061281337048,0.125,1,0.9422,0.5646007428040855,0.9749,63400.24,8.4,0.2862116991643454
313170,Itabira,3,113343,61.93589370318414,0.0014245014245014246,1,0.9538,0.32734413829408665,1.019,65590.29,9.6,0.13209461545926965
313180,Itabirinha,0,10362,15.441034549314804,0,0,0.8771,0.7091455960882713,1.6888,17611.15,7.2,0.3706813356494885
313190,Itabirito,5,53365,29.232643118148598,0.00641025641025641,1,0.9697,0.2706236921827665,1.1149,134178.66,10,0.11734282769605547
313200,Itacambira,0,4252,25.870178739416744,0,0,0.8852,0.7219935716525556,2.4694,17032.78,7,0.4207431796801505
313210,Itacarambi,0,17208,16.271501627150162,0.03571428571428571,1,0.8508,0.7071807686347434,1.4237,17018.25,7.7,0.43596001859600186
313220,Itaguara,1,13846,21.666907410082334,0.03333333333333333,1,0.9457,0.42880615340170447,1.2639,33656.66,8.3,0.16582406471183014
313230,Itaipé,0,10463,10.513237121284526,0.09090909090909091,1,0.7976000000000001,0.7885246423906465,2.007,13728.27,6.6,0.5680971040810475
313240,Itajubá,7,93073,59.845497620147626,0.0017953321364452424,1,0.9729000000000001,0.33374967319559196,1.0916,48327.22,10.6,0.15353539694648285
313250,Itamarandiba,2,32948,20.94209056695399,0.014492753623188406,1,0.8611,0.6164258832099065,1.3809,20332.03,7.6,0.31173364088867306
313260,Itamarati de Minas,0,3690,29.81029810298103,0,0,0.9305,0.6053071364046975,1.897,19962.06,8.2,0.2815718157181572
313270,Itambacuri,1,21042,19.0095998479232,0.025,1,0.838,0.710875867312993,1.9995,19725.07,7.4,0.47462218420302255
313280,Itambé do Mato Dentro,0,2142,23.34267040149393,0,0,0.8633,0.6465530656707128,1.6339,20138.96,7.1,0.26330532212885155
313290,Itamogi,0,10770,18.570102135561747,0.05,1,0.9427,0.37342154131847727,1.2999,32355.33,8.4,0.20389972144846796
313300,Itamonte,1,14786,27.72893277424591,0.024390243902439025,1,0.9687,0.40916520131656076,1.4202,73576.56,8.9,0.17428648721763831
313310,Itanhandu,0,15236,68.25938566552901,0.009615384615384616,1,0.9639,0.3378019165135206,1.1485,42614.62,9.7,0.12765817799947493
313320,Itanhomi,0,11128,17.074047447879224,0.05263157894736842,1,0.8812000000000001,0.5016474958063742,1.5726,16065.64,7,0.19320632638389648
313330,Itaobim,1,19151,28.71912693854107,0.01818181818181818,1,0.8426,0.6216342053504603,1.7939,19630.93,8.1,0.33716255025847214
313340,Itapagipe,1,13690,29.218407596785976,0.025,1,0.9439,0.331872412953494,1.0484,52218.53,8.6,0.17925493060628195
313350,Itapecerica,3,21046,24.232633279483036,0.0196078431372549,1,0.9309999999999999,0.41891174886755994,1.3304,31642.7,8.7,0.1619310082676043
313360,Itapeva,2,12692,11.818468326504885,0.06666666666666667,1,0.9405,0.3894382288055468,1.5282,134876.72,8.3,0.18145288370627166
313370,Itatiaiuçu,0,12966,13.882461823229987,0.05555555555555555,1,0.9412999999999999,0.42142912231991364,1.3496,187766.1,8.3,0.1340428813820762
313375,Itaú de Minas,0,14406,36.096071081493825,0.019230769230769232,1,0.9692000000000001,0.38629737609329445,1.2147,62415.85,9.9,0.11710398445092322
313380,Itaúna,3,97669,29.69212339636937,0.0034482758620689655,1,0.9732,0.19481957768927022,0.8421,50947.27,10.2,0.08296388823475206
313390,Itaverava,0,5642,15.951790145338533,0,0,0.8776999999999999,0.48800661703887516,1.861,14885.87,6.6,0.30893300248138955
313400,Itinga,1,13745,13.823208439432522,0.05263157894736842,1,0.8382,0.7331696374439189,1.4641,20633.91,7.4,0.4527464532557294
313410,Itueta,0,6055,11.560693641618498,0,0,0.8806,0.663776493256262,1.7341,27072.4,7.6,0.3836498761354253
313420,Ituiutaba,13,102217,34.143048612266064,0.0028653295128939827,1,0.941,0.4311856149172838,0.5914,48673.56,9.4,0.1306436307072209
313430,Itumirim,1,6638,16.57125640253088,0,0,0.95,0.5123531184091594,1.4499,16716.96,8.9,0.3076227779451642
313440,Iturama,3,38295,32.11907559733647,0.008130081300813009,1,0.9356,0.42601514558036296,0.8225,74812.25,9.5,0.22872437655046352
313450,Itutinga,0,4217,16.599478302110505,0.14285714285714285,1,0.9387000000000001,0.5328827760651331,1.6599,52582.95,9,0.19397676073037703
313460,Jaboticatubas,0,20406,16.17171420170538,0.030303030303030304,1,0.929,0.37997402724688817,1.0291,18317.61,8.5,0.2026854846613741
313470,Jacinto,1,11042,19.01829378735736,0.047619047619047616,1,0.8140000000000001,0.6625913179979472,1.9018,14462.07,7.3,0.4508241260641188
313480,Jacuí,0,7495,21.34756504336224,0.0625,1,0.9209,0.5353569046030687,1.2841,24856.4,7.7,0.18785857238158774
313490,Jacutinga,0,25525,15.670910871694417,0.025,1,0.9553,0.3734247469800849,0.6856,66949.64,8.9,0.10170421155729677
313500,Jaguaraçu,0,3092,19.404915912031047,0,0,0.9145,0.5425560586459681,2.2639,50882.66,8.6,0.21216041397153945
313505,Jaíba,1,37660,12.48008497079129,0.02127659574468085,1,0.8756999999999999,0.7616591432111878,1.6728,25754.48,7.8,0.4935209771640998
313507,Jampruca,1,4296,6.983240223463687,0,0,0.8265,0.7927141527001862,1.6294,19751.72,6.9,0.47695530726256985
313510,Janaúba,6,70699,23.055488762217287,0.006134969325153374,1,0.9065000000000001,0.6609440491850427,1.3397,27796.16,9,0.3119421773999632
313520,Januária,1,65150,21.795855717574828,0.007042253521126761,1,0.8839,0.6844359171143515,1.3203,15970.66,8.9,0.4538296239447429
313530,Japaraíba,0,4506,28.850421660008877,0.07692307692307693,1,0.9528,0.4243231247225921,1.5534,28045.89,9.3,0.15623612960497116
313535,Japonvar,0,8127,20.91792789467208,0.058823529411764705,1,0.8273,0.8617878676018211,1.7226,12321.35,7.5,0.48849513965793034
313540,Jeceaba,0,6197,20.97789252864289,0.07692307692307693,1,0.9381,0.4492765316551019,1.1295,272673.1,8.6,0.20526060997256737
313545,Jenipapo de Minas,0,6100,18.0327868852459,0,0,0.8167,0.6670628415300547,2.7254,14405.55,7,0.3675409836065574
313550,Jequeri,0,12419,22.54609871970368,0.03571428571428571,1,0.8797,0.5549225648871353,1.4091,19779.54,6.8,0.3468073113777277
313560,Jequitaí,0,6484,24.676125848241828,0.0625,1,0.8604,0.8545136746864076,1.6193,24257.23,7.5,0.5899136335595312
313570,Jequitibá,0,5883,16.998130205677377,0.1,1,0.9218000000000001,0.5245906283642132,1.7848,27494.99,8.2,0.28318884922658505
313580,Jequitinhonha,0,24007,17.49489732161453,0.023809523809523808,1,0.8259000000000001,0.6312290859610391,1.6124,15993.16,7.4,0.38542924980214105
313590,Jesuânia,0,5138,15.57026080186843,0,0,0.9089,0.6541131438951603,1.3623,22011.09,8.1,0.37018295056442196
313600,Joaíma,1,13888,16.5610599078341,0.043478260869565216,1,0.789,0.7789518529185868,1.8901,15202.06,6.9,0.5902937788018433
313610,Joanésia,0,4329,13.86001386001386,0.16666666666666666,1,0.8768,0.607954107954108,2.4255,27734.73,6.5,0.334026334026334
313620,João Monlevade,3,80187,49.633980570416654,0.002512562814070352,1,0.9714,0.21602940626286057,0.7638,53454.42,10.2,0.11898437402571489
313630,João Pinheiro,3,46801,21.580735454370632,0.009900990099009901,1,0.9278,0.5164740069656631,1.0529,54758.05,8.2,0.2824725967393859
313640,Joaquim Felício,0,3854,28.541774779449923,0,0,0.8691,0.7927261719425704,1.8162,21696.86,7.6,0.4657498702646601
313650,Jordânia,0,10304,21.350931677018632,0.045454545454545456,1,0.84,0.5172586697722567,1.6983,12561.01,7.8,0.3107531055900621
313652,José Gonçalves de Minas,0,3969,25.195263290501387,0,0,0.8689,0.6882716049382716,1.7636,15684.37,7.8,0.4426807760141093
313655,José Raydan,0,4268,11.715089034676664,0.2,1,0.8543000000000001,0.6767806935332709,2.4601,26665.99,6.8,0.44189315838800375
313657,Josenópolis,0,3630,13.774104683195592,0,0,0.8169,0.816505968778696,1.9283,16428.46,6.7,0.4977961432506887
313660,Nova União,1,5909,11.846336097478423,0,0,0.9068,0.586464150730524,1.7769,24892.45,8.6,0.37146725334235914
313665,Juatuba,0,30716,25.068368277119415,0.012987012987012988,1,0.9490000000000001,0.5463791943395407,1.4813,69161,9.4,0.28076572470373745
313670,Juiz de Fora,49,540756,36.04213360554483,5.13083632632119e-4,1,0.9777,0.30126125892885763,1.4978,43035.36,10.7,0.13789028693162905
313680,Juramento,0,3768,21.231422505307854,0,0,0.8797,0.8034766454352441,1.8577,16910.52,8.2,0.45222929936305734
313690,Juruaia,1,11084,27.066041140382534,0.03333333333333333,1,0.9537,0.32973204619271024,1.5788,27366.31,8.1,0.1164741970407795
313695,Juvenília,0,5789,12.091898428053204,0.14285714285714285,1,0.8458,0.8468935337133645,1.8137,15524.41,7.4,0.49749524961133185
313700,Ladainha,0,14383,14.600570117499826,0,0,0.7807999999999999,0.6758325801293193,1.7033,11687,6.4,0.5056664117360773
313710,Lagamar,0,6631,28.653295128939828,0.05263157894736842,1,0.9176000000000001,0.5267556426883828,2.1112,40025.48,8.5,0.2857789172070578
313720,Lagoa da Prata,3,51412,28.787053606161987,0.006756756756756757,1,0.9542,0.41107134521123473,0.7343,48073.32,8.9,0.16540885396405508
313730,Lagoa dos Patos,0,3313,24.147298520977966,0.125,1,0.8763,0.9204145286246102,2.1128,19881.73,7.8,0.5345608210081497
313740,Lagoa Dourada,0,12769,12.530346933980734,0.0625,1,0.9529000000000001,0.5465907014383794,1.3705,29524.57,7.7,0.2278956848617746
313750,Lagoa Formosa,1,18904,35.44223444773593,0.014925373134328358,1,0.9397,0.3711824657920722,0.9257,37753.03,7.7,0.205300465509945
313753,Lagoa Grande,0,8969,24.528932991414873,0.045454545454545456,1,0.917,0.6385048500390234,1.9511,34814.82,7.9,0.2573308061099342
313760,Lagoa Santa,4,75145,29.143655599174927,0.0045662100456621,1,0.9756999999999999,0.2901667886530485,1.1677,37599.05,10.6,0.1379200212921685
313770,Lajinha,0,20835,14.878809695224382,0.03225806451612903,1,0.8909,0.6510119190464763,1.1759,24388.73,7.8,0.43662107031437486
313780,Lambari,0,20414,25.47271480356618,0.019230769230769232,1,0.9575,0.5767447176774109,1.2001,26399.91,8.8,0.2463505437444891
313790,Lamim,0,3184,12.56281407035176,0,0,0.9197,0.607909338358459,2.1984,21016.85,8.3,0.36432160804020103
313800,Laranjal,1,5963,43.60221365084689,0.038461538461538464,1,0.9619,0.5557744982950417,1.7608,19486.04,9,0.27452624517860136
313810,Lassance,0,7124,26.670409882088713,0.05263157894736842,1,0.8948,0.678972487366648,1.4738,32473.58,8.2,0.4285513756316676
313820,Lavras,0,104761,64.62328538291922,0.0014771048744460858,1,0.9745999999999999,0.47601842925007076,0.6932,37386.83,10.7,0.1388493809719266
313830,Leandro Ferreira,1,3199,21.88183807439825,0,0,0.9007999999999999,0.41656246743774095,1.6411,20964.82,8.4,0.1838074398249453
313835,Leme do Prado,0,4341,23.036166781847502,0.1,1,0.871,0.6451086539199877,1.6125,16965.23,8.7,0.28979497811564153
313840,Leopoldina,1,51145,34.216443445107046,0.005714285714285714,1,0.9516,0.4808762668230847,1.0949,26289.63,9.5,0.2019356730863232
313850,Liberdade,0,4737,35.887692632467804,0.058823529411764705,1,0.8922,0.5123144043346703,1.4777,24868.68,7.4,0.2786573780873971
313860,Lima Duarte,3,17221,19.16265025259857,0.030303030303030304,1,0.9333,0.4962932853299266,1.4226,25114.48,8.6,0.24075256953719296
313862,Limeira do Oeste,0,8687,23.022907793254287,0.05,1,0.9397,0.33658531905913047,1.5108,89243.79,9.2,0.12017957868078738
313865,Lontra,0,8790,18.20250284414107,0.0625,1,0.8392000000000001,0.8046643913538112,1.5927,12601.04,8,0.5106939704209329
313867,Luisburgo,0,6956,15.813686026451984,0,0,0.8984000000000001,0.6758793367835921,1.5094,22336.09,7,0.4189189189189189
313868,Luislândia,0,6210,12.882447665056361,0,0,0.8747,0.8693505099302201,1.6908,13279.85,7.7,0.5901771336553945
313870,Luminárias,0,5586,16.111707841031148,0,0,0.9376000000000001,0.5699665831244779,1.8796,29741.19,8.3,0.21374865735767992
313880,Luz,4,17875,21.818181818181817,0.02564102564102564,1,0.9451999999999999,0.38613519813519814,1.7132,48318.1,9.2,0.18394405594405594
313890,Machacalis,0,6487,23.123169415754585,0.06666666666666667,1,0.8443,0.7685627665587585,2.1581,21096.05,7.7,0.4735625096346539
313900,Machado,0,37684,46.173442309733574,0,0,0.9434,0.4921739553479814,1.0311,37319.77,8.8,0.18705551427661607
313910,Madre de Deus de Minas,1,5191,15.41128876902331,0.125,1,0.9273,0.4863866949206961,1.3484,78696.03,9,0.18898092853014833
313920,Malacacheta,0,17516,15.985384791048185,0.03571428571428571,1,0.8238,0.5169559260105047,1.2031,15572.18,7.5,0.3187942452614752
313925,Mamonas,0,5997,18.342504585626145,0,0,0.7774,0.715705074759602,1.7508,13337.1,6.5,0.4062031015507754
313930,Manga,0,18886,14.296304140633273,0.037037037037037035,1,0.8384,0.8071763916834339,1.4825,16720.29,7.7,0.49232235518373396
313940,Manhuaçu,5,91886,76.72550769431687,0.0014184397163120568,1,0.9488,0.38146271829585937,0.8711,40383.06,8.7,0.15848986787976405
313950,Manhumirim,0,20613,35.4145442196672,0.0136986301369863,1,0.9188,0.6269182878118986,1.2067,28520.21,8.3,0.37490903798573716
313960,Mantena,0,26535,26.003391746749575,0.014492753623188406,1,0.8848,0.578735632183908,1.5828,23022.31,8,0.23542491049557188
313970,Maravilhas,1,7333,15.000681849174962,0.09090909090909091,1,0.9425,0.6449724987499431,1.4318,33206.32,8.2,0.34283376517114417
313980,Mar de Espanha,0,12721,16.508136152818174,0.047619047619047616,1,0.9417,0.34743730838770537,1.6508,22711.37,8.9,0.1645310903230878
313990,Maria da Fé,0,14247,26.672281883905384,0.02631578947368421,1,0.9415,0.5142720104817389,1.7196,19192.09,8.8,0.2792868674106829
314000,Mariana,3,61387,29.32216918891622,0.005555555555555556,1,0.9547,0.48746884519523676,0.9122,75862.09,9.6,0.2558685063612817
314010,Marilac,0,4224,11.837121212121213,0,0,0.8695,0.8197009154040403,1.6571,17806.4,7.6,0.4706439393939394
314015,Mário Campos,0,15900,10.062893081761006,0.0625,1,0.9521999999999999,0.4745073375262055,1.1006,15124.32,8.4,0.2467924528301887
314020,Maripá de Minas,0,3387,14.762326542663123,0.2,1,0.9117000000000001,0.5307548469638815,1.0333,32776.76,8.6,0.18630056096840863
314030,Marliéria,0,4592,8.710801393728223,0,0,0.9062,0.6064895470383276,1.5243,14760.21,8.6,0.23105400696864112
314040,Marmelópolis,0,3200,18.75,0,0,0.9301999999999999,0.5837760416666666,1.0937,19290.67,8,0.3784375
314050,Martinho Campos,0,14003,27.137042062415198,0.02631578947368421,1,0.9354,0.4507188935704254,1.2497,41723.75,8.3,0.22595158180389915
314053,Martins Soares,0,8396,10.719390185802764,0,0,0.8898,0.7727290773384151,1.6674,35588.95,7.3,0.47260600285850407
314055,Mata Verde,0,9112,10.974539069359087,0.1,1,0.8109999999999999,0.6851862013462101,1.1523,12362.11,6.7,0.5073529411764706
314060,Materlândia,0,3963,15.14004542013626,0,0,0.8240999999999999,0.905627050214484,1.7663,19364.05,7.2,0.5094625283875852
314070,Mateus Leme,2,37841,35.147062709759254,0.007518796992481203,1,0.9457,0.3768245201412929,1.2948,28963.13,9.2,0.2025844982954996
314080,Matias Barbosa,2,14121,19.120458891013385,0.037037037037037035,1,0.9551999999999999,0.4365779099686047,1.2392,62258.96,9.6,0.19361235040011332
314085,Matias Cardoso,0,8895,17.987633501967398,0,0,0.8055,0.8028855162076073,1.9673,22549.63,7.2,0.500955593029792
314090,Matipó,0,18552,23.71711944803795,0.022727272727272728,1,0.8797,0.758125808538163,1.6979,25986.21,7.1,0.5053363518758085
314100,Mato Verde,0,12038,29.905299883701613,0.027777777777777776,1,0.8279000000000001,0.6460306252422884,1.7444,19030.52,8.1,0.4165974414354544
314110,Matozinhos,5,37618,11.69652825774895,0.022727272727272728,1,0.9595,0.4208003260850302,1.0001,50386.14,9.8,0.202270189802754
314120,Matutina,0,3814,39.328788673308864,0,0,0.8962,0.5062489075336479,1.8353,33723.81,8.7,0.14132144729942317
314130,Medeiros,0,3900,23.076923076923077,0,0,0.9506999999999999,0.5343376068376068,1.7948,70047.41,8.8,0.22692307692307692
314140,Medina,0,20156,13.395514983131573,0.037037037037037035,1,0.846,0.6561197658265528,1.3457,16407.79,7.1,0.35384004762849774
314150,Mendes Pimentel,0,5606,16.054227613271493,0,0,0.8321,0.678068141277203,1.8729,17506.38,7.2,0.3512308241170175
314160,Mercês,0,10373,22.172949002217294,0.043478260869565216,1,0.8996,0.6165124200649121,1.3496,18257.81,7.9,0.23802178733249782
314170,Mesquita,0,5040,13.88888888888889,0.14285714285714285,1,0.8782,0.5585482804232804,2.0833,14595.69,7.4,0.27380952380952384
314180,Minas Novas,0,24405,22.12661339889367,0.018518518518518517,1,0.8123,0.6671959297958069,1.7926,16887.02,7.3,0.35197705388240114
314190,Minduri,0,3741,24.057738572574177,0.1111111111111111,1,0.9331,0.45720841129822687,1.8711,53199.44,9.1,0.24859663191659984
314200,Mirabela,0,13651,15.383488389129,0.047619047619047616,1,0.8748999999999999,0.6696762141967622,1.7947,14193.99,8.4,0.40517178228701195
314210,Miradouro,0,8968,20.071364852809992,0.05555555555555555,1,0.8818,0.578575676479334,1.9513,22978.26,6.7,0.2689562890276539
314220,Miraí,0,13633,22.005428005574707,0.03333333333333333,1,0.9417,0.4155174943152644,1.2836,27053.22,8.9,0.1967285263698379
314225,Miravânia,0,3985,32.622333751568384,0,0,0.7959,0.8227519866164784,1.7565,14534.33,7.4,0.47478042659974906
314230,Moeda,0,5125,11.707317073170731,0,0,0.9407,0.5224552845528455,1.3658,20318.48,8.7,0.24682926829268292
314240,Moema,0,7548,21.197668256491784,0.0625,1,0.9475,0.4459680268503798,1.8547,21214.14,9.2,0.1987281399046105
314250,Monjolos,0,2169,32.27293683725219,0,0,0.8654000000000001,0.6218687567235285,1.6136,19278.31,7.6,0.23420931304748732
314260,Monsenhor Paulo,0,8340,22.781774580335732,0.05263157894736842,1,0.9176000000000001,0.37968625099920067,1.2589,33594.08,9,0.1971223021582734
314270,Montalvânia,1,14060,12.091038406827881,0.058823529411764705,1,0.8286,0.6949027975343766,1.9914,14720.07,7.5,0.4590327169274538
314280,Monte Alegre de Minas,0,20170,8.924144769459593,0.05555555555555555,1,0.9177,0.4696000661047761,1.0411,44805.21,8.1,0.2331184928111056
314290,Monte Azul,1,20328,20.16922471467926,0.024390243902439025,1,0.8184999999999999,0.6001451200314837,1.8955,16034.91,7.6,0.3716548602912239
314300,Monte Belo,1,13046,27.594665031427258,0.027777777777777776,1,0.9309999999999999,0.4722200930042414,1.3414,37259,8.2,0.173003219377587
314310,Monte Carmelo,1,47692,19.709804579384382,0.010638297872340425,1,0.9373999999999999,0.22963844390393914,1.036,41037.5,8.9,0.07179401157426822
314315,Monte Formoso,0,4381,15.978087194704406,0,0,0.7984,0.7512173780719775,1.5978,12024.23,7,0.48139694133759414
314320,Monte Santo de Minas,0,20890,24.413595021541408,0.0196078431372549,1,0.9205,0.47507579384075316,1.3403,30279.32,8.3,0.20631881282910483
314330,Montes Claros,35,414240,22.37833140208575,0.0010787486515641855,1,0.9567,0.469073483970645,1.4166,32170.33,10.5,0.19445249130938586
314340,Monte Sião,0,24089,26.98327037236913,0.015384615384615385,1,0.9534999999999999,0.33997536911730114,1.3076,30041.84,8.8,0.14022998048901988
314345,Montezuma,0,6888,21.777003484320556,0,0,0.8219,0.6891090785907859,2.0325,15199.19,7.1,0.41173054587688734
314350,Morada Nova de Minas,1,9067,19.85221131576045,0.05555555555555555,1,0.9404,0.37274364913054664,1.544,62940.66,8.5,0.09981250689312893
314360,Morro da Garça,0,2411,12.44296972210701,0,0,0.8936,0.790508779206415,1.4516,26068.1,7.6,0.2762339278307756
314370,Morro do Pilar,0,3133,9.57548675390999,0,0,0.8461,0.6436854984572827,2.2342,17900.6,7.3,0.38333865304819664
314380,Munhoz,0,7451,10.736813850489867,0,0,0.9223,0.5229946763297991,1.3912,21191.1,8.1,0.23272044020936786
314390,Muriaé,13,104108,29.96887847235563,0.003205128205128205,1,0.9514,0.4307369910733725,1.1949,30846.73,9.3,0.17823798363238175
314400,Mutum,1,27635,17.731138049574813,0.02040816326530612,1,0.8775,0.5026898257041192,1.2665,23986.56,7.2,0.26868102044508774
314410,Muzambinho,0,21891,28.778950253528848,0.015873015873015872,1,0.9581000000000001,0.4476382988442739,1.279,33933.26,9.5,0.16719199671097712
314420,Nacip Raydan,0,2459,24.40016266775112,0,0,0.8217,0.8463128643079844,2.8466,16525.57,6.8,0.3802358682391216
314430,Nanuque,2,35038,27.969632969918376,0.01020408163265306,1,0.8918,0.5623561086058945,1.2033,30677.8,8.7,0.2589759689479993
314435,Naque,3,6303,19.03855306996668,0.08333333333333333,1,0.8996999999999999,0.863755354593051,2.2211,17147.57,8.3,0.41726162145010315
314437,Natalândia,0,3520,8.522727272727273,0,0,0.9095,0.7195785984848484,1.9886,26363.44,7.7,0.3911931818181818
314440,Natércia,0,4691,21.317416329140908,0.1,1,0.9288,0.412563064023307,1.4922,28557.91,8.5,0.18290343210402898
314450,Nazareno,1,8179,20.78493703386722,0,0,0.9454,0.5153747401882871,1.7117,101107.62,8.7,0.2596894485878469
314460,Nepomuceno,0,25018,17.187624910064752,0.023255813953488372,1,0.9237000000000001,0.47455831801103204,1.0492,30274.9,8.1,0.23251259093452714
314465,Ninheira,0,10588,17.000377786173026,0.05555555555555555,1,0.7743000000000001,0.6631170507492758,1.6528,15755.23,6.8,0.4269928220627125
314467,Nova Belém,1,3151,31.735956839098698,0,0,0.8304,0.8929175922987412,2.2215,42379.48,6.4,0.536655030149159
314470,Nova Era,2,17438,28.099552700997823,0.02040816326530612,1,0.9411,0.437545398937187,1.3547,27570.55,9.1,0.2067324234430554
314480,Nova Lima,3,111697,34.73683268127166,0.002577319587628866,1,0.9795,0.2595474065253916,0.9133,111440.33,11.4,0.11078184731908645
314490,Nova Módica,0,3663,10.92001092001092,0,0,0.831,0.7898580398580398,1.911,19633.02,7.6,0.40294840294840295
314500,Nova Ponte,1,14598,22.60583641594739,0.030303030303030304,1,0.9429000000000001,0.4094681919897703,1.0789,108346.89,9,0.15296615974791067
314505,Nova Porteirinha,0,6706,14.912019087384431,0.1,1,0.8525,0.8127671736753157,2.0876,23695.35,8,0.5265433939755443
314510,Nova Resende,0,16387,18.307194727527918,0.03333333333333333,1,0.9359000000000001,0.43264986473017225,1.2815,30082.15,7.4,0.22475132727161776
314520,Nova Serrana,11,105552,16.105805669243594,0.0058823529411764705,1,0.9625,0.2894781718963165,0.7987,37293.07,9.2,0.10383507654994695
314530,Novo Cruzeiro,1,26975,14.087117701575533,0,0,0.7888,0.6517207290701267,1.3069,15447.65,6.9,0.44974976830398516
314535,Novo Oriente de Minas,1,10275,10.70559610705596,0.09090909090909091,1,0.7743000000000001,0.6930332522303325,1.3625,14694.79,6.5,0.4877858880778589
314537,Novorizonte,0,4571,13.12623058411726,0,0,0.8587,0.8109275869612776,2.297,20256.74,7.4,0.4753883176547801
314540,Olaria,0,1945,25.70694087403599,0.2,1,0.8934000000000001,0.5921165381319623,1.7994,22969.85,7.6,0.2796915167095116
314545,Olhos-d'Água,0,5385,16.71309192200557,0,0,0.8791,0.8511296812132466,1.9498,38042.15,7.9,0.5734447539461467
314550,Olímpio Noronha,0,2555,43.05283757338552,0,0,0.9129999999999999,0.7853555120678408,1.3698,21587.42,7.6,0.33268101761252444
314560,Oliveira,1,39262,31.32800163007488,0.008130081300813009,1,0.9541,0.4119037916220943,1.0737,37268.52,9.1,0.17441801232744128
314570,Oliveira Fortes,0,2027,14.80019733596448,0.3333333333333333,1,0.8762000000000001,0.5233514224634106,1.7266,21910.19,7.9,0.2683769116921559
314580,Onça de Pitangui,0,2969,23.576961940047156,0,0,0.9007,0.5427472774222522,1.1788,27742.48,7.9,0.24317952172448637
314585,Oratórios,1,4917,16.270083384177344,0,0,0.8861,0.4996271439224459,1.4236,17105.77,8,0.22859467154769167
314587,Orizânia,0,8437,13.03780964797914,0,0,0.8896,0.8037710876693928,1.2445,17421.79,6.9,0.4963849709612421
314590,Ouro Branco,2,38724,38.993905588265676,0.006622516556291391,1,0.9645,0.3393890093998554,1.4461,111320.29,10.4,0.15561408945356883
314600,Ouro Fino,2,32094,33.65114974761638,0.009259259259259259,1,0.9418000000000001,0.19851322157828047,0.7633,38131.46,8.9,0.053654888764255004
314610,Ouro Preto,7,74821,28.86890044238917,0.004629629629629629,1,0.9634999999999999,0.37706994025741436,1.2162,90426.62,10.1,0.1795351572419508
314620,Ouro Verde de Minas,0,5757,20.844189682126107,0.08333333333333333,1,0.8386,0.9991170169648544,2.4318,15175.14,7.4,0.711134271321869
314625,Padre Carvalho,0,5058,17.793594306049823,0.1111111111111111,1,0.799,0.8055555555555556,2.0759,13532.69,7.2,0.5660340055357849
314630,Padre Paraíso,3,17334,14.422522210684205,0.04,1,0.8384999999999999,0.7495577093188723,1.4134,14692.56,7.3,0.5000576900888427
314640,Paineiras,0,4224,33.14393939393939,0,0,0.9323,0.4705452967171717,1.6571,23425.03,8,0.2559185606060606
314650,Pains,0,8142,14.738393515106853,0,0,0.9562999999999999,0.2716879554572996,1.2896,83087.16,8.5,0.11066077130926062
314655,Pai Pedro,0,5551,16.21329490181949,0.1111111111111111,1,0.7646,0.776046358013571,1.8915,13263.03,7.1,0.4179427130246802
314660,Paiva,0,1474,27.137042062415198,0.25,1,0.9187000000000001,0.563715513342379,2.3744,22970.75,8.8,0.29986431478968795
314670,Palma,0,5707,36.796916067986686,0.047619047619047616,1,0.9159999999999999,0.6567081362069973,1.8398,20055.93,8.7,0.36621692658139127
314675,Palmópolis,0,6301,14.28344707189335,0,0,0.7834,0.710019573612654,1.1109,13170.56,7,0.4965878431994921
314690,Papagaios,0,13920,20.833333333333332,0.034482758620689655,1,0.9333,0.49558189655172413,1.2571,27185.41,8.3,0.23706896551724138
314700,Paracatu,4,94023,28.822734862746348,0.0036900369003690036,1,0.9523999999999999,0.3989662103953288,0.9606,72311.27,9.5,0.1785945991938143
314710,Pará de Minas,7,97139,20.383162272619646,0.005050505050505051,1,0.9684999999999999,0.2670014103501168,1.2878,53134.48,9.7,0.10401589474876208
314720,Paraguaçu,1,21723,18.41366293789992,0.025,1,0.9472,0.3758497138209885,1.1278,36882.58,9,0.11425677852966902
314730,Paraisópolis,0,20445,33.259965761799954,0.014705882352941176,1,0.9481999999999999,0.41132713784951497,1.1983,37638.33,9.3,0.13499633162142333
314740,Paraopeba,3,24107,23.644584560501098,0.017543859649122806,1,0.9523999999999999,0.4330450353286044,0.8711,45967.29,8.8,0.233127307421081
314750,Passabém,0,1600,37.5,0,0,0.8271999999999999,0.53609375,2.1875,18751.18,7.4,0.263125
314760,Passa Quatro,1,15515,35.44956493715759,0.01818181818181818,1,0.9611,0.4135191749919433,1.3535,47660.13,8.8,0.1263938124395746
314770,Passa Tempo,1,8473,17.70329281246312,0.06666666666666667,1,0.9465,0.40682166883040244,1.6523,36652.34,8,0.09713206656438098
314790,Passos,12,111939,34.92973851830015,0.0025575447570332483,1,0.961,0.3400758448798006,0.7527,36449.37,9.7,0.1526188370451764
314795,Patis,0,4837,12.404382881951623,0,0,0.8245,0.8248570050306664,2.1707,12743.9,7.3,0.5408310936530908
314800,Patos de Minas,9,159235,42.39017803874776,0.0014814814814814814,1,0.9665,0.23210558817680368,0.9451,51190.81,10.1,0.09186422582974849
314810,Patrocínio,5,89826,28.722196246075747,0.003875968992248062,1,0.9483,0.3749341319142936,0.8982,54502.98,9.4,0.1778438314073876
314820,Patrocínio do Muriaé,1,5576,23.314203730272595,0.07692307692307693,1,0.9359999999999999,0.5758458871353419,1.883,27280.81,8.9,0.3014705882352941
314830,Paula Cândido,0,8659,30.026561958655734,0,0,0.9179,0.6369191977518573,2.021,16557.7,8.2,0.3559302459868345
314840,Paulistas,0,4389,15.94896331738437,0,0,0.8691,0.6566036302878409,1.5948,18336.91,7.6,0.4344953292321713
314850,Pavão,0,8047,16.15508885298869,0.07692307692307693,1,0.8098000000000001,0.6846858042334618,1.7397,13798.09,6.9,0.49881943581458926
314860,Peçanha,0,17446,21.78149719133326,0.02631578947368421,1,0.8499,0.5685830562879743,1.5134,16822.48,7.1,0.36971225495815657
314870,Pedra Azul,1,24410,15.977058582548135,0.02564102564102564,1,0.8614,0.6440837088624881,1.2962,17569.45,7.6,0.42089307660794756
314875,Pedra Bonita,0,7320,13.66120218579235,0,0,0.8884000000000001,0.8070810564663023,1.9125,17074.9,7.2,0.6158469945355192
314880,Pedra do Anta,0,3311,24.161884627000905,0.125,1,0.8629000000000001,0.6294674317930131,2.1141,19697.48,6.8,0.32195711265478705
314890,Pedra do Indaiá,0,4112,17.023346303501945,0,0,0.9327,0.43427772373540857,1.7023,32541.46,8.5,0.15248054474708173
314900,Pedra Dourada,0,2757,29.017047515415307,0,0,0.9129,0.8596300326441785,1.2694,23754.7,8.4,0.44105912223431265
314910,Pedralva,0,10760,20.44609665427509,0.045454545454545456,1,0.9251999999999999,0.49934944237918216,1.9516,20585.2,8.3,0.24609665427509295
314915,Pedras de Maria da Cruz,0,10433,10.54346784242308,0,0,0.8175,0.6412425317102782,1.6773,12676.71,7.4,0.3876162177705358
314920,Pedrinópolis,0,3344,23.923444976076556,0,0,0.9459000000000001,0.47353468899521534,1.0466,99738.85,9.4,0.2473086124401914
314930,Pedro Leopoldo,1,62580,26.526046660274847,0.006024096385542169,1,0.9637,0.33875039948865454,0.8948,40178.6,9.7,0.1519495046340684
314940,Pedro Teixeira,0,1810,22.099447513812155,0,0,0.9189,0.6230662983425415,1.9337,20639.38,8.4,0.32099447513812157
314950,Pequeri,1,3351,23.873470605789315,0.125,1,0.9598,0.59017208793395,2.6111,23475.42,9.4,0.22530587884213668
314960,Pequi,1,4155,36.101083032490976,0.06666666666666667,1,0.9384999999999999,0.631247492980345,1.6847,25012.04,9,0.3083032490974729
314970,Perdigão,0,12268,14.672318226279753,0.05555555555555555,1,0.9388,0.36688267579610917,1.7117,30874.29,8.3,0.12349201173785458
314980,Perdizes,2,17151,20.99002973587546,0.027777777777777776,1,0.9320999999999999,0.37213573552562534,1.2245,150305.14,8.6,0.18068917264299458
314990,Perdões,0,21384,26.187803965581743,0.017857142857142856,1,0.9476,0.42934748721785754,1.473,37957.54,9.1,0.12532734754956978
314995,Periquito,0,6553,12.208148939417061,0,0,0.8798999999999999,0.7753446258711022,1.6023,18310.4,7.9,0.38715092324126354
315000,Pescador,0,3570,39.21568627450981,0.07142857142857142,1,0.8081,0.7990662931839402,1.9607,16021.46,7.4,0.4294117647058823
315010,Piau,0,2796,21.459227467811157,0.16666666666666666,1,0.9338,0.463191463996185,1.2517,40942.52,8.4,0.2628755364806867
315015,Piedade de Caratinga,0,8529,11.724703951225232,0.1,1,0.884,0.8353265330050417,1.6414,25137.23,6.5,0.5074451870090281
315020,Piedade de Ponte Nova,0,3976,17.6056338028169,0,0,0.8834000000000001,0.6653252850435949,1.7605,19166.71,7.7,0.26106639839034207
315030,Piedade do Rio Grande,0,4604,34.75238922675934,0.0625,1,0.8993000000000001,0.45339197799015346,1.5204,29356.58,8,0.17202432667245873
315040,Piedade dos Gerais,1,5019,19.924287706714484,0.1,1,0.9016,0.5685229461380089,2.092,25591.17,7.5,0.36262203626220363
315050,Pimenta,0,8563,23.356300362022655,0.05,1,0.9359000000000001,0.37046011911713184,1.2262,36723.85,7.9,0.161859161508817
315053,Pingo-d'Água,0,4706,16.999575010624735,0,0,0.8731,0.7193299334183312,2.2311,14904.86,7.7,0.37144071398215045
315057,Pintópolis,0,7084,12.704686617730095,0,0,0.863,0.7895021645021645,1.9762,13301.75,7.3,0.48546019198193113
315060,Piracema,1,6700,22.388059701492537,0,0,0.9195,0.3723258706467662,1.5671,37099.25,8.2,0.13492537313432837
315070,Pirajuba,3,5537,10.83619288423334,0.16666666666666666,1,0.9189,0.4135512612124496,1.7383,115405.94,8.2,0.23008849557522124
315080,Piranga,0,17018,17.040780350217418,0.034482758620689655,1,0.8911,0.5904679359109962,1.6453,14876.97,6.8,0.32759431190504174
315090,Piranguçu,0,6041,16.553550736633007,0.1,1,0.9211,0.44450422115543786,1.1587,19635.06,8.3,0.22247972190034762
315100,Piranguinho,0,9120,20.833333333333332,0.05263157894736842,1,0.9558,0.5257584064327486,1.535,18812.87,8.9,0.19736842105263158
315110,Pirapetinga,1,11077,24.37483073034215,0.037037037037037035,1,0.9394,0.554512352923475,1.2638,63909.7,9.3,0.25629683127200503
315120,Pirapora,6,55606,23.37877207495594,0.007692307692307693,1,0.953,0.5950257166492825,1.265,60447.78,9.6,0.31302377441283313
315130,Piraúba,0,11610,31.869078380706288,0.02702702702702703,1,0.9438,0.46097473442434683,1.5073,21223.15,8.3,0.2062876830318691
315140,Pitangui,0,26685,47.96702267191306,0.0078125,1,0.9516,0.39377615389419773,1.1804,26339.42,9,0.22342139778902004
315150,Piumhi,1,36062,36.880927291886195,0.007518796992481203,1,0.9589,0.39496099310446825,1.2181,43496.6,9.6,0.17164882702013198
315160,Planura,1,11145,16.150740242261104,0.05555555555555555,1,0.9425,0.49294152833856736,0.9421,75657.29,8.4,0.21884253028263795
315170,Poço Fundo,0,16390,32.33679072605247,0.018867924528301886,1,0.9501999999999999,0.33211307707952004,1.388,33488.67,7.6,0.12989627821842586
315180,Poços de Caldas,9,163742,59.23953536661333,0.0010309278350515464,1,0.9776,0.3039293522736989,0.9018,65547.68,10.4,0.09376946659989496
315190,Pocrane,0,8350,14.37125748502994,0,0,0.8697,0.6244111776447105,1.6766,18200.45,7.3,0.402874251497006
315200,Pompéu,2,31047,18.037169452765163,0.017857142857142856,1,0.9267,0.46620446419943956,1.0145,39614.4,8.3,0.2418913260540471
315210,Ponte Nova,3,57776,47.424536139573526,0.0036496350364963502,1,0.9503,0.4235178390104311,1.2117,44898.56,9,0.16228191636665742
315213,Ponto Chique,0,3747,29.356818788364023,0.09090909090909091,1,0.8509,0.7945245084956855,1.8681,17061.84,7.7,0.5612489991993594
315217,Ponto dos Volantes,0,10883,14.701828539924653,0.0625,1,0.8104,0.7307727648626298,1.9296,13729.34,7.3,0.42763943765505835
315220,Porteirinha,1,37438,18.96468828463059,0.014084507042253521,1,0.8354,0.7321638442224477,1.6856,16708.3,7.8,0.35853945189379777
315230,Porto Firme,0,10569,15.138612924590785,0.0625,1,0.9145,0.6266991516069007,1.9869,14358.84,7.3,0.4052417447251396
315240,Poté,2,13666,11.70788818966779,0.0625,1,0.8319,0.5648385287087174,1.5366,15642.16,7.3,0.31574710961510316
315250,Pouso Alegre,14,152217,62.805074334666955,0.0010460251046025104,1,0.971,0.3150365377498352,0.8185,93295.79,10.4,0.1330337610122391
315260,Pouso Alto,1,6566,24.367956137678952,0.0625,1,0.9529000000000001,0.41732663214539545,1.066,82639.19,8.3,0.12808406944867498
315270,Prados,0,9048,11.052166224580018,0.1,1,0.9473999999999999,0.3751473622163278,1.9341,28494.62,8.5,0.15351458885941643
315280,Prata,3,28342,20.464328558323338,0.017241379310344827,1,0.929,0.3596576341354409,1.1114,60076.03,8.4,0.1410627337520288
315290,Pratápolis,0,8406,17.84439685938615,0.06666666666666667,1,0.9495,0.3926659528907923,1.6654,29693.5,9.1,0.1633357125862479
315300,Pratinha,0,3559,25.288002247822423,0.1111111111111111,1,0.9059,0.5022712372389248,1.4751,64673.34,7.9,0.2899690924416971
315310,Presidente Bernardes,0,4850,24.742268041237114,0.08333333333333333,1,0.8948,0.7079209621993127,2.1649,16617.73,7.6,0.3907216494845361
315320,Presidente Juscelino,0,3465,14.43001443001443,0,0,0.8683,0.5565656565656566,2.0202,18079.88,7.7,0.2427128427128427
315330,Presidente Kubitschek,0,3071,16.281341582546403,0,0,0.9096,0.8026158688809292,2.2793,14774.63,8.2,0.2767828069032888
315340,Presidente Olegário,0,18765,12.789768185451639,0.041666666666666664,1,0.9237000000000001,0.3995292654765077,1.3056,48221.82,8.1,0.1782573940847322
315350,Alto Jequitibá,1,8397,20.245325711563655,0.058823529411764705,1,0.9312,0.6141181374300345,1.6672,19132.18,7.9,0.39514112182922473
315360,Prudente de Morais,1,11466,8.721437292865865,0.1,1,0.9599,0.47523111808826096,1.221,29044.33,9.3,0.21332635618349904
315370,Quartel Geral,1,3179,12.582573136206355,0,0,0.9057999999999999,0.5779857397504456,1.1009,28277.54,8.5,0.26612142183076437
315380,Queluzito,0,1770,16.949152542372882,0,0,0.9329999999999999,0.3736817325800376,1.9774,28909.17,8.4,0.12090395480225989
315390,Raposos,0,16279,8.600036857300816,0.07142857142857142,1,0.9632999999999999,0.2500307144173475,0.86,14292.6,9.6,0.12764911849622212
315400,Raul Soares,1,23423,26.896640054647143,0.015873015873015872,1,0.8957999999999999,0.49576626962102777,1.3448,21257.87,7.3,0.27917004653545663
315410,Recreio,1,11007,18.170255292086853,0.05,1,0.9381,0.45156869870688354,1.2719,13855.85,8.8,0.1925138548196602
315415,Reduto,0,7848,12.7420998980632,0,0,0.9170999999999999,0.6358414033299354,1.7838,16724.91,7.6,0.25267584097859325
315420,Resende Costa,0,11230,30.276046304541406,0.029411764705882353,1,0.9527,0.43261353517364204,1.2466,21717.56,8.1,0.16313446126447018
315430,Resplendor,0,17226,19.157088122605366,0.030303030303030304,1,0.8973,0.5545396493672355,1.0159,21845.42,7.2,0.2625101590618832
315440,Ressaquinha,0,4548,24.186455584872473,0.09090909090909091,1,0.9323999999999999,0.6211704778657285,1.5391,111484.53,8.5,0.3432277924362357
315445,Riachinho,0,6863,23.313419787265044,0.0625,1,0.8815000000000001,0.7679100490553209,2.0399,27375.56,8.1,0.4837534605857497
315450,Riacho dos Machados,0,8756,21.699406121516674,0.05263157894736842,1,0.8440000000000001,0.7445180447693011,1.9986,34459.78,7.8,0.4457514846962083
315460,Ribeirão das Neves,27,329794,5.003123161731263,0.006060606060606061,1,0.9516,0.4444365270441548,0.5845,19214.1,9.1,0.2546225825818541
315470,Ribeirão Vermelho,0,4080,24.50980392156863,0,0,0.9723,0.534640522875817,1.7156,32564.47,9.8,0.18848039215686274
315480,Rio Acima,0,10261,8.771074943962576,0.1111111111111111,1,0.9542,0.48886560764058085,1.0232,25373.95,9.2,0.1939382126498392
315490,Rio Casca,0,12789,46.915317851278445,0.016666666666666666,1,0.9227,0.6111567232256887,1.9157,21722.91,7.9,0.24044100398780202
315500,Rio Doce,0,2484,16.10305958132045,0,0,0.8986,0.6229200214707461,1.409,43333.64,8.1,0.26207729468599034
315510,Rio do Prado,0,4639,17.245095925846087,0,0,0.7936,0.7697420421067759,2.2634,14681.48,6.9,0.5289933175253287
315520,Rio Espera,0,5429,12.893718916927611,0,0,0.8769,0.5391876957082335,1.934,13904.85,7.2,0.37060232086940503
315530,Rio Manso,0,5568,10.775862068965518,0,0,0.935,0.42709829980842917,1.8857,24834.57,8.1,0.265625
315540,Rio Novo,1,8518,31.697581591922987,0.037037037037037035,1,0.9284,0.572444627064256,1.2326,16853.23,8.9,0.20932143695703218
315550,Rio Paranaíba,0,14532,26.14918799889898,0.02631578947368421,1,0.9427,0.3683480135792274,1.2042,79004.99,7.5,0.14134324249931185
315560,Rio Pardo de Minas,1,28271,12.026458208057727,0.029411764705882353,1,0.8218000000000001,0.7051690189004044,1.6094,14301.31,7.2,0.49527784655654206
315570,Rio Piracicaba,0,14631,21.187888729410158,0.03225806451612903,1,0.9348000000000001,0.4994019547536054,1.4353,18471.78,8.5,0.2327250358827148
315580,Rio Pomba,0,17443,22.35853924210285,0.02564102564102564,1,0.9444,0.48113856561371326,1.2039,32911.85,8.8,0.20867969959295993
315590,Rio Preto,1,5141,17.50632172729041,0.1111111111111111,1,0.9025,0.5685502172080659,2.0424,16084.42,8.6,0.3602411982104649
315600,Rio Vermelho,0,12641,16.612609761885928,0.047619047619047616,1,0.8255,0.6430266592832845,1.6612,14037.63,6.9,0.3331223795585792
315610,Ritápolis,0,4994,18.02162595114137,0.1111111111111111,1,0.9361,0.5697503671071953,1.4016,24992.25,8.1,0.24128954745694833
315620,Rochedo de Minas,0,2291,26.18943692710607,0.16666666666666666,1,0.9286,0.6612832824094282,1.5277,81881.65,7.7,0.32169358358795286
315630,Rodeiro,0,8664,16.15881809787627,0.07142857142857142,1,0.9515,0.43245998768851956,1.2119,81359.44,8.3,0.15939519852262235
315640,Romaria,0,3386,11.813349084465447,0,0,0.9361,0.3215199842488679,1.0336,85099.93,8.5,0.18724158298877733
315645,Rosário da Limeira,0,4734,14.78664976763836,0,0,0.8983,0.6274468384734545,0.7393,19180,6.9,0.2718631178707224
315650,Rubelita,0,5679,19.369607325233314,0,0,0.785,0.7877854082291482,2.4652,15103.88,6.7,0.49885543229441803
315660,Rubim,1,10298,13.594872790833172,0.07142857142857142,1,0.8312,0.5775312358386742,1.3594,13518.56,7.8,0.3096717809283356
315670,Sabará,11,129380,7.72916988715412,0.01,1,0.9618000000000001,0.383595481012006,0.9197,29658.31,9.8,0.19383985159993816
315680,Sabinópolis,0,14240,18.258426966292134,0.038461538461538464,1,0.8768,0.6488647003745319,1.4747,29145.95,7.5,0.3415730337078652
315690,Sacramento,4,26670,30.371203599550057,0.012345679012345678,1,0.9528,0.40851456067991504,1.5185,89506.92,8.8,0.14154480689913762
315700,Salinas,2,40178,23.89367315446264,0.010416666666666666,1,0.8758,0.6425676572585328,1.486,22492.27,7.9,0.31007018766489125
315710,Salto da Divisa,1,6110,16.366612111292962,0,0,0.8140000000000001,0.7326104746317512,1.7184,19428.88,6.5,0.4016366612111293
315720,Santa Bárbara,2,30466,34.13641436355281,0.009615384615384616,1,0.953,0.4431907700387317,1.2637,33450.02,9.1,0.2302895030525832
315725,Santa Bárbara do Leste,0,8458,5.911563017261764,0.2,1,0.9068999999999999,0.7554583431859384,1.6552,18115.63,7.4,0.47398912272404825
315727,Santa Bárbara do Monte Verde,0,3095,25.848142164781905,0.125,1,0.9062,0.5898761443187938,1.1308,23081.8,6.3,0.31437802907915996
315730,Santa Bárbara do Tugúrio,1,4208,7.129277566539924,0,0,0.9064,0.4930687579214196,1.6634,18537.87,8,0.23431558935361216
315733,Santa Cruz de Minas,0,8109,14.798372179060303,0,0,0.9579000000000001,0.5216220660171825,1.2948,19113.98,9,0.2476260944629424
315737,Santa Cruz de Salinas,0,3910,15.345268542199488,0,0,0.7794,0.8533887468030691,1.7902,15132.75,6.8,0.4439897698209719
315740,Santa Cruz do Escalvado,0,4673,21.39952921035737,0,0,0.9098999999999999,0.5781082816178044,1.4979,19330.47,8,0.32463085812112136
315750,Santa Efigênia de Minas,0,4039,12.379301807378065,0,0,0.8362,0.862342163901956,1.7331,14521.45,6.4,0.5063134439217628
315760,Santa Fé de Minas,0,3522,19.875070982396366,0,0,0.8609,0.8124408480030285,1.9875,20121.17,8,0.5252697331061896
315765,Santa Helena de Minas,0,5938,20.208824520040416,0,0,0.7915000000000001,0.8726002020882452,1.7682,11625,5.9,0.6943415291343887
315770,Santa Juliana,0,15734,20.97368755561205,0.030303030303030304,1,0.9368000000000001,0.2769427142917673,0.6673,57968.3,8.7,0.13283335451887632
315780,Santa Luzia,13,219132,11.180475695014877,0.004081632653061225,1,0.963,0.4468193448089128,0.9104,30155.78,9.6,0.24486610809922787
315790,Santa Margarida,1,16395,14.028667276608722,0,0,0.9170999999999999,0.732377757446376,1.2808,30349.4,7.4,0.4556877096675816
315800,Santa Maria de Itabira,0,10485,16.213638531235098,0.058823529411764705,1,0.905,0.45086631696073753,1.3352,31192.2,7.6,0.20639008106819265
315810,Santa Maria do Salto,0,4755,12.618296529968454,0.16666666666666666,1,0.7917000000000001,0.8044865054328777,1.4721,12797.54,7.1,0.494006309148265
315820,Santa Maria do Suaçuí,0,12788,23.45949327494526,0.03333333333333333,1,0.833,0.5887876655197581,1.9158,17459.03,7.3,0.3823897403816078
315830,Santana da Vargem,0,6691,11.956359288596623,0.125,1,0.9256,0.6247322273700991,1.5692,38604.48,8.6,0.1797937528022717
315840,Santana de Cataguases,0,3489,17.196904557179707,0.16666666666666666,1,0.929,0.7305579440145218,2.0063,17527.27,8.5,0.29951275437087993
315850,Santana de Pirapama,0,7030,9.95732574679943,0,0,0.8781,0.5096135609293504,1.9914,19279.17,6.7,0.29317211948790894
315860,Santana do Deserto,1,3747,18.681611956231652,0,0,0.9359000000000001,0.45994573436527003,1.8681,22571.06,8.3,0.21990926074192688
315870,Santana do Garambéu,0,2137,18.717828731867105,0,0,0.8809999999999999,0.6700982686008423,1.6378,22611.88,8,0.4361254094525035
315880,Santana do Jacaré,0,4214,18.984337921214998,0,0,0.8966,0.7266453092865053,1.6611,30669.77,8.1,0.3364973896535358
315890,Santana do Manhuaçu,0,8987,16.690775564704573,0.06666666666666667,1,0.8845000000000001,0.6178739660991802,1.4604,25357.46,7.2,0.37264938244130413
315895,Santana do Paraíso,0,44800,8.258928571428571,0.02702702702702703,1,0.9642000000000001,0.44580543154761904,0.8593,27923.61,9.1,0.17292410714285714
315900,Santana do Riacho,0,5313,9.410878976096367,0,0,0.9218999999999999,0.5082658887006712,1.3175,26320.52,9,0.2992659514398645
315910,Santana dos Montes,0,3469,14.413375612568464,0,0,0.9173,0.5233496684923609,2.0178,18604.03,8.1,0.3813779187085615
315920,Santa Rita de Caldas,0,8460,35.46099290780142,0.03333333333333333,1,0.9434,0.4348601260835303,1.6548,29439.84,8,0.14846335697399526
315930,Santa Rita de Jacutinga,0,4755,16.82439537329127,0,0,0.9154000000000001,0.5392043463021381,0.736,18347.43,8.6,0.2765509989484753
315935,Santa Rita de Minas,0,6773,14.764506127270042,0,0,0.9009,0.5889192381514838,1.5502,30777.45,7,0.2963236379743098
315940,Santa Rita de Ibitipoca,0,3301,15.14692517418964,0,0,0.8952,0.5357719882863778,2.1205,21891.65,6.6,0.2820357467434111
315950,Santa Rita do Itueto,0,5826,24.03020940611054,0,0,0.8673000000000001,0.6347980318114201,1.8022,40086.7,7.3,0.44833504977686234
315960,Santa Rita do Sapucaí,0,40635,63.98425003076166,0.0038461538461538464,1,0.9447,0.41404577334809894,1.0766,61875.17,9.5,0.12870677986957058
315970,Santa Rosa da Serra,0,3382,35.481963335304556,0,0,0.8894,0.49610684013404294,1.0348,35285.56,8.2,0.3060319337670018
315980,Santa Vitória,0,20973,20.025747389500786,0.023809523809523808,1,0.9178000000000001,0.49507700376674774,1.1681,47995.76,8.5,0.18304486721022267
315990,Santo Antônio do Amparo,2,17285,28.34827885449812,0.02040816326530612,1,0.9047,0.5681226496962685,1.2149,27617.68,8.1,0.28244142319930576
316000,Santo Antônio do Aventureiro,0,3769,18.57256566728575,0,0,0.9109,0.5535287874767842,1.8572,21025.45,8.2,0.2968957283098965
316010,Santo Antônio do Grama,0,4229,16.55237644833294,0,0,0.9095,0.49349728068101206,1.6552,24253.09,7.9,0.22913218254906598
316020,Santo Antônio do Itambé,0,3915,10.217113665389528,0,0,0.7934,0.6809919114516816,1.7879,15157.83,5.4,0.4135376756066411
316030,Santo Antônio do Jacinto,0,10327,10.651689745327781,0.09090909090909091,1,0.7709999999999999,0.7659210483844937,2.1182,12689.42,5.6,0.4497918078822504
316040,Santo Antônio do Monte,0,27295,20.516578127862246,0.017857142857142856,1,0.9523,0.3339958478353789,1.5387,34517.51,9,0.10741894119802162
316045,Santo Antônio do Retiro,0,6629,21.119324181626187,0.07142857142857142,1,0.7670999999999999,0.8275506612359833,2.1119,12774.81,7.1,0.6649570070900588
316050,Santo Antônio do Rio Abaixo,0,1808,27.654867256637168,0,0,0.8886,0.7325774336283186,1.9358,21096.04,8,0.3661504424778761
316060,Santo Hipólito,0,2717,18.40264998159735,0,0,0.8928,0.6648264016685069,2.5763,26383.82,6.5,0.368052999631947
316070,Santos Dumont,2,42406,21.69504315427062,0.010869565217391304,1,0.9494,0.4256689304972567,1.2173,29698.76,9.2,0.21331886997123048
316080,São Bento Abade,1,4713,12.73074474856779,0,0,0.9051,0.6148596081759672,2.2278,20514.03,7.9,0.30787184383619776
316090,São Brás do Suaçuí,0,3989,17.548257708698923,0,0,0.9609000000000001,0.40417397844071196,1.7548,25076.92,9.4,0.17773878164953621
316095,São Domingos das Dores,0,5626,14.219694276573053,0.125,1,0.8918,0.7574060907690485,1.5552,21439.32,7.7,0.3455385709207252
316100,São Domingos do Prata,3,17392,18.39926402943882,0.03125,1,0.9096,0.4363356715731371,1.2074,23165.59,7.6,0.20210441582336708
316105,São Félix de Minas,0,3200,37.5,0.08333333333333333,1,0.8395999999999999,0.691953125,2.1875,18471.15,7.6,0.40125
316110,São Francisco,1,52762,11.750881316098708,0.016129032258064516,1,0.8748999999999999,0.785680666641396,1.5091,16286.13,8.3,0.5174746976991016
316120,São Francisco de Paula,0,6187,11.314045579440762,0,0,0.8929,0.6021092613544529,1.6971,37466.67,7.9,0.18635849361564572
316130,São Francisco de Sales,0,5732,26.168876482903002,0.06666666666666667,1,0.9226000000000001,0.5403436845778088,1.3738,43501.74,8,0.2381367759944173
316140,São Francisco do Glória,0,4800,22.916666666666668,0.09090909090909091,1,0.8887,0.6558680555555555,2.1875,18717.29,8,0.19125
316150,São Geraldo,0,10282,9.725734292939118,0,0,0.9211,0.5345020424042015,1.702,34224.52,8.3,0.2413927251507489
316160,São Geraldo da Piedade,0,3305,12.10287443267776,0,0,0.8423,0.8034795763993948,2.118,16176.47,5.7,0.46142208774583965
316165,São Geraldo do Baixio,0,3143,19.090041361756285,0.16666666666666666,1,0.8456,0.718634001484781,2.2271,18075.33,6.4,0.4094813872096723
316170,São Gonçalo do Abaeté,0,7375,20.338983050847457,0.06666666666666667,1,0.909,0.4798870056497175,1.4237,51027.62,8.5,0.26861016949152544
316180,São Gonçalo do Pará,1,11770,11.894647408666101,0.07142857142857142,1,0.9512,0.45349759274992923,1.4868,32304.27,8.8,0.15157179269328802
316190,São Gonçalo do Rio Abaixo,1,11850,17.72151898734177,0.047619047619047616,1,0.9349,0.7325175808720114,1.4767,317824.61,8.8,0.1978902953586498
316200,São Gonçalo do Sapucaí,0,23959,29.216578321298886,0.014285714285714285,1,0.9444,0.49232021369840145,1.4608,49638,8.8,0.2533077340456613
316210,São Gotardo,1,40910,20.04399902224395,0.012195121951219513,1,0.9459000000000001,0.4756498003748065,1.1977,38019.09,8.2,0.16228306037643608
316220,São João Batista do Glória,0,7652,11.761630946157867,0,0,0.9458,0.371046785154208,1.3721,38528.4,8.2,0.11761630946157867
316225,São João da Lagoa,0,4822,10.369141435089174,0,0,0.8869,0.8286326558827596,1.4516,15265.43,8.2,0.4838241393612609
316230,São João da Mata,0,2914,24.021962937542895,0,0,0.937,0.5042896362388469,1.201,22417.03,8.1,0.2769389155799588
316240,São João da Ponte,0,23930,12.954450480568324,0.03225806451612903,1,0.7829999999999999,0.7283570135116311,1.9014,14972.88,6.6,0.4902214793146678
316245,São João das Missões,0,13024,13.052825552825553,0,0,0.7998000000000001,0.8244906838656838,1.8811,9139.92,7.7,0.6045761670761671
316250,São João del Rei,2,90225,42.56026600166251,0.0026041666666666665,1,0.9723999999999999,0.3530701025214741,0.8922,38851.16,10.2,0.15608755888057635
316255,São João do Manhuaçu,0,11246,16.005690912324383,0,0,0.9098,0.8057827968462862,0.9336,21806.14,7.5,0.5420593988973857
316257,São João do Manteninha,0,5331,22.509848058525606,0.08333333333333333,1,0.8672,0.7671012317889077,1.9696,17399.58,7.4,0.38585631213655974
316260,São João do Oriente,0,7070,14.144271570014144,0,0,0.8729,0.9024163130598774,1.9801,18370.76,7.1,0.4872701555869873
316265,São João do Pacuí,0,3972,25.17623363544814,0.1,1,0.8291,0.7918135280295402,1.7623,13289.89,7.7,0.4509063444108761
316270,São João do Paraíso,0,23910,12.128816394813885,0.034482758620689655,1,0.7935,0.526979645894326,1.4638,14372.1,7.4,0.3083228774571309
316280,São João Evangelista,1,15315,22.853411687887693,0.02857142857142857,1,0.8861,0.56133964522799,1.38,19114.36,8.1,0.31537708129285014
316290,São João Nepomuceno,0,25565,18.38451007236456,0.02127659574468085,1,0.9681000000000001,0.503139057304909,0.7872,26304.65,8.9,0.19546254645022493
316292,São Joaquim de Bicas,1,34348,12.518923954815419,0.023255813953488372,1,0.9348000000000001,0.55284393074803,1.0555,31010.36,8.6,0.30266682194014205
316294,São José da Barra,0,7793,17.96484024124214,0.07142857142857142,1,0.9460999999999999,0.4392724239702297,1.3473,116931.19,9,0.17823687925060952
316295,São José da Lapa,3,26090,13.415101571483326,0.02857142857142857,1,0.9659,0.4456656445636898,1.197,39001.28,9.7,0.23093139133767726
316300,São José da Safira,0,3806,13.137151865475564,0,0,0.8365,0.8200648099492029,1.8392,13941.59,7.4,0.5073568050446663
316310,São José da Varginha,0,4536,15.432098765432098,0.14285714285714285,1,0.9368000000000001,0.5169753086419753,1.5432,30177.17,8.4,0.20811287477954143
316320,São José do Alegre,0,4133,16.936849745947253,0,0,0.9571999999999999,0.530566981208162,0.8468,19109.85,9.3,0.1969513670457295
316330,São José do Divino,0,3464,17.321016166281755,0,0,0.8414,0.830302155504234,2.0207,17421.39,7.4,0.47748267898383373
316340,São José do Goiabal,0,5396,11.11934766493699,0,0,0.9042,0.5633957252285644,1.2972,16182.96,8.5,0.3130096367679763
316350,São José do Jacuri,0,6197,11.295788284653865,0,0,0.8552,0.6443171427034586,1.6943,25422.1,7.1,0.42230111344198806
316360,São José do Mantimento,0,2753,25.426807119505995,0,0,0.8991,0.6864632522097106,1.2713,20701.63,7.4,0.45187068652379225
316370,São Lourenço,3,44798,74.55689986160097,0.0029940119760479044,1,0.9736,0.410317796925458,0.8596,31519.71,10.4,0.19005312737175767
316380,São Miguel do Anta,0,6334,25.260498894853175,0.0625,1,0.8893000000000001,0.6827965477318176,1.934,20483.14,7.8,0.4101673508051784
316390,São Pedro da União,0,4885,18.42374616171955,0.1111111111111111,1,0.9329000000000001,0.45953599454111227,1.4329,32238.35,8.3,0.22681678607983624
316400,São Pedro dos Ferros,0,7166,25.118615685180018,0.05555555555555555,1,0.9009,0.5423295190250256,1.4652,22415.01,8.2,0.17136477811889478
316410,São Pedro do Suaçuí,0,5103,11.757789535567314,0,0,0.8621,0.6615879547978314,2.0576,22998.71,6.9,0.45698608661571627
316420,São Romão,0,10315,14.54192922927775,0.06666666666666667,1,0.8986,0.5252948780093715,2.0358,22113.87,7.8,0.3534658264663112
316430,São Roque de Minas,0,7129,21.0408191892271,0,0,0.9425,0.38830831813718614,0.9819,59499.48,8.1,0.1670641043624632
316440,São Sebastião da Bela Vista,0,6387,12.525442304681384,0,0,0.9107,0.47994624497677574,1.6439,112492.09,8.5,0.18240175356192265
316443,São Sebastião da Vargem Alegre,0,3113,22.486347574686796,0,0,0.922,0.5880179890780598,2.2486,20619.07,7.9,0.25056215868936715
316447,São Sebastião do Anta,0,6194,9.6867936712948,0,0,0.8553000000000001,0.9271606931439027,1.6951,20739.42,7,0.6401356151113982
316450,São Sebastião do Maranhão,0,10079,15.87459073320766,0.0625,1,0.8231999999999999,0.6572411284188245,1.7362,12513.15,6.8,0.3680920726262526
316460,São Sebastião do Oeste,0,8815,13.613159387407828,0.08333333333333333,1,0.9318000000000001,0.4661845339383627,1.1911,100121.16,8.7,0.2199659671015315
316470,São Sebastião do Paraíso,3,71796,36.49228369268483,0.003816793893129771,1,0.9533,0.33167818077144506,1.1334,39476.43,9.2,0.14516129032258066
316480,São Sebastião do Rio Preto,0,1259,31.771247021445593,0,0,0.9167000000000001,0.5070161503839026,2.7799,25063.53,7.1,0.29864972200158857
316490,São Sebastião do Rio Verde,0,2300,30.434782608695652,0,0,0.9573999999999999,0.4740579710144927,1.5217,20932.6,8.6,0.17695652173913043
316500,São Tiago,0,11192,12.508934953538242,0.07142857142857142,1,0.9475,0.45203419108887305,1.2508,25065.31,8.6,0.17146175839885633
316510,São Tomás de Aquino,0,6740,22.255192878338278,0.06666666666666667,1,0.925,0.4202893175074184,1.5578,35131.08,7.3,0.2387240356083086
316520,São Thomé das Letras,0,6904,27.520278099652376,0.05263157894736842,1,0.9187000000000001,0.5187813827732715,1.5208,23103.37,8.9,0.19351100811123986
316530,São Vicente de Minas,0,6804,29.394473838918284,0.05,1,0.9470000000000001,0.49257789535567315,2.0576,36498.56,9.3,0.26263962375073485
316540,Sapucaí-Mirim,0,6311,14.260814450958643,0.1111111111111111,1,0.9295,0.5170469550520256,1.1091,27614.31,8.6,0.23752178735541118
316550,Sardoá,0,5104,11.755485893416928,0,0,0.8568000000000001,0.8421662748171369,1.3714,16711.3,5.7,0.5817006269592476
316553,Sarzedo,4,36844,14.11355987406362,0.019230769230769232,1,0.9678,0.4457080302536822,1.0449,44580.44,10,0.17166974269894691
316555,Setubinha,0,9917,9.075325199152969,0,0,0.7713,0.8251403314174314,1.7646,13619.09,7.1,0.657053544418675
316556,Sem-Peixe,0,2433,24.66091245376079,0,0,0.8774,0.6069667077681874,1.4385,17165.12,7.8,0.29675297986025484
316557,Senador Amaral,0,6206,9.668063164679342,0,0,0.9247,0.714617574390375,1.6919,18648.07,7.6,0.4344183048662585
316560,Senador Cortes,0,2240,22.321428571428573,0,0,0.9033,0.6604910714285714,1.5625,21683.19,8.6,0.21964285714285714
316570,Senador Firmino,0,7716,28.51218247796786,0.045454545454545456,1,0.9308,0.5934637981683083,1.8144,18527.26,8.7,0.28900984966303783
316580,Senador José Bento,1,2068,29.013539651837526,0,0,0.9390000000000001,0.42980335267569314,1.6924,20983.94,8.3,0.16779497098646035
316590,Senador Modestino Gonçalves,0,4008,14.970059880239521,0,0,0.8347,0.8456004657351962,1.7465,23123.43,7.7,0.3999500998003992
316600,Senhora de Oliveira,0,5483,14.590552617180375,0,0,0.9094,0.5792145419174418,1.915,16620.02,7.5,0.388838227247857
316610,Senhora do Porto,0,3067,19.563090968373004,0,0,0.8406999999999999,0.6608520812955113,2.2823,18281.72,6.4,0.37495924356048255
316620,Senhora dos Remédios,0,10384,25.038520801232664,0,0,0.919,0.584842064714946,1.3482,13368.09,7.6,0.38540061633281975
316630,Sericita,0,7345,14.976174268209666,0,0,0.8658,0.7072498298162015,1.906,21298.52,6.1,0.44098025867937374
316640,Seritinga,0,1819,32.985156679494224,0,0,0.9465,0.34712296133406634,1.9241,30107.98,8.9,0.15667949422759758
316650,Serra Azul de Minas,0,3792,10.548523206751055,0,0,0.7768999999999999,0.8778788677918424,1.8459,14780.74,4.9,0.5464135021097046
316660,Serra da Saudade,0,833,60.024009603841534,0,0,0.9104000000000001,0.49339735894357745,4.2016,30686.21,8.2,0.11764705882352941
316670,Serra dos Aimorés,0,6944,8.640552995391705,0,0,0.8509,0.6413210445468509,2.0161,22908.8,7.9,0.31163594470046085
316680,Serra do Salitre,0,11801,32.200660960935515,0.02631578947368421,1,0.9445,0.6091786006835579,1.1863,76136.73,8,0.27387509533090415
316690,Serrania,0,7621,19.682456370555045,0.06666666666666667,1,0.9112,0.5705397366924725,1.3777,26579.79,7.2,0.19511875082010235
316695,Serranópolis de Minas,0,4399,18.185951352580133,0,0,0.8229000000000001,0.725297416079412,1.5912,13928.39,7.2,0.39463514435098884
316700,Serranos,0,1990,20.100502512562816,0,0,0.8852,0.5443048576214405,1.7587,24281.41,7.6,0.3587939698492462
316710,Serro,0,21952,13.666180758017493,0,0,0.8754000000000001,0.5353308734207969,1.4497,17625.88,8.1,0.31136115160349853
316720,Sete Lagoas,28,227397,31.31087921124729,0.0014044943820224719,1,0.97,0.31865525930421246,1.0354,65543.81,10.3,0.1546326468686922
316730,Silveirânia,0,2323,25.82866982350409,0,0,0.8964,0.6326947912182522,1.5066,19374.49,8,0.3056392595781317
316740,Silvianópolis,0,6179,21.03900307493122,0.07692307692307693,1,0.8922,0.4280088471705238,1.6993,28921.04,8.4,0.2633112154070238
316750,Simão Pereira,2,2947,23.752969121140143,0.14285714285714285,1,0.9434999999999999,0.452776835199638,1.1876,39392.33,8.9,0.23311842551747539
316760,Simonésia,1,19750,14.683544303797468,0.034482758620689655,1,0.8834000000000001,0.6731856540084388,1.5949,18796.45,7.2,0.43949367088607594
316770,Sobrália,0,5137,38.93322951138797,0.05,1,0.8531,0.7113101031730582,2.0439,15990.16,7.9,0.4311855168386218
316780,Soledade de Minas,0,5613,16.034206306787816,0.1111111111111111,1,0.9425,0.35683532276263435,1.2471,18554.58,8.7,0.17548548013539997
316790,Tabuleiro,0,4014,17.438963627304435,0,0,0.8878,0.5502823451253945,1.7438,21570.71,7.8,0.20752366716492276
316800,Taiobeiras,2,33050,21.482602118003026,0.014084507042253521,1,0.8629000000000001,0.6245184064548663,1.803,21342.59,8.1,0.33264750378214825
316805,Taparuba,0,3387,20.667257159728372,0,0,0.8567,0.743922842239937,2.0667,17709.19,6.9,0.5137289636846767
316810,Tapira,0,4118,16.998542982030113,0,0,0.948,0.5557309373482273,1.6998,153403.51,8.3,0.31738708110733366
316820,Tapiraí,0,1690,23.668639053254438,0,0,0.9074,0.5550295857988166,2.071,41586.33,7.9,0.21775147928994082
316830,Taquaraçu de Minas,0,4224,16.571969696969695,0,0,0.9037000000000001,0.6078559027777778,1.6571,20052.78,8.1,0.3288352272727273
316840,Tarumirim,0,14709,15.636685022775172,0.043478260869565216,1,0.8798,0.5319475604505178,1.6656,16070.3,7.2,0.33448908831327756
316850,Teixeiras,1,12255,23.663810689514484,0.034482758620689655,1,0.9089,0.5208622331021352,1.4279,17955.14,8.5,0.2658506731946144
316860,Teófilo Otoni,17,137418,39.66001542738215,0.001834862385321101,1,0.9095,0.48423726634550546,1.3416,25762.62,9.3,0.24924682356023228
316870,Timóteo,3,81579,21.94192132779269,0.00558659217877095,1,0.9688,0.3311248401345117,0.9224,56987.61,10.3,0.14867796859485896
316880,Tiradentes,0,7744,15.49586776859504,0.08333333333333333,1,0.9565,0.4391679579889807,1.3558,38423.47,10,0.24057334710743802
316890,Tiros,0,7883,26.63960421159457,0,0,0.9456,0.3818131844898305,1.3319,55948.8,7.5,0.20195357097551694
316900,Tocantins,0,16185,10.503552672227372,0.058823529411764705,1,0.9390000000000001,0.5574091236741838,1.0812,27851.98,8.3,0.25060240963855424
316905,Tocos do Moji,0,3826,28.750653423941454,0,0,0.9125,0.4306063774176686,1.8295,21608.21,7.8,0.25614218504966024
316910,Toledo,0,7214,9.703354588300527,0,0,0.9098,0.4567161075686166,1.4555,17413.05,8,0.16883836983642916
316920,Tombos,0,8609,44.139853641537925,0.02631578947368421,1,0.9239,0.5857048824873194,1.6262,19520.55,9,0.34371007085608085
316930,Três Corações,6,75485,40.00794859905942,0.0033112582781456954,1,0.9503,0.40289461482413724,0.8693,47277.07,9.6,0.19182619063390077
316935,Três Marias,1,28895,29.416854127011593,0.011764705882352941,1,0.9418000000000001,0.463520216877199,1.4535,89376.4,9.5,0.22014189306108323
316940,Três Pontas,1,55255,51.94100081440594,0.003484320557491289,1,0.9453,0.36385394986879016,0.7284,41417.07,8.8,0.1948058999185594
316950,Tumiritinga,0,5886,15.290519877675841,0.1111111111111111,1,0.8904000000000001,0.7849699852757956,1.7838,16056.74,7.8,0.5047570506286103
316960,Tupaciguara,2,25470,12.171181782489203,0.03225806451612903,1,0.9381999999999999,0.5339320769532784,1.0993,54974.93,8.6,0.2848841774636828
316970,Turmalina,0,20000,29,0.017241379310344827,1,0.8931999999999999,0.6456,1.575,24343.45,8.4,0.3072
316980,Turvolândia,0,4935,18.237082066869302,0,0,0.9301,0.605775075987842,2.1276,32184.72,7.2,0.34508611955420465
316990,Ubá,7,103365,22.831712862187395,0.00423728813559322,1,0.9608,0.39626324190973733,0.9434,43169.47,9.5,0.15347554781599188
317000,Ubaí,0,11708,17.08233686368295,0,0,0.8704000000000001,0.6853006491288008,1.7936,12133.34,7.8,0.5248548001366588
317005,Ubaporanga,0,13017,11.523392486748099,0.06666666666666667,1,0.8991,0.6110855035722517,1.546,17452.84,7.5,0.31812245525082583
317010,Uberaba,21,337836,22.85132431120425,0.0012953367875647669,1,0.9687,0.2577508021643638,0.5962,70120.94,10.1,0.1283048579784274
317020,Uberlândia,70,713224,43.25429318138481,3.2414910858995135e-4,1,0.9712999999999999,0.31132213255115737,0.6294,71598.38,10.6,0.11604769329130821
317030,Umburatiba,0,2684,18.628912071535023,0,0,0.8040999999999999,0.7146050670640834,1.304,20220.1,7.8,0.4325633383010432
317040,Unaí,6,86619,29.439268520763342,0.00392156862745098,1,0.9434999999999999,0.38829721731567746,0.8527,60281.57,9.5,0.14482965631097103
317043,União de Minas,2,3828,20.898641588296762,0,0,0.8773000000000001,0.5516370602577498,1.6,49027.83,7.4,0.30276907001044934
317047,Uruana de Minas,0,3282,18.281535648994517,0,0,0.8789,0.8193682713792403,2.1328,29293.76,7.5,0.4082876294942108
317050,Urucânia,0,10600,9.433962264150944,0.1,1,0.8865000000000001,0.42683176100628933,1.3207,33597.84,7.7,0.14330188679245284
317052,Urucuia,0,17479,9.72595686252074,0.058823529411764705,1,0.9144,0.3916032572420237,1.0012,13209.38,8.4,0.24251959494250244
317057,Vargem Alegre,1,5780,12.110726643598616,0,0,0.8628,0.8391580161476355,1.8166,15012.85,6.6,0.4814878892733564
317060,Vargem Bonita,0,2158,27.803521779425395,0,0,0.9515,0.7249382143960458,1.6218,42818.54,8.3,0.24096385542168675
317065,Vargem Grande do Rio Pardo,0,4633,30.2180012950572,0.07142857142857142,1,0.8062,0.7734009640981365,2.2663,16621.34,8.1,0.4204619037340816
317070,Varginha,4,136467,75.25628906622114,9.737098344693282e-4,1,0.9681000000000001,0.20131179454862105,0.795,73780.24,10.5,0.10245700425743953
317075,Varjão de Minas,0,6969,24.393743722198305,0,0,0.941,0.46043191275649303,1.5066,51926.77,8.1,0.2465203042043335
317080,Várzea da Palma,2,33744,17.780938833570413,0.016666666666666666,1,0.9167000000000001,0.521003733997155,1.2446,40059.08,7.5,0.26419511616880037
317090,Varzelândia,0,18840,12.738853503184714,0.041666666666666664,1,0.8212999999999999,0.7728768577494692,1.8577,12478.66,7.3,0.5363588110403397
317100,Vazante,1,19975,29.536921151439298,0.01694915254237288,1,0.9549,0.3485022945348352,1.4017,60233.23,9.6,0.14352941176470588
317103,Verdelândia,0,7672,18.248175182481752,0,0,0.831,0.8066996871741398,2.281,17824.68,7.5,0.551094890510949
317107,Veredinha,0,5181,13.510905230650454,0.14285714285714285,1,0.8337,0.8050730232258894,2.0266,22185.58,7.6,0.404169079328315
317110,Veríssimo,0,3411,17.590149516270888,0.16666666666666666,1,0.9135,0.5072070751490276,1.026,89993.48,7.4,0.21929053063617707
317115,Vermelho Novo,0,4899,10.206164523372117,0,0,0.9053,0.7285670545009185,1.4288,17923.79,7.2,0.43131251275770566
317120,Vespasiano,5,129246,12.379493369233865,0.00625,1,0.9642000000000001,0.4701750924593411,0.8612,28049.94,9.4,0.24769818795165807
317130,Viçosa,0,76430,77.71817349208426,0.0016835016835016834,1,0.958,0.3896495704130141,0.9632,29239.36,10.2,0.15662697893497318
317140,Vieiras,0,3700,16.216216216216218,0,0,0.9023,0.7081531531531531,1.8918,18752.64,8,0.3945945945945946
317150,Mathias Lobato,0,3038,23.04147465437788,0,0,0.8717,0.8313857801184991,2.3041,19092.25,7.3,0.5618828176431863
317160,Virgem da Lapa,0,11804,14.401897661809556,0,0,0.8519,0.7578292669151699,1.779,13773.93,7.7,0.3489495086411386
317170,Virgínia,0,8908,25.819488100583744,0.043478260869565216,1,0.9167000000000001,0.6624382577458464,1.1787,26814.39,7.8,0.3386843286933094
317180,Virginópolis,0,10314,25.208454527826255,0.038461538461538464,1,0.9142,0.5660833171740676,1.6967,20456.87,8.4,0.16269148729881713
317190,Virgolândia,0,4552,24.165202108963094,0.09090909090909091,1,0.8320000000000001,0.7065575571177505,2.3066,14883.22,6.8,0.36511423550087874
317200,Visconde do Rio Branco,0,39160,25.025536261491318,0.01020408163265306,1,0.9403,0.5293220122574055,0.9831,52407.5,8.8,0.17665985699693565
317210,Volta Grande,0,4443,22.507314877335133,0.1,1,0.9261,0.6872233475879661,2.3632,32947.62,8.3,0.3977042538825118
317220,Wenceslau Braz,0,2356,8.488964346349745,0,0,0.9376000000000001,0.4505164119977363,1.4855,18576.75,8.5,0.2661290322580645
320010,Afonso Cláudio,0,30684,19.88006778777213,0.01639344262295082,1,0.8979,0.5458518011558685,1.4828,24123.96,7.8,0.2662299569808369
320013,Águia Branca,0,9711,30.892801977139328,0.03333333333333333,1,0.9147,0.638382590189819,1.802,32288.9,7.9,0.31428277211409744
320016,Água Doce do Norte,1,12042,13.286829430327188,0.0625,1,0.8529000000000001,0.6988387864695786,1.7438,19457.45,7.3,0.4006809500083043
320020,Alegre,1,29177,33.24536449943449,0.010309278350515464,1,0.9101,0.5155287840879231,1.1995,24063.72,9.3,0.25235630805086195
320030,Alfredo Chaves,0,13836,23.12807169702226,0.03125,1,0.9420999999999999,0.4127216440204298,1.2648,40863.32,8.5,0.1622578779994218
320035,Alto Rio Novo,1,7434,10.761366693570084,0,0,0.8726999999999999,0.765278898753475,1.8832,20511.78,7.5,0.44552058111380144
320040,Anchieta,0,29984,28.014941302027747,0.011904761904761904,1,0.956,0.48729044379224473,1.5174,77293.85,9.5,0.2570037353255069
320050,Apiacá,1,7223,19.382528035442338,0,0,0.9043000000000001,0.741520143984494,2.1805,20325.96,8.1,0.40066454381835803
320060,Aracruz,6,94765,31.024112277739672,0.003401360544217687,1,0.95,0.5284431664292372,1.1855,81515.74,9.7,0.22831214055822296
320070,Atilio Vivacqua,0,10540,20.872865275142313,0.045454545454545456,1,0.9256,0.5982052498418722,1.9924,43058.68,8.3,0.25702087286527514
320080,Baixo Guandu,0,30674,26.73273782356393,0.012195121951219513,1,0.9139,0.5349726152441807,1.3692,29686.75,8.6,0.23580230814370476
320090,Barra de São Francisco,4,42498,29.41314885406372,0.008,1,0.8923000000000001,0.6010596577093824,1.2353,31217.4,8.3,0.23655230834392207
320100,Boa Esperança,3,13608,27.924750146972368,0.02631578947368421,1,0.8931999999999999,0.7359273956496178,1.5432,27367.6,8.2,0.43371546149323925
320110,Bom Jesus do Norte,0,10254,21.45504193485469,0.045454545454545456,1,0.9411,0.6866263571939406,1.8773,26307.59,9.5,0.3204603081724205
320115,Brejetuba,0,12985,20.79322294955718,0.037037037037037035,1,0.8565,0.6190476190476191,1.6172,26388.73,7.6,0.38860223334616867
320120,Cachoeiro de Itapemirim,7,185786,30.142206624826414,0.0017857142857142857,1,0.9573999999999999,0.4241748570936454,1.1159,40872.59,9.7,0.1841042920349219
320130,Cariacica,35,353491,7.920993745243868,0.0035714285714285713,1,0.9547,0.5329878742787416,0.7231,55760.52,9.5,0.2846097920456249
320140,Castelo,2,36930,37.097210939615486,0.0072992700729927005,1,0.9414,0.3552396425670187,1.3031,37791.44,9.1,0.16290278906038452
320150,Colatina,10,120033,41.48859063757467,0.002008032128514056,1,0.9476,0.3734070352875181,1.5274,42971.05,9.3,0.11674289570368149
320160,Conceição da Barra,2,27458,13.475125646441839,0.02702702702702703,1,0.8872,0.7886074489523393,1.2109,24622.13,8.5,0.4059290552844344
320170,Conceição do Castelo,0,11937,30.158331239004774,0.027777777777777776,1,0.9222,0.5072393957164,1.466,29880.11,8.1,0.22719276200050265
320180,Divino de São Lourenço,0,5083,25.575447570332482,0.07692307692307693,1,0.8973,0.5492491310905634,1.3771,20058.55,8.1,0.2811331890615778
320190,Domingos Martins,1,35416,18.918003162412468,0.014925373134328358,1,0.9281999999999999,0.3382251901212258,1.2847,36564.66,8.3,0.1323130788344251
320200,Dores do Rio Preto,0,6596,28.805336567616738,0.05263157894736842,1,0.8873000000000001,0.6652895694360218,1.5918,35214.98,7.9,0.29472407519708915
320210,Ecoporanga,0,21992,15.914878137504546,0.02857142857142857,1,0.8584,0.5992936825512307,1.4323,21882.65,7.5,0.3113859585303747
320220,Fundão,1,18014,13.322971022538026,0.041666666666666664,1,0.9337000000000001,0.606861330076607,1.6029,33052.88,9,0.2801709781281226
320225,Governador Lindenberg,0,11009,34.51721318920883,0.02631578947368421,1,0.9115000000000001,0.5224664668301692,1.5896,38914.79,7.7,0.2308111545099464
320230,Guaçuí,3,29358,27.93105797397643,0.012195121951219513,1,0.9116,0.5950848150418966,1.3113,26690.86,8.9,0.26112132979085767
320240,Guarapari,13,124656,23.183801822615838,0.0034602076124567475,1,0.958,0.4234359624352886,0.7237,27203.62,9.9,0.18407457322551662
320245,Ibatiba,2,25380,43.341213553979514,0.00909090909090909,1,0.8791,0.46300236406619383,0.9653,22101.94,7.4,0.1479511426319937
320250,Ibiraçu,1,11723,34.12095879894225,0.025,1,0.9359999999999999,0.7851161534305781,1.1942,30683.86,9,0.2654610594557707
320255,Ibitirama,1,9520,27.310924369747898,0.038461538461538464,1,0.8754000000000001,0.7798581932773109,1.4705,21711.47,7.7,0.5509453781512605
320260,Iconha,1,12326,34.88560765860782,0.023255813953488372,1,0.9444,0.3956609335280437,1.9876,31241.39,8.4,0.1333766023040727
320265,Irupi,0,13710,36.46973012399708,0.02,1,0.8906000000000001,0.6165025528811087,1.404,20473.93,7.6,0.27315827862873815
320270,Itaguaçu,0,13589,27.227904923099565,0,0,0.9158,0.5286322270463856,1.5453,33349.29,8.2,0.2673485907719479
320280,Itapemirim,2,39832,21.590680859610362,0.011627906976744186,1,0.9206,0.6660453069558814,1.1422,154008.98,8.3,0.3889335207873067
320290,Itarana,0,10597,21.704255921487213,0.043478260869565216,1,0.9261,0.42619766600610237,1.6514,41638.25,7.8,0.17410587902236482
320300,Iúna,0,28590,33.5781741867786,0.010416666666666666,1,0.9031,0.5381572811006179,1.469,25287.73,7.7,0.27215809723679607
320305,Jaguaré,1,28931,23.158549652621755,0.014925373134328358,1,0.9007999999999999,0.6194595186247739,1.1795,43277.91,8.4,0.3362828799557568
320310,Jerônimo Monteiro,0,11575,35.42116630669546,0.024390243902439025,1,0.9126000000000001,0.6029013678905687,1.2095,18911.84,8.4,0.26721382289416845
320313,João Neiva,2,14079,32.67277505504652,0.021739130434782608,1,0.9327,0.5332291592679405,1.4915,43730.54,9,0.1701115136018183
320316,Laranja da Terra,0,11094,32.449972958355865,0.027777777777777776,1,0.8931999999999999,0.4740024637942431,1.6563,24601.97,7.3,0.26122228231476474
320320,Linhares,14,166786,38.31256820116796,0.001564945226917058,1,0.9412,0.3872342402839567,1.0112,60043.15,9.5,0.17522453922991138
320330,Mantenópolis,2,12770,17.227877838684417,0.045454545454545456,1,0.8615,0.6787196554424433,1.3703,19640.05,7.2,0.38731401722787784
320332,Marataízes,1,41929,24.803835054496886,0.009615384615384616,1,0.9286,0.6307249556790447,1.2521,169391.53,8.8,0.34443940947792695
320334,Marechal Floriano,0,17641,22.10759027266028,0.02564102564102564,1,0.9393,0.38370368270884114,1.3888,38704.8,8.6,0.10759027266028003
320335,Marilândia,1,12387,21.797045289416324,0.037037037037037035,1,0.9146,0.53327413148193,1.6953,32651.41,7.3,0.1902801323968677
320340,Mimoso do Sul,0,24475,27.374872318692542,0.014925373134328358,1,0.9067000000000001,0.6608205652025877,1.859,28717.6,7.9,0.3644535240040858
320350,Montanha,3,18900,23.80952380952381,0.022222222222222223,1,0.8758,0.746005291005291,1.7592,29870.32,8.2,0.3431746031746032
320360,Mucurici,0,5466,27.442371020856204,0,0,0.8497,0.7356842297841201,1.9209,24883.76,8.2,0.33790706183680935
320370,Muniz Freire,1,18153,39.111992508125375,0.014084507042253521,1,0.8813,0.5682669531206963,1.7352,28091.1,7.7,0.2964799206742687
320380,Muqui,1,13745,13.823208439432522,0.05263157894736842,1,0.9190999999999999,0.6190311628470959,1.5278,22399.82,9,0.37875591124045105
320390,Nova Venécia,1,49065,26.08784265769897,0.0078125,1,0.9231,0.523620027854207,0.9986,38441.26,8.9,0.23238561092428411
320400,Pancas,0,18893,19.054676335150585,0.027777777777777776,1,0.8726,0.5641948517087457,1.6672,24722.47,7.7,0.2860318636532049
320405,Pedro Canário,3,21522,14.403865811727535,0.03225806451612903,1,0.8704999999999999,0.7218234055075426,1.4636,25325.58,8.3,0.37640553851872505
320410,Pinheiros,2,23915,27.597742002927035,0.015151515151515152,1,0.8822,0.591671893511743,1.1708,42846.59,8.4,0.311561781308802
320420,Piúma,1,22300,22.42152466367713,0.02,1,0.9545,0.5806053811659193,1.491,47358.86,9.6,0.2777578475336323
320425,Ponto Belo,0,6497,32.32261043558565,0.047619047619047616,1,0.8678,0.8527268995946847,2.0201,21707.51,7.8,0.476989379713714
320430,Presidente Kennedy,1,13696,18.253504672897197,0.04,1,0.8737,0.6844212422118381,1.5332,537982.68,8.4,0.3632447429906542
320435,Rio Bananal,1,19274,16.602677181695547,0.03125,1,0.914,0.47178841963266577,1.2711,40878.8,7.8,0.2643976341185016
320440,Rio Novo do Sul,0,11069,15.358207606829886,0.058823529411764705,1,0.9314,0.4322582588008553,1.8971,26522.61,8.5,0.2022766284217183
320450,Santa Leopoldina,0,13106,9.156111704562795,0.08333333333333333,1,0.902,0.5075283585126406,1.3352,33545.27,7.2,0.28170303677704867
320455,Santa Maria de Jetibá,1,41636,29.781919492746663,0.008064516129032258,1,0.9301,0.3903212764594742,1.429,62270.27,7.6,0.1530166202324911
320460,Santa Teresa,0,22808,32.444756225885655,0.013513513513513514,1,0.9437000000000001,0.32381182041388984,1.381,35982.08,9.2,0.1425377060680463
320465,São Domingos do Norte,0,8589,20.957038071952496,0.05555555555555555,1,0.9231999999999999,0.653199829238949,1.2224,45586.79,8.2,0.31342414716497846
320470,São Gabriel da Palha,0,32252,44.02827731613543,0.007042253521126761,1,0.9329000000000001,0.43824155607920956,1.1665,30644.65,8.5,0.17887262805407417
320480,São José do Calçado,0,10878,24.82073910645339,0.037037037037037035,1,0.9009999999999999,0.7053303303303303,1.287,21218.22,8.6,0.3600845743702887
320490,São Mateus,25,123752,21.8178292068007,0.003703703703703704,1,0.9278,0.6225966718383003,0.8842,35194.89,9.6,0.28338127868640506
320495,São Roque do Canaã,0,10886,33.98860922285505,0.02702702702702703,1,0.9223,0.42789668687610993,1.5271,27723.81,8.7,0.13972074223773653
320500,Serra,53,520653,10.851757312451863,0.0017699115044247787,1,0.9612,0.42836367663939967,0.7592,72311.41,10.1,0.2230545103936787
320501,Sooretama,2,26502,17.734510602973362,0.02127659574468085,1,0.8956999999999999,0.6343137624833346,0.9244,34409.94,8.4,0.2622820919175911
320503,Vargem Alta,1,19563,22.491437918519654,0,0,0.9319,0.4546081889280785,1.4312,26753.27,7.7,0.18790574042835967
320506,Venda Nova do Imigrante,2,23831,60.00587470101968,0.006993006993006993,1,0.9467,0.4398332703901081,1.4686,39671.53,9.4,0.18517896857034954
320510,Viana,5,73423,8.171826266973564,0.016666666666666666,1,0.9440999999999999,0.5234644911449183,1.3575,81139.91,9.3,0.26532557917818667
320515,Vila Pavão,0,8911,29.17742116485243,0.038461538461538464,1,0.9087999999999999,0.6443814760782554,1.3747,23942.58,8.1,0.29110088654472
320517,Vila Valério,1,13728,20.396270396270396,0.03571428571428571,1,0.9148000000000001,0.5726981351981352,1.5297,44849.39,7.3,0.33267773892773894
320520,Vila Velha,48,467722,23.8389470668474,8.968609865470852e-4,1,0.9743999999999999,0.326252738450048,0.856,42143.26,11,0.15415781169156037
320530,Vitória,40,322869,42.308180717256846,7.320644216691069e-4,1,0.9776,0.3319313199264511,1.0726,87520.35,12,0.17296488668778978
330010,Angra dos Reis,11,167434,37.686491393623754,0.001584786053882726,1,0.9558,0.49144737627960866,1.223,71075.76,9.4,0.279686324163551
330015,Aperibé,0,11034,19.032082653616097,0.047619047619047616,1,0.9366,0.47417074497009243,1.5067,27291.05,9.2,0.25774877650897227
330020,Araruama,11,129671,29.844760971998365,0.002583979328165375,1,0.9533,0.5320169248842584,0.8434,101458.16,9.5,0.3357111459000085
330022,Areal,1,11828,29.59080148799459,0.02857142857142857,1,0.9451,0.536946229286439,1.4795,50479.55,9.2,0.24974636455867433
330023,Armação dos Búzios,4,40006,18.247262910563414,0.0136986301369863,1,0.9721,0.5244838274258861,1.2248000000000001,125471.71,10.2,0.2520371944208369
330025,Arraial do Cabo,5,30986,11.940876524882205,0.02702702702702703,1,0.9682,0.6799710622001334,0.9036,301277.15,10.4,0.26276382882592136
330030,Barra do Piraí,13,92883,13.565453312231517,0.007936507936507936,1,0.9641,0.3763013683881873,0.8101,34728.89,10,0.21639051279566768
330040,Barra Mansa,10,169894,28.194050407901397,0.0020876826722338203,1,0.9695,0.3422732213419348,1.0781,40208.1,9.9,0.2021731197099368
330045,Belford Roxo,68,483087,5.340652925870495,0.003875968992248062,1,0.9640000000000001,0.5540435780718587,1.1379,20050.92,9,0.3635100923850155
330050,Bom Jardim,0,28102,21.35079353782649,0.016666666666666666,1,0.92,0.40366047493654067,0.8718,36257.9,8.2,0.23058857020852608
330060,Bom Jesus do Itabapoana,5,35173,50.322690700253034,0.005649717514124294,1,0.9273,0.5501521053080488,1.6916,34333.46,9.6,0.23563528843146733
330070,Cabo Frio,27,222161,27.14247775262085,0.001658374792703151,1,0.9666,0.4466865621478717,0.6931,76361.16,10.1,0.23858372981756473
330080,Cachoeiras de Macacu,9,56943,22.47861896984704,0.0078125,1,0.9384999999999999,0.5334852396255905,1.1063,29896.6,9.1,0.3361607221256344
330090,Cambuci,2,14616,14.367816091954023,0.047619047619047616,1,0.9064,0.5551906586389346,1.1973,32811.19,8.6,0.31424466338259444
330093,Carapebus,2,13847,16.610096049685854,0.043478260869565216,1,0.9370999999999999,0.5960015406465902,1.5165,75513.34,9.2,0.338701523795768
330095,Comendador Levy Gasparian,0,8741,40.041185219082486,0.02857142857142857,1,0.9538,0.5609484040727606,2.002,72481.69,8.9,0.27822903557945317
330100,Campos dos Goytacazes,57,483540,26.926417669686064,7.680491551459293e-4,1,0.9506,0.4649113827191132,0.6215,88831.26,9.5,0.3350787938950242
330110,Cantagalo,1,19390,47.44713769984528,0.010869565217391304,1,0.9311,0.3962781502492694,1.444,55456.19,8.9,0.24858174316658072
330115,Cardoso Moreira,0,12958,14.662756598240469,0.05263157894736842,1,0.8901,0.6372639810670371,1.6206,30338.38,8,0.3192622318258991
330120,Carmo,0,17198,28.491685079660424,0.02040816326530612,1,0.9378,0.5121574214055898,1.4245,39066.53,9.1,0.30137225258751016
330130,Casimiro de Abreu,2,46110,13.229234439384081,0.01639344262295082,1,0.9556999999999999,0.4250343381768235,0.9108,72939.46,9.6,0.22561266536543048
330140,Conceição de Macabu,0,21104,19.4275966641395,0.024390243902439025,1,0.9245,0.5521544099064948,1.3267,23881.72,9.3,0.35851023502653523
330150,Cordeiro,0,20783,32.23788673435019,0.014925373134328358,1,0.9573,0.4174325169609777,1.0104,25527.28,9.6,0.2184958860607227
330160,Duas Barras,0,10980,28.233151183970858,0.03225806451612903,1,0.8957999999999999,0.49225865209471764,1.275,25997.09,8.2,0.28087431693989073
330170,Duque de Caxias,136,808161,7.300525514099294,0.001694915254237288,1,0.9623,0.543489684192465,0.5143,86700.55,9.4,0.3594197195855776
330180,Engenheiro Paulo de Frontin,1,12242,22.872079725535045,0.03571428571428571,1,0.9498000000000001,0.4892310624625606,1.7154,26175.33,9.4,0.28998529652017646
330185,Guapimirim,2,51696,13.153822346022903,0.014705882352941176,1,0.9521,0.6534064531104921,0.8124,30756.41,9.1,0.4146549056019808
330187,Iguaba Grande,4,27920,22.206303724928368,0.016129032258064516,1,0.9684,0.6620642311365806,1.3789,29178.41,10.5,0.32238538681948425
330190,Itaboraí,23,224267,14.536244743988192,0.003067484662576687,1,0.9484999999999999,0.5849344754243826,0.855,27995.17,9.2,0.3647794816000571
330200,Itaguaí,13,116841,17.88755659400382,0.004784688995215311,1,0.9584,0.5108737515084603,1.0783,97431.23,9.6,0.3377923845225563
330205,Italva,0,14073,21.317416329140908,0.03333333333333333,1,0.9111,0.46246358274710436,1.9896,30661.08,8.3,0.2501954096496838
330210,Itaocara,1,22919,23.561237401282778,0.018518518518518517,1,0.9226000000000001,0.4542555667059354,1.5652,33007.09,9.2,0.22893669008246434
330220,Itaperuna,10,101041,48.89104422957018,0.0020242914979757085,1,0.9401,0.43232862567340646,1.0785,40257.29,9.6,0.2057085737472907
330225,Itatiaia,0,30908,18.765368189465512,0.017241379310344827,1,0.9581000000000001,0.45181668176523876,1.2456,226112.51,9.7,0.2562443380354601
330227,Japeri,21,96289,4.569577002565194,0.022727272727272728,1,0.9442,0.5948057410503795,0.7014,19470.53,7.9,0.42092035434992575
330230,Laje do Muriaé,1,7336,19.083969465648856,0.07142857142857142,1,0.9122,0.704062159214831,1.9083,28435.51,8.9,0.30602508178844057
330240,Macaé,26,246391,45.86206476697607,8.849557522123894e-4,1,0.9655,0.37346433108352173,0.6911,90891.55,10.4,0.20642393593921857
330245,Macuco,1,5415,35.08771929824562,0,0,0.9428,0.9776546629732226,1.939,52193.14,9.4,0.36583564173591876
330250,Magé,45,228127,11.83551267495737,0.003703703703703704,1,0.9551999999999999,0.6120121686604392,0.9507,23238.86,9.3,0.37484383698553875
330260,Mangaratiba,7,41220,12.857836001940806,0.018867924528301886,1,0.9659,0.4920871745107553,1.1887,83543.43,10,0.271300339640951
330270,Maricá,15,197277,9.98595882946314,0.005076142131979695,1,0.9734,0.6155414299014415,1.0146,679714.48,10.9,0.19459947180867512
330280,Mendes,0,17502,29.710890183978975,0.019230769230769232,1,0.9666,0.4997333638060413,1.7997,25412.17,10,0.2775682779110959
330285,Mesquita,26,167127,4.5474399708006485,0.013157894736842105,1,0.9763,0.5085653425239488,1.0699,18123.98,9.9,0.3169565659648052
330290,Miguel Pereira,1,26582,36.11466405838537,0.010416666666666666,1,0.9593,0.48287374915356257,1.58,31871.11,10.2,0.2930554510571063
330300,Miracema,2,26881,19.344518433094006,0.019230769230769232,1,0.9269,0.5945463338417469,1.1718,27606.01,9.4,0.33990550946765374
330310,Natividade,1,15074,35.82327185882977,0.018518518518518517,1,0.9278,0.5160762460749193,1.6253,27095.37,8.9,0.29209234443412496
330320,Nilópolis,9,146774,10.492321528336081,0.006493506493506494,1,0.9808,0.33796119657886725,1.2161,22754.5,10.5,0.21472467875781814
330330,Niterói,50,481749,28.02289158877341,7.407407407407407e-4,1,0.9823000000000001,0.3120253838963167,0.9496,158314.82,12.2,0.17448090188043983
330340,Nova Friburgo,10,189939,37.90690695433797,0.001388888888888889,1,0.9639,0.3123243953760593,0.5341,38789.12,9.6,0.1604620430769879
330350,Nova Iguaçu,146,785867,16.885808921865912,7.535795026375283e-4,1,0.9634999999999999,0.5808839154717019,0.61240000000000006,26109.54,9.4,0.3731700147734922
330360,Paracambi,1,41375,17.401812688821753,0.013888888888888888,1,0.9655,0.523828801611279,0.8459,26235.37,10,0.36891842900302113
330370,Paraíba do Sul,6,42063,20.445522192901123,0.011627906976744186,1,0.9533,0.47123758806235094,1.8305,33263.36,9.2,0.2529063547535839
330380,Paraty,2,45243,11.7145193731627,0.018867924528301886,1,0.9529000000000001,0.505577290041185,0.8509,139787.2,9.4,0.2594876555489247
330385,Paty do Alferes,1,29619,22.28299402410615,0.015151515151515152,1,0.9120999999999999,0.5069296735203754,1.6543,29127.92,8.2,0.30362267463452514
330390,Petrópolis,29,278881,28.686070402788285,0.00125,1,0.9704999999999999,0.41417366786072435,0.7209,71382.9,9.9,0.22786780024454875
330395,Pinheiral,1,24298,16.050703761626472,0.02564102564102564,1,0.9634,0.44440557521881086,1.5844,48880.42,9.9,0.28730759733311384
330400,Piraí,0,27474,19.290966004222174,0.018867924528301886,1,0.9433,0.41282667249035454,1.9108,123343.79,9.6,0.2595544878794497
330410,Porciúncula,0,17288,41.64738546968996,0.013888888888888888,1,0.9147,0.5955768934135431,2.0245,32349.22,9.1,0.3455576122165664
330411,Porto Real,3,20373,26.996514995336966,0.01818181818181818,1,0.9588,0.4608959570673604,1.3743,157344.64,9.5,0.23251362096892947
330412,Quatis,1,13682,21.92661891536325,0.03333333333333333,1,0.9487000000000001,0.4231472007016518,1.279,29292.6,9.4,0.25931881303902937
330414,Queimados,35,140523,6.546970958490781,0.010869565217391304,1,0.9623999999999999,0.5527126045795587,0.4545,35145.93,9.3,0.37639389993097216
330415,Quissamã,2,22393,11.16420309918278,0.04,1,0.9261,0.6602249214784381,1.4066,253188.23,8.9,0.34032956727548785
330420,Resende,5,129612,43.900256149121994,0.0017574692442882249,1,0.9676,0.32528238126099435,1.0353,94649.39,10.5,0.16016263926179675
330430,Rio Bonito,5,56276,24.1666074347857,0.007352941176470588,1,0.9478,0.5325286682303884,1.2438,36222.65,9.4,0.34432084725282536
330440,Rio Claro,1,17401,19.539106947876558,0.029411764705882353,1,0.9159,0.559455395283796,1.8102,33183.8,8.4,0.30279868973047525
330450,Rio das Flores,0,8954,25.686843868662052,0.043478260869565216,1,0.9247,0.5693079443079443,1.5635,37826.11,8.6,0.32097386642841186
330452,Rio das Ostras,19,156491,25.88008256065844,0.0024691358024691358,1,0.9736,0.4199506680895387,0.7045,67734.87,10.7,0.22728463617716035
330455,Rio de Janeiro,818,6211223,26.833684767074054,5.999880002399952e-5,1,0.9767,0.33712928462988156,0.7903,67371.97,10.9,0.2142484660428389
330460,Santa Maria Madalena,0,10232,25.41047693510555,0.038461538461538464,1,0.8966,0.3832421162366432,1.0261,26886.06,8.3,0.22546911649726348
330470,Santo Antônio de Pádua,2,41325,15.970961887477314,0.015151515151515152,1,0.9309000000000001,0.4675095785440613,1.0163,40806.71,9.3,0.21868118572292802
330475,São Francisco de Itabapoana,2,45059,14.647462216205419,0.015151515151515152,1,0.867,0.6398333296344793,1.1651,32876.17,7.4,0.4291928360593888
330480,São Fidélis,0,38961,16.42668309334976,0.015625,1,0.9218000000000001,0.4495478384367273,1.4822,25305.77,8.8,0.29139395806062474
330490,São Gonçalo,131,896744,10.627336229737807,0.001049317943336831,1,0.9698,0.37572001225173146,0.857,25719.37,9.7,0.22887579955929452
330500,São João da Barra,2,36573,19.960079840319363,0.0136986301369863,1,0.9431,0.7105309928089028,1.244,382417.42,8.7,0.41054876548273317
330510,São João de Meriti,71,440962,8.526811834126297,0.0026595744680851063,1,0.9762000000000001,0.3601493250363221,0.6997,26156.56,9.8,0.23250756300996459
330513,São José de Ubá,1,7070,21.216407355021218,0.06666666666666667,1,0.8986,0.5922088637435172,1.9801,32918.03,7.3,0.33734087694483733
330515,São José do Vale do Rio Preto,0,22080,24.003623188405797,0.018867924528301886,1,0.9361,0.4136209239130435,1.2681,42646.96,8,0.23093297101449275
330520,São Pedro da Aldeia,13,104029,16.14934297167136,0.005952380952380952,1,0.9609000000000001,0.44909111882263597,0.6981,32289.18,9.7,0.2531986273058474
330530,São Sebastião do Alto,0,7750,15.483870967741936,0.08333333333333333,1,0.8902,0.6388172043010752,2.258,35205.84,8.2,0.31909677419354837
330540,Sapucaia,0,17729,22.561904224716567,0.025,1,0.9183,0.5574482486321846,1.3819,69249.3,8.6,0.30526256416041514
330550,Saquarema,7,89559,19.54019138221731,0.005714285714285714,1,0.9573,0.6956084815596423,0.7327,722441.52,10,0.2878102703245905
330555,Seropédica,7,80596,7.196386917464887,0.017241379310344827,1,0.9533,0.6568191969824805,0.9553,46653.38,9.6,0.4300585637004318
330560,Silva Jardim,1,21352,19.201948295241664,0.024390243902439025,1,0.9044,0.59794554764581,1.8031,33060.71,8.4,0.36118396403147246
330570,Sumidouro,0,15206,17.09851374457451,0.038461538461538464,1,0.8825,0.6338068306370293,1.381,48259.96,7.1,0.4537682493752466
330575,Tanguá,2,31086,17.371163867979156,0.018518518518518517,1,0.9366,0.6023156190353642,1.4636,27627.05,8.5,0.4133371935919707
330580,Teresópolis,12,165123,26.162315364909794,0.0023148148148148147,1,0.9506999999999999,0.46733949843450034,0.5623,43025.78,9.8,0.2614656952695869
330590,Trajano de Moraes,1,10302,23.296447291788002,0,0,0.8902,0.45540509933346274,1.3589,28192.48,7.9,0.300038827412153
330600,Três Rios,5,78346,45.694738723100095,0.002793296089385475,1,0.9653,0.5291686876164705,1.4303,76808.47,9.9,0.29226763331886757
330610,Valença,0,68088,37.45153330983433,0.00392156862745098,1,0.9531000000000001,0.4544376395253202,1.2079,45595.24,9.8,0.2794765597462108
330615,Varre-Sai,0,10207,23.513275203291858,0.041666666666666664,1,0.8976000000000001,0.669352731785376,1.7145,39964.25,8,0.45919467032428724
330620,Vassouras,6,33976,40.32258064516129,0.0072992700729927005,1,0.9454,0.4514093281532062,1.4421,43350.59,9.6,0.26091947256887216
330630,Volta Redonda,32,261563,38.53756074062463,9.92063492063492e-4,1,0.9763,0.3756003970999976,0.955,58523.62,10.8,0.18962162079499012
350010,Adamantina,1,34687,55.64044166402399,0.0051813471502590676,1,0.9649,0.2183935384053584,1.1099,49179.66,10.5,0.055755758641566004
350020,Adolfo,0,4351,11.491611123879569,0.2,1,0.9322,0.435053244464874,1.6088,49478.96,8.4,0.15054010572282234
350030,Aguaí,5,32072,24.008480917934648,0.012987012987012988,1,0.9503,0.39520973642637397,0.9821,55308.14,9,0.21710526315789475
350040,Águas da Prata,1,7369,8.142217397204506,0.16666666666666666,1,0.9684999999999999,0.3407857239788302,1.4248,36960.06,9.4,0.10449178993079115
350050,Águas de Lindóia,1,17930,31.232571109871724,0.017857142857142856,1,0.9641,0.24875441531883252,1.1712,44680.12,9.5,0.08360290016731735
350055,Águas de Santa Bárbara,0,7177,15.326738191444893,0,0,0.9564,0.3740885235242209,1.7068,52328.53,10.1,0.17820816497143654
350060,Águas de São Pedro,0,2780,17.985611510791365,0,0,0.9876,0.3583932853717027,2.2032,66687.04,11.4,0.08848920863309352
350070,Agudos,1,37680,11.146496815286625,0.023809523809523808,1,0.9619,0.2875774062278839,0.743,90653.09,10,0.1290339702760085
350075,Alambari,0,6141,16.283992835043154,0.1,1,0.9541,0.3559409433859849,1.2823,26095.45,9.1,0.1410193779514737
350080,Alfredo Marcondes,1,4445,17.99775028121485,0,0,0.9464,0.48781402324709416,1.5748,35576.36,9.5,0.18042744656917886
350090,Altair,0,3451,23.181686467690525,0.125,1,0.9255,0.46829421423741907,1.0141,61005.12,8.5,0.19327731092436976
350100,Altinópolis,0,16818,29.730051135687955,0.02,1,0.9499,0.4616333690093947,1.2486,56281.23,9.1,0.21827803543822094
350110,Alto Alegre,0,3841,20.827909398594116,0.125,1,0.9427,0.3999392519309208,1.8224,44883.13,8.6,0.19161676646706588
350115,Alumínio,1,17301,10.404022888850356,0.05555555555555555,1,0.9620000000000001,0.21450108856906153,0.2023,198774.29,10.1,0.10265302583665684
350120,Álvares Florence,0,3915,15.32567049808429,0.16666666666666666,1,0.9351,0.40561941251596423,2.0114,44852.67,8.5,0.15759897828863345
350130,Álvares Machado,1,27255,9.539534030453128,0.038461538461538464,1,0.9577,0.3811747080046474,1.3804,31545.46,9.8,0.1984589983489268
350140,Álvaro de Carvalho,1,4808,8.319467554076539,0,0,0.9329000000000001,0.4443982251802551,1.9138,14429.47,7.3,0.1961314475873544
350150,Alvinlândia,0,2885,10.398613518197573,0,0,0.9270999999999999,0.5542749855574812,2.4263,28635.3,8.5,0.1923743500866551
350160,Americana,18,237240,47.20957679986512,8.928571428571428e-4,1,0.9833,0.1684345669645366,0.4434,74188.86,10.9,0.078650311920418145
350170,Américo Brasiliense,2,33019,11.205669463036434,0.02702702702702703,1,0.945,0.2893359378943437,0.2914,45578.66,8.8,0.14842969199551773
350180,Américo de Campos,0,5870,18.739352640545146,0.09090909090909091,1,0.9545,0.4341283361726292,1.1925,29957.02,9.1,0.18296422487223168
350190,Amparo,2,68008,47.494412422067995,0.0030959752321981426,1,0.9678,0.20895090773634475,1.4924,98495.31,10.3,0.08988648394306552
350200,Analândia,0,4589,17.43299193724123,0,0,0.9555,0.3699426164015399,1.5253,58028.24,9.9,0.1802135541512312
350210,Andradina,4,59783,56.03599685529331,0.0029850746268656717,1,0.9626,0.32064299215496045,1.0684,74685.78,10.1,0.15141428165197465
350220,Angatuba,0,24022,19.149113312796604,0.021739130434782608,1,0.9584999999999999,0.4515617628285183,1.2748,73951.99,9.2,0.18466405794688204
350230,Anhembi,1,5674,15.861825872400424,0,0,0.9436,0.5914845494066503,1.8505,55541.76,8.5,0.27722946774762075
350240,Anhumas,0,4023,24.85707183693761,0.1,1,0.9436,0.5209420830226199,2.1749,32904.69,9.6,0.13522247079294059
350250,Aparecida,6,32569,15.35202186127913,0.02,1,0.9703,0.3701321297348194,1.0209,42055.3,10.2,0.15990665970708343
350260,Aparecida d'Oeste,0,4086,17.13166911404797,0,0,0.9179,0.5785201501060532,1.7131,55260.37,8.6,0.23250122369065102
350270,Apiaí,0,24585,20.33760423022168,0.02,1,0.9401,0.5254626804962376,1.5659,50259.33,8.9,0.28570266422615415
350275,Araçariguama,0,21522,12.080661648545675,0.038461538461538464,1,0.9493,0.46526035374655395,0.9757,224518.01,9,0.2226558869993495
350280,Araçatuba,25,200124,33.2793667925886,0.0015015015015015015,1,0.9740000000000001,0.26880250911101783,0.8314,57253.2,10.6,0.1164328116567728
350290,Araçoiaba da Serra,0,32443,12.637548931972999,0.024390243902439025,1,0.9701000000000001,0.33761006483165346,1.0518,46949.85,10.3,0.15402398051968066
350300,Aramina,0,5420,29.52029520295203,0,0,0.9506,0.4359009840098401,1.7758,40438.92,9.2,0.18948339483394833
350310,Arandu,1,6885,7.262164124909223,0,0,0.9367,0.4723069474703462,1.3979,31552.42,8.5,0.2047930283224401
350315,Arapeí,0,2330,12.875536480686696,0,0,0.9372,0.8629828326180258,1.5021,22848,8.6,0.344206008583691
350320,Araraquara,8,242228,39.30181481909606,0.0010504201680672268,1,0.9762000000000001,0.2338168997803722,0.7152,60643.28,10.9,0.11116386214640751
350330,Araras,9,130866,27.432641022114225,0.002785515320334262,1,0.9681000000000001,0.29154376741603366,0.5956,76588.83,10.4,0.1351382330016964
350335,Arco-Íris,0,2044,9.784735812133073,0,0,0.9248000000000001,0.5883887801696022,1.7123,66696.94,8.8,0.25244618395303325
350340,Arealva,1,8130,15.990159901599016,0.07692307692307693,1,0.9619,0.4857831078310783,1.2915,37036.91,8.9,0.1923739237392374
350350,Areias,0,3577,11.182555213866369,0,0,0.9398000000000001,0.5796990028888268,0.9784,20979.07,8.9,0.34106793402292424
350360,Areiópolis,0,10130,14.807502467917079,0.06666666666666667,1,0.9372,0.3699078644290885,1.0365,21886.14,8.8,0.17334649555774925
350370,Ariranha,0,7602,18.41620626151013,0.07142857142857142,1,0.9431999999999999,0.2755524861878453,1.3812,164693.79,9.1,0.11838989739542226
350380,Artur Nogueira,3,51456,20.988805970149254,0.009259259259259259,1,0.9541,0.32646176668739635,0.8162,42032.66,9.3,0.12954757462686567
350390,Arujá,2,86678,10.498627102609658,0.01098901098901099,1,0.9645,0.4295149865017652,0.4845,120285.74,10.5,0.2290200512240707
350395,Aspásia,0,1842,10.857763300760043,0,0,0.9068,0.6105682229460732,1.9001,35749.6,8.8,0.16340933767643864
350400,Assis,6,101409,54.137206756796736,0.0018214936247723133,1,0.9738,0.27505859111781666,0.7518,46175.48,10.8,0.114674239958978
350410,Atibaia,4,158647,30.381917086361543,0.002074688796680498,1,0.9655,0.2317135947522907,0.6906,59418.61,10.4,0.10459699836744471
350420,Auriflama,0,13692,24.101665205959684,0.030303030303030304,1,0.9483,0.2961279092414062,1.0864,32396.47,9.7,0.09815950920245399
350430,Avaí,0,4483,8.922596475574393,0,0,0.9386,0.4811696036880066,2.7325,111745.11,9.1,0.2580861030559893
350440,Avanhandava,0,11263,14.205806623457338,0.0625,1,0.9477,0.5557503921394537,2.0237,26258.97,9,0.28793394299920094
350450,Avaré,7,92805,35.558428963956686,0.0030303030303030303,1,0.9658,0.2767864518793887,0.5969,47503.24,10.1,0.14116696298690803
350460,Bady Bassitt,0,27260,6.236243580337491,0.058823529411764705,1,0.9756,0.3031578625580827,1.3481,27960.2,10.3,0.09768892149669846
350470,Balbinos,0,3887,12.863390789812195,0,0,0.9706999999999999,0.1741703112940571,2.6038,21326.13,8,0.09621816310779521
350480,Bálsamo,0,9596,8.336807002917883,0,0,0.9634,0.275974364318466,1.2765,38335.86,9.4,0.11098374322634431
350490,Bananal,2,9969,18.055973517905507,0.05555555555555555,1,0.9462,0.6005199451633396,1.7554,28332.23,9.1,0.27134115758852445
350500,Barão de Antonina,0,3531,11.328235627301048,0,0,0.9422,0.5540451241385821,1.7346,22770.74,8.1,0.23166241857830644
350510,Barbosa,0,5640,5.319148936170213,0,0,0.9255,0.6148936170212767,2.1719,33142.31,8.4,0.28404255319148936
350520,Bariri,0,31595,36.08165849026745,0.008771929824561403,1,0.9612999999999999,0.285337869916126,0.4431,58989.2,9.7,0.13435670200981167
350530,Barra Bonita,1,34346,32.60932859721656,0.008928571428571428,1,0.9605,0.274175546885615,0.6114,60499.06,9.9,0.11171606591742853
350535,Barra do Chapéu,0,5179,13.516122803630044,0,0,0.9118999999999999,0.8797708695372336,2.0274,39171.73,8.1,0.5680633326897084
350540,Barra do Turvo,0,6876,11.634671320535196,0,0,0.8776999999999999,0.7357960054295133,2.036,21110.97,7.8,0.45433391506689935
350550,Barretos,13,122485,28.248356941666326,0.002890173410404624,1,0.9762000000000001,0.2481174565593066,0.7215,54826.42,10.4,0.11621831244642201
350560,Barrinha,1,32092,16.20341518135361,0.019230769230769232,1,0.9373999999999999,0.43236372512360294,0.4907,22983.3,9,0.23794091985541568
350570,Barueri,30,316473,22.90874734969492,0.001379310344827586,1,0.9739,0.3452888029415885,0.6166,226391.22,11,0.17723154897890184
350580,Bastos,0,21503,21.39236385620611,0.021739130434782608,1,0.958,0.3742927343471454,1.1393,74250.25,9.5,0.10663628330930568
350590,Batatais,0,58402,55.306325125851856,0.0030959752321981426,1,0.9631000000000001,0.29603723616771116,0.824,56996.17,9.6,0.14891613300914353
350600,Bauru,37,379146,27.456441581870838,9.606147934678194e-4,1,0.9790000000000001,0.2691757704595767,0.4633,54477.06,10.9,0.10671087127386283
350610,Bebedouro,7,76373,50.54142170662407,0.0025906735751295338,1,0.9731000000000001,0.3073053740632597,0.8134,69967.94,10.2,0.14852107420161575
350620,Bento de Abreu,0,2606,7.674597083653108,0,0,0.9420000000000001,0.4740023023791251,2.3503,110521.93,9.5,0.18303914044512662
350630,Bernardino de Campos,0,11607,18.09253036960455,0.047619047619047616,1,0.9671,0.41843284225036614,1.005,52166.74,9.3,0.1916946670112863
350635,Bertioga,10,64188,17.137159593693525,0.00909090909090909,1,0.9645999999999999,0.5231299723728214,0.5452,41496.08,9.3,0.2499532622920172
350640,Bilac,0,7319,17.761989342806395,0,0,0.9566,0.3859589197066995,1.4346,42047.48,9.7,0.10069681650498702
350650,Birigui,7,118979,27.231696349776012,0.0030864197530864196,1,0.9671,0.2390631960261895,0.8898,40902.09,10.1,0.10374940115482564
350660,Biritiba-Mirim,2,29683,8.085436108210086,0.041666666666666664,1,0.9409000000000001,0.5074369167536974,0.7664,37447.06,9.3,0.29016608833338947
350670,Boa Esperança do Sul,0,12978,14.640160271228233,0.05263157894736842,1,0.9259999999999999,0.4431345353675451,1.0113,48791.5,8.7,0.22476498690090924
350680,Bocaina,1,11259,23.092637001509903,0.038461538461538464,1,0.9499,0.34581964058382925,1.088,33873.02,9,0.1333155697664091
350690,Bofete,1,10460,13.38432122370937,0.07142857142857142,1,0.9429000000000001,0.42727852135117905,1.5893,29615.01,8.8,0.20831739961759083
350700,Boituva,2,61081,24.393837690934987,0.006711409395973154,1,0.9698,0.26572638518251723,0.6589,73249.13,10.2,0.14132054157594015
350710,Bom Jesus dos Perdões,1,22006,11.360538035081342,0.04,1,0.9562999999999999,0.4502976460965191,0.4373,73953.06,9.2,0.2400254476051986
350715,Bom Sucesso de Itararé,0,3555,19.69057665260197,0,0,0.9420999999999999,0.6704406938584153,1.969,21796.65,8.6,0.40365682137834036
350720,Borá,0,907,22.05071664829107,0,0,0.9436,0.5365674384417494,1.9294,133365.32,8.8,0.12127894156560089
350730,Boracéia,1,4715,12.725344644750795,0,0,0.951,0.458271474019088,1.4846,139456.01,8.7,0.17242841993637328
350740,Borborema,1,14226,27.41459299873471,0.02564102564102564,1,0.9420000000000001,0.3435317962416233,0.9226,49551.58,8.7,0.1351047378040208
350745,Borebi,0,2713,14.74382602285293,0.25,1,0.9656,0.7124646762501536,1.29,43661.03,8.8,0.22410615554736454
350750,Botucatu,6,145155,56.835796217836105,0.0012121212121212121,1,0.9743,0.26756226103131137,0.7311,55059.4,10.8,0.13486962212807
350760,Bragança Paulista,8,176811,31.276334617190106,0.0018083182640144665,1,0.9728,0.3037815332002345,0.6581,59064.7,10.4,0.1379439062049307
350770,Braúna,0,5356,7.468259895444361,0,0,0.9222,0.5439227035100822,1.3069,29472.58,9.1,0.24010455563853622
350775,Brejo Alegre,0,2565,19.49317738791423,0,0,0.9368000000000001,0.7487329434697856,1.3645,35359.3,8.7,0.29434697855750486
350780,Brodowski,1,25201,23.41176937423118,0.01694915254237288,1,0.9682,0.2826475139875402,0.9721,48026.05,9.5,0.14118487361612633
350790,Brotas,0,23898,35.1493848857645,0.011904761904761904,1,0.968,0.23806734175802716,0.6956,65109.23,9.1,0.0852372583479789
350800,Buri,1,20250,12.345679012345679,0.04,1,0.9387000000000001,0.592201646090535,0.9938,44831.25,8.3,0.3746172839506173
350810,Buritama,0,17210,20.337013364323067,0.02857142857142857,1,0.9449,0.465243075731164,1.2202,43358.73,9.3,0.20348634514816966
350820,Buritizal,0,4356,20.66115702479339,0,0,0.9484999999999999,0.6045110192837465,0.8034,70148.67,9.5,0.20523415977961432
350830,Cabrália Paulista,0,4299,9.304489416143289,0.25,1,0.9376000000000001,0.617798712878964,1.6282,41284.27,8.7,0.19306815538497324
350840,Cabreúva,2,47011,9.784943949288465,0.021739130434782608,1,0.963,0.267120106641708,0.8003,154027.39,9.7,0.13335176873497692
350850,Caçapava,6,96202,37.94099914762687,0.0027397260273972603,1,0.9706999999999999,0.29295215622682824,0.764,67735.3,10.3,0.15609862580819525
350860,Cachoeira Paulista,2,31564,25.66214674946141,0.012345679012345678,1,0.9649,0.37955159886790857,0.9979,26859.28,10.3,0.24014700291471297
350870,Caconde,0,17101,28.653295128939828,0.02040816326530612,1,0.9472,0.49411827768356625,1.1256,32402.16,9,0.25279223437225895
350880,Cafelândia,1,16654,28.821904647532126,0,0,0.9425,0.3311566790760978,1.5761,55880.58,9.2,0.17365197550138106
350890,Caiabu,0,3712,16.163793103448278,0.16666666666666666,1,0.9284,0.4203259698275862,1.8857,23711.06,9,0.13523706896551724
350900,Caieiras,8,95032,12.10118696860005,0.008695652173913044,1,0.9725,0.32992921682520976,0.9483,57955.42,10.3,0.15307475376715213
350910,Caiuá,0,5466,12.806439809732895,0,0,0.9293,0.4594005366508111,1.9211,20471.13,8.9,0.2839370654957922
350920,Cajamar,3,92689,13.054407750650023,0.008264462809917356,1,0.9653,0.42241258401752096,0.623,312708.11,10.6,0.24011479247807183
350925,Cajati,0,28515,16.833245660178854,0.020833333333333332,1,0.9355,0.48629376351627795,1.3501,69706.13,8.4,0.26340522532000704
350930,Cajobi,1,9133,13.139165662980401,0,0,0.9468000000000001,0.48618562721267194,1.0538,30110.66,9.1,0.17880214606372496
350940,Cajuru,2,23830,34.83004616030214,0.012048192771084338,1,0.9516,0.3436319765002098,1.0281,47158.98,9.3,0.18938313050776331
350945,Campina do Monte Alegre,0,5954,8.397715821296607,0,0,0.9462999999999999,0.5379436793192252,1.1756,35511.64,9.1,0.24487739334900907
350950,Campinas,88,1139047,28.637975430337818,3.0656039239730225e-4,1,0.9759,0.27952029196336936,0.7293,80741.47,11,0.1429484472545909
350960,Campo Limpo Paulista,8,77632,7.471145919208574,0.017241379310344827,1,0.9677,0.3232011284006595,0.6537,41657.24,9.9,0.15123917971970322
350970,Campos do Jordão,3,46974,21.501256013965172,0.009900990099009901,1,0.9645999999999999,0.27575360837910334,1.0803,41444.19,9.5,0.10671861029505685
350980,Campos Novos Paulista,0,4888,10.229132569558102,0.2,1,0.9327,0.46404459901800327,1.432,70027.52,8.9,0.2776186579378069
350990,Cananéia,0,12289,9.764830336072912,0.08333333333333333,1,0.9528,0.5429042232891204,1.424,26897.03,9.4,0.32232077467654
350995,Canas,0,4931,6.083958629081322,0,0,0.9586,0.6275265328195768,0.7097,24542.09,9.6,0.3786250253498276
351000,Cândido Mota,1,29449,31.240449590818024,0.010869565217391304,1,0.9531000000000001,0.34713402832014667,0.5942,84306.94,9.4,0.11195626337057285
351010,Cândido Rodrigues,0,2889,6.922810661128418,0,0,0.9455,0.4723664474443291,2.4229,54673.16,9.4,0.1526479750778816
351015,Canitar,0,6283,7.957981855801369,0,0,0.9368000000000001,0.5604143455886255,1.3926,34748.99,9.2,0.23587458220595256
351020,Capão Bonito,1,46337,14.459287394522736,0.014925373134328358,1,0.9420999999999999,0.5123785168080224,1.284,36016.18,8.9,0.27809310054599995
351030,Capela do Alto,1,22866,8.746610688358261,0.05,1,0.9558,0.46905886468993263,0.9408,23443.01,8.2,0.23812647599055367
351040,Capivari,1,50068,31.157625629144363,0.00641025641025641,1,0.9691,0.31845190540864426,0.4194,76385.32,8.9,0.17376368139330511
351050,Caraguatatuba,18,134873,19.79640105877381,0.003745318352059925,1,0.9649,0.40498839649151425,0.8044,43172.58,10.5,0.2082255158556568
351060,Carapicuíba,34,386984,4.315423893494304,0.005988023952095809,1,0.9662000000000001,0.38546662566583284,0.5268,21801.46,10,0.2113007256113948
351070,Cardoso,1,11345,20.273248126928163,0,0,0.9344,0.39441751138533865,2.1595,38785.77,8.8,0.13107095636844424
351080,Casa Branca,0,28083,35.252643948296125,0.010101010101010102,1,0.9598,0.28903903903903905,0.9105,53209.39,10,0.16002563828650784
351090,Cássia dos Coqueiros,0,2799,17.86352268667381,0.2,1,0.9298000000000001,0.3745980707395498,1.2504,109344.83,9.2,0.1729188996070025
351100,Castilho,2,19977,17.520148170395956,0.02857142857142857,1,0.9353,0.4890916220320035,1.752,113908.03,9.1,0.17119687640786904
351110,Catanduva,5,115791,55.27199868729003,0.0015625,1,0.968,0.1660880379304091,1.0151,60712.43,10.4,0.07442720073235398
351120,Catiguá,0,7003,18.563472797372555,0.07692307692307693,1,0.9505,0.33607025560474085,1.2494,28123.15,9.1,0.11480793945451949
351130,Cedral,0,12618,15.850372483753368,0.05,1,0.968,0.33273234004332436,1.2482,64104.42,9.9,0.0642732604216199
351140,Cerqueira César,0,21469,18.16572732777493,0.02564102564102564,1,0.9542,0.33778937072057386,1.0367,65239.1,9.1,0.15860077320788113
351150,Cerquilho,1,44695,35.57444904351717,0.006289308176100629,1,0.9768000000000001,0.19940895700488498,1.0375,64690.18,10.3,0.07199910504530709
351160,Cesário Lange,0,19048,12.074758504829903,0.043478260869565216,1,0.9554,0.2923491530169397,1.2402,63832.64,9,0.07948341033179336
351170,Charqueada,1,15535,14.805278403604763,0.043478260869565216,1,0.9523999999999999,0.3306780388370346,1.746,50892.01,9.3,0.17399420663018988
351190,Clementina,0,6982,17.187052420509882,0,0,0.938,0.4479972309748878,1.0025,36394.63,9.3,0.18762532225723288
351200,Colina,4,18486,27.588445309964296,0.0196078431372549,1,0.9548000000000001,0.23401493021746186,0.9466,111034.1,9.4,0.11159796602834578
351210,Colômbia,0,6629,19.610801025795745,0.07692307692307693,1,0.9255,0.6056720470659225,1.5839,112148.6,8.2,0.25373359481068036
351220,Conchal,5,28101,14.59022810576136,0.024390243902439025,1,0.9388,0.4110589184252043,0.8095,38919.04,8.9,0.21796377353119106
351230,Conchas,0,15232,28.230042016806724,0.023255813953488372,1,0.9619,0.45352437850140054,1.2063,36180.62,9.2,0.21225052521008403
351240,Cordeirópolis,1,24514,23.25201925430366,0.017543859649122806,1,0.9708,0.3116654428761796,0.9994,170021.84,9.6,0.06869543934078486
351250,Coroados,0,5400,3.7037037037037037,0,0,0.9578,0.5979783950617285,1.2962,62111.95,9.1,0.18055555555555555
351260,Coronel Macedo,0,4280,14.018691588785046,0,0,0.9125,0.5296144859813084,1.6355,38749.81,8.3,0.22172897196261682
351270,Corumbataí,0,4195,11.918951132300357,0,0,0.9486,0.3931068732618196,2.0858,84530.06,9.5,0.15828367103694874
351280,Cosmópolis,0,59773,13.885868201361818,0.012048192771084338,1,0.9664,0.2137866037620107,0.6294,38702.49,9.9,0.08816689809780336
351290,Cosmorama,0,8719,11.469205184080744,0.1,1,0.94,0.4574970371219941,1.6056,100748.62,8.3,0.21550636540887716
351300,Cotia,20,274413,11.406165159813858,0.003194888178913738,1,0.9693999999999999,0.2915690340229265,0.2614,69460.17,10.8,0.13865961160732182
351310,Cravinhos,0,33281,30.648117544544935,0.00980392156862745,1,0.9588,0.35030998667908614,0.8939,70831.8,9.4,0.16577025930711217
351320,Cristais Paulista,1,9272,14.020707506471096,0.07692307692307693,1,0.943,0.3096599079666379,1.1324,48443.85,9.2,0.09437014667817084
351330,Cruzália,0,2108,14.231499051233397,0,0,0.9457,0.424573055028463,1.6603,103509.77,9.3,0.12903225806451613
351340,Cruzeiro,3,74961,45.4903216339163,0.002932551319648094,1,0.9773999999999999,0.3312644797516931,0.642,57122.53,10.6,0.20318565654140153
351350,Cubatão,8,112476,15.38105907037946,0.005780346820809248,1,0.9545,0.37930091752907286,1.0969,247282.87,9.8,0.21155624310964116
351360,Cunha,0,22110,11.759384893713252,0.038461538461538464,1,0.9326000000000001,0.5247286295793758,0.9102,19581.21,7.7,0.3097241067390321
351370,Descalvado,0,31756,44.08615694671873,0.007142857142857143,1,0.9619,0.22042291220556745,0.9643,81385.67,9.8,0.07400176344627787
351380,Diadema,17,393237,5.89975002352271,0.004310344827586207,1,0.9678,0.3440306566608263,0.8455,53985.47,10.3,0.16933045466220117
351385,Dirce Reis,0,1620,18.51851851851852,0,0,0.9072,0.7342078189300412,2.1604,61410.78,8.9,0.1685185185185185
351390,Divinolândia,0,11158,20.613013084782217,0.043478260869565216,1,0.9506,0.37876411543287325,1.4115,47372.66,8.6,0.23767700304714107
351400,Dobrada,0,8759,17.125242607603607,0.06666666666666667,1,0.9077,0.44778703809415077,1.6982,24404.03,9.3,0.2077862769722571
351410,Dois Córregos,1,24510,21.215830273357813,0.019230769230769232,1,0.9419,0.35246838025295796,0.9281,48433.16,9,0.1606283149734802
351420,Dolcinópolis,0,2207,13.59311282283643,0,0,0.9244,0.6539042440718925,1.5858,38237.49,8.8,0.2587222473946534
351430,Dourado,0,8096,22.233201581027668,0.05555555555555555,1,0.9512999999999999,0.3607131093544137,1.2969,145521.22,8.9,0.16996047430830039
351440,Dracena,3,45474,60.91392883845714,0.0036101083032490976,1,0.9653,0.25768571051589917,1.2122,40797.46,10.3,0.09097506267317589
351450,Duartina,1,12328,40.55807916937054,0.02,1,0.9573,0.4332211226476314,1.0646,35348.77,8.9,0.1469013627514601
351460,Dumont,1,9471,6.335128286347799,0,0,0.9608,0.33563861612642104,0.6467,43712.57,9.1,0.16840882694541232
351470,Echaporã,0,6205,11.281224818694602,0,0,0.9469,0.5629062583937685,1.6921,30201.92,9.2,0.27800161160354553
351480,Eldorado,1,13069,13.007881245695922,0.058823529411764705,1,0.9238,0.5954995281454842,2.3433,32442.82,8.8,0.3330782768383197
351490,Elias Fausto,1,17699,10.170066105429685,0.05555555555555555,1,0.9467,0.4148115712752133,0.791,122013.02,9,0.2179784168597096
351492,Elisiário,0,3138,12.746972594008923,0,0,0.9367,0.34337157425111536,2.2307,38868.88,9.3,0.1739961759082218
351495,Embaúba,0,2323,21.52389151958674,0,0,0.9381,0.3149662792366193,1.5066,40048.06,8.9,0.13818338355574689
351500,Embu das Artes,18,250691,7.778500225377058,0.005128205128205128,1,0.9575,0.5187604793683591,0.8142,68971.96,9.7,0.2805246299228931
351510,Embu-Guaçu,1,66970,7.466029565477079,0.02,1,0.9543,0.5750410631626102,0.9929,26025.38,9.8,0.2748992086008661
351512,Emilianópolis,0,3014,16.5892501658925,0,0,0.9243000000000001,0.46322716213227166,2.0321,32470.45,9.1,0.14499004644990046
351515,Engenheiro Coelho,2,19566,25.554533374220586,0.02,1,0.9426000000000001,0.4557991754403898,0.8496,41622.72,9.8,0.15327609117857507
351518,Espírito Santo do Pinhal,3,39816,46.71488848704038,0.005376344086021506,1,0.9601000000000001,0.1599964001071596,0.9669,68194.87,9.7,0.06630500301386377
351519,Espírito Santo do Turvo,0,4157,12.027904738994467,0,0,0.9166,0.4923422339828402,2.1048,43735.71,8,0.13447197498195815
351520,Estrela d'Oeste,0,9417,28.67155144950621,0.037037037037037035,1,0.9405,0.31550210612013735,1.4866,139870.72,9.6,0.11458001486673038
351530,Estrela do Norte,1,2703,7.3991860895301516,0,0,0.9242,0.37193242076704897,1.2948,25783.13,9.3,0.12245652978172401
351535,Euclides da Cunha Paulista,0,7924,22.71580010095911,0.05555555555555555,1,0.8835999999999999,0.573889449772842,2.2084,20470.52,8.4,0.27435638566380616
351540,Fartura,0,16641,27.041644131963224,0.022222222222222223,1,0.9536,0.47368948180197507,0.7887,34036.1,9.2,0.19277687638964006
351550,Fernandópolis,8,71186,75.71713539179052,0.0018552875695732839,1,0.9621999999999999,0.3061112203710467,1.2291,39203.05,10.1,0.11693310482398224
351560,Fernando Prestes,0,5942,15.146415348367553,0.1111111111111111,1,0.9365000000000001,0.3207393694603388,1.767,47401.85,9.3,0.1334567485695052
351565,Fernão,0,1656,18.115942028985508,0,0,0.9495,0.5028180354267311,2.1135,61977.28,8.8,0.24396135265700483
351570,Ferraz de Vasconcelos,9,179198,4.241118762486188,0.013157894736842105,1,0.9615,0.41494138699464655,0.9521,30826.13,9.7,0.22763646915702185
351580,Flora Rica,0,1487,20.174848688634835,0.3333333333333333,1,0.9181999999999999,0.4716991705895539,2.3537,44159.24,9.3,0.19704102219233355
351590,Floreal,0,2733,10.97694840834248,0,0,0.937,0.3496462983290645,2.2411,47995.34,9.5,0.12330772045371387
351600,Flórida Paulista,1,12958,16.97792869269949,0,0,0.9470999999999999,0.3085545608890261,1.2671,27912.05,8.9,0.15087204815557956
351610,Florínia,2,3851,20.773824980524537,0.125,1,0.9323999999999999,0.45953432009001993,0.9826,56131.18,9,0.17060503765255777
351620,Franca,11,352536,14.750266639435406,0.0019230769230769232,1,0.9788,0.2367167230202495,0.3829,40777.87,10.3,0.10575090203553679
351630,Francisco Morato,7,165139,5.268289138241118,0.011494252873563218,1,0.9488,0.5385962734423728,0.6676,13549.01,9.1,0.3058332677320318
351640,Franco da Rocha,18,144849,8.698713833026117,0.007936507936507936,1,0.9595999999999999,0.43723578807355706,1.7469,37543.16,9.8,0.24210039420361895
351650,Gabriel Monteiro,0,2763,14.477017734346724,0.25,1,0.9475,0.4539148268789963,1.2667,44862.8,9.7,0.10930148389431778
351660,Gália,0,6380,18.808777429467085,0,0,0.9343,0.32019331243469173,1.8036,34615.85,8.7,0.10768025078369906
351670,Garça,0,42110,20.66017573023035,0.011494252873563218,1,0.9589,0.4683428322647036,1.1636,44971.87,9.8,0.178366183804322
351680,Gastão Vidigal,0,3252,6.150061500615006,0,0,0.9092,0.4326568265682657,2.1525,31347.5,8.5,0.1509840098400984
351685,Gavião Peixoto,0,4702,12.760527435133985,0,0,0.9426000000000001,0.3784382532255778,1.4887,369126.5,8.9,0.1369629944704381
351690,General Salgado,0,10312,23.273855702094647,0.041666666666666664,1,0.9379000000000001,0.3383517584690975,1.697,33836.64,9.4,0.10948409619860357
351700,Getulina,0,10232,18.569194683346364,0,0,0.9451999999999999,0.3693396533750326,1.3539,26665.42,9.2,0.194487881157154
351710,Glicério,0,4138,7.249879168680522,0,0,0.9408,0.5722772676010955,1.6916,45527.19,8.9,0.235862735621073
351720,Guaiçara,2,11239,13.346383130171724,0.06666666666666667,1,0.9556,0.409941572500519,1.0121,27658.37,9.2,0.1601565975620607
351730,Guaimbê,0,5512,10.88534107402032,0,0,0.9283,0.5305545476536042,1.2699,107723.57,8.8,0.2636066763425254
351740,Guaíra,1,39279,25.71348557753507,0.009900990099009901,1,0.9606999999999999,0.24474485942445923,0.8687,82333.01,9,0.13442297410830215
351750,Guapiaçu,2,21711,10.593708258486481,0.043478260869565216,1,0.9526,0.2929006801467766,1.2896,52235.12,9.4,0.11473446639952098
351760,Guapiara,1,17071,11.71577529142991,0.05,1,0.9129999999999999,0.6009411672817448,1.4351,34279.33,7.9,0.30314568566574895
351770,Guará,0,18606,33.86004514672686,0.015873015873015872,1,0.9372,0.3600944139883192,1.3167,45937.59,8.9,0.22068150059120714
351780,Guaraçaí,0,7441,17.47077005778793,0,0,0.932,0.4640617300542042,1.4111,50323.11,9.1,0.14917349818572773
351790,Guaraci,0,10350,18.357487922705314,0,0,0.9348000000000001,0.4376650563607085,1.0144,63815.03,9.5,0.2204830917874396
351800,Guarani d'Oeste,0,1968,25.40650406504065,0,0,0.9189,0.5248560298102981,1.7784,24728.3,8.6,0.17022357723577236
351810,Guarantã,0,6427,9.335615372646647,0,0,0.9276000000000001,0.5330636377781235,1.6337,48552.28,9,0.27648980861988487
351820,Guararapes,0,31043,26.414972779692686,0.012195121951219513,1,0.9521999999999999,0.32257406393282434,0.7892,55358.31,9.7,0.14025706278388042
351830,Guararema,3,31236,7.68344218209758,0.041666666666666664,1,0.9521,0.48562289238912365,0.056,65138.39,10,0.2213791778716865
351840,Guaratinguetá,9,118044,36.51180915590797,0.002320185614849188,1,0.9767,0.2702480995786882,0.4299,70904.25,10.6,0.14896987563959202
351850,Guareí,2,15013,13.987877173116631,0,0,0.9506999999999999,0.32392482071093937,1.203,25724.46,8.5,0.11736495037634051
351860,Guariba,1,37498,16.534215158141766,0.016129032258064516,1,0.9405,0.25712704677582804,0.3733,40482,9,0.14310096538482053
351870,Guarujá,38,287634,15.783947655701343,0.0022026431718061676,1,0.9615,0.3323103318800976,0.6327,40107.77,9.9,0.18674426528157312
351880,Guarulhos,91,1291771,7.7567928061552704,9.98003992015968e-4,1,0.9678,0.4049652247444271,0.5135,75522.42,10.2,0.2235102042080214
351885,Guatapará,0,7320,15.027322404371585,0.09090909090909091,1,0.9333,0.3929417122040073,1.4344,48333.08,9,0.23934426229508196
351890,Guzolândia,0,4246,7.06547338671691,0,0,0.9003,0.5716164233003611,1.6486,28298.6,8.4,0.18181818181818182
351900,Herculândia,0,9125,18.63013698630137,0.058823529411764705,1,0.9453,0.45357077625570774,1.1506,60568.7,8.3,0.26038356164383564
351905,Holambra,0,15094,26.500596263415925,0.025,1,0.9651000000000001,0.1466200697849035,0.9275,119692.14,10.6,0.05114615078839274
351907,Hortolândia,16,236641,10.099686867449005,0.0041841004184100415,1,0.9693,0.31526376804244965,0.5472,93660.54,10.3,0.16014976272074577
351910,Iacanga,3,10437,20.120724346076457,0.047619047619047616,1,0.9652,0.4710884353741497,1.3413,65874.34,9.1,0.1975663504838555
351920,Iacri,1,6131,11.417387049420975,0,0,0.9342,0.45155765780459955,1.1417,60697.04,8.8,0.18757135866905889
351925,Iaras,1,8010,11.235955056179776,0,0,0.9462999999999999,0.3974302954640033,1.6385,40699.95,8.1,0.19188514357053682
351930,Ibaté,1,32178,18.335508732674498,0.01694915254237288,1,0.9508,0.41035023929392755,0.6526,47138.96,9.1,0.2617937721424576
351940,Ibirá,2,11690,19.67493584260051,0.043478260869565216,1,0.9484999999999999,0.2842600513259196,1.497,35772.27,9.5,0.13952095808383233
351950,Ibirarema,0,6385,10.96319498825372,0,0,0.9459000000000001,0.6192377969198642,1.0963,51900.86,9.2,0.31699295223179325
351960,Ibitinga,1,60033,31.316109473123117,0.005319148936170213,1,0.9645,0.2784426898539137,0.4955,42124.09,8.5,0.1328436026851898
351970,Ibiúna,1,75605,7.935983069902784,0.016666666666666666,1,0.9394,0.4672321054603973,0.9953,39990.75,8.8,0.28807618543747104
351980,Icém,0,7819,29.415526282133264,0.043478260869565216,1,0.9539,0.40684017564053376,1.8068,33755.19,9.2,0.1486123545210385
351990,Iepê,0,7619,32.81270507940675,0.04,1,0.9512,0.5070547315920725,1.3781,66115.2,9.4,0.2164326027037669
352000,Igaraçu do Tietê,1,23106,8.222972388124298,0.05263157894736842,1,0.9419,0.3770954153322369,0.8331,20686.23,8.5,0.20972907469921231
352010,Igarapava,2,26212,29.757363039829087,0.01282051282051282,1,0.9484,0.2874987283178188,0.8011,54254.63,8.8,0.1347474439188158
352020,Igaratá,0,10605,12.258368694012258,0.07692307692307693,1,0.9285,0.48475561841898474,1.7326,33301.58,8.7,0.256011315417256
352030,Iguape,0,29115,10.990898162459214,0.03125,1,0.9418000000000001,0.6163375121644056,1.2922,65150.27,9.3,0.3711488923235446
352040,Ilhabela,2,34934,14.312703956031374,0.02,1,0.9672,0.40895927558634376,1.8284,424535.26,10.4,0.1775634052785252
352042,Ilha Comprida,4,13419,9.687756166629406,0,0,0.9584,0.8158829520331868,1.6953,208848.38,9.8,0.3369848721961398
352044,Ilha Solteira,0,25549,52.83964147324748,0.007407407407407408,1,0.9662999999999999,0.26593669680483256,1.3699,35920.47,10.8,0.07264472190692395
352050,Indaiatuba,11,255748,17.517243536606347,0.002232142857142857,1,0.9788,0.18162670545484877,0.5542,110518.41,10.8,0.05984015515272847
352060,Indiana,0,5090,17.68172888015717,0.1111111111111111,1,0.9547,0.46890962671905695,1.3752,19623.89,9.7,0.22121807465618862
352070,Indiaporã,0,4035,17.348203221809168,0.14285714285714285,1,0.9157,0.5592730276745146,1.7348,41409.5,8.9,0.23097893432465924
352080,Inúbia Paulista,0,3615,5.532503457814661,0,0,0.9403,0.37427385892116183,1.9363,48885.98,9.8,0.09930843706777316
352090,Ipaussu,3,13712,15.315052508751458,0.047619047619047616,1,0.9544,0.3786099766627771,0.7019,49454.34,9.5,0.18195740956826137
352100,Iperó,8,36459,8.776982363751063,0.03125,1,0.9597,0.3787450743757828,0.7639,35409.71,9.3,0.18228695246715487
352110,Ipeúna,0,6831,11.711316059142145,0.125,1,0.9556,0.3660762211486849,1.0247,154556.57,9.7,0.15136876006441224
352115,Ipiguá,1,6761,4.437213429965982,0.3333333333333333,1,0.9598,0.23612138243849531,1.553,25601.33,9,0.1422866439875758
352120,Iporanga,1,4046,12.357884330202669,0,0,0.9331,0.6712184873949579,1.7301,17505.86,9.1,0.3643104300543747
352130,Ipuã,0,14454,45.662100456621005,0.015151515151515152,1,0.9477,0.4475923619759236,1.6344,40805.98,9,0.17178635671786358
352140,Iracemápolis,1,21967,14.112077206719169,0.03225806451612903,1,0.9712999999999999,0.2088056326914614,0.7169,109426.76,10.1,0.08854190376473801
352150,Irapuã,0,6867,16.01863987185088,0,0,0.9293,0.399689335469152,1.0193,41126.49,8.6,0.20110674239114606
352160,Irapuru,1,7085,12.70289343683839,0,0,0.9420000000000001,0.3902846389084921,1.482,20101.87,8.8,0.17304163726182076
352170,Itaberá,2,17983,13.345937830172941,0.041666666666666664,1,0.9459000000000001,0.5210661921444327,1.6543,58842.16,8.7,0.25107045543012846
352180,Itaí,1,25180,11.119936457505958,0.03571428571428571,1,0.9388,0.3674907333862854,0.8455,43000.5,8.8,0.17962668784749802
352190,Itajobi,0,16989,20.012949555594798,0.029411764705882353,1,0.9556,0.29518610081032826,1.03,75256.6,9.1,0.14479957619636236
352200,Itaju,0,3618,5.527915975677169,0,0,0.9481999999999999,0.3523125115164916,0.9673,85214.08,8.2,0.15146489773355445
352210,Itanhaém,11,112476,9.157509157509157,0.009708737864077669,1,0.9592,0.5439523394620482,0.809,26284.77,9.9,0.32066396386784735
352215,Itaóca,0,3422,11.689070718877849,0,0,0.9007999999999999,0.6110948762906682,1.0227,19866.08,8.5,0.33781414377556984
352220,Itapecerica da Serra,11,158522,6.1821072154022785,0.01020408163265306,1,0.9551999999999999,0.5410679064525219,0.7175,39206.76,9.7,0.27400613164103405
352230,Itapetininga,4,157790,30.546929463210596,0.002074688796680498,1,0.9687,0.33877886220081543,0.5684,50464.55,10.2,0.16771658533493886
352240,Itapeva,0,89728,39.67546362339515,0.0028089887640449437,1,0.9559000000000001,0.39764621968616265,0.8191,50803.67,9.5,0.21583006419400855
352250,Itapevi,16,232297,6.112864135137346,0.007042253521126761,1,0.9631000000000001,0.40123778324013365,0.3578,67220.4,9.7,0.24900881199498917
352260,Itapira,6,72022,24.853516980922496,0.00558659217877095,1,0.9641,0.21060231595901252,0.8018,88389.29,9.8,0.08791758073921857
352265,Itapirapuã Paulista,0,4306,16.25638643752903,0,0,0.9009,0.6832133457191515,1.6256,17953.57,8.2,0.4939619136089178
352270,Itápolis,0,39493,28.359456106145394,0.008928571428571428,1,0.9515,0.19733665881717435,0.3988,63931.8,9.3,0.09821993771048033
352280,Itaporanga,0,14085,16.32942847000355,0.043478260869565216,1,0.9235,0.4876819311324104,1.1803,28988.78,8.6,0.28143414980475684
352290,Itapuí,0,13659,11.713888278790542,0.0625,1,0.9481999999999999,0.36292920418771507,0.7687,96005.4,9.1,0.1423969543890475
352300,Itapura,0,3979,15.079165619502387,0,0,0.9328,0.700887995308704,1.7592,52613.4,9.1,0.2520733852726816
352310,Itaquaquecetuba,23,369275,3.330850991808273,0.008130081300813009,1,0.953,0.44395211337530743,0.3032,32439.94,9.5,0.2513709295240674
352320,Itararé,1,44438,20.703001935280614,0.010869565217391304,1,0.9561,0.46725587710217986,0.8663,31649.61,9.2,0.25986768081371797
352330,Itariri,0,15528,8.371973209685729,0,0,0.9393,0.4834170530654302,1.1269,25800.27,8.8,0.29881504379185986
352340,Itatiba,4,121590,20.478657784357267,0.004016064257028112,1,0.9741,0.22686418839268582,0.8635,84936.81,10.6,0.10391479562464019
352350,Itatinga,1,19070,13.109596224436288,0,0,0.9427,0.413821884285964,0.5964,31523.91,9.1,0.2205558468799161
352360,Itirapina,0,16148,19.19742382957642,0.03225806451612903,1,0.9651000000000001,0.2878736272809842,1.2257,97242.59,9.3,0.16441664602427544
352370,Itirapuã,0,5779,12.112822287593008,0.14285714285714285,1,0.9381999999999999,0.5625108150198996,1.6655,33029.32,8.5,0.35127184634019726
352380,Itobi,1,8046,8.699975142928164,0.14285714285714285,1,0.9420999999999999,0.3548657718120805,2.0662,31212.74,9,0.14852100422570222
352390,Itu,7,168240,24.964336661911556,0.002380952380952381,1,0.9651000000000001,0.2839133579014107,0.2184,83288.93,10.3,0.13511055634807417
352400,Itupeva,4,70616,12.744986971791095,0.011111111111111112,1,0.9741,0.20445437294664098,0.8425,149105.87,10.3,0.08505154639175258
352410,Ituverava,2,37571,66.00835750978148,0.004032258064516129,1,0.9544,0.29858578868453506,1.0713,59051.53,9.7,0.15464054723057677
352420,Jaborandi,0,6221,22.504420511171837,0.07142857142857142,1,0.9501000000000001,0.42998178213577665,1.6878,39719.46,9.2,0.1591384021861437
352430,Jaboticabal,2,71821,35.92264101028947,0.003875968992248062,1,0.9656999999999999,0.3355750175204095,0.6091,57869.61,10.4,0.16968574650868132
352440,Jacareí,6,240275,22.890438039746126,0.0018181818181818182,1,0.973,0.2684684216002497,0.8567,81960.24,10.7,0.11770263240037457
352450,Jaci,2,7613,9.194798371207145,0.14285714285714285,1,0.9343,0.3223980909847191,1.2642,115696.89,8.8,0.11690529357677656
352460,Jacupiranga,1,16097,14.909610486426041,0.041666666666666664,1,0.9444,0.4923691785218778,1.522,43418.08,8.6,0.27862334596508664
352470,Jaguariúna,4,59347,23.758572463646015,0.0070921985815602835,1,0.975,0.15468066344269019,1.0025,247373.54,10.5,0.08148684853488804
352480,Jales,2,48776,49.614564539937675,0.004132231404958678,1,0.9627,0.2694460390355913,0.9328,53104.15,10.1,0.10693783828112187
352490,Jambeiro,0,6397,14.069094888228857,0.1111111111111111,1,0.9416,0.4252774738158512,1.0942,72165.41,9.5,0.1852430826950133
352500,Jandira,7,118045,6.607649625142954,0.01282051282051282,1,0.9695,0.3147782625270024,0.6226,46991.46,10.4,0.10845016730907704
352510,Jardinópolis,1,45282,17.00454926902522,0.012987012987012988,1,0.9611,0.32323734228464585,0.9468,52970.55,9.5,0.18391413806810653
352520,Jarinu,2,37535,9.058212335153856,0.029411764705882353,1,0.9608,0.24691621153589982,0.6993,94483.65,9.4,0.12625549487145332
352530,Jaú,5,133497,39.10200229218634,0.0019157088122605363,1,0.9692000000000001,0.27096613906429856,0.5046,49011.83,9.9,0.10658666486887346
352540,Jeriquara,0,3863,7.765984985762361,0,0,0.9433,0.4707696954008111,0.906,79934.9,9,0.22987315557856589
352550,Joanópolis,1,12815,21.84939523995318,0,0,0.9362,0.3055598907530238,0.9559,26198.73,8.7,0.12430745220444792
352560,João Ramalho,0,4371,13.726835964310226,0,0,0.9098,0.4715549454739571,1.6014,42781.95,9,0.21390986044383437
352570,José Bonifácio,1,36633,24.022056615619796,0.011363636363636364,1,0.9595999999999999,0.20438539022193106,0.8837,52972.47,9.6,0.06988234651816667
352580,Júlio Mesquita,0,4254,9.402914903620122,0.25,1,0.938,0.5144373922582667,1.6455,19473.25,8.9,0.3053596614950635
352585,Jumirim,0,3056,16.361256544502616,0,0,0.9627,0.41909358638743455,1.4316,94224.65,9.2,0.13612565445026178
352590,Jundiaí,44,443221,48.07985181207569,4.692632566870014e-4,1,0.9798,0.09453523185950125,0.6811,147597.65,11.2,0.043576455086740025
352600,Junqueirópolis,0,20448,19.072769953051644,0.02564102564102564,1,0.9528,0.30099113197704747,1.6506,46012.84,9.8,0.15703247261345854
352610,Juquiá,1,17154,9.327270607438498,0,0,0.9308,0.5209620690995298,1.4282,26024.11,9,0.2875714119155882
352620,Juquitiba,4,27404,7.2982046416581525,0.05,1,0.9218000000000001,0.6336757407677711,1.341,24108.35,8.9,0.34648226536272075
352630,Lagoinha,0,5083,17.706079087153256,0,0,0.9387000000000001,0.45768574988523836,1.3771,19950.96,8.8,0.21955538068070038
352640,Laranjal Paulista,1,26261,38.460073873805264,0.009900990099009901,1,0.966,0.3884594392191209,0.9329,64315.12,9.3,0.15985682190320247
352650,Lavínia,0,9689,9.28888430178553,0,0,0.9652,0.18708501049299894,1.0837,27071.32,8.8,0.07348539580968108
352660,Lavrinhas,0,7171,12.550550829730861,0.1111111111111111,1,0.9569,0.4979895876911635,1.9523,23692.12,9.2,0.30539673685678426
352670,Leme,4,98161,25.875857010421655,0.003937007874015748,1,0.9538,0.34984702003171664,0.5704,50310.32,9.4,0.15648781084137284
352680,Lençóis Paulista,3,66505,49.62032929854898,0.0030303030303030303,1,0.9656,0.17348946194521714,0.9078,98709.09,10,0.08850462371250283
352690,Limeira,23,291869,38.78452319362454,8.833922261484099e-4,1,0.972,0.2792562759320106,0.4998,71528.46,10.3,0.14849127519537875
352700,Lindóia,0,7014,28.5143997718848,0.05,1,0.9652,0.36943969204448246,1.8712,57785.6,9.6,0.15953806672369547
352710,Lins,6,74779,82.50979553083084,0.0016207455429497568,1,0.9701000000000001,0.23199249343621428,0.7371,115144.13,10.7,0.11336070287112691
352720,Lorena,6,84855,41.71822520770726,0.002824858757062147,1,0.9723999999999999,0.35406674130379273,0.6599,53047.17,10.5,0.1994225443403453
352725,Lourdes,0,1950,20.512820512820515,0,0,0.8981999999999999,0.6944017094017093,1.7948,28430.83,8.5,0.23948717948717949
352730,Louveira,1,51847,10.608135475533782,0.01818181818181818,1,0.9653,0.21728997499051697,0.3375,388732.46,10.4,0.09861708488437132
352740,Lucélia,0,20061,21.933104032700264,0,0,0.9501000000000001,0.33072046923549836,0.6543,29912.18,9.5,0.148796171676387
352750,Lucianópolis,0,2372,12.647554806070826,0,0,0.9323999999999999,0.5681562675660484,1.4755,58454.61,9.1,0.15134907251264756
352760,Luís Antônio,0,12265,23.64451691805952,0.034482758620689655,1,0.9566,0.36377904606604156,0.7134,194506.06,9.6,0.20684875662454139
352770,Luiziânia,1,4701,17.017655817911084,0,0,0.9251,0.6078848471956321,1.489,25060.33,8.5,0.253775792384599
352780,Lupércio,0,3981,10.04772670183371,0,0,0.9168000000000001,0.5675709620698317,1.7583,28948.47,8.6,0.19768902285857826
352790,Lutécia,0,2661,15.03194287861706,0,0,0.9378,0.47272328698484284,1.3152,50975.06,9.3,0.17737692596768131
352800,Macatuba,0,16829,27.333769089072433,0.021739130434782608,1,0.9494,0.2934814902846277,0.9878,41110.42,9.3,0.0863390575791788
352810,Macaubal,0,7481,16.040636278572382,0.08333333333333333,1,0.9462,0.47833400169317825,1.8714,32754.73,9,0.19516107472263067
352820,Macedônia,0,3963,10.093363613424174,0,0,0.9359000000000001,0.3491672975018925,1.7663,31226.22,8.9,0.12288670199343932
352830,Magda,0,3165,12.638230647709321,0.25,1,0.9416,0.4848867825171143,1.9352,53380.36,9.1,0.11184834123222749
352840,Mairinque,4,50027,14.79201231335079,0.013513513513513514,1,0.9615,0.2666976499357014,0.7069,58437.71,9.9,0.13520698822635777
352850,Mairiporã,8,93853,6.07332743758857,0.017543859649122806,1,0.9581999999999999,0.4032156670537969,0.7458,29484.21,10.2,0.20082469393626204
352860,Manduri,0,9871,14.18296018640462,0.07142857142857142,1,0.9521,0.37716543409988856,1.1523,36583.77,9.1,0.150035457400466
352870,Marabá Paulista,0,4573,13.12048983162038,0,0,0.9358,0.516491726802245,2.8744,44099.67,8.5,0.2140826590859392
352880,Maracaí,1,12673,14.992503748125937,0.05263157894736842,1,0.9484,0.3820260922170494,1.0356,82038.64,9.6,0.13927246902864357
352885,Marapoama,0,3292,12.15066828675577,0.25,1,0.9490000000000001,0.347838193600648,1.0631,49684.57,9,0.16190765492102066
352890,Mariápolis,0,3513,11.38627953316254,0,0,0.9475,0.5142328494164532,1.7435,25691.6,9.3,0.2166239681184173
352900,Marília,10,237627,48.05851186944245,8.756567425569177e-4,1,0.9737,0.2536313914945131,0.7837,52635.31,10.8,0.10463036607792886
352910,Marinópolis,0,1860,16.129032258064516,0,0,0.8970999999999999,0.566084229390681,1.8817,30303.55,9,0.16451612903225807
352920,Martinópolis,0,24881,18.488002893774365,0.021739130434782608,1,0.9409000000000001,0.33456921613547147,1.3368,38158.28,9.5,0.18717093364414614
352930,Matão,3,79033,36.060885959029775,0.0035087719298245615,1,0.9626,0.24047655198883167,1.096,96754.27,9.9,0.12507433603684537
352940,Mauá,26,418261,9.39604696588972,0.002544529262086514,1,0.9673999999999999,0.23154142987273496,0.7101,59773.04,10.2,0.12678447189673434
352950,Mendonça,1,6159,12.989121610651079,0,0,0.9481,0.30455431076473455,1.1365,96402.8,9.1,0.10894625750933593
352960,Meridiano,0,4572,15.31058617672791,0.14285714285714285,1,0.9434,0.4655511811023622,1.531,95701.68,9.3,0.13538932633420822
352965,Mesópolis,0,1952,15.368852459016393,0,0,0.8896999999999999,0.42110655737704916,1.793,55497.61,8.4,0.1598360655737705
352970,Miguelópolis,1,19441,32.920117277917804,0.015625,1,0.9255,0.46530099617646553,1.3052,57255.19,8.9,0.28290725785710613
352980,Mineiros do Tietê,2,11230,11.57613535173642,0.07692307692307693,1,0.9411,0.3913327396853666,0.9349,27599.41,8.7,0.2051647373107747
352990,Miracatu,0,18553,10.77992777448391,0.05,1,0.9209,0.6949864352575504,1.4148,30228.35,8.3,0.39465315582385596
353000,Mira Estrela,0,3126,15.99488163787588,0,0,0.9457,0.43546065259117084,2.7991,24708.95,8.6,0.11932181701855406
353010,Mirandópolis,1,27983,26.44462709502198,0,0,0.9527,0.2792201217405806,1.0006,34979.03,9.6,0.11528427974127149
353020,Mirante do Paranapanema,1,15917,16.334736445310046,0.038461538461538464,1,0.9174,0.5517947268120039,1.979,40906.45,9.2,0.21913677200477477
353030,Mirassol,3,63337,26.05112335601623,0.006060606060606061,1,0.9718000000000001,0.23283125713774466,0.2486,52826.75,10.3,0.09056317792127824
353040,Mirassolândia,0,4669,4.283572499464554,0,0,0.953,0.4359784393517527,0.7496,80992.58,8.4,0.20753908759905762
353050,Mococa,0,67681,41.81380298754451,0.0035335689045936395,1,0.9642000000000001,0.25691848524696737,0.6593,59315.81,9.9,0.12869195195106456
353060,Mogi das Cruzes,25,451505,11.82711154915228,0.0018726591760299626,1,0.9706999999999999,0.3409340243555811,0.3701,57745.81,10.7,0.20975182999080852
353070,Mogi Guaçu,11,153658,29.350896145986543,0.0022172949002217295,1,0.9719,0.25635881850169423,0.5637,61395.03,10.2,0.11020578167098362
353080,Mogi Mirim,5,92558,31.655826616824047,0.0034129692832764505,1,0.9695,0.18567186700951477,0.6995,87434.03,10.3,0.08002549752587566
353090,Mombuca,0,3722,10.746910263299302,0,0,0.9293,0.5242253268851872,1.6456,48143.1,8.9,0.26947877485223
353100,Monções,0,1937,36.13835828600929,0,0,0.9422,0.49974186886938565,1.8069,40206.94,9,0.12751677852348994
353110,Mongaguá,5,61951,6.940969475876096,0.023255813953488372,1,0.9617,0.4185969556585043,0.7344,24792.27,9.5,0.25239302029022936
353120,Monte Alegre do Sul,0,8627,24.342181523125074,0.047619047619047616,1,0.9579000000000001,0.18935705730072253,1.8256,35302.58,9.6,0.08554538078126811
353130,Monte Alto,1,47574,53.60070626812965,0.00392156862745098,1,0.9669,0.19379282801530248,0.4414,64379.33,9.9,0.07674359944507504
353140,Monte Aprazível,0,22280,25.583482944344702,0.017543859649122806,1,0.9621,0.3998503889886295,0.7854,46613.99,9.7,0.18981149012567325
353150,Monte Azul Paulista,1,18151,34.70883146934053,0,0,0.9520000000000001,0.28798688777477827,1.1569,52780.22,9.2,0.13393201476502672
353160,Monte Castelo,0,4222,14.211274277593558,0,0,0.9254000000000001,0.45028027790936365,1.6579,38357.93,8.8,0.18403600189483657
353170,Monteiro Lobato,0,4138,19.33301111648139,0.125,1,0.919,0.5378202029966167,1.6916,27523.2,9.5,0.28806186563557273
353180,Monte Mor,1,64662,11.753425504933345,0.013157894736842105,1,0.9558,0.47019372532038395,0.7036,93554.14,9.6,0.20200426834926233
353190,Morro Agudo,1,27933,34.00995238606666,0.010526315789473684,1,0.9484999999999999,0.3929581498585902,1.2216,70890.9,9,0.1967923244907457
353200,Morungaba,0,13720,18.221574344023324,0.04,1,0.9636,0.3797862001943635,0.7015,55804.73,9.4,0.15262390670553935
353205,Motuca,0,4034,14.873574615765989,0,0,0.93,0.39691786481573293,1.7352,42396.42,9,0.18591968269707487
353210,Murutinga do Sul,0,3737,16.055659620016055,0.16666666666666666,1,0.9434,0.5532958701275532,1.8731,30365.02,9,0.26705913834626704
353215,Nantes,0,2660,22.55639097744361,0,0,0.9251,0.4465852130325815,1.3157,71261.47,9.4,0.1924812030075188
353220,Narandiba,0,5713,10.502363031682128,0.16666666666666666,1,0.9390000000000001,0.43263901044401654,1.2252,156845.2,9.5,0.1407316646245405
353230,Natividade da Serra,0,6999,8.572653236176597,0,0,0.894,0.39755679382768966,1.2501,22778.21,7.5,0.18945563651950278
353240,Nazaré Paulista,0,18217,5.489378053466543,0.1,1,0.9290999999999999,0.43838630583154925,0.6724,32684.28,8.7,0.2544326727781742
353250,Neves Paulista,0,9699,15.465511908444169,0,0,0.9508,0.3440560882565213,0.7217,39652.71,9.4,0.15187132694092176
353260,Nhandeara,1,9852,45.676004872107185,0.022222222222222223,1,0.9440000000000001,0.3434243470023007,1.7762,51549.15,9.5,0.13276492082825822
353270,Nipoã,0,4750,10.526315789473685,0,0,0.9290999999999999,0.5243859649122807,1.4736,30888.28,8,0.24652631578947368
353280,Nova Aliança,0,6693,7.4704915583445395,0,0,0.9540000000000001,0.3498555704965387,1.5688,54010.23,9.4,0.15284625728372928
353282,Nova Campina,1,8497,11.768859597505001,0,0,0.9223,0.6446490918363343,2.3684,30687.71,8,0.38613628339413913
353284,Nova Canaã Paulista,0,2032,14.763779527559056,0,0,0.9422,0.5051673228346457,1.7224,28135.96,8.2,0.1515748031496063
353286,Nova Castilho,0,1062,28.24858757062147,0,0,0.9590000000000001,0.4865819209039548,3.2956,85901.61,9.5,0.13653483992467044
353290,Nova Europa,0,9311,26.849962410052626,0.04,1,0.9453,0.4495668206064512,1.1276,59757.23,9.1,0.12286542798840082
353300,Nova Granada,1,19419,19.568463875585767,0.02631578947368421,1,0.9467,0.368590898947766,0.766,37712.6,8.9,0.16128533910088058
353310,Nova Guataporanga,0,2156,23.19109461966605,0.2,1,0.8996,0.5047928262213977,1.6233,22008.84,9,0.21567717996289426
353320,Nova Independência,0,4609,19.527012367107833,0,0,0.9612,0.4547262602155204,1.5187,62039.33,9.8,0.18507268387936646
353325,Novais,2,4412,9.066183136899365,0.25,1,0.9459000000000001,0.5970459353278936,2.7765,23913.62,8.3,0.23504079782411605
353330,Nova Luzitânia,0,2837,17.624250969333804,0,0,0.9387000000000001,0.6366466925155682,2.1589,24702.07,9.3,0.21818822700035248
353340,Nova Odessa,6,62019,15.156645544107452,0.010638297872340425,1,0.9787,0.18228016145589793,0.6489,90509.31,10.5,0.08650574823844306
353350,Novo Horizonte,3,38324,34.18223567477299,0.007633587786259542,1,0.9466,0.3374778206867759,0.7991,60374.26,9.4,0.12697004488049266
353360,Nuporanga,0,7391,33.824922202678934,0,0,0.9547,0.2958665945068326,1.8941,167167.74,9.5,0.1581653362197267
353370,Ocauçu,0,4331,9.235742322789195,0,0,0.9372,0.48164396213345645,0.8081,37845.84,8.6,0.2784576310320942
353380,Óleo,0,2512,19.904458598726116,0,0,0.9490000000000001,0.40714570063694266,1.3933,57010.97,8.6,0.22054140127388536
353390,Olímpia,5,55074,35.770054835312486,0.005076142131979695,1,0.9655,0.3929848930529833,0.699,64815.98,9.8,0.14121000835239858
353400,Onda Verde,0,4771,14.67197652483756,0.14285714285714285,1,0.9429000000000001,0.37006567456158734,1.4671,77675.42,9.5,0.1341437853699434
353410,Oriente,0,6085,21.364009860312244,0,0,0.9581000000000001,0.2533552451383183,1.7255,31894.61,9.9,0.12161051766639278
353420,Orindiúva,0,6024,28.220451527224437,0.058823529411764705,1,0.9396,0.26744411243913235,1.743,137843.67,10,0.09445551128818061
353430,Orlândia,0,38319,60.54437746287742,0.004310344827586207,1,0.9645,0.19759779743730263,0.4566,84752.94,9.8,0.10501317884078394
353440,Osasco,49,728615,16.730372007164277,8.203445447087777e-4,1,0.9719,0.35654083432265327,0.5344,163878.12,10.6,0.17942534809192784
353450,Oscar Bressane,0,2470,16.194331983805668,0,0,0.9417,0.4536437246963563,1.417,49959.23,9,0.1736842105263158
353460,Osvaldo Cruz,0,31272,35.17523663341008,0.00909090909090909,1,0.963,0.326626055257099,1.0677,51651.56,9.9,0.11121770273727297
353470,Ourinhos,10,103970,48.283158603443304,0.00199203187250996,1,0.9676,0.28532749831682214,0.4712,47155.54,10.2,0.12941233047994613
353475,Ouroeste,0,10294,34.97182824946571,0.027777777777777776,1,0.9447,0.4111213651965546,1.36,65157.91,9.7,0.1527103166893336
353480,Ouro Verde,0,7779,12.855122766422419,0,0,0.9179,0.5615010498350259,1.3497,24025.09,8.8,0.30736598534516
353490,Pacaembu,0,14877,23.526248571620624,0,0,0.9509000000000001,0.21091281844457888,0.8956,19173.47,8.6,0.1041204543926867
353500,Palestina,0,11476,21.78459393516905,0.04,1,0.9353,0.3247719879168119,1.6011,52574.77,9.1,0.16382014639247125
353510,Palmares Paulista,1,9650,21.761658031088082,0,0,0.9312999999999999,0.3604231433506045,1.088,21725.02,8.2,0.1288082901554404
353520,Palmeira d'Oeste,0,8903,17.971470290913174,0.0625,1,0.9394,0.3578849825901382,1.1793,34692.08,9,0.13399977535662136
353530,Palmital,0,19594,27.559456976625498,0.018518518518518517,1,0.96,0.3808393725970535,1.0271,71746.79,9.7,0.21006430539961213
353540,Panorama,1,14964,13.365410318096766,0.05,1,0.9333,0.46269936737057826,1.1694,26540.56,8.6,0.260224538893344
353550,Paraguaçu Paulista,2,41120,32.8307392996109,0.007407407407407408,1,0.9539,0.4270954928664073,0.9484,76213.56,10,0.22203307392996108
353560,Paraibuna,1,17667,11.886568177958907,0,0,0.9334,0.4143082205996113,1.1886,23126.12,9,0.2109016811003566
353570,Paraíso,0,6099,26.233808821118217,0,0,0.9406,0.3308329234300705,1.1477,71499.62,9.2,0.12182324971306771
353580,Paranapanema,2,19395,26.811033771590616,0.019230769230769232,1,0.9431,0.37347254447022427,1.0827,63034.16,8.6,0.21453982985305492
353590,Paranapuã,0,4031,4.9615480029769286,0,0,0.9323,0.5198668651285868,1.5194,39854.31,8.7,0.22351773753411064
353600,Parapuã,0,10580,11.342155009451796,0,0,0.9328,0.43048991808443604,1.2405,108729.27,9.1,0.19810964083175803
353610,Pardinho,0,7153,5.592059275828324,0,0,0.9475,0.42598676545971387,1.1009,72133.47,9.2,0.16818118272053684
353620,Pariquera-Açu,2,19233,17.15800967087818,0.030303030303030304,1,0.9506999999999999,0.4622047175860934,1.4103,39156.5,9.4,0.18073103519991682
353625,Parisi,0,2892,6.915629322268327,0,0,0.9328,0.6342496542185339,1.2102,23489.25,8.8,0.21334716459197786
353630,Patrocínio Paulista,1,14512,13.092613009922822,0.05263157894736842,1,0.9584,0.3916471425946343,1.447,127481.55,9.5,0.2140297684674752
353640,Paulicéia,0,7955,11.313639220615965,0,0,0.9479000000000001,0.5277079404986382,1.3199,40527.21,9.2,0.257071024512885
353650,Paulínia,5,110537,22.79779621303274,0.003968253968253968,1,0.9781,0.20436143553742186,0.8707,606740.73,10.8,0.09883568397912011
353657,Paulistânia,0,2090,9.569377990430622,0,0,0.924,0.5140749601275918,1.6746,35648.89,8.4,0.19808612440191387
353660,Paulo de Faria,0,7400,13.513513513513514,0,0,0.9276000000000001,0.43554054054054053,1.7209,57587.27,8.9,0.26135135135135135
353670,Pederneiras,1,44827,23.200303388582775,0.009615384615384616,1,0.9539,0.3234899353812063,1.015,85672.05,9.3,0.14341802931269101
353680,Pedra Bela,0,6557,7.625438462711606,0,0,0.9272,0.3291774693711555,1.0675,22505.61,8.2,0.1579990849473845
353690,Pedranópolis,0,2787,21.52852529601722,0,0,0.9425,0.5064286568592274,1.2558,41954.64,8.1,0.08970218873340509
353700,Pedregulho,2,15525,17.391304347826086,0.037037037037037035,1,0.94,0.41869028448738593,1.578,91303.55,8.8,0.20946859903381643
353710,Pedreira,1,43112,19.948042308406013,0.011627906976744186,1,0.9673999999999999,0.26962717263561575,0.893,42152.8,9.7,0.09816292447578401
353715,Pedrinhas Paulista,0,2804,28.530670470756064,0,0,0.9506999999999999,0.4674869234427009,1.2482,63469.02,8.9,0.14693295292439373
353720,Pedro de Toledo,0,11281,12.410247318500133,0.07142857142857142,1,0.9267,0.5121960228112165,2.0166,18473.47,8.4,0.2766598705788494
353730,Penápolis,3,61679,39.88391510887012,0.0040650406504065045,1,0.9681000000000001,0.2672938385295914,0.8511,44475.1,10,0.1482190048476791
353740,Pereira Barreto,1,24095,39.01224320398423,0.010638297872340425,1,0.9457,0.2920626686034447,1.162,62081.74,9.6,0.14119111848931312
353750,Pereiras,0,8737,14.879249170195719,0,0,0.9523999999999999,0.3706268360611957,1.6023,46979.86,9.4,0.13288314066613255
353760,Peruíbe,8,68352,14.776451310861423,0.009900990099009901,1,0.9599,0.5534488139825219,0.9216,34629.51,9.7,0.27933345037453183
353770,Piacatu,0,5519,19.931146946910673,0.09090909090909091,1,0.9293,0.4018542006402126,1.7439,29004.36,9,0.0846167784018844
353780,Piedade,0,52970,15.291674532754389,0.012345679012345678,1,0.9542,0.41382071612862625,0.512,34730.07,9,0.23290541816122334
353790,Pilar do Sul,3,27619,12.672435642130418,0.02857142857142857,1,0.9489,0.3322652280434967,0.887,54411.6,9.1,0.12158296824649698
353800,Pindamonhangaba,11,165428,30.285078704935078,0.001996007984031936,1,0.9742000000000001,0.3556753794198483,0.6241,82662.43,10.7,0.20131416688831394
353810,Pindorama,2,14542,15.128593040847202,0,0,0.95,0.282280062348141,1.6246,50426.04,9.4,0.11428964379040021
353820,Pinhalzinho,0,15224,15.764582238570679,0.041666666666666664,1,0.9620000000000001,0.3884163163426169,0.6897,27351.87,8.6,0.1433920126116658
353830,Piquerobi,0,3264,9.191176470588236,0,0,0.9215000000000001,0.5397007761437909,2.1446,30728.03,8.6,0.2653186274509804
353850,Piquete,0,12490,12.810248198558847,0.0625,1,0.9671,0.3903456098211903,1.1208,18203.42,10.2,0.19295436349079265
353860,Piracaia,0,26029,15.367474739713396,0.025,1,0.9453,0.3408153725972313,1.0757,30713.77,9.3,0.19063352414614468
353870,Piracicaba,34,423323,32.74095666902105,7.215007215007215e-4,1,0.9762000000000001,0.2226713801675474,0.5947,104770.09,10.7,0.10152531282259646
353880,Piraju,0,29436,31.254246500883273,0.010869565217391304,1,0.9670000000000001,0.3149063505005209,1.189,36982.93,10.1,0.16890881913303438
353890,Pirajuí,3,22431,31.206812001248274,0.014285714285714285,1,0.9479000000000001,0.3626454460345058,1.3189,32892.37,9.6,0.1676697427667068
353900,Pirangi,1,10885,23.88608176389527,0.038461538461538464,1,0.9489,0.21921604654723625,1.4469,49200.3,9.3,0.0840606338998622
353910,Pirapora do Bom Jesus,3,18370,8.709853021230266,0.0625,1,0.9539,0.5199872981310106,0.7621,37741.62,9.3,0.3195971692977681
353920,Pirapozinho,3,25348,15.780337699226763,0.025,1,0.956,0.25255772973541635,1.4498,55662.32,9.9,0.09697017516174847
353930,Pirassununga,3,73545,45.550343327214634,0.0029850746268656717,1,0.9692000000000001,0.23971491377161375,0.69,58527.61,10.5,0.10782514107009314
353940,Piratininga,0,15108,11.252316653428647,0.058823529411764705,1,0.9652,0.30446893478069015,0.8108,25791.29,10.6,0.1113979348689436
353950,Pitangueiras,2,33674,25.242026489279564,0.011764705882352941,1,0.9449,0.33758983191780007,0.8834,54349.34,9.3,0.15703510126507098
353960,Planalto,0,4389,11.39211665527455,0,0,0.9208,0.5124933545986178,1.5948,75526.73,8.8,0.16632490316700843
353970,Platina,0,3025,6.6115702479338845,0,0,0.9345,0.5960881542699725,2.8925,53026.63,8.7,0.35338842975206614
353980,Poá,6,103765,8.769816412085,0.01098901098901099,1,0.9734999999999999,0.505911595110747,0.3288,44434.64,10.6,0.2457668770780128
353990,Poloni,1,5592,17.8826895565093,0.1,1,0.9370999999999999,0.47447246065808296,1.2517,35764.39,8.9,0.2113733905579399
354000,Pompéia,0,20196,67.34006734006734,0.007352941176470588,1,0.9642000000000001,0.37153396712220244,1.6463,124235.74,10.4,0.1175480293127352
354010,Pongaí,0,3395,5.891016200294551,0,0,0.9523,0.29970544918998526,1.8041,36636.29,9.5,0.1687776141384389
354020,Pontal,0,37607,24.99534661100327,0.010638297872340425,1,0.9414,0.33669485290858975,0.9336,57275.34,9,0.1606881697556306
354025,Pontalinda,0,4127,4.8461352071722805,0,0,0.8936,0.5639286002746143,0.848,31983.76,8,0.20523382602374607
354030,Pontes Gestal,0,2387,16.75743611227482,0,0,0.9158,0.598275380533445,2.5659,63887.16,9.1,0.18139924591537496
354040,Populina,0,4127,19.384540828689122,0,0,0.9174,0.4799895000403845,1.6961,37808.91,8.3,0.22970680881996608
354050,Porangaba,0,10451,15.309539756961057,0.0625,1,0.9467,0.3503651963129525,1.0046,29585.64,8.8,0.1505119127356234
354060,Porto Feliz,2,56497,18.939058711082005,0.009345794392523364,1,0.9645,0.24802791888654857,0.8016,89687.04,9.7,0.11189974688921536
354070,Porto Ferreira,2,52649,42.92579156299265,0.004424778761061947,1,0.9616,0.2344742223657303,0.7312,58298.46,9.6,0.0938859237592357
354075,Potim,1,20392,11.769321302471557,0.041666666666666664,1,0.9525,0.4515659735844122,1.0298,17422.07,8.8,0.2714790113770106
354080,Potirendaba,1,18496,12.975778546712803,0.041666666666666664,1,0.9562999999999999,0.2817501081314879,0.9461,54996.89,9.3,0.11083477508650519
354085,Pracinha,0,2578,11.636927851047323,0,0,0.9597,0.3666602017067494,1.3878,17068.01,8.6,0.17804499612102406
354090,Pradópolis,4,17078,18.73755709099426,0.03125,1,0.943,0.3174064098059882,0.5635,85302.49,9,0.1850919311394777
354100,Praia Grande,50,349935,10.659122408447283,0.002680965147453083,1,0.973,0.25983396916570223,1.1002,32567.89,10.5,0.13222169831540143
354105,Pratânia,0,5126,7.803355442840421,0.25,1,0.9148000000000001,0.6586519703472493,1.1948,49288.83,8.4,0.296137339055794
354110,Presidente Alves,0,3804,7.886435331230284,0,0,0.9386,0.3935988433228181,1.8401,29698.1,9.1,0.17534174553101997
354120,Presidente Bernardes,2,14490,24.154589371980677,0.02857142857142857,1,0.9548000000000001,0.31080630319760755,1.4492,24277.67,9.3,0.11663216011042098
354130,Presidente Epitácio,4,39505,21.516263764080495,0.011764705882352941,1,0.9516,0.4622452854069105,1.196,38520.75,9.8,0.1638779901278319
354140,Presidente Prudente,25,225668,53.44133860361239,8.291873963515755e-4,1,0.9754,0.2633270999875924,0.6436,51480.93,10.8,0.11547051420671074
354150,Presidente Venceslau,1,35201,35.510354819465356,0.008,1,0.9529000000000001,0.2251853640521576,1.0626,31143.95,9.9,0.10499701713019516
354160,Promissão,0,35131,22.487261962369416,0.012658227848101266,1,0.9637,0.25608436992969175,1.2453,95348.29,9.3,0.14776123651475903
354165,Quadra,0,3405,14.684287812041116,0,0,0.9434999999999999,0.67442486539402835,1.0279,61662.37,8.5,0.3218795888399413
354170,Quatá,0,13163,29.628504140393527,0.02564102564102564,1,0.93,0.48424877814074807,1.0635,82621.23,9.3,0.21081820253741548
354180,Queiroz,0,3265,9.188361408882082,0,0,0.9298000000000001,0.4420622766717713,1.6079,335620.33,9.2,0.19632465543644717
354190,Queluz,0,9159,13.101867016049788,0.08333333333333333,1,0.9538,0.5382501728718564,1.1464,52572.19,9,0.2406376241947811
354200,Quintana,1,7038,28.41716396703609,0.05,1,0.9462,0.38859287676423226,1.4919,52812.76,9.6,0.19678886047172492
354210,Rafard,1,8965,5.577244841048522,0,0,0.9571999999999999,0.375134783416992,1.464,66361.46,8.8,0.16787506971556052
354220,Rancharia,2,28588,29.382957884427032,0.011904761904761904,1,0.9509000000000001,0.3406411781166923,1.3467,69947.42,9.7,0.1615712886525815
354230,Redenção da Serra,0,4494,11.125945705384957,0,0,0.9209,0.5123127132472928,1.3629,27160.37,8,0.315086782376502
354240,Regente Feijó,1,20145,18.366840407048894,0,0,0.9561,0.29602051791180606,1.4333,64224.3,10.1,0.11610821543807397
354250,Reginópolis,0,7662,13.051422605063951,0.1,1,0.934,0.28039893848429476,1.5,35322.95,8.7,0.10284521012790394
354260,Registro,6,59947,24.688474819423824,0.006756756756756757,1,0.9637,0.4460106427344154,1.2366,48908.45,9.8,0.22671693329107379
354270,Restinga,0,6404,9.369144284821987,0.16666666666666666,1,0.9533,0.5201566729127629,1.093,48687.83,8.9,0.254840724547158
354280,Ribeira,1,3132,25.54278416347382,0,0,0.9118,0.7043156662409535,2.2349,19770.65,8.3,0.43007662835249044
354290,Ribeirão Bonito,0,10989,30.94003094003094,0.029411764705882353,1,0.9309999999999999,0.32399824066490734,0.8758,44958.97,9.3,0.17681317681317682
354300,Ribeirão Branco,0,18627,9.126536747731787,0.058823529411764705,1,0.909,0.6265770118644978,1.0804,34398.93,7.7,0.37751650829441136
354310,Ribeirão Corrente,1,4608,10.850694444444445,0.2,1,0.9277,0.5649956597222222,1.3292,61322.58,8.4,0.2973090277777778
354320,Ribeirão do Sul,0,4677,6.414368184733804,0.3333333333333333,1,0.9335,0.5465041693393201,2.0579,69885.52,9.2,0.21894376737224716
354323,Ribeirão dos Índios,0,2025,9.876543209876543,0,0,0.9167000000000001,0.5762139917695472,1.7283,27905.84,8.8,0.24395061728395062
354325,Ribeirão Grande,0,7450,6.7114093959731544,0,0,0.9152,0.6326174496644296,1.4093,17083.07,8.3,0.16966442953020133
354330,Ribeirão Pires,4,115559,12.547702905009562,0.006896551724137931,1,0.9718000000000001,0.2520343143617834,0.4921,41997.84,10.6,0.12076947706366445
354340,Ribeirão Preto,54,698642,44.271601192026814,3.2331070158422246e-4,1,0.9795,0.19767587214434096,0.5542,74869.27,10.9,0.10122637917560066
354350,Riversul,0,5599,7.1441328808715845,0,0,0.9136,0.6250372090254213,1.2502,21283.17,8.1,0.36881585997499555
354360,Rifaina,0,4049,17.288219313410718,0.14285714285714285,1,0.9545,0.42880958261299085,0.8644,57523.06,9.8,0.1716473203260064
354370,Rincão,1,9098,14.288854693339195,0.07692307692307693,1,0.9406,0.3221495566791236,1.3464,38133.31,9,0.20279182237854473
354380,Rinópolis,0,9259,10.800302408467438,0,0,0.9403,0.16769269539547108,1.134,53534.92,9.2,0.0686899233178529
354390,Rio Claro,13,201418,38.97367663267434,0.0012738853503184713,1,0.9743,0.2270320097177677,0.4908,76592.54,10.6,0.10224508236602488
354400,Rio das Pedras,1,31328,29.366700715015323,0.010869565217391304,1,0.966,0.19034356911814776,0.391,65038.49,9.7,0.07989657814096017
354410,Rio Grande da Serra,1,44170,4.754358161648177,0.047619047619047616,1,0.9579000000000001,0.47060599200060377,0.7725,26399.15,10,0.24238170704097803
354420,Riolândia,0,10309,14.550392860607236,0.06666666666666667,1,0.9259000000000001,0.4135868335111715,1.8642,37892.6,5.9,0.19807934814239986
354425,Rosana,0,17440,20.642201834862384,0.027777777777777776,1,0.9418000000000001,0.45947534403669726,1.5553,88459.34,9.9,0.2334862385321101
354430,Roseira,0,10832,13.847858197932053,0.06666666666666667,1,0.9675,0.48363644756277696,1.2924,41572.59,9.9,0.22904357459379615
354440,Rubiácea,0,2700,18.51851851851852,0,0,0.9208,0.6481172839506173,3.2407,32843.95,8.5,0.20592592592592593
354450,Rubinéia,0,3833,7.826767545003913,0,0,0.9571,0.4518653795982259,0.9131,51234.59,9.2,0.13175058700756587
354460,Sabino,0,5112,13.693270735524257,0,0,0.9438,0.41343896713615025,2.9098,35842.05,8.4,0.18955399061032863
354470,Sagres,0,2474,8.084074373484237,0,0,0.9111,0.49174750741040146,1.4147,29355.47,8.9,0.1406628940986257
354480,Sales,0,6437,9.321112319403449,0,0,0.9354,0.5925249857594117,1.6311,41359.93,8.7,0.24685412459220132
354490,Sales Oliveira,0,11411,47.32275874156516,0.018518518518518517,1,0.9684999999999999,0.24443519411094558,1.2268,46399.47,9,0.11296117781088423
354500,Salesópolis,0,15202,9.209314563873175,0.07142857142857142,1,0.9404,0.5044895408498882,0.9209,20456.86,9.1,0.24075779502697015
354510,Salmourão,1,4808,8.319467554076539,0,0,0.8989,0.48284109816971715,2.0018,23881.77,7.4,0.22732945091514142
354515,Saltinho,0,8161,9.802720254870726,0.125,1,0.9791,0.19040762978393172,1.501,57755.46,9.5,0.0492586692807254
354520,Salto,2,134319,17.19786478457999,0.004329004329004329,1,0.9741,0.20783545142533819,0.5146,85609.32,10.5,0.09315882339803007
354530,Salto de Pirapora,2,43748,19.88662338849776,0.011494252873563218,1,0.9665,0.3957799975617933,0.96,65292.48,9.4,0.19383743256834599
354540,Salto Grande,0,9050,9.94475138121547,0,0,0.9273,0.42139963167587474,1.1602,43638.44,8.8,0.19668508287292819
354550,Sandovalina,0,3645,10.973936899862826,0,0,0.9451,0.5053726566072245,1.9204,125092.51,9.4,0.23045267489711935
354560,Santa Adélia,1,14018,27.108003994863747,0.02631578947368421,1,0.9562,0.45191896133542586,1.1235,39972.82,9.2,0.1496647167926951
354570,Santa Albertina,0,6393,12.513686844986704,0,0,0.9283,0.3505657229261171,1.6424,52228.53,8.8,0.06585327702174253
354580,Santa Bárbara d'Oeste,13,183347,21.707472715670285,0.002512562814070352,1,0.9741,0.1506237716824746,0.3913,58926.47,10,0.07219098212678692
354600,Santa Branca,1,13975,9.30232558139535,0.07692307692307693,1,0.9499,0.481520572450805,1.3774,25585.43,9.6,0.24293381037567083
354610,Santa Clara d'Oeste,0,2598,15.396458814472672,0.25,1,0.9369,0.5668142160636387,1.3471,50251.28,9.2,0.16474210931485758
354620,Santa Cruz da Conceição,1,4277,9.352349777881694,0,0,0.9629000000000001,0.3931688878497389,2.2504,46876.24,10,0.15548281505728315
354625,Santa Cruz da Esperança,0,2116,37.80718336483932,0.125,1,0.9567,0.47168399495904223,1.654,47948.44,9.4,0.13516068052930058
354630,Santa Cruz das Palmeiras,1,28864,27.369733924611975,0.012658227848101266,1,0.9412,0.30650348762010343,0.6062,27334.33,9,0.15625
354640,Santa Cruz do Rio Pardo,0,46442,38.75802075707334,0.005555555555555556,1,0.9651000000000001,0.2589556148888219,1.1116,93015.43,9.9,0.1394427457904483
354650,Santa Ernestina,0,6118,9.807126511932005,0,0,0.9512,0.39637136319058514,1.8592,24869.98,9.9,0.16770186335403728
354660,Santa Fé do Sul,3,34794,45.12272230844398,0.006369426751592357,1,0.9625,0.24573920790940967,0.9053,57161.58,10.4,0.09688452031959534
354670,Santa Gertrudes,1,23611,20.753038837829823,0.02040816326530612,1,0.9679000000000001,0.16859373455875085,0.7411,151126.89,9.8,0.07157680742027021
354680,Santa Isabel,2,53174,9.967277240756761,0.018867924528301886,1,0.9457,0.3600083374080064,0.6417,43217.76,9.8,0.20916237258810697
354690,Santa Lúcia,0,7149,6.993985172751434,0.2,1,0.9383,0.2567841656175689,0.7343,25928.44,9.3,0.1068680934396419
354700,Santa Maria da Serra,0,5243,15.258439824527942,0.125,1,0.9338,0.5355076610083286,1.3351,37720.59,8.8,0.24337211520122068
354710,Santa Mercedes,0,2956,27.06359945872801,0.125,1,0.9369,0.5164918809201624,1.184,32903.3,9.4,0.17320703653585928
354720,Santana da Ponte Pensa,0,1670,17.964071856287426,0.3333333333333333,1,0.9245,0.49171656686626747,2.0958,33997.76,9,0.1347305389221557
354730,Santana de Parnaíba,11,154105,6.424191298140878,0.010101010101010102,1,0.9701000000000001,0.2658290343164293,0.4542,92978.15,11.2,0.138996138996139
354740,Santa Rita d'Oeste,0,2733,14.635931211123308,0.25,1,0.9245,0.31570923283327235,1.2806,38611.56,9,0.06622758873033296
354750,Santa Rita do Passa Quatro,0,24833,33.82595739540128,0.011904761904761904,1,0.9648,0.30692693861662573,0.7047,39954.08,9.9,0.11967945878468167
354760,Santa Rosa de Viterbo,0,23411,32.46337191918329,0.013157894736842105,1,0.9662000000000001,0.30134694516822574,0.4111,48352.85,9.8,0.13002434752893938
354765,Santa Salete,0,1645,12.158054711246201,0,0,0.9495,0.5880952380952381,2.1276,40206.39,9.2,0.11003039513677812
354770,Santo Anastácio,1,17963,27.278294271558202,0.02040816326530612,1,0.9594,0.3967136150234742,1.1203,35098.41,10.1,0.19334186939820744
354780,Santo André,36,748919,15.422228572115275,8.658008658008658e-4,1,0.9799,0.2530704255066302,0.6427,49312.88,11.3,0.13186205717841315
354790,Santo Antônio da Alegria,0,6775,29.52029520295203,0.05,1,0.9564,0.4442927429274293,1.8081,41761.9,9.1,0.24723247232472326
354800,Santo Antônio de Posse,0,23244,19.790053347100326,0.021739130434782608,1,0.9626,0.36342712097745655,0.9034,92363.18,8.5,0.16606436069523317
354805,Santo Antônio do Aracanguá,0,8379,5.967299200381907,0,0,0.9425,0.45363408521303256,1.2531,45377.66,9.4,0.20205275092493138
354810,Santo Antônio do Jardim,0,6126,13.05909239307868,0,0,0.9399,0.29214277941016437,0.9998,41420.69,9,0.12487757100881489
354820,Santo Antônio do Pinhal,0,7133,26.63675872704332,0.05263157894736842,1,0.9567,0.4597761577643815,1.472,26881.74,9.5,0.18533576335342772
354830,Santo Expedito,0,3000,20,0.16666666666666666,1,0.9323,0.4855,1.1666,20085.22,8.9,0.16533333333333333
354840,Santópolis do Aguapeí,0,3899,7.694280584765324,0,0,0.93,0.5206035735658716,1.7953,25083.83,9.4,0.22980251346499103
354850,Santos,44,418608,45.26908229178611,5.277044854881266e-4,1,0.9840000000000001,0.17191760151103974,0.6539,73963.51,11.9,0.09260692581126018
354860,São Bento do Sapucaí,0,11674,17.13208840157615,0,0,0.9619,0.4287233738792759,1.3491,30389.59,9.2,0.17192050710981668
354870,São Bernardo do Campo,47,810729,15.627910189471452,7.892659826361484e-4,1,0.976,0.26281172048037427,0.7909,88766.77,11.1,0.13456531097321053
354880,São Caetano do Sul,3,165655,53.42428541245359,0.0011299435028248588,1,0.9884000000000001,0.12194872878371717,0.7711,136147.1,12.3,0.03638888050466331
354890,São Carlos,19,254857,43.0829837909102,9.107468123861566e-4,1,0.975,0.2226771614408603,0.4291,72146.03,11.1,0.11272203627916831
354900,São Francisco,0,2602,19.215987701767872,0,0,0.9148999999999999,0.4353702280297207,1.3451,22888.57,8.6,0.17909300538047657
354910,São João da Boa Vista,2,92547,76.39361621662506,0.0014144271570014145,1,0.9727,0.21457385616677654,0.9076,54147.42,10.4,0.0763395896139259
354920,São João das Duas Pontes,0,2580,7.751937984496124,0,0,0.9163,0.5299418604651163,2.0348,28183.53,8.9,0.1127906976744186
354925,São João de Iracema,0,1846,21.668472372697725,0,0,0.9262999999999999,0.47675153485012645,1.8959,37710.97,9.2,0.10130010834236186
354930,São João do Pau d'Alho,0,2242,26.761819803746654,0.16666666666666666,1,0.9415,0.4657671721677074,1.5611,37188.42,9.1,0.13291703835860838
354940,São Joaquim da Barra,2,48558,43.041311421392976,0.004784688995215311,1,0.9653,0.21486504111921137,0.7207,56299.4,10,0.10624407924543844
354950,São José da Bela Vista,1,7626,10.49042748492001,0.125,1,0.9323999999999999,0.5565718157181572,1.8358,44062.66,8.5,0.32402307894046684
354960,São José do Barreiro,0,3853,12.976901116013495,0,0,0.9214,0.6525434726187387,1.8167,20906.6,8.1,0.3280560602128212
354970,São José do Rio Pardo,1,52205,39.84292692270855,0.004807692307692308,1,0.9690000000000001,0.2700491651502091,0.6871,55109.14,9.3,0.15931424193084953
354980,São José do Rio Preto,36,480393,29.913008724107137,6.958942240779402e-4,1,0.9784,0.22467021792573996,0.6011,54934.44,10.8,0.11119021301309553
354990,São José dos Campos,47,697054,24.517469234808207,5.851375073142189e-4,1,0.9786,0.3480750176217816,0.6163,88077.14,11.2,0.1540612348541146
354995,São Lourenço da Serra,0,16067,9.335905894068588,0.06666666666666667,1,0.9356,0.5034387253376486,1.0891,21542,9.6,0.2804506130578204
355000,São Luís do Paraitinga,0,10337,8.70658798490858,0,0,0.9281999999999999,0.4272274354261391,1.3543,24434.47,8.7,0.208667892038309
355010,São Manuel,1,37289,30.572018557751615,0.008771929824561403,1,0.9544,0.35145306480016447,0.9386,50681.9,9.7,0.13583094210088767
355020,São Miguel Arcanjo,0,32039,20.599893879334562,0.015151515151515152,1,0.9479000000000001,0.3279752801273448,1.4201,36134.91,8.4,0.17934392459190363
355030,São Paulo,1015,11451999,22.72179730368471,3.8430498443564814e-5,1,0.9742000000000001,0.3490984849020682,0.6064,93156.23,10.9,0.1610105798996315
355040,São Pedro,4,38256,27.708071936428272,0.009433962264150943,1,0.9647,0.26767260908964174,1.0521,32496.26,10.1,0.16232747804265998
355050,São Pedro do Turvo,0,7217,9.699321047526674,0,0,0.9381999999999999,0.44407879543670037,1.4548,54584.51,8.6,0.20160731605930443
355060,São Roque,6,79484,41.26616677570328,0.003048780487804878,1,0.9629000000000001,0.2862588697096271,0.6715,57024.9,10.4,0.139738815359066
355070,São Sebastião,11,81595,27.207549482198665,0.0045045045045045045,1,0.9562,0.4256439324305002,1.1152,213255.95,10,0.18481524603223237
355080,São Sebastião da Grama,0,10441,40.22603198927306,0.023809523809523808,1,0.9575,0.30821600740669797,1.5084,46152.32,8.5,0.09596781917440858
355090,São Simão,0,13442,29.757476565987204,0.025,1,0.9621999999999999,0.32472846302633535,0.4556,48213.92,10,0.16887367951197738
355100,São Vicente,43,329911,7.608112490944528,0.00398406374501992,1,0.9677,0.3252296326382974,0.4995,22474.72,9.9,0.19753509279775455
355110,Sarapuí,0,10369,10.608544700549716,0,0,0.9567,0.3374481627929405,1.5189,26051.05,9.2,0.08737583180634584
355120,Sarutaiá,0,3704,5.399568034557236,0,0,0.9279999999999999,0.5946049316054716,0.9449,31218.87,8.2,0.2502699784017279
355130,Sebastianópolis do Sul,0,3130,12.779552715654953,0.25,1,0.9294,0.6931043663471778,2.2364,145220.93,9.1,0.23003194888178913
355140,Serra Azul,1,12746,13.337517652596894,0.058823529411764705,1,0.9416,0.41446989905329773,1.1615,21127.94,8.6,0.27200690412678485
355150,Serrana,0,43909,16.16980573458744,0.014084507042253521,1,0.9553,0.3558249257934971,0.4782,33126.12,9.3,0.17237923888041176
355160,Serra Negra,1,29894,31.44443701077139,0,0,0.9645999999999999,0.26595637920652976,1.4049,34288.07,10,0.09841439753796749
355170,Sertãozinho,8,126887,39.48395028647537,0.001996007984031936,1,0.9614,0.2961355379195662,0.2206,71520.47,10,0.13864304459873747
355180,Sete Barras,0,12730,7.855459544383346,0.1,1,0.9136,0.6575019638648861,1.9245,36280.39,8.3,0.37124901806755695
355190,Severínia,1,14576,10.290889132821075,0,0,0.9242,0.41363657153311384,0.9604,23366.94,8.9,0.20101536772777168
355200,Silveiras,0,6186,19.398642095053347,0,0,0.9176000000000001,0.5266596616014656,1.6973,18795.04,8.5,0.303750404138377
355210,Socorro,3,40122,23.428542944020737,0.010638297872340425,1,0.9549,0.2550533373211704,1.0031,36122.34,9.3,0.11514879617167639
355220,Sorocaba,45,723682,22.827706091902243,6.053268765133172e-4,1,0.9792000000000001,0.24862405034255378,0.3458,81273.66,10.9,0.124145688299557
355230,Sud Mennucci,0,7355,16.315431679129844,0,0,0.9317,0.5117720371629277,1.9034,41169.36,9.4,0.15893949694085657
355240,Sumaré,14,279545,10.910586846482678,0.003278688524590164,1,0.965,0.2892199824715162,0.5571,68060.93,9.9,0.1444096657067735
355250,Suzano,11,307429,12.002771371601249,0.0027100271002710027,1,0.9661,0.4355173606480412,0.5763,60562.59,10.2,0.22596111622520973
355255,Suzanápolis,0,3408,11.737089201877934,0,0,0.9214,0.60345755086072,2.0539,150089.22,9.3,0.1613849765258216
355260,Tabapuã,0,11323,18.546321646206835,0.047619047619047616,1,0.945,0.3603432541434837,1.2364,35122.41,9.2,0.16674026318113574
355270,Tabatinga,0,14769,36.56307129798903,0.018518518518518517,1,0.9401999999999999,0.2816372130814544,1.1256,34691.68,8.6,0.14300223440991267
355280,Taboão da Serra,22,273542,6.799687068165035,0.005376344086021506,1,0.9723,0.3721287163701857,1.0811,44176.69,10.5,0.17426574346901025
355290,Taciba,0,6260,9.584664536741213,0.16666666666666666,1,0.9426000000000001,0.5196352502662407,1.6773,38672.71,9.3,0.23370607028753992
355300,Taguaí,1,12669,14.997237351014286,0,0,0.9553,0.3886520904043992,1.4503,32310.01,8.5,0.17073170731707318
355310,Taiaçu,0,5677,21.13792496036639,0.08333333333333333,1,0.9203,0.46760319417532736,1.8495,27415.94,8.6,0.24537607891491986
355320,Taiúva,1,6548,27.489309712889433,0,0,0.9434,0.2609957238851558,1.6035,28765.02,9.3,0.10537568723274282
355330,Tambaú,1,21435,34.522976440401216,0.013513513513513514,1,0.9631000000000001,0.41864162973330227,0.9797,45099.8,9.4,0.20779099603452297
355340,Tanabi,0,25265,22.956659410251337,0.017241379310344827,1,0.9473,0.42531499439277,1.2814,63030.55,9.2,0.18860083118939244
355350,Tapiraí,0,7996,11.255627813906953,0,0,0.9267,0.5728280807070202,0.4377,28008.3,8.5,0.299399699849925
355360,Tapiratiba,0,11816,16.079891672308733,0.05263157894736842,1,0.9576,0.3206809975174904,1.481,30353.14,9.3,0.1661306702775897
355365,Taquaral,0,2619,15.273004963726613,0,0,0.9223,0.35312460226549575,1.3363,35274.07,8.8,0.09927453226422299
355370,Taquaritinga,4,52260,36.930730960581705,0.0051813471502590676,1,0.9501999999999999,0.3309988518943743,0.7032,44147.43,9.6,0.18377344048985841
355380,Taquarituba,0,24350,11.498973305954825,0.03571428571428571,1,0.9477,0.37927446954141003,0.8264,52529.9,8.7,0.1633264887063655
355385,Taquarivaí,0,6876,10.180337405468295,0,0,0.9362,0.6078509792515028,1.527,62974.66,8.6,0.3078824898196626
355390,Tarabai,2,6536,12.239902080783354,0,0,0.9357,0.34492299061607506,1.6064,28636.92,9,0.16906364749082006
355395,Tarumã,1,14882,15.454911974197017,0.043478260869565216,1,0.9433,0.3868375666353089,0.9407,77481.72,9.5,0.15790888321462168
355400,Tatuí,9,123942,37.43686563069823,0.0021551724137931034,1,0.9712000000000001,0.2751818054681491,0.7349,54739.59,9.9,0.13890368075390103
355410,Taubaté,24,310739,33.500783615831935,9.606147934678194e-4,1,0.9782,0.26668039737528926,0.5659,72754.95,11,0.11781913438609251
355420,Tejupá,0,4127,9.692270414344561,0,0,0.9059999999999999,0.5064413213795332,2.1201,82657.46,7.9,0.24594136176399323
355430,Teodoro Sampaio,0,22173,23.45194606052406,0.019230769230769232,1,0.938,0.4659946782122401,1.5784,37106.4,9.6,0.24250214224507283
355440,Terra Roxa,0,7904,21.508097165991902,0.058823529411764705,1,0.9606999999999999,0.2568846997300945,1.5498,30038.74,8.8,0.09121963562753037
355450,Tietê,1,37663,45.66816238748905,0.005813953488372093,1,0.9754999999999999,0.3046978024409456,0.6969,78457.58,10.4,0.11459522608395507
355460,Timburi,0,2464,16.233766233766232,0,0,0.9395,0.5878990800865801,1.4204,32576.16,8.7,0.2483766233766234
355465,Torre de Pedra,0,2046,19.550342130987293,0,0,0.9497,0.6591316389703487,4.2766,21547.77,8.9,0.3699902248289345
355470,Torrinha,0,9335,9.6411355115158,0,0,0.9621999999999999,0.38188716300660597,1.1247,40715.08,8.8,0.139046598821639
355475,Trabiju,0,1682,11.890606420927467,0,0,0.9117000000000001,0.5910126833135156,2.0808,39619.92,8.7,0.23365041617122473
355480,Tremembé,2,51173,9.184530904969417,0.02127659574468085,1,0.972,0.26988516079442937,0.4787,21334.89,10.5,0.15928321575831006
355490,Três Fronteiras,1,6804,8.818342151675486,0.16666666666666666,1,0.9349,0.40997942386831276,1.0288,22854.9,9.4,0.1284538506760729
355495,Tuiuti,0,6778,10.327530244910003,0,0,0.9462999999999999,0.44953034326743385,0.7745,35361.76,8.4,0.17069932133372676
355500,Tupã,4,63928,45.51995995494932,0.003436426116838488,1,0.9592,0.3323947774579735,0.8622,48934.77,10.1,0.12984920535602554
355510,Tupi Paulista,3,15854,36.58382742525546,0.017241379310344827,1,0.9643,0.27267566544720573,1.1022,28190.85,9.8,0.11183297590513436
355520,Turiúba,0,1818,11.001100110011,0,0,0.9254000000000001,0.4819398606527319,1.9251,48455.04,9.5,0.1353135313531353
355530,Turmalina,0,1669,23.96644697423607,0.25,1,0.9467,0.4474236069502696,2.097,60051.58,9.4,0.14140203714799282
355535,Ubarana,0,5365,5.591798695246971,0,0,0.919,0.32718235476856167,1.6309,55684.23,8.1,0.167381174277726
355540,Ubatuba,3,92981,10.324689990428151,0.010416666666666666,1,0.9638,0.42343955575153347,1.0163,37716.51,10,0.2694098794377346
355550,Ubirajara,0,5132,9.742790335151987,0,0,0.9390000000000001,0.41613081319823336,1.3639,39171.13,8.9,0.23460639127045985
355560,Uchoa,1,10394,28.862805464691167,0.03333333333333333,1,0.9465,0.33548200885126034,1.3469,50204.3,9.1,0.08610736963632865
355570,União Paulista,0,1603,18.714909544603866,0,0,0.9329999999999999,0.5994489498856311,2.1834,45067.96,8.7,0.18964441671865254
355580,Urânia,0,8833,12.453300124533001,0.09090909090909091,1,0.9305,0.38423148043322386,1.1887,41505.75,9,0.10030567191214763
355590,Uru,0,1387,21.629416005767844,0,0,0.9401,0.34781302571497236,2.5234,48125.22,9.2,0.167267483777938
355600,Urupês,0,13744,24.010477299185098,0.030303030303030304,1,0.9527,0.281965463717501,1.7825,47084.91,9.4,0.09749708963911526
355610,Valentim Gentil,0,14098,19.860973187686195,0,0,0.9594,0.4177483803849246,1.2413,40122.94,9.1,0.15654702794722655
355620,Valinhos,8,126373,43.205431539965026,0.0018315018315018315,1,0.9804999999999999,0.1403860001740878,0.3669,80718.99,11.2,0.06351040174720866
355630,Valparaíso,0,24241,21.038736025741514,0.0196078431372549,1,0.9534,0.3509206165862244,1.0851,58864.2,9.3,0.17243513056392062
355635,Vargem,4,10512,5.707762557077626,0,0,0.9504,0.34140347539320143,1.082,21119.9,8.3,0.1323249619482496
355640,Vargem Grande do Sul,1,40133,34.884010664540405,0.007142857142857143,1,0.9564,0.30475336173888484,0.9593,35672.43,8,0.11534148954725537
355645,Vargem Grande Paulista,1,50415,12.49628086878905,0.015873015873015872,1,0.9677,0.23374822308175475,1.0587,69905.64,10.5,0.09899831399385103
355650,Várzea Paulista,5,115771,5.1826450492783165,0.016666666666666666,1,0.9653,0.23352278780235697,0.5366,40908.88,9.6,0.11290392239852813
355660,Vera Cruz,0,10176,18.67138364779874,0.05263157894736842,1,0.9593,0.41087689989517817,0.9458,29756.74,9.8,0.09217767295597484
355670,Vinhedo,5,76540,51.34570159393781,0.002544529262086514,1,0.9801000000000001,0.2061993728769271,0.2743,192052.06,11.1,0.08105565717272015
355680,Viradouro,1,17414,28.138279545193523,0.02040816326530612,1,0.9571999999999999,0.4370382068067838,1.0049,32378.31,8.8,0.09808200298610313
355690,Vista Alegre do Alto,2,8109,13.565174497471945,0.09090909090909091,1,0.9318000000000001,0.3198400953672874,1.2948,87056.5,8.1,0.09816253545443335
355695,Vitória Brasil,1,1794,16.722408026755854,0,0,0.9154000000000001,0.44463024897807507,1.9509,35942.63,8.6,0.09643255295429208
355700,Votorantim,13,127923,11.882147854568764,0.006578947368421052,1,0.9765,0.23933212427267445,0.2855,40724.92,10.5,0.12603675648632381
355710,Votuporanga,4,96634,56.91578533435437,0.0018181818181818182,1,0.9670000000000001,0.29963487661347626,1.1952,47418.12,10,0.11167911915060952
355715,Zacarias,0,2692,11.144130757800891,0,0,0.9355,0.5896792966815255,1.3001,65959.25,8.7,0.162332838038633
355720,Chavantes,0,12211,20.473343706494145,0,0,0.9462,0.38686430267791333,0.7882,39081.16,9.3,0.2100565064286299
355730,Estiva Gerbi,1,11295,15.050907481186366,0.058823529411764705,1,0.9636,0.3035782794746938,1.2394,47119.25,9.6,0.14572819831783976
410010,Abatiá,1,7241,13.810247203424941,0.1,1,0.8896999999999999,0.5208879988951802,1.3292,41039.39,8,0.19969617456152466
410020,Adrianópolis,0,6256,20.78005115089514,0.07692307692307693,1,0.8744,0.6162084398976982,1.6783,74669,8,0.25351662404092073
410030,Agudos do Sul,0,10233,11.726766344180593,0.08333333333333333,1,0.9328,0.5255627219127659,1.6246,27302.69,8.1,0.3030391869442001
410040,Almirante Tamandaré,14,119825,7.17713331942416,0.011627906976744186,1,0.9648,0.4212323527366298,0.4673,18715.79,9.3,0.16628416440642604
410045,Altamira do Paraná,0,3590,19.498607242339833,0.14285714285714285,1,0.894,0.5974466109563603,1.9498,32175.22,8,0.2381615598885794
410050,Altônia,0,18742,26.67804930103511,0.02,1,0.9276000000000001,0.3336267918756447,1.4939,29153.82,8.1,0.12458649023583396
410060,Alto Paraná,0,13909,12.222302106549716,0.058823529411764705,1,0.92,0.4771191314975915,1.0065,40453.42,8.5,0.22208641886548278
410070,Alto Piquiri,0,9727,23.645522771666496,0.043478260869565216,1,0.8822,0.5743291867996299,1.2593,50230.67,7.3,0.22566053253829546
410080,Alvorada do Sul,0,10326,16.463296533023435,0.058823529411764705,1,0.9224,0.42777132158305897,1.6947,42266.4,8.8,0.16676350958744915
410090,Amaporã,1,4762,12.599748005039899,0,0,0.9022,0.634362312753745,1.4699,34418.01,8.1,0.30827383452330953
410100,Ampére,0,19620,24.974515800203875,0.02040816326530612,1,0.9462,0.3570251444104655,1.1149,51028.26,8.1,0.0709480122324159
410105,Anahy,1,2918,23.989033584647018,0.14285714285714285,1,0.9027,0.5806774046150331,1.1994,42605.49,8.3,0.19328307059629884
410110,Andirá,0,19878,28.171848274474293,0.017857142857142856,1,0.9194,0.4055991548445518,1.2325,43322.9,9.3,0.2088238253345407
410115,Ângulo,0,3235,18.547140649149924,0,0,0.9276000000000001,0.46375579598145283,1.0819,55572.79,8.6,0.155177743431221
410120,Antonina,2,18091,11.607981869437841,0.047619047619047616,1,0.9451,0.5311757227350616,1.7411,55368.68,8.6,0.3456414791885468
410130,Antônio Olinto,0,7018,18.523795953263036,0.07692307692307693,1,0.9379000000000001,0.5707585256958297,1.2467,40269.4,7.7,0.35024223425477347
410140,Apucarana,15,130134,37.34612015307299,0.00205761316872428,1,0.9573,0.3906735877377677,1.1833,37146.42,9.7,0.13612891327400986
410150,Arapongas,6,119138,27.363225838943073,0.003067484662576687,1,0.9636,0.35564779219616466,0.8813,47973.54,9.8,0.10414813073914285
410160,Arapoti,2,25777,31.81130465143345,0.012195121951219513,1,0.9431999999999999,0.37675382446884176,1.1201,63347.91,9.1,0.1852426581836521
410165,Arapuã,1,3527,17.01162461015027,0.16666666666666666,1,0.8776999999999999,0.5407097627823457,1.9846,43743.99,7.9,0.2823929685284945
410170,Araruna,0,14485,34.51846738004833,0.02,1,0.9343,0.5999252099873432,1.1477,43548.25,8.7,0.14911977908180876
410180,Araucária,20,151666,15.49457360252133,0.00425531914893617,1,0.9717,0.38475443848104823,0.9461,224671.66,10.1,0.13598960874553295
410185,Ariranha do Ivaí,0,2329,17.174753112924,0.25,1,0.8537,0.6311363961643052,1.5027,62246.84,7.5,0.2550450837269214
410190,Assaí,2,13797,26.81742407769805,0.02702702702702703,1,0.9348000000000001,0.44567659636152784,1.4586,46183.5,9,0.15155468580126114
410200,Assis Chateaubriand,1,36808,38.035209737013695,0.007142857142857143,1,0.9415,0.41145493733246397,0.9746,55252.41,9.1,0.10878069984785917
410210,Astorga,0,25475,26.692836113837096,0.014705882352941176,1,0.9512999999999999,0.3546974157670919,1.1678,45723.88,9.2,0.11748773307163886
410220,Atalaia,0,3980,27.63819095477387,0.09090909090909091,1,0.9484,0.5385887772194305,1.7587,64007.95,9.2,0.1399497487437186
410230,Balsa Nova,1,13395,8.958566629339305,0.08333333333333333,1,0.9645,0.48226950354609927,1.2411,97201.65,9.1,0.18387458006718924
410240,Bandeirantes,0,31273,23.98234899114252,0.013333333333333334,1,0.9362999999999999,0.47991877977808334,1.0352,43559.41,9,0.1489463754676558
410250,Barbosa Ferraz,2,10795,41.685965724872624,0.022222222222222223,1,0.8721,0.543160413771808,1.9453,31695.71,8.3,0.23862899490504863
410260,Barracão,0,9759,34.839635208525465,0.029411764705882353,1,0.9372,0.5732571643269461,1.4345,33128.04,8.9,0.2374218669945691
410270,Barra do Jacaré,0,2814,17.768301350390903,0.2,1,0.9190999999999999,0.5691483060886046,1.2437,66502.51,9.1,0.205046197583511
410275,Bela Vista da Caroba,0,4031,14.884644008930787,0.16666666666666666,1,0.9189,0.4762879351691061,1.7365,31281.27,7.8,0.19101959811461175
410280,Bela Vista do Paraíso,1,14833,20.899346052720286,0.03225806451612903,1,0.9233,0.47430279332119823,1.2977,38026.96,8.7,0.17993662778938851
410290,Bituruna,0,15533,12.875812785682097,0.05,1,0.9434,0.6730723835275435,1.2392,42256.96,8.3,0.3021309470160304
410300,Boa Esperança,0,4558,24.133391838525668,0,0,0.9011,0.4288613426941641,1.5357,75237.05,8.9,0.19591926283457656
410302,Boa Esperança do Iguaçu,0,2455,20.36659877800407,0.2,1,0.9068999999999999,0.36625933469110655,0,67222.53,7.9,0.14215885947046844
410304,Boa Ventura de São Roque,0,6378,14.111006585136407,0.1111111111111111,1,0.9076000000000001,0.6382356015469844,1.7017,72838.58,8.3,0.3579492003762935
410305,Boa Vista da Aparecida,0,7924,25.239777889954567,0.05,1,0.8976999999999999,0.6199099781255258,1.7667,28071.29,8,0.3250883392226148
410310,Bocaiúva do Sul,1,13299,14.286788480336867,0.05263157894736842,1,0.9434999999999999,0.672055543023285,0.7895,22971.54,8.1,0.3446875704940221
410315,Bom Jesus do Sul,0,3980,12.56281407035176,0.2,1,0.8970999999999999,0.4786641541038526,1.7587,35783.31,8.5,0.19597989949748743
410320,Bom Sucesso,0,6581,44.06625132958517,0.034482758620689655,1,0.9131999999999999,0.45042546725421667,2.1273,33681.51,8.4,0.10864610241604619
410322,Bom Sucesso do Sul,0,3202,24.984384759525298,0.125,1,0.9439,0.5995471580262336,1.093,103530.68,8.8,0.14178638351030606
410330,Borrazópolis,0,7735,24.563671622495153,0.05263157894736842,1,0.9185,0.5174423615600086,1.3574,38327.77,8.6,0.17259211376858435
410335,Braganey,0,4854,18.54140914709518,0.1111111111111111,1,0.8918,0.5395893421233346,2.1631,53771.59,8,0.2049855789039967
410337,Brasilândia do Sul,0,3708,16.181229773462782,0,0,0.8914,0.5997393024092054,1.8878,80537.86,8.6,0.18473570658036678
410340,Cafeara,0,2627,15.226494099733536,0.25,1,0.8903,0.5494543839614262,1.3323,46262.76,8.7,0.15797487628473544
410345,Cafelândia,0,18997,21.055956203611096,0.025,1,0.9517,0.47239037742801493,1.0593,142008.42,9.9,0.14923408959309364
410347,Cafezal do Sul,0,4473,17.88508830762352,0,0,0.8694,0.519804009240629,1.5649,44494.97,7.5,0.1710261569416499
410350,Califórnia,0,8710,13.777267508610793,0.08333333333333333,1,0.9265000000000001,0.5304822043628014,1.8082,28817.34,8.9,0.22743972445464983
410360,Cambará,3,23212,21.540582457349647,0.02,1,0.9475,0.4944030386581653,1.0554,42457.02,9.3,0.17874375323108738
410370,Cambé,9,107208,12.5923438549362,0.007407407407407408,1,0.9571999999999999,0.42505612143372384,0.8488,63159.21,9.7,0.1319864189239609
410380,Cambira,0,9460,12.684989429175475,0.08333333333333333,1,0.9351999999999999,0.5320560253699789,1.1099,36931.02,8.6,0.16236786469344608
410390,Campina da Lagoa,0,15723,20.35235006042104,0.03125,1,0.9189,0.494540906103585,1.1132,42893.99,8.5,0.21115563187686828
410395,Campina do Simão,0,3936,17.784552845528456,0.14285714285714285,1,0.9304000000000001,0.7292936991869918,1.7784,49573.09,7.9,0.34603658536585363
410400,Campina Grande do Sul,3,47825,16.7276529012023,0.0125,1,0.963,0.48179125283150376,0.5122,60047.41,9.7,0.19458442237323575
410405,Campo Bonito,0,4027,19.865905140302957,0.125,1,0.8837,0.5864166873603178,1.7382,58901.77,8.1,0.27340451949341943
410410,Campo do Tenente,0,7508,15.982951518380395,0.08333333333333333,1,0.9440000000000001,0.6320258391049547,2.2143,40846.17,8.2,0.39464571124134257
410420,Campo Largo,8,136327,15.404138578564774,0.004761904761904762,1,0.9692000000000001,0.30188199451808273,0.9242,51863.48,9.7,0.12797171506744812
410425,Campo Magro,3,30160,7.294429708222812,0.045454545454545456,1,0.9584999999999999,0.4224745800176835,1.0154,23228.87,9.1,0.16094164456233423
410430,Campo Mourão,4,99432,62.3541716952289,0.0016129032258064516,1,0.9534999999999999,0.39152050312441333,0.7842,60261.36,10.1,0.14560704803282645
410440,Cândido de Abreu,0,15244,17.05589084229861,0.038461538461538464,1,0.8789,0.49863880871162425,1.6071,31175.22,7.2,0.3022172658094988
410442,Candói,0,14973,19.368196086288652,0.034482758620689655,1,0.9256,0.5868507758409581,1.4025,60204.94,7.8,0.24250317237694516
410445,Cantagalo,1,10933,12.805268453306503,0.07142857142857142,1,0.9118,0.6734199213390653,1.6022,35372.19,8,0.21156132808927103
410450,Capanema,0,20481,24.41287046530931,0.02,1,0.9540000000000001,0.24037726022492392,1.3671,77763.81,8.8,0.08534739514672135
410460,Capitão Leônidas Marques,1,14648,23.211359912616057,0.029411764705882353,1,0.922,0.528911796832332,1.9115,88764.32,8.9,0.22023484434735116
410465,Carambeí,1,23283,20.61590001288494,0.020833333333333332,1,0.9655,0.41124067631605316,0.7892,85465.6,9.4,0.15178456384486536
410470,Carlópolis,0,16905,6.506950606329489,0.09090909090909091,1,0.9370999999999999,0.4683476289066351,0.6211,34061.74,9,0.19396628216503992
410480,Cascavel,29,348051,27.151193359593854,0.0010582010582010583,1,0.9682999999999999,0.3444878288909767,0.9313,55176.33,10.6,0.10047952742557843
410490,Castro,5,73075,22.57954156688334,0.006060606060606061,1,0.95,0.5063450792564717,0.9459,61820.06,9,0.23347245980157372
410500,Catanduvas,0,10446,19.146084625694044,0.05,1,0.9148999999999999,0.5199917033633288,1.3538,39602.22,8.3,0.15106260769672603
410510,Centenário do Sul,1,10832,23.07976366322009,0.04,1,0.8994,0.47488152387986216,1.6155,34760.43,7.6,0.17845273264401773
410520,Cerro Azul,1,16134,14.875418371141688,0,0,0.8618000000000001,0.6565999338870295,1.0846,23181.48,6.4,0.42766827817032355
410530,Céu Azul,0,11087,16.235230450076667,0.05555555555555555,1,0.9514,0.37371095276750543,1.2627,96562.03,8.9,0.06358798592946695
410540,Chopinzinho,0,21085,49.324164097699786,0.009615384615384616,1,0.9419,0.39829262508892577,1.4939,56739.86,9.3,0.17121176191605406
410550,Cianorte,3,79527,33.07052950570247,0.0038022813688212928,1,0.9591,0.2963490386912621,0.9682,50130.1,9.5,0.09245916481195066
410560,Cidade Gaúcha,1,11467,23.545827156187322,0.037037037037037035,1,0.9188,0.36158832592075807,1.2208,54113.89,8.7,0.1295892561262754
410570,Clevelândia,2,15070,15.925680159256801,0.041666666666666664,1,0.9198999999999999,0.5528201725282017,1.3934,60754.81,8,0.2192435301924353
410580,Colombo,29,232212,7.493152808640381,0.005747126436781609,1,0.9684,0.37957699573378345,1.1304,32853.49,9.6,0.17403493359516303
410590,Colorado,1,22896,36.687631027253666,0.011904761904761904,1,0.9377,0.2405514791521081,0.9171,51174.35,9.1,0.07534067085953879
410600,Congonhinhas,0,8320,9.615384615384615,0.125,1,0.8812000000000001,0.6412860576923077,1.262,37201.52,8,0.3215144230769231
410610,Conselheiro Mairinck,0,3461,20.225368390638543,0.14285714285714285,1,0.919,0.5667677935086198,2.0225,48767.75,8.5,0.22710199364345565
410620,Contenda,0,19128,10.455876202425763,0.05,1,0.9703,0.48078732747804265,0.8234,32821.93,8.7,0.19662275198661647
410630,Corbélia,1,17470,37.779049799656555,0.015151515151515152,1,0.9415,0.3938656744896012,1.803,56867.78,9.4,0.11333714939896966
410640,Cornélio Procópio,2,45206,51.09941158253329,0.004329004329004329,1,0.951,0.2881623383326697,0.929,52697.46,10.4,0.09326195637747202
410645,Coronel Domingos Soares,0,5649,28.323597096831296,0.0625,1,0.894,0.6903286717413111,2.4783,58230.22,7,0.4591963179323774
410650,Coronel Vivida,0,23331,33.43191462003343,0.01282051282051282,1,0.9551000000000001,0.35901447287585897,1.3501,47552.24,9.2,0.1362993442201363
410655,Corumbataí do Sul,0,3760,18.617021276595743,0,0,0.8724,0.6394946808510639,1.8617,27908.16,7.8,0.22952127659574467
410657,Cruzeiro do Iguaçu,0,4133,19.356399709654003,0.125,1,0.9217,0.4447737720783934,1.6936,50000.33,8.6,0.16694894749576578
410660,Cruzeiro do Oeste,1,23831,17.624103059040745,0.023809523809523808,1,0.9189,0.43913739806694363,1.231,45708.09,8.8,0.14166421887457514
410670,Cruzeiro do Sul,0,4494,17.801513128615934,0,0,0.9196,0.6128541759382881,1.5576,62589.03,8.7,0.19270137961726747
410680,Cruz Machado,0,15978,13.768932281887595,0.045454545454545456,1,0.9593,0.5298639796386698,1.0952,31791.46,7.6,0.21304293403429717
410685,Cruzmaltina,0,2892,27.662517289073307,0,0,0.8703,0.5370562471184878,1.8153,65430.04,7.9,0.26590594744121715
410690,Curitiba,210,1773718,25.849655920501455,2.1810250817884405e-4,1,0.9847,0.2380187173684505,0.5915,67691.3,11.7,0.08998950227713763
410700,Curiúva,1,13647,20.517329816076792,0.03571428571428571,1,0.8989,0.520663882171906,1.7952,24397.6,7.9,0.23968637795852568
410710,Diamante do Norte,0,5142,17.50291715285881,0.1111111111111111,1,0.9143000000000001,0.5064825619084663,1.3613,80500.47,9.2,0.19039284325165307
410712,Diamante do Sul,0,3171,9.460737937559129,0,0,0.8504999999999999,0.8908598759592137,2.2075,27043.14,7.5,0.3336486912645853
410715,Diamante D'Oeste,0,4557,19.749835418038185,0.1111111111111111,1,0.8915000000000001,0.6293614219881501,1.536,29513.42,8,0.23941189378977398
410720,Dois Vizinhos,0,44869,46.35717310392476,0.004807692307692308,1,0.9599,0.2498514193169746,1.17,58150.9,10,0.10766899195435602
410725,Douradina,0,9161,27.289597205545245,0.04,1,0.9306,0.3622421133064076,1.1461,93783.39,9.3,0.11090492304333588
410730,Doutor Camargo,0,6327,20.54686265212581,0.07692307692307693,1,0.9442,0.43825404351720143,1.5212,38349.19,9.3,0.12264896475422792
410740,Enéas Marques,0,5999,26.67111185197533,0.0625,1,0.9308,0.4579513252208701,1.1668,64920.82,8.5,0.20120020003333888
410750,Engenheiro Beltrão,1,12454,31.315240083507305,0.02564102564102564,1,0.9147,0.43142096247524225,1.4051,56098.46,8.9,0.1940741930303517
410752,Esperança Nova,0,1849,48.6749594375338,0.1111111111111111,1,0.8978,0.5837840274021995,1.8929,40683.83,8.2,0.16008653326122227
410753,Entre Rios do Oeste,0,4575,19.672131147540984,0,0,0.9643,0.20766848816029146,1.1475,91973.29,9.1,0.06579234972677596
410754,Espigão Alto do Iguaçu,2,4797,20.846362309776943,0,0,0.8825,0.6843339587242027,1.4592,42057.85,7.7,0.41254951011048574
410755,Farol,0,3039,19.743336623889437,0,0,0.873,0.5132719096193923,2.3033,84118.61,7.7,0.2079631457716354
410760,Faxinal,3,16389,35.999755933858076,0.01694915254237288,1,0.9028,0.651692191917343,1.0677,38140.13,8.8,0.27262188052962355
410765,Fazenda Rio Grande,12,148873,8.060561686806876,0.008333333333333333,1,0.9737,0.42834552493288464,0.6582,27805.32,9.9,0.16754549179501993
410770,Fênix,0,4492,33.3926981300089,0.06666666666666667,1,0.8981999999999999,0.6126818046898189,1.5583,54234.99,8.6,0.25779162956366874
410773,Fernandes Pinheiro,1,6255,19.18465227817746,0.08333333333333333,1,0.9289000000000001,0.609832134292566,1.1191,51786.1,7.9,0.3744204636290967
410775,Figueira,0,8062,21.086579012651946,0.058823529411764705,1,0.8929,0.5048168361862234,1.3024,23775.93,8.1,0.3060034730836021
410780,Floraí,0,4792,29.215358931552586,0.07142857142857142,1,0.9369,0.31837785197551477,1.4607,64824.8,8,0.10350584307178631
410785,Flor da Serra do Sul,0,4364,34.37213565536205,0.06666666666666667,1,0.9056000000000001,0.5322143293614421,1.604,47286.15,8,0.26833180568285975
410790,Floresta,1,10458,15.299292407726142,0.0625,1,0.9459000000000001,0.43535252119589474,0.9203,34828.85,9.4,0.0996366418053165
410800,Florestópolis,0,11446,11.357679538703477,0.07692307692307693,1,0.9126000000000001,0.6965533810938319,1.2231,54502.22,7,0.31233618731434565
410810,Flórida,0,2652,11.312217194570136,0,0,0.9186,0.5167797888386124,1.3197,38182.92,8.8,0.19532428355957768
410820,Formosa do Oeste,1,7635,13.097576948264571,0.1,1,0.9340999999999999,0.44352761405806596,1.3752,53117.03,8.5,0.09862475442043223
410830,Foz do Iguaçu,42,285415,17.76360737872922,0.0019723865877712033,1,0.9606999999999999,0.4611845908589247,1.0098,59468.67,10.3,0.20790427973302034
410832,Francisco Alves,0,8116,8.62493839329719,0.14285714285714285,1,0.9063,0.39594627895515033,1.2937,31307.33,8.3,0.1981271562345983
410840,Francisco Beltrão,10,96666,54.310719384271614,0.0019047619047619048,1,0.9625,0.2877830191932358,0.9594,46814.84,10.3,0.08080400554486583
410845,Foz do Jordão,0,4926,24.360535931790498,0.08333333333333333,1,0.9207,0.6376708620922993,2.1315,38120.67,8.1,0.36622005684125053
410850,General Carneiro,0,11062,15.367926233954076,0.058823529411764705,1,0.915,0.6164873741939372,0.9491,39531.18,7.6,0.3601518712710179
410855,Godoy Moreira,0,2977,20.154517971111858,0.16666666666666666,1,0.8331000000000001,0.6646792072556265,1.1756,32291.91,7.4,0.24588511924756465
410860,Goioerê,0,28437,37.62703520061891,0.009345794392523364,1,0.9276000000000001,0.4530336064516885,1.1077,46969.32,9.3,0.23951190350599572
410865,Goioxim,0,6566,19.798964361864147,0.07692307692307693,1,0.9131999999999999,0.6863767895217788,1.5991,47001.54,7.2,0.41105696009747184
410870,Grandes Rios,0,5641,23.04555929799681,0.07692307692307693,1,0.8622,0.6206789576316256,1.8613,31475.87,7.7,0.3440879276723985
410880,Guaíra,5,32097,42.37156120509705,0.007352941176470588,1,0.9289000000000001,0.45764661287140024,1.1791,44828.06,9.4,0.12471570551764963
410890,Guairaçá,0,6587,12.145134355548809,0.125,1,0.8948999999999999,0.5421031324325692,1.594,61458.48,8.2,0.25018976772430546
410895,Guamiranga,0,7856,24.185336048879837,0.05263157894736842,1,0.9467,0.4456254243041412,1.782,45451.12,7.9,0.24083503054989816
410900,Guapirama,0,4626,10.8084738434933,0.2,1,0.9175,0.5996901570831532,1.5131,49485.22,8.4,0.17380025940337224
410910,Guaporema,0,2191,18.256503879507076,0.25,1,0.89,0.5329758101323596,1.5974,48463.12,8.6,0.16659059790050204
410920,Guaraci,0,4748,16.849199663016005,0.125,1,0.9196,0.5279415894411682,2.3957,40499.33,8.8,0.22051390058972198
410930,Guaraniaçu,0,13735,18.929741536221332,0.038461538461538464,1,0.9159999999999999,0.3778060914937508,1.2741,43991.58,8.1,0.11933017837641063
410940,Guarapuava,8,182093,35.75096242030171,0.0015360983102918587,1,0.9612999999999999,0.4446537392065226,0.6727,54170.74,9.6,0.20147397209118417
410950,Guaraqueçaba,0,7430,8.075370121130552,0,0,0.9081999999999999,0.8057312696276356,1.4131,19660.96,8,0.5748317631224764
410960,Guaratuba,8,42062,17.35533260425087,0.0136986301369863,1,0.9649,0.6072444645206283,1.0817,29027.37,9.5,0.28479387570728926
410965,Honório Serpa,0,4941,28.334345274235986,0.07142857142857142,1,0.919,0.6710686095931998,2.125,78227.21,7.7,0.2218174458611617
410970,Ibaiti,1,28830,25.32084634061741,0.0136986301369863,1,0.9131999999999999,0.4631373569198751,1.821,42887.86,8.9,0.15241068331599028
410975,Ibema,0,6218,11.257639112254743,0.14285714285714285,1,0.8809999999999999,0.6779377077302455,1.1257,33465.91,8,0.2819234480540367
410980,Ibiporã,4,51603,15.8905489990892,0.012195121951219513,1,0.9489,0.43959330529878754,0.9495,78248.45,9.5,0.1812103947444916
410990,Icaraíma,0,8991,14.458903347792237,0.07692307692307693,1,0.9062,0.4753364475586698,1.5571,36603.92,8.6,0.2290067845623401
411000,Iguaraçu,0,5338,11.240164855751217,0.16666666666666666,1,0.9390999999999999,0.39212564006494316,1.6391,50048.33,9.2,0.14481079055826152
411005,Iguatu,0,2144,27.98507462686567,0,0,0.8915000000000001,0.6826026119402985,1.6324,44212.2,8.4,0.1623134328358209
411007,Imbaú,1,14249,11.228858165485297,0.0625,1,0.9097,0.5247912134184856,0.9825,22490.76,7.3,0.22275247385781458
411010,Imbituva,0,29924,20.05079534821548,0.016666666666666666,1,0.9577,0.5319308915920331,1.1403,50241.2,7.9,0.19489373078465447
411020,Inácio Martins,0,9670,33.092037228541884,0.03125,1,0.9276000000000001,0.76645122371596,1.4477,25847.91,7.7,0.38986556359875907
411030,Inajá,0,2536,15.772870662460567,0,0,0.8842,0.7736921661409043,1.3801,30062.76,8.5,0.25197160883280756
411040,Indianópolis,0,4448,26.97841726618705,0.08333333333333333,1,0.9285,0.6190235311750599,1.5737,173682.59,8.6,0.1366906474820144
411050,Ipiranga,0,14142,19.799179748267573,0.03571428571428571,1,0.9512999999999999,0.5134881912035073,1.6086,54879.34,8.2,0.17713194739075094
411060,Iporã,1,15746,19.05245776705195,0.03333333333333333,1,0.9231,0.4600004233879504,1.3336,53982.44,8.9,0.15267369490664295
411065,Iracema do Oeste,0,2343,12.804097311139564,0.3333333333333333,1,0.8859999999999999,0.4932067150377009,1.4938,53805.14,8.1,0.1553563807084934
411070,Irati,1,59250,37.9746835443038,0.0044444444444444444,1,0.9702,0.37966947960618846,0.694,47529.86,9.4,0.19075105485232066
411080,Iretama,0,10684,28.079371022089106,0.03333333333333333,1,0.8754000000000001,0.5802992012978909,1.6379,38330.96,7.2,0.2501871958068139
411090,Itaguajé,0,4481,15.621513055121625,0.14285714285714285,1,0.9553,0.5495797069106598,1.5621,36664.75,8.8,0.134568176746262
411095,Itaipulândia,0,11485,21.767522855899,0.04,1,0.9281,0.5925192279785226,1.2189,49349.2,8.6,0.10317805833696125
411100,Itambaracá,1,5908,8.463100880162491,0,0,0.8789,0.586478785827127,1.7772,47300.82,8.3,0.23155044008124576
411110,Itambé,1,6111,22.90950744558992,0.07142857142857142,1,0.9311,0.3120602192767141,1.1454,45168.14,9.2,0.027982326951399118
411120,Itapejara d'Oeste,0,12344,28.353856124432923,0.02857142857142857,1,0.9468000000000001,0.4275086411751999,1.1341,78624.87,8.9,0.17976344782890474
411125,Itaperuçu,0,31217,6.727103821635647,0.047619047619047616,1,0.9334,0.5781011414720612,0.6727,25618.02,7.1,0.3101194861774033
411130,Itaúna do Sul,0,3572,19.596864501679732,0.14285714285714285,1,0.8589,0.635988241881299,1.9596,42504.16,8.1,0.24692049272116462
411140,Ivaí,1,13229,11.338725527250737,0.06666666666666667,1,0.9389,0.5776765691536271,1.6535,53751.06,7.9,0.2695593015345075
411150,Ivaiporã,5,32720,45.84352078239609,0.006666666666666667,1,0.9237000000000001,0.3672702730236349,1.1766,34910.34,9.5,0.0812958435207824
411155,Ivaté,0,6831,35.13394817742644,0.041666666666666664,1,0.9179,0.45929097740691943,1.5371,41052.52,8.8,0.195139803835456
411160,Ivatuba,0,2708,22.156573116691284,0.16666666666666666,1,0.9443,0.3882631708517972,1.2924,61748.43,9.9,0.12149187592319055
411170,Jaboti,0,5427,31.324857195503963,0.058823529411764705,1,0.9102,0.484967139610589,1.2898,28851.21,8.7,0.2474663718444813
411180,Jacarezinho,2,40375,34.17956656346749,0.007246376811594203,1,0.9316,0.38546749226006194,0.9318,48470.43,9.7,0.21525696594427243
411190,Jaguapitã,3,15122,16.532204734823438,0.04,1,0.9376000000000001,0.4073590354009611,0.6943,96051.01,8.6,0.1437640523740246
411200,Jaguariaíva,0,35141,20.20431974047409,0.014084507042253521,1,0.9504,0.4326309249404779,0.8216,58693.11,8.9,0.1912580746136991
411210,Jandaia do Sul,1,21408,33.63228699551569,0.013888888888888888,1,0.9478,0.42855085326357745,0.9809,44978.71,9.6,0.1399009715994021
411220,Janiópolis,0,5870,30.664395229982965,0.05555555555555555,1,0.8724,0.4741056218057922,1.6396,57397.87,8,0.17120954003407154
411230,Japira,0,4972,10.05631536604988,0.2,1,0.9107,0.4920555108608206,1.4078,34179.34,8.8,0.18041029766693484
411240,Japurá,0,9144,12.029746281714786,0.09090909090909091,1,0.9448000000000001,0.43638815981335666,1.1482,48327.59,9.2,0.1687445319335083
411250,Jardim Alegre,1,12004,18.327224258580472,0.045454545454545456,1,0.8878,0.5564603465511496,1.4578,35358.97,8.2,0.2120959680106631
411260,Jardim Olinda,0,1343,22.338049143708115,0,0,0.9057,0.7360387192851824,2.6061,58807.74,8.7,0.25837676842889057
411270,Jataizinho,2,11813,5.925675103699314,0.14285714285714285,1,0.9278,0.5383616919213297,1.1851,25520.19,9.1,0.23287903157538306
411275,Jesuítas,1,10506,10.470207500475919,0.09090909090909091,1,0.9419,0.4068786090487975,0.9994,52977.91,9,0.17732724157624213
411280,Joaquim Távora,0,11945,27.626622017580576,0.030303030303030304,1,0.9488,0.3957443839821404,1.172,73021.84,9,0.1637505232314776
411290,Jundiaí do Sul,0,3333,30.003000300030003,0.1,1,0.8976999999999999,0.7388988898889889,2.1002,47213.06,7.5,0.30753075307530753
411295,Juranda,0,7771,27.02354909278085,0.047619047619047616,1,0.9231,0.48368935786900014,1.8015,63966.87,8.5,0.1914811478574186
411300,Jussara,0,6690,13.452914798206278,0.1111111111111111,1,0.94,0.42477578475336325,1.5695,55375.88,8.9,0.12630792227204785
411310,Kaloré,0,4582,13.094718463553034,0.16666666666666666,1,0.91,0.5401753237305398,1.5277,43918.88,8.6,0.23963334788302051
411320,Lapa,1,45003,20.443081572339622,0.010869565217391304,1,0.9612,0.37493981882689303,0.836,58830.87,8.8,0.1731440126213808
411325,Laranjal,0,5600,5.357142857142857,0.3333333333333333,1,0.861,0.8312648809523809,1.875,22407.71,7,0.515
411330,Laranjeiras do Sul,2,32227,35.9946628603345,0.008620689655172414,1,0.946,0.2999529380126395,1.1946,38195.42,9.2,0.13516616501691128
411340,Leópolis,0,3752,15.991471215351812,0.16666666666666666,1,0.9212,0.6512748756218906,1.8656,60266,8.9,0.1871002132196162
411342,Lidianópolis,0,3938,17.77552056881666,0.14285714285714285,1,0.8851,0.7658498391738615,1.7775,37287.16,8.1,0.2366683595733875
411345,Lindoeste,0,5175,13.526570048309178,0.14285714285714285,1,0.9111,0.658743961352657,1.3526,48127.01,8.7,0.32869565217391306
411350,Loanda,0,23225,37.02906350914962,0.011627906976744186,1,0.9399,0.3915787585217079,0.9041,39155.41,9.3,0.11293864370290635
411360,Lobato,0,4601,23.907846120408607,0.09090909090909091,1,0.9487000000000001,0.41563428240237626,0.7607,72455.61,9.6,0.1517061508367746
411370,Londrina,56,555965,32.64593994226255,5.509641873278236e-4,1,0.9716,0.3133800389113224,0.5618,50362.05,10.7,0.14103585657370518
411373,Luiziana,1,6690,17.937219730941703,0.08333333333333333,1,0.8775,0.584130543099153,1.831,89587.6,8,0.2835575485799701
411375,Lunardelli,0,4872,16.420361247947454,0,0,0.8665,0.6248631636562672,1.4367,30231.87,8,0.2200328407224959
411380,Lupionópolis,0,4813,16.6216496987326,0.125,1,0.9120999999999999,0.6612646305145785,1.4543,34250.14,8.7,0.23831290255557863
411390,Mallet,0,13428,24.575513851653263,0.030303030303030304,1,0.971,0.3354681759507497,1.3032,72484.08,8.8,0.14142091152815014
411400,Mamborê,0,13452,37.91257805530776,0.0196078431372549,1,0.9229,0.47541877292100304,1.0407,63873.13,8.6,0.21610169491525424
411410,Mandaguaçu,0,31457,13.033665003019996,0.024390243902439025,1,0.9515,0.3308484598022698,0.8344,31643.51,9.7,0.09215754839940236
411420,Mandaguari,2,36716,25.87427824381741,0.010526315789473684,1,0.9468000000000001,0.3277340487344301,1.1439,79434.03,9.6,0.06245233685586665
411430,Mandirituba,0,27439,10.20445351506979,0.03571428571428571,1,0.9577,0.46109855801353306,0.8928,29207.79,7.9,0.1839717190859725
411435,Manfrinópolis,0,2770,21.660649819494584,0,0,0.9151,0.48243080625752105,2.527,37689.28,7.8,0.1003610108303249
411440,Mangueirinha,0,16603,24.092031560561345,0.025,1,0.9234,0.5108012608163184,1.6864,112613.05,8.7,0.21616575317713665
411450,Manoel Ribas,0,14240,21.769662921348313,0.03225806451612903,1,0.9175,0.5244791666666666,1.4747,46081.2,8.8,0.29943820224719103
411460,Marechal Cândido Rondon,5,55836,42.98302170642596,0.004166666666666667,1,0.9693999999999999,0.24446742842132915,1.0656,70187.82,10.1,0.06825345655132889
411470,Maria Helena,0,5865,20.460358056265985,0.08333333333333333,1,0.903,0.4627450980392157,1.1935,30077.96,8.5,0.230690537084399
411480,Marialva,3,41851,18.876490406441903,0.012658227848101266,1,0.9554,0.4078158227999331,0.9199,70837.51,8.9,0.14178872667319778
411490,Marilândia do Sul,0,8677,10.37224847297453,0.1111111111111111,1,0.9179999999999999,0.544408589758365,1.6134,58806.98,8.6,0.27532557335484614
411500,Marilena,1,7253,12.408658486143665,0.1111111111111111,1,0.9018999999999999,0.5601360356634036,1.4476,32708.81,8.1,0.17330759685647318
411510,Mariluz,1,9847,14.21752818117193,0,0,0.8773000000000001,0.6404573304898277,1.0663,41023.34,8,0.25357977048847363
411520,Maringá,40,409657,45.745587161942794,5.336179295624333e-4,1,0.9802,0.2671753442514103,0.8664,67903.99,11.4,0.08132413213981453
411530,Mariópolis,0,6371,20.404959974886204,0.07692307692307693,1,0.9403,0.434167843875896,1.0987,86961.81,8.8,0.1345157746036729
411535,Maripá,0,6555,18.30663615560641,0.08333333333333333,1,0.9702,0.28344774980930587,0.8009,81721.35,8.9,0.06681922196796339
411540,Marmeleiro,1,15901,22.011194264511666,0.02857142857142857,1,0.9451,0.47238643271911623,1.3206,46437.51,8.8,0.1990440852776555
411545,Marquinho,0,4504,13.321492007104796,0.16666666666666666,1,0.9143000000000001,0.629533007696862,2.1317,29896.39,7.2,0.3894316163410302
411550,Marumbi,0,4699,34.049797829325385,0.0625,1,0.924,0.4174647088032915,1.4896,28583.37,8.9,0.16620557565439456
411560,Matelândia,0,18450,22.764227642276424,0.023809523809523808,1,0.9453,0.32485546522131886,1.5176,78092.93,8.8,0.05219512195121951
411570,Matinhos,3,39259,20.886930385389338,0.012195121951219513,1,0.9702,0.5266732893519108,0.7132,29246.91,9.8,0.18732010494408927
411573,Mato Rico,0,3267,30.609121518212426,0.1,1,0.8459,0.7160493827160495,1.0713,48162.76,6.7,0.4074074074074074
411575,Mauá da Serra,0,9383,14.920601087072365,0.07142857142857142,1,0.914,0.6545259156630786,1.119,56188.01,7.9,0.2807204518810615
411580,Medianeira,1,54369,31.819603082639002,0.005780346820809248,1,0.9647,0.2313205441826531,0.869,55318.22,10.1,0.06076992403759495
411585,Mercedes,0,5931,32.035069971337045,0.05263157894736842,1,0.9609000000000001,0.33539875231832744,1.4752,52582.83,8.9,0.05209914011127972
411590,Mirador,0,2238,17.873100983020553,0,0,0.8987,0.6297289246350908,1.5638,79981.83,8.4,0.2810545129579982
411600,Miraselva,1,1966,20.345879959308242,0,0,0.9209,0.48291793828416413,1.7802,35296.98,9.3,0.15005086469989828
411605,Missal,1,11064,26.21113521330441,0.034482758620689655,1,0.9517,0.3720776090624247,1.5817,44894.11,9.1,0.15328994938539406
411610,Moreira Sales,1,11175,29.530201342281877,0.030303030303030304,1,0.8775,0.6310439970171514,1.2527,34192.25,7.6,0.30532438478747204
411620,Morretes,2,18309,15.839204762685018,0.034482758620689655,1,0.9614,0.4696460757004752,1.6726,29204.87,8.9,0.2540826915724507
411630,Munhoz de Melo,0,3951,30.372057706909644,0,0,0.9303,0.6565215557242892,1.5502,44713.57,9.1,0.21564160971905846
411640,Nossa Senhora das Graças,0,3669,16.35322976287817,0.16666666666666666,1,0.9098999999999999,0.384732442990824,1.4309,34590.58,8.9,0.10493322431180158
411650,Nova Aliança do Ivaí,0,1323,15.11715797430083,0,0,0.9095,0.476379440665155,2.6455,53846.04,8.9,0.1617535903250189
411660,Nova América da Colina,1,3280,9.146341463414634,0.3333333333333333,1,0.8996999999999999,0.75,2.1341,32956.41,8.8,0.2734756097560976
411670,Nova Aurora,0,13765,20.341445695604794,0.03571428571428571,1,0.9444,0.29886790168301247,1.017,75612.98,9.4,0.12553577915001815
411680,Nova Cantu,0,6790,23.564064801178205,0.0625,1,0.8726,0.6106161021109474,1.0309,50327.72,7.7,0.27157584683357877
411690,Nova Esperança,3,26585,26.330637577581342,0.014285714285714285,1,0.9407,0.4387029026393329,0.9216,47150.58,9.1,0.1706225315027271
411695,Nova Esperança do Sudoeste,0,5597,19.65338574236198,0.09090909090909091,1,0.9301999999999999,0.3901048180572926,1.7196,35513.61,8.2,0.14114704305878148
411700,Nova Fátima,3,7225,13.84083044982699,0.1,1,0.9013,0.6617185697808535,0.9688,45319.52,8.4,0.18906574394463668
411705,Nova Laranjeiras,0,12074,12.423389100546629,0.06666666666666667,1,0.9209999999999999,0.6441182154491745,1.4493,31337.75,8,0.4195792612224615
411710,Nova Londrina,0,12923,17.023910856612243,0.045454545454545456,1,0.9460999999999999,0.48150584229668036,1.3646,55592.2,9.2,0.17441770486729088
411720,Nova Olímpia,1,5833,18.858220469741127,0.09090909090909091,1,0.9117000000000001,0.47222698439910854,1.2,22756.95,8.5,0.14503685924909995
411721,Nova Santa Bárbara,0,4184,14.340344168260039,0.16666666666666666,1,0.8431000000000001,0.665571223709369,1.4639,31455.2,7.6,0.25478011472275336
411722,Nova Santa Rosa,1,8322,24.03268445085316,0.05,1,0.9714,0.4273712248658175,1.5771,58192.18,9.1,0.11115116558519586
411725,Nova Prata do Iguaçu,1,12699,23.623907394283016,0.03333333333333333,1,0.9303,0.3371525316954091,1.1024,44107.75,8.5,0.1243404992519096
411727,Nova Tebas,0,6848,33.58644859813084,0.043478260869565216,1,0.8626999999999999,0.6687840732087227,2.0443,34638.13,7.6,0.19115070093457945
411729,Novo Itacolomi,1,3125,44.8,0.07142857142857142,1,0.9111,0.58608,1.12,39975.22,8.8,0.18688
411730,Ortigueira,1,24192,17.7744708994709,0.023255813953488372,1,0.8826999999999999,0.7156704695767195,1.4467,148490,7.7,0.3292824074074074
411740,Ourizona,0,3187,15.688735487919674,0,0,0.9186,0.4137903984938814,1.0982,58541.87,8.7,0.11264512080326326
411745,Ouro Verde do Oeste,0,6785,10.316875460574797,0.14285714285714285,1,0.941,0.375153524932449,1.0316,43793.26,9,0.10921149594694178
411750,Paiçandu,4,45962,10.443409773290979,0.020833333333333332,1,0.9484999999999999,0.44799870907851413,0.7424,29205.9,9.1,0.15521517775553717
411760,Palmas,3,48247,30.053682094223475,0.006896551724137931,1,0.9386,0.47299659391602933,0.7979,35819.06,8.3,0.2224594275291728
411770,Palmeira,1,33855,25.402451631959828,0.011627906976744186,1,0.9692000000000001,0.30696352089794715,1.5507,65573.86,9,0.10521341013144292
411780,Palmital,3,13033,10.741962710043735,0.07142857142857142,1,0.8951,0.6368001739174914,1.3427,31211.59,7.8,0.3336146704519297
411790,Palotina,6,35011,46.556796435406014,0.006134969325153374,1,0.9579000000000001,0.2634267325507222,1.1746,105626.67,10,0.08665847876381709
411800,Paraíso do Norte,1,13245,15.855039637599093,0.047619047619047616,1,0.9309999999999999,0.3014911287278218,1.5855,40273.86,9.1,0.08463571158927898
411810,Paranacity,0,9557,25.112482996756306,0.041666666666666664,1,0.9278,0.4670660249032123,1.4648,54160.22,8.9,0.18133305430574448
411820,Paranaguá,30,145829,19.817731726885597,0.0034602076124567475,1,0.9734,0.3755145867191482,0.882,104860.51,10.1,0.22437923869737844
411830,Paranapoema,0,2398,16.680567139282736,0,0,0.9140999999999999,0.5583819849874896,1.4595,37022.83,8.9,0.20350291909924936
411840,Paranavaí,5,92001,37.28220345431028,0.0029154518950437317,1,0.9547,0.42202439828552585,0.9132,45540.43,9.8,0.1482918663927566
411845,Pato Bragado,0,5733,22.675736961451246,0.07692307692307693,1,0.9695,0.3801819873248445,1.3736,47051.07,9.7,0.09768009768009768
411850,Pato Branco,10,91836,66.53164336425803,0.0016366612111292963,1,0.9725,0.2749139770895945,0.9527,63350.93,10.7,0.08734047650158978
411860,Paula Freitas,0,5666,26.47370278856336,0.06666666666666667,1,0.9584,0.44218437463230964,2.162,86221.59,8.5,0.1500176491351924
411870,Paulo Frontin,0,6343,28.377739240107203,0.05555555555555555,1,0.9638,0.313613432129907,1.5174,74705.21,8.6,0.10846602553996532
411880,Peabiru,0,13346,23.97722163944253,0.03125,1,0.9270999999999999,0.4846645686597732,1.049,39764.19,9.2,0.20980068934512214
411885,Perobal,0,7189,12.519126443177075,0,0,0.9333,0.4247809152872444,0.9737,49373.82,8.9,0.09291973848935874
411890,Pérola,1,11878,21.04731436268732,0.04,1,0.9234,0.3932760846382668,0.8839,30647.08,8.5,0.10725711399225459
411900,Pérola d'Oeste,0,6221,25.719337727053528,0.0625,1,0.9334,0.46490382039329153,1.6878,43479.73,8.8,0.12554251728018004
411910,Piên,2,13655,24.166971805199562,0.030303030303030304,1,0.9734999999999999,0.29477602831685584,1.9223,62484.45,8.9,0.12654705236177224
411915,Pinhais,19,127019,14.01365150095655,0.0056179775280898875,1,0.9781,0.3818857808674293,0.8955,77567.93,10.6,0.14215983435549012
411920,Pinhalão,0,6566,22.844958879074017,0.06666666666666667,1,0.9054000000000001,0.5976114326327546,1.5991,38365.93,8.6,0.2975936643314042
411925,Pinhal de São Bento,1,2761,21.731256791017746,0.16666666666666666,1,0.9051,0.5432210551732464,1.2676,29736.89,8.6,0.2437522636725824
411930,Pinhão,0,29886,15.057217426219635,0.022222222222222223,1,0.9102,0.5941745298802115,1.2882,61938.97,8,0.32299404403399584
411940,Piraí do Sul,1,23651,26.214536383239608,0.016129032258064516,1,0.9556999999999999,0.4580038898989472,1.4798,60939.33,8.8,0.21013910616887235
411950,Piraquara,11,118730,8.169797018445212,0.010309278350515464,1,0.96,0.4164883910272607,0.8548,16015.58,9.4,0.22287543165164658
411960,Pitanga,2,33567,29.493252301367413,0.010101010101010102,1,0.9308,0.5327305587829317,1.1691,43017.52,8.6,0.2462835522983883
411965,Pitangueiras,0,3046,3.2829940906106367,0,0,0.922,0.5513241409498796,1.149,52715.86,8.6,0.17662508207485225
411970,Planaltina do Paraná,0,4070,12.285012285012286,0.2,1,0.9109999999999999,0.6854832104832105,1.5049,36741.98,8.3,0.29066339066339064
411980,Planalto,0,14374,23.653819396131905,0.029411764705882353,1,0.9449,0.3137667547887389,1.4609,36597.18,8.6,0.13051342702101015
411990,Ponta Grossa,44,358371,32.67563502627166,8.539709649871904e-4,1,0.9765,0.34685237737800584,0.8492,71387.82,10.3,0.14381744058531523
411995,Pontal do Paraná,7,30425,19.391947411668035,0.01694915254237288,1,0.9691,0.48849356340728567,0.5751,26613.26,9.8,0.22313886606409203
412000,Porecatu,0,11624,21.507226428079836,0.04,1,0.9279000000000001,0.43316270933700385,1.2044,63054.76,9.4,0.1798004129387474
412010,Porto Amazonas,0,4098,19.521717911176182,0.125,1,0.9617,0.5406295754026355,1.4946,95573.82,9.1,0.1495851634943875
412015,Porto Barreiro,0,3110,16.077170418006432,0,0,0.9299,0.5142015005359057,2.2508,54394.82,8.3,0.2897106109324759
412020,Porto Rico,0,3182,15.713387806411061,0,0,0.9244,0.4931646763042112,1.0999,48076.83,9.1,0.14236329352608423
412030,Porto Vitória,0,3562,25.266704098820888,0.1111111111111111,1,0.9691,0.586140744899869,2.4564,27608.39,8.7,0.27877596855699044
412033,Prado Ferreira,0,3709,18.873011593421406,0.14285714285714285,1,0.8931999999999999,0.704637368562955,0.9436,56067.67,7.7,0.24427069290913994
412035,Pranchita,0,5737,34.86142583231654,0.05,1,0.9242,0.36353204346057755,1.2201,66007.87,8.2,0.1392713962001046
412040,Presidente Castelo Branco,0,4336,13.837638376383763,0,0,0.9476,0.5128959102091021,2.4215,45464.85,8.8,0.1422970479704797
412050,Primeiro de Maio,0,10082,15.869867089863122,0.0625,1,0.9304000000000001,0.4015572307081928,1.3886,45871.5,8.6,0.1508629240230113
412060,Prudentópolis,0,49393,21.662988682606848,0.009345794392523364,1,0.9462,0.4673300535163552,1.2046,38587.32,8.3,0.21768266758447552
412065,Quarto Centenário,0,4201,14.282313734825042,0,0,0.9037999999999999,0.45326509561215583,1.6662,97362.29,8.2,0.1490121399666746
412070,Quatiguá,0,8099,17.28608470181504,0.07142857142857142,1,0.9362,0.484607153146479,1.2964,30189.72,8.9,0.18903568341770588
412080,Quatro Barras,2,24191,17.77520565499566,0.023255813953488372,1,0.9704,0.3482045664365535,1.3021,96572.32,10.4,0.14079616386259353
412085,Quatro Pontes,0,4480,33.482142857142854,0.06666666666666667,1,0.9839,0.2281063988095238,1.1718,68554.09,10,0.039285714285714285
412090,Quedas do Iguaçu,2,30738,22.44778450126879,0.014492753623188406,1,0.9206,0.5933155486151777,1.3094,62721.88,8.2,0.29195133060055956
412100,Querência do Norte,0,10685,13.102480112306973,0.07142857142857142,1,0.8834000000000001,0.5584776165964748,1.8834,32030.3,8.3,0.23547028544688817
412110,Quinta do Sol,0,5001,31.993601279744052,0.0625,1,0.8805,0.587749116843298,1.3997,62978.03,8.3,0.16416716656668667
412120,Quitandinha,0,18398,11.414284161321882,0.047619047619047616,1,0.9473,0.4093062651737508,1.3316,32311.04,7.7,0.1656701815414719
412125,Ramilândia,0,4221,11.845534233593934,0,0,0.8742,0.628958382689726,1.6583,29989.37,7,0.15730869462212746
412130,Rancho Alegre,0,3512,19.931662870159453,0.14285714285714285,1,0.9128000000000001,0.6428673120728929,1.9931,56141.77,8.3,0.20814350797266515
412135,Rancho Alegre D'Oeste,0,2618,19.098548510313215,0.2,1,0.9033,0.6021454036159919,1.3368,90008.46,7.5,0.18258212375859434
412140,Realeza,1,19247,32.73237387644828,0.015873015873015872,1,0.9409000000000001,0.31221748843975683,0.9092,49825.25,9.5,0.09191042759910635
412150,Rebouças,0,14514,26.181617748380873,0.02631578947368421,1,0.9571,0.5601201139130035,1.2057,43802.69,8.3,0.28400165357585777
412160,Renascença,0,6845,21.91380569758948,0.06666666666666667,1,0.9255,0.5196493791088386,1.5339,67212.82,8.9,0.057268078889700515
412170,Reserva,5,24573,19.126683758596833,0.02127659574468085,1,0.8969,0.5827059509760035,1.4243,31106.12,7.4,0.31998534977414234
412175,Reserva do Iguaçu,0,6553,10.682130321989929,0.14285714285714285,1,0.9059999999999999,0.6857673330281295,1.0682,39346.76,8,0.3111551960933923
412180,Ribeirão Claro,0,12364,22.64639275315432,0.03571428571428571,1,0.946,0.43142052194543296,0.283,49315.87,9,0.16831122614040764
412190,Ribeirão do Pinhal,2,13060,23.736600306278714,0.03225806451612903,1,0.8881999999999999,0.6890441551812149,1.2729,37360.89,8.5,0.2819295558958652
412200,Rio Azul,1,14025,32.085561497326204,0.022222222222222223,1,0.9704,0.4518478906714201,1.4973,71086.79,8.3,0.14288770053475935
412210,Rio Bom,0,3197,31.27932436659368,0.1,1,0.9047,0.5549994786779272,2.1895,37164.63,8.3,0.1792305286205818
412215,Rio Bonito do Iguaçu,0,13929,10.768899418479432,0.06666666666666667,1,0.935,0.7215521573695168,1.5076,36921.86,7.5,0.3619786057864886
412217,Rio Branco do Ivaí,0,3808,26.26050420168067,0.1,1,0.8629000000000001,0.750437675070028,1.8382,45876.97,8,0.4477415966386555
412220,Rio Branco do Sul,1,37558,9.851429788593641,0.02702702702702703,1,0.9314,0.5377194383797504,1.1182,49279.13,6.9,0.21843548644762767
412230,Rio Negro,1,31324,31.60515898352701,0.010101010101010102,1,0.9779000000000001,0.29632496913974377,1.0614,46487.19,10,0.09861448090920699
412240,Rolândia,3,71670,22.603599832565926,0.006172839506172839,1,0.9515,0.35833217059671646,0.7813,64220.79,9.6,0.10962745918794475
412250,Roncador,0,11251,33.7747755755044,0.02631578947368421,1,0.8806999999999999,0.4945634462121885,1.2443,56837.11,7.6,0.16834059194738246
412260,Rondon,0,9097,26.382323843025173,0.041666666666666664,1,0.924,0.4233446923894324,1.1542,59221.26,8.7,0.1185006045949214
412265,Rosário do Ivaí,0,5435,20.239190432382706,0.09090909090909091,1,0.8589,0.5825513646120821,1.2879,30660.21,7.5,0.3015639374425023
412270,Sabáudia,1,8822,12.468827930174564,0.09090909090909091,1,0.9456,0.40997884077684577,1.2893,84033.62,8.9,0.13681704828837
412280,Salgado Filho,0,4075,19.631901840490798,0.125,1,0.9162,0.3220858895705521,1.7177,35479.95,8.2,0.11116564417177914
412290,Salto do Itararé,0,5192,15.408320493066256,0.125,1,0.8905,0.5850025680534156,1.3482,23913.67,8.2,0.2513482280431433
412300,Salto do Lontra,1,15223,25.619128949615714,0.02564102564102564,1,0.9323999999999999,0.36017867700190503,1.1495,41283.22,8.5,0.13886881692176312
412310,Santa Amélia,0,3394,8.839127872716558,0.3333333333333333,1,0.9170999999999999,0.6060449813396189,1.0312,41703.65,8.1,0.2312905126694166
412320,Santa Cecília do Pavão,0,3365,17.830609212481427,0.16666666666666666,1,0.8648,0.6035908865775136,2.0802,53243.98,8.7,0.19821693907875185
412330,Santa Cruz de Monte Castelo,0,8613,25.54278416347382,0.045454545454545456,1,0.9147,0.5568713959518556,1.5238,44952.45,8.7,0.21432717984442123
412340,Santa Fé,1,11378,26.36667252592723,0.03333333333333333,1,0.9377,0.35186324485849885,1.3842,39541.74,9.2,0.08358235190718931
412350,Santa Helena,2,25492,27.45959516711125,0.014285714285714285,1,0.9447,0.3823617867043255,1.1327,64374.87,9.2,0.11737015534285265
412360,Santa Inês,0,1748,17.162471395881006,0,0,0.92,0.5007627765064836,2.0022,48715.71,9.1,0.22540045766590389
412370,Santa Isabel do Ivaí,2,8912,16.831238779174146,0.06666666666666667,1,0.9257,0.4568278725314183,1.5709,32954.62,8.7,0.13969928186714542
412380,Santa Izabel do Oeste,1,14070,24.875621890547265,0.02857142857142857,1,0.9423999999999999,0.3121535181236674,1.3681,36537.21,8.7,0.09445628997867804
412382,Santa Lúcia,0,3644,16.46542261251372,0,0,0.9347,0.3945069520673253,1.9209,43410.54,8.6,0.170417124039517
412385,Santa Maria do Oeste,0,9934,13.086370042279041,0.07692307692307693,1,0.9017000000000001,0.6848533655459365,1.3956,35195.52,7.7,0.36370042279041676
412390,Santa Mariana,1,11066,17.169709018615578,0.05263157894736842,1,0.9009,0.6288029399361407,1.5814,44999.22,8.8,0.2581782035062353
412395,Santa Mônica,0,3356,20.858164481525627,0.14285714285714285,1,0.8920999999999999,0.668901470003973,2.0858,34407.39,7.6,0.2768176400476758
412400,Santana do Itararé,1,5514,19.949220166848022,0.09090909090909091,1,0.8876000000000001,0.5114103494136139,1.2694,33377.18,8.1,0.1855277475516866
412402,Santa Tereza do Oeste,0,13174,10.626992561105208,0.07142857142857142,1,0.9415,0.5367706593795861,1.2619,54145.66,8.5,0.20828905419766205
412405,Santa Terezinha de Itaipu,0,24262,16.07451982524112,0.02564102564102564,1,0.9473,0.4125072129255626,1.154,31536.73,9.1,0.1316461956969747
412410,Santo Antônio da Platina,1,44369,41.47039599720526,0.005434782608695652,1,0.9355,0.45742147295033314,0.9466,41422.7,9.1,0.1884198426829543
412420,Santo Antônio do Caiuá,0,2493,20.056157240272764,0.2,1,0.8892,0.6043254445781522,1.4039,28089.38,8.9,0.18090653830726033
412430,Santo Antônio do Paraíso,1,2125,18.823529411764707,0.25,1,0.8967,0.6896470588235294,1.647,54023.07,8.6,0.18541176470588236
412440,Santo Antônio do Sudoeste,2,23673,26.612596629071092,0.015873015873015872,1,0.9203,0.36922865711992564,1.4842,33999.34,8.2,0.14590461707430405
412450,Santo Inácio,1,6181,19.41433425012134,0.08333333333333333,1,0.9408,0.28516151647521976,1.6987,135370.89,9.4,0.0493447662190584
412460,São Carlos do Ivaí,0,6587,12.145134355548809,0.125,1,0.9229,0.4914731035878751,1.0626,86205.53,8.7,0.20844086837710643
412470,São Jerônimo da Serra,0,10830,15.69713758079409,0.058823529411764705,1,0.8548,0.5231301939058172,1.6158,32253.51,7.8,0.26537396121883655
412480,São João,0,11886,36.17701497560155,0.023255813953488372,1,0.9515,0.3551587301587302,1.4723,102656.75,8.9,0.102221100454316
412490,São João do Caiuá,1,5586,8.95094880057286,0.2,1,0.8751000000000001,0.6375014918248001,1.2531,34310,8.3,0.297171500179019
412500,São João do Ivaí,0,10667,20.624355488890973,0.045454545454545456,1,0.8812000000000001,0.5477563201149964,1.3135,38494.18,8.4,0.18824411737133215
412510,São João do Triunfo,0,13726,17.485064840448782,0.041666666666666664,1,0.937,0.4743734518432173,1.2749,63813.74,7.9,0.15816698236922627
412520,São Jorge d'Oeste,0,9378,26.658136063126467,0.04,1,0.9390000000000001,0.4239798819933177,1.1196,56677.43,8.7,0.09532949456174024
412530,São Jorge do Ivaí,0,5168,19.34984520123839,0.1,1,0.9254000000000001,0.41968201754385964,1.3544,80750.08,9.3,0.11919504643962849
412535,São Jorge do Patrocínio,0,6504,30.75030750307503,0.05,1,0.9043000000000001,0.40198339483394835,1.0762,28172.13,8,0.07579950799507995
412540,São José da Boa Vista,0,6040,14.900662251655628,0.1111111111111111,1,0.9278,0.5046219646799117,1.7384,38516.72,7.9,0.20413907284768212
412545,São José das Palmeiras,0,3957,17.690169320192066,0,0,0.8896,0.5701920646954763,0.8845,27716.37,8.1,0.21127116502400808
412550,São José dos Pinhais,24,329628,16.89783634885386,0.0017953321364452424,1,0.9764,0.3627622147794888,0.8071,103019.05,10.5,0.14193879160750908
412555,São Manoel do Paraná,0,2138,14.03180542563143,0,0,0.8951,0.39367009666354846,1.637,38835.58,7.9,0.09822263797942002
412560,São Mateus do Sul,0,42366,28.08856158240098,0.008403361344537815,1,0.9676,0.4191253992981794,1.0533,45653.17,8.9,0.1554784497002313
412570,São Miguel do Iguaçu,1,29122,18.886065517478194,0.01818181818181818,1,0.9373,0.439390037314287,1.322,50972.2,8.8,0.13690680585124648
412575,São Pedro do Iguaçu,0,5784,19.017980636237898,0.09090909090909091,1,0.9118999999999999,0.5348374827109267,1.0589,46313.37,7.8,0.274896265560166
412580,São Pedro do Ivaí,0,8690,14.959723820483314,0.07692307692307693,1,0.9048,0.5111238971998466,1.2082,52135.59,9.2,0.2144994246260069
412590,São Pedro do Paraná,0,2661,22.547914317925592,0.16666666666666666,1,0.9181,0.4732556682951271,1.3152,41823.02,9,0.10372040586245772
412600,São Sebastião da Amoreira,0,8063,14.88279796601761,0.08333333333333333,1,0.8820999999999999,0.612044731076109,1.7363,34424.99,8.3,0.2897184670718095
412610,São Tomé,2,5232,17.201834862385322,0.1111111111111111,1,0.9388,0.4604835626911315,2.0068,42277.13,8.8,0.15462538226299694
412620,Sapopema,0,6695,22.404779686333086,0.06666666666666667,1,0.8778,0.5852003983071944,1.5683,27337.32,6.3,0.2876773711725168
412625,Sarandi,14,118455,8.779705373348529,0.009615384615384616,1,0.9592,0.2912610977445725,0.65,20249.8,9.3,0.08756067705035668
412627,Saudade do Iguaçu,0,6108,14.734774066797643,0.1111111111111111,1,0.9269,0.54872025758568,1.146,187201.61,8.9,0.21496398166339228
412630,Sengés,0,17270,11.580775911986104,0.05,1,0.93,0.501095348388342,1.2159,40007.2,8.2,0.1701795020266358
412635,Serranópolis do Iguaçu,0,5007,9.986019572598362,0.2,1,0.9542,0.3207509486718594,1.398,54438.48,7.5,0.0896744557619333
412640,Sertaneja,0,5616,26.70940170940171,0.06666666666666667,1,0.9314,0.5300480769230769,1.8696,82925.93,9.4,0.12606837606837606
412650,Sertanópolis,0,15930,18.832391713747647,0.03333333333333333,1,0.9484,0.33151810002092486,1.0985,54232.95,9.5,0.13245448838669177
412660,Siqueira Campos,0,22811,23.67278944368945,0.018518518518518517,1,0.9426000000000001,0.3759699267897067,1.074,37311.87,8.8,0.13230458989084215
412665,Sulina,0,3440,29.069767441860463,0.1,1,0.9420999999999999,0.3377664728682171,2.0348,55517.17,8.4,0.14970930232558138
412667,Tamarana,1,10707,15.87746334173905,0.058823529411764705,1,0.8925,0.4720276454655833,1.471,44325.79,7.2,0.20267114971513964
412670,Tamboara,0,4880,14.344262295081966,0.14285714285714285,1,0.9164,0.4992827868852459,1.4344,37734.73,8.8,0.1875
412680,Tapejara,1,15869,19.534942340412123,0.03225806451612903,1,0.9269,0.4228579830697166,1.1027,46073.66,8.7,0.12893061944672002
412690,Tapira,0,5745,19.147084421235856,0,0,0.8771,0.5639251523063533,1.2184,32674.36,7.4,0.1991296779808529
412700,Teixeira Soares,0,9547,27.233685974651724,0.038461538461538464,1,0.9556999999999999,0.5265441150797807,1.4664,66312.25,8.3,0.27464124855975697
412710,Telêmaco Borba,2,75042,29.98320940273447,0.0044444444444444444,1,0.9588,0.22643874985563642,0.7928,85411.18,9.5,0.07890248127715146
412720,Terra Boa,0,17568,27.3224043715847,0.020833333333333332,1,0.9298000000000001,0.2511147161505768,1.5938,40409.98,9,0.08874089253187614
412730,Terra Rica,0,14842,21.560436598841125,0.03125,1,0.922,0.5394600907335041,1.8865,36352.67,8.7,0.2085972240937879
412740,Terra Roxa,0,18119,23.73199403940615,0.023255813953488372,1,0.9301,0.3656198833636882,1.3521,50852.69,8.8,0.10348253214857332
412750,Tibagi,2,19961,10.520515004258304,0.047619047619047616,1,0.9318000000000001,0.600775679241187,1.315,72572.74,8.4,0.3253844997745604
412760,Tijucas do Sul,0,17621,16.45763577549515,0.034482758620689655,1,0.9462,0.536528384692507,1.291,31449.71,8.2,0.2999829748595426
412770,Toledo,11,150470,50.1096564099156,0.001326259946949602,1,0.966,0.2682301012383421,1.0525,63192.47,10.3,0.06514255333289028
412780,Tomazina,0,8426,15.428435793971042,0.07692307692307693,1,0.9092,0.43399398686604956,1.6615,41593.23,8.5,0.18929503916449086
412785,Três Barras do Paraná,0,11135,20.655590480466994,0.043478260869565216,1,0.9017000000000001,0.5199446190690016,1.2572,40731.89,8.3,0.27022900763358776
412788,Tunas do Paraná,0,6219,12.863804470172054,0,0,0.875,0.7079112397491558,1.6883,22908.32,7.2,0.38752210966393313
412790,Tuneiras do Oeste,0,8067,18.59427296392711,0.06666666666666667,1,0.8935,0.5068385603900665,1.7354,36881.29,7.9,0.1780091731746622
412795,Tupãssi,0,8077,23.523585489662004,0.05263157894736842,1,0.9255,0.4148714456687714,0.8666,64432.01,9,0.11712269406958029
412796,Turvo,0,14231,21.08073923125571,0.03333333333333333,1,0.9187000000000001,0.5116822429906542,1.4756,49038.74,8,0.21938022626660109
412800,Ubiratã,3,24749,40.40567295648309,0.01,1,0.935,0.46989103936859405,1.1313,86060.93,8.8,0.19782617479494122
412810,Umuarama,6,117095,68.0643921602118,0.0012547051442910915,1,0.9581000000000001,0.3460872226255035,0.9564,43528.72,10,0.12185832016738546
412820,União da Vitória,6,55033,44.15532498682609,0.00411522633744856,1,0.9739,0.3523688817012823,0.9221,40400.71,10.2,0.13688150745916086
412830,Uniflor,0,2136,9.363295880149813,0,0,0.9104000000000001,0.5577793383270911,1.6385,61640.73,8.5,0.1802434456928839
412840,Uraí,1,10406,14.41476071497213,0.06666666666666667,1,0.9168000000000001,0.48917291306297644,1.3453,37963.93,9.2,0.22640784162982894
412850,Wenceslau Braz,0,19188,18.240567021054826,0.02857142857142857,1,0.9304000000000001,0.4363795080258495,1.7784,39986.24,8.7,0.2053366687513029
412853,Ventania,0,9681,14.461315979754158,0.07142857142857142,1,0.9014,0.45585855455703617,1.8076,39126.52,7.7,0.23468649932858177
412855,Vera Cruz do Oeste,2,8215,24.345709068776628,0.05,1,0.904,0.5050415905863259,1.5976,40852.94,8.1,0.11393791844187462
412860,Verê,0,7932,30.257186081694403,0.041666666666666664,1,0.9331999999999999,0.27606530509329297,1.3237,76503.8,8.5,0.10829551185073122
412862,Alto Paraíso,0,3055,16.366612111292962,0.2,1,0.8861,0.6432896890343699,1.1456,48366.68,7.4,0.28379705400981997
412863,Doutor Ulysses,0,5697,22.819027558364052,0,0,0.8654999999999999,0.7507167515066409,1.2287,20387.45,5.3,0.4602422327540811
412865,Virmond,0,3811,18.367882445552347,0,0,0.9315000000000001,0.5289075483250241,1.8367,63389.93,7.8,0.1514038310154815
412870,Vitorino,1,9706,6.18174325159695,0.16666666666666666,1,0.9558,0.3169001991895048,1.0818,65013.87,9.2,0.14176797856995674
412880,Xambrê,0,5798,13.79786133149362,0,0,0.9101,0.5999626307922272,1.2073,23887.13,8,0.2352535357019662
420005,Abdon Batista,0,2598,26.943802925327176,0.14285714285714285,1,0.9345,0.6059789581729536,1.3471,44644.04,8.3,0.21824480369515012
420010,Abelardo Luz,0,17392,37.94848206071757,0.015151515151515152,1,0.9266,0.5297694342226311,1.6099,62434.34,8.4,0.2671918123275069
420020,Agrolândia,2,10990,26.387625113739762,0.034482758620689655,1,0.9711,0.14360024264482865,1.5923,45141.98,8.6,0.045950864422202004
420030,Agronômica,1,6055,13.212221304706853,0,0,0.9748,0.10253234241673549,1.156,46144.62,9.2,0.04178364987613543
420040,Água Doce,0,6508,41.48740012292563,0.037037037037037035,1,0.9588,0.32129686539643515,1.6133,114906.54,8.8,0.06346035648432698
420050,Águas de Chapecó,2,6036,19.880715705765407,0.08333333333333333,1,0.9251999999999999,0.375676496576099,1.7395,39866.36,7.7,0.1527501656726309
420055,Águas Frias,0,2839,28.178936245156745,0.125,1,0.9484,0.26579194552072327,1.2328,64576.26,7.9,0.07044734061289186
420060,Águas Mornas,1,6743,13.347174847990509,0.1111111111111111,1,0.9534,0.15251618962875083,1.5571,41790.33,9,0.06095209847248999
420070,Alfredo Wagner,0,10481,15.265718919950386,0.0625,1,0.9401,0.3026349266927456,1.0018,39575.1,7.8,0.17059440893044556
420075,Alto Bela Vista,0,1856,10.775862068965518,0,0,0.9784,0.14673132183908044,1.8857,50653.03,8.6,0.029094827586206896
420080,Anchieta,0,5943,25.239777889954567,0.06666666666666667,1,0.9262,0.239118851309664,1.7667,43982.06,8.6,0.07269056032306916
420090,Angelina,1,5358,16.7973124300112,0,0,0.9312,0.29938098793081996,1.3064,35883.15,7.7,0.09910414333706608
420100,Anita Garibaldi,0,8285,24.140012070006033,0.05,1,0.914,0.4919432709716355,1.2673,30354.97,8.4,0.29052504526252265
420110,Anitápolis,0,3593,30.615084887280823,0.09090909090909091,1,0.9227,0.32152797105482883,1.7047,32675.41,7.8,0.12162538268856109
420120,Antônio Carlos,0,11224,32.96507483962937,0.02702702702702703,1,0.9843999999999999,0.17932555238774056,1.6371,103625.46,9.4,0.05087312900926586
420125,Apiúna,1,9811,21.404545917847315,0.047619047619047616,1,0.9503,0.147555464954303,1.962,52044.62,8.3,0.05412292324941392
420127,Arabutã,0,4378,27.409776153494747,0.08333333333333333,1,0.9699,0.22346581391807524,1.5989,91494.05,7.7,0.05664687071722248
420130,Araquari,4,45283,11.48333811805755,0.019230769230769232,1,0.97,0.4215526062024748,1.0047,218625.97,9.4,0.15078506282710952
420140,Araranguá,5,71922,36.567392452935124,0.0038022813688212928,1,0.9725,0.22906528368695714,0.7299,42033.03,10,0.09917688607102139
420150,Armazém,2,8834,24.903780846728548,0.045454545454545456,1,0.955,0.24493434457776772,1.1885,38902.9,9.1,0.08874801901743265
420160,Arroio Trinta,0,3556,47.80652418447694,0.058823529411764705,1,0.9626,0.176720097487814,1.7224,43390.71,9,0.03571428571428571
420165,Arvoredo,0,2510,15.936254980079681,0,0,0.9181,0.2571713147410359,1.3944,77525.09,8.4,0.06733067729083665
420170,Ascurra,1,8319,28.849621348719797,0.041666666666666664,1,0.9599,0.16156789678246583,1.6828,37889.42,8.9,0.07909604519774012
420180,Atalanta,0,3227,12.395413696932135,0,0,0.9654,0.17588575560375996,2.1691,45477.34,8.6,0.04338394793926247
420190,Aurora,0,6780,17.699115044247787,0.08333333333333333,1,0.9702,0.11274582104228122,1.5486,69027.75,8.3,0.031415929203539826
420195,Balneário Arroio do Silva,4,15820,15.170670037926675,0.041666666666666664,1,0.9695999999999999,0.4535608933839022,1.438,19096.17,9.6,0.1847661188369153
420200,Balneário Camboriú,34,139155,24.505048327404694,0.002932551319648094,1,0.9881,0.19105673529517445,0.9306,64707.5,11.9,0.057834788545147495
420205,Balneário Barra do Sul,0,14912,8.717811158798284,0.07692307692307693,1,0.9671,0.4461339860515021,1.1735,21567.13,9.4,0.16805257510729613
420207,Balneário Gaivota,3,15669,17.23147616312464,0.037037037037037035,1,0.9667,0.47032356883017423,0.8934,19712.12,9.3,0.1507435062862978
420208,Bandeirante,0,3144,19.083969465648856,0,0,0.9281,0.3931032654792197,1.1132,41418.43,7.9,0.1383587786259542
420209,Barra Bonita,0,1668,23.980815347721823,0,0,0.9212,0.40782374100719426,2.0983,39691.78,7.7,0.1432853717026379
420210,Barra Velha,3,45369,14.988207807092948,0.014705882352941176,1,0.9756,0.3414096997215426,0.8571,54409.5,9,0.12131631730917587
420213,Bela Vista do Toldo,0,5872,22.138964577656676,0.07692307692307693,1,0.9561,0.4451634877384196,1.7881,47298.2,8.2,0.21798365122615804
420215,Belmonte,0,2658,30.097817908201655,0.125,1,0.9289000000000001,0.3284110860295962,1.3167,32374.06,8.3,0.13243039879608728
420220,Benedito Novo,0,10520,22.813688212927758,0.041666666666666664,1,0.9711,0.12507921419518378,1.9961,47226.66,8.9,0.05161596958174905
420230,Biguaçu,10,76773,19.017102366717467,0.00684931506849315,1,0.9715,0.2801939918113573,1.5501,45892.67,9.9,0.12693264559154913
420240,Blumenau,48,361261,32.35887626951152,8.55431993156544e-4,1,0.9861,0.1581391293275499,1.2151,68847.51,11,0.055541561364221434
420243,Bocaina do Sul,0,3515,45.519203413940254,0.0625,1,0.9198000000000001,0.46199620673304886,1.7425,41275.58,8.2,0.27226173541963017
420245,Bombinhas,3,25058,21.55000399074148,0.018518518518518517,1,0.9812000000000001,0.2705855747997978,1.257,47045.57,10.7,0.10583446404341927
420250,Bom Jardim da Serra,0,4026,14.903129657228018,0.16666666666666666,1,0.9408,0.5212162609703593,1.7386,84150.09,7.9,0.31992051664182813
420253,Bom Jesus,0,2777,18.005041411595247,0,0,0.9356,0.48103468971311963,1.2603,67645.61,8.8,0.22182211019085343
420257,Bom Jesus do Oeste,1,2187,22.86236854138089,0.2,1,0.9309999999999999,0.2264517604023777,1.6003,47357.98,8.3,0.11248285322359397
420260,Bom Retiro,0,8418,26.134473746733192,0.045454545454545456,1,0.9440999999999999,0.4284766769620654,1.6631,53987.85,8.4,0.2599192207175101
420270,Botuverá,0,5363,18.646280067126607,0.1,1,0.9727,0.3960625271924918,2.6104,103335.7,8.4,0.06190564982286034
420280,Braço do Norte,3,33773,40.26885381813875,0.007352941176470588,1,0.9753000000000001,0.18378833190220983,1.2954,65020.42,9.6,0.06899002161489948
420285,Braço do Trombudo,0,4026,19.87083954297069,0.125,1,0.9714,0.0670019870839543,1.7386,68011.86,9.1,0.030054644808743168
420287,Brunópolis,0,2489,20.08838891120932,0,0,0.9172,0.4958149189768314,1.4061,57760.39,6.7,0.23503415026114904
420290,Brusque,15,141385,28.645188669236482,0.0024691358024691358,1,0.9815,0.13832679091369898,1.6586,78307.71,10.2,0.06522615553276515
420300,Caçador,6,73720,42.05100379815518,0.0032258064516129032,1,0.9642000000000001,0.40381963284499905,1.0987,72913.19,9.4,0.1141345632121541
420310,Caibi,1,6304,33.31218274111675,0.047619047619047616,1,0.9470999999999999,0.30664392978003385,1.6656,60600.67,9.1,0.10691624365482233
420315,Calmon,1,3443,20.331106593087423,0.14285714285714285,1,0.909,0.8901152096040275,2.0331,39260.14,7.5,0.36334591925646237
420320,Camboriú,34,103074,14.455633816481363,0.006711409395973154,1,0.9784999999999999,0.22261514381253597,0.8149,26227.55,9.9,0.08056347866581291
420325,Capão Alto,0,2625,19.047619047619047,0,0,0.9229,0.43234920634920637,1.3333,107351.78,8.2,0.15352380952380953
420330,Campo Alegre,0,12501,15.198784097272219,0.05263157894736842,1,0.9676,0.33614644161800394,1.0499,69807.65,9.2,0.09439244860411167
420340,Campo Belo do Sul,1,7257,28.937577511368335,0.047619047619047616,1,0.8963,0.5663382481282441,1.9291,55322.62,8.1,0.2625051674245556
420350,Campo Erê,1,9623,29.096955211472515,0.03571428571428571,1,0.9147,0.41999203297654925,1.4548,55296.55,8.7,0.24431050607918528
420360,Campos Novos,2,36932,37.63673778836781,0.007194244604316547,1,0.9595,0.2690191884183544,1.0424,93600.5,9.6,0.0466262319939348
420370,Canelinha,1,12821,16.37937758365182,0.047619047619047616,1,0.943,0.38155500090996547,1.6379,32190,8.6,0.23321113797675688
420380,Canoinhas,5,55016,42.35131598080558,0.004291845493562232,1,0.9701000000000001,0.2708651422616451,1.2087,50160.82,9.9,0.11929256943434637
420390,Capinzal,10,23314,44.60838980869864,0.009615384615384616,1,0.9628,0.15588630579623117,0.6004,63590.71,9.6,0.048168482456892855
420395,Capivari de Baixo,4,23975,16.26694473409802,0.02564102564102564,1,0.9745999999999999,0.19901633646159195,1.5328,28739.04,10.1,0.05376433785192909
420400,Catanduvas,0,10566,33.12511830399394,0.02857142857142857,1,0.9616,0.37060697835825607,1.325,64036.63,9.2,0.17622562937724778
420410,Caxambu do Sul,0,4614,32.50975292587776,0.06666666666666667,1,0.9223,0.3853850599624332,1.5171,53824.06,7.1,0.17490247074122237
420415,Celso Ramos,0,2805,28.520499108734402,0,0,0.9303,0.43407605466428995,1.2477,34398.21,8.4,0.21176470588235294
420417,Cerro Negro,0,3317,33.16249623153452,0.09090909090909091,1,0.8826999999999999,0.6701336549090544,2.1103,45912.94,7.6,0.3268013264998493
420419,Chapadão do Lageado,1,2950,16.949152542372882,0,0,0.9484999999999999,0.15511299435028247,2.3728,49869.4,8,0.05694915254237288
420420,Chapecó,28,254785,43.33065133347725,9.057971014492754e-4,1,0.9729000000000001,0.20777943494842058,1.0558,69153.54,10.6,0.08264222776066095
420425,Cocal do Sul,1,17240,40.02320185614849,0.014492753623188406,1,0.9813,0.1285914539829853,1.4211,62930.97,10.4,0.04744779582366589
420430,Concórdia,4,81646,43.72535090512701,0.0028011204481792717,1,0.9706999999999999,0.1392801443630633,1.0645,67491.26,10.1,0.04992283761604978
420435,Cordilheira Alta,1,4781,12.549675800041832,0,0,0.9612999999999999,0.2504357526319459,1.4641,110687.66,9,0.10499895419368332
420440,Coronel Freitas,0,10388,24.066230265691182,0.04,1,0.9392,0.26748812732640226,1.0107,46649.3,8.3,0.1108009241432422
420445,Coronel Martins,0,2065,43.583535108958834,0,0,0.8968,0.2966908797417272,1.6949,36203.78,8.7,0.11476997578692494
420450,Corupá,1,15267,25.545293770878367,0.02564102564102564,1,0.9763,0.19953166961420057,1.0889,69139.54,9.6,0.08102443178096548
420455,Correia Pinto,1,15727,27.977363769313918,0.022727272727272728,1,0.9396,0.3847788304614146,1.1127,48533.25,8.7,0.19043682838430726
420460,Criciúma,28,214493,42.6121132158159,0.0010940919037199124,1,0.9803000000000001,0.15687030967599566,0.9115,57528.91,10.4,0.07476234655676409
420470,Cunha Porã,0,10953,31.954715603031133,0.02857142857142857,1,0.9678,0.21710185946011745,1.2781,99518.92,8.9,0.054231717337715694
420475,Cunhataí,0,1968,35.56910569105691,0.14285714285714285,1,0.9684,0.11949525745257453,1.7784,54284.19,8.3,0.023882113821138213
420480,Curitibanos,4,40045,54.438756399051066,0.0045871559633027525,1,0.9473999999999999,0.4223748283181421,0.7647,50040.9,9.2,0.17912348607816206
420490,Descanso,0,8530,31.652989449003517,0.037037037037037035,1,0.9497,0.17039859320046893,1.2309,44797.35,8.8,0.06506447831184056
420500,Dionísio Cerqueira,3,15008,28.65138592750533,0.023255813953488372,1,0.932,0.29395988805970147,1.5741,44963.54,9,0.14212420042643922
420510,Dona Emma,0,4221,18.952854773750296,0,0,0.9679000000000001,0.10560293769248993,1.6583,43697.78,8.7,0.03743188817815683
420515,Doutor Pedrinho,1,3637,13.747594171020072,0,0,0.966,0.1495967372376501,1.9246,50600.08,8.5,0.04619191641462744
420517,Entre Rios,0,3402,17.63668430335097,0,0,0.9148000000000001,0.6379090730942583,1.8004,22334.15,8,0.3862433862433862
420519,Ermo,0,2269,35.25782282944028,0.125,1,0.9467,0.41031291317761126,1.5425,106323.19,8.8,0.18245923314235346
420520,Erval Velho,0,4885,24.564994882292734,0,0,0.9494,0.1945581712726032,1.4329,51827.86,8.6,0.03193449334698055
420530,Faxinal dos Guedes,0,11192,33.95282344531808,0.02631578947368421,1,0.9488,0.25019359065999525,1.5636,75534.94,8.7,0.08657969978556111
420535,Flor do Sertão,0,1783,22.434099831744252,0,0,0.8826999999999999,0.4213404374649467,1.9629,53647.21,8.6,0.07571508693213685
420540,Florianópolis,99,537211,46.87171334913098,3.971405877680699e-4,1,0.9864,0.2330786537629845,1.1027,58059.37,12.2,0.08087883531796632
420543,Formosa do Sul,0,2682,37.28560775540641,0,0,0.934,0.3258140691026597,1.3049,39076.58,8.5,0.13646532438478748
420545,Forquilhinha,4,31431,14.635232732016162,0.021739130434782608,1,0.9712999999999999,0.21049812817494407,1.3362,48548.39,9.5,0.08510705990900704
420550,Fraiburgo,1,33481,44.20417550252382,0.006756756756756757,1,0.9571,0.4165297731051442,1.0976,47675.2,9,0.16866282369104865
420555,Frei Rogério,0,2411,8.29531314807134,0,0,0.941,0.47438822065532976,1.4516,47411.95,9,0.21941103276648694
420560,Galvão,0,3210,24.922118380062305,0.125,1,0.8835999999999999,0.37588265835929385,2.1806,49811.33,8.8,0.18473520249221184
420570,Garopaba,4,29959,20.36116025234487,0.01639344262295082,1,0.9599,0.3429075291787665,1.5771,33556.11,10.8,0.13394973129944257
420580,Garuva,2,18545,23.18684281477487,0.023255813953488372,1,0.9549,0.33180102453491506,1.5098,106877.29,9,0.12445403073604745
420590,Gaspar,6,72570,22.461072068347804,0.006134969325153374,1,0.9799,0.17099122686142115,1.2057,69711.3,9.4,0.049304120159845664
420600,Governador Celso Ramos,2,16915,11.82382500738989,0.05,1,0.9520000000000001,0.2976450881860282,1.4484,39118.97,9.4,0.12450487732781555
420610,Grão Pará,1,6277,23.89676597100526,0.06666666666666667,1,0.9693999999999999,0.33596197759014396,1.6727,64742.27,8,0.11645690616536562
420620,Gravatal,0,12435,21.712907117008445,0.037037037037037035,1,0.9712999999999999,0.21290711700844392,1.2665,36749.55,9.3,0.07792521109770809
420630,Guabiruba,3,24543,20.372407611131482,0.02,1,0.9782,0.17284629697537657,1.1408,60814.3,9.3,0.08136739599885914
420640,Guaraciaba,0,10796,25.935531678399407,0.03571428571428571,1,0.9571999999999999,0.1575120414968507,1.6209,56991.34,9,0.030752130418673584
420650,Guaramirim,7,46711,21.622315942711566,0.009900990099009901,1,0.978,0.24945052200409612,1.1988,67152.27,9.8,0.10340176832009591
420660,Guarujá do Sul,0,4829,26.92068751294264,0.07692307692307693,1,0.9472,0.2744357009732864,1.4495,54445.67,8.8,0.059432594740111824
420665,Guatambú,1,8425,9.495548961424332,0,0,0.9465,0.2838476755687438,0.8308,73303.91,9.1,0.09792284866468842
420670,Herval d'Oeste,2,21724,17.952494936475787,0.02564102564102564,1,0.9682,0.19953354201190696,1.45,33305.18,9.6,0.04373043638372307
420675,Ibiam,0,2008,34.8605577689243,0.14285714285714285,1,0.9661,0.3824286188579017,1.743,45165.99,7.8,0.19820717131474103
420680,Ibicaré,1,3269,24.47231569287244,0.125,1,0.95,0.2357244825124911,2.1413,53332.65,8.7,0.09146527990211074
420690,Ibirama,1,19862,26.684120430973717,0.018867924528301886,1,0.9764,0.16015087436646191,1.4978,38988.79,9.2,0.0454133521296949
420700,Içara,8,59035,30.490387058524604,0.005555555555555556,1,0.9739,0.18785183930436747,1.3635,82633.59,9.8,0.10124502413822309
420710,Ilhota,1,17046,14.666197348351519,0.04,1,0.9616,0.2546687394892252,1.4372,69846.61,9.1,0.12495600140795494
420720,Imaruí,1,11881,21.88367982493056,0.038461538461538464,1,0.9315000000000001,0.35688634514490924,1.4729,26999.38,8.1,0.20040400639676795
420730,Imbituba,9,52579,28.71868997128131,0.006622516556291391,1,0.9677,0.24317217900682783,1.4644,61824.83,10.1,0.1155214058844786
420740,Imbuia,0,5982,18.3884988298228,0.09090909090909091,1,0.9617,0.24185055165496488,1.7552,53400.34,8.4,0.08843196255432965
420750,Indaial,9,71549,28.372164530601406,0.0049261083743842365,1,0.9803000000000001,0.11886259766034465,1.5444,62680.37,10,0.04109072104431928
420757,Iomerê,0,2877,27.80674313521029,0.125,1,0.9806999999999999,0.16904182597613254,1.2165,132563.15,9.2,0.05248522766770942
420760,Ipira,0,4578,28.396679772826563,0.07692307692307693,1,0.9706,0.275174748798602,1.529,29487.68,9.1,0.05548274355613805
420765,Iporã do Oeste,0,9335,41.77825388323514,0.02564102564102564,1,0.9722,0.2520532047848598,1.4997,52091.44,9,0.07113015532940546
420768,Ipuaçu,2,7730,14.230271668822768,0.09090909090909091,1,0.9217,0.5924752048296679,1.8111,56390.66,8.5,0.37296248382923675
420770,Ipumirim,0,7816,20.470829068577277,0.0625,1,0.9565,0.09530663596042306,1.3433,72262.99,8.9,0.019831115660184237
420775,Iraceminha,0,3986,22.579026593075763,0.1111111111111111,1,0.9568000000000001,0.2627738752299716,1.7561,64957.98,8.4,0.09081786251881585
420780,Irani,0,10195,31.38793526238352,0.03125,1,0.9488,0.34558607160372734,1.7165,33330.38,9.1,0.0820990681706719
420785,Irati,0,2069,24.16626389560174,0,0,0.9223,0.3622120186885774,1.6916,37969.85,8,0.11358144030932818
420790,Irineópolis,0,10285,23.33495381623724,0.041666666666666664,1,0.9445999999999999,0.36940528277426676,1.7015,61879.02,8.1,0.19990277102576567
420800,Itá,1,7067,60.84618650063676,0.023255813953488372,1,0.9547,0.3240177350124994,1.4857,77857.88,9.7,0.14022923447007216
420810,Itaiópolis,1,22051,25.849167838193278,0.017543859649122806,1,0.9668000000000001,0.21281725696491466,1.4285,63700.58,8.5,0.11799918371048931
420820,Itajaí,53,264054,57.48824104160513,6.587615283267457e-4,1,0.9812000000000001,0.18994978299893203,0.9948,182522.93,10.8,0.079510251690942
420830,Itapema,14,75940,58.59889386357651,0.0022471910112359553,1,0.9814,0.23262553770520586,1.2006,50035.95,11,0.09519357387411113
420840,Itapiranga,0,16638,24.041351123933165,0.025,1,0.9781,0.16283507633128982,1.2621,82338.57,10.1,0.032335617261690104
420845,Itapoá,3,30750,18.211382113821138,0.017857142857142856,1,0.9761,0.3440027100271003,1.1382,64736.62,10.4,0.12835772357723577
420850,Ituporanga,1,26525,30.914231856738926,0.012195121951219513,1,0.9695999999999999,0.15302544769085769,1.0556,59028.96,8.9,0.059453345900094254
420860,Jaborá,0,4310,25.52204176334107,0.09090909090909091,1,0.9534,0.2898878576952823,1.6241,54981.41,8.2,0.10580046403712297
420870,Jacinto Machado,1,10624,25.414156626506024,0.037037037037037035,1,0.9501000000000001,0.2574281501004016,1.2354,69047.59,8.3,0.1017507530120482
420880,Jaguaruna,3,20375,36.31901840490798,0.013513513513513514,1,0.9692000000000001,0.22174233128834356,1.7177,43552.67,9,0.10758282208588957
420890,Jaraguá do Sul,12,182660,43.961458447388594,0.0012453300124533001,1,0.9856,0.15126464469506187,0.7329,84907.82,10.9,0.05382678199934304
420895,Jardinópolis,0,1776,39.414414414414416,0,0,0.9494,0.402073948948949,1.9707,46649.08,8.8,0.1356981981981982
420900,Joaçaba,5,30146,139.9854043654216,0.002369668246445498,1,0.975,0.18173776509874168,1.3932,91372.46,11,0.057951303655543025
420910,Joinville,60,616317,26.350076340584472,6.157635467980296e-4,1,0.9843000000000001,0.19221466658662129,0.9733,80828.33,10.9,0.07951265339103092
420915,José Boiteux,1,5985,13.366750208855471,0.125,1,0.9620000000000001,0.33767752715121135,1.7543,28700.41,8.4,0.2001670843776107
420917,Jupiá,0,2555,15.655577299412915,0,0,0.9286,0.5896607958251794,1.3698,43052.34,8.7,0.13033268101761253
420920,Lacerdópolis,0,2248,26.690391459074732,0,0,0.9669,0.14813167259786478,1.5569,83000.16,7.4,0.017793594306049824
420930,Lages,27,164981,71.5233875415957,8.47457627118644e-4,1,0.9641,0.34843254677811386,0.9992,50561.28,10.3,0.16905583067141064
420940,Laguna,6,42785,23.840130886993105,0.00980392156862745,1,0.971,0.2762241439756924,1.4724,32818.74,9.7,0.10071286665887577
420945,Lajeado Grande,0,1702,23.501762632197416,0,0,0.9419,0.4753721112416765,2.0564,63876.91,9,0.11927144535840188
420950,Laurentino,2,7932,20.17145738779627,0.0625,1,0.9731000000000001,0.1896642292822323,1.765,67607.28,9.6,0.05912758446797781
420960,Lauro Muller,0,14381,21.556220012516516,0.03225806451612903,1,0.9701000000000001,0.22711679762649792,1.7036,33497.67,9.4,0.09095334121410194
420970,Lebon Régis,0,11472,14.818688981868899,0.058823529411764705,1,0.9195,0.6516227917247792,1.6779,40683.78,8.1,0.2575836820083682
420980,Leoberto Leal,0,3330,24.024024024024023,0.125,1,0.9175,0.3026026026026026,2.1021,50937.65,6.6,0.15165165165165165
420985,Lindóia do Sul,1,4549,17.586282699494394,0,0,0.9553,0.2788341760093794,1.3464,44191.28,8.7,0.06682787425807869
420990,Lontras,3,12873,18.643672803542298,0.041666666666666664,1,0.9642000000000001,0.11188145731375748,1.6313,45054.55,8.5,0.030606696185815272
421000,Luiz Alves,0,11684,37.65833618623759,0.022727272727272728,1,0.9692000000000001,0.19345543763551296,1.4228,97401.74,8.9,0.06333447449503594
421003,Luzerna,0,5794,25.888850535036244,0.06666666666666667,1,0.9819,0.20537049821654588,1.8122,59770.33,10.2,0.013634794615119088
421005,Macieira,0,1778,33.74578177727784,0,0,0.9444,0.22895575553055866,1.9685,39374.31,7.7,0.0843644544431946
421010,Mafra,5,55286,39.2504431501646,0.004608294930875576,1,0.9756,0.2359307359307359,1.2785,59631.95,9.9,0.09514162717505335
421020,Major Gercino,0,3214,15.556938394523957,0,0,0.9447,0.4611854387056627,2.1779,26905.43,8.2,0.2361543248288737
421030,Major Vieira,0,7425,21.54882154882155,0.0625,1,0.9506,0.48777777777777775,1.8855,56189.75,8,0.21993265993265992
421040,Maracajá,3,7815,14.075495841330774,0.09090909090909091,1,0.9669,0.2848048624440179,1.3435,45472.19,8.9,0.11669865642994241
421050,Maravilha,1,28251,46.01607022760256,0.007692307692307693,1,0.9714,0.15139287104881244,1.115,88464.92,10.1,0.045839085342111785
421055,Marema,1,2184,18.315018315018314,0,0,0.9308,0.24282661782661785,1.6025,50941.06,7.8,0.07921245421245421
421060,Massaranduba,0,17162,22.724624169677195,0.02564102564102564,1,0.9729000000000001,0.16006778541739503,1.4275,61194,8.8,0.07021326185759236
421070,Matos Costa,0,2761,25.353132922854037,0.14285714285714285,1,0.9223,0.8738983460098998,2.5353,28165.26,8.1,0.30641072075335024
421080,Meleiro,1,7006,41.393091635740795,0.034482758620689655,1,0.9598,0.2465386811304596,1.4987,66987.7,9,0.11418783899514702
421085,Mirim Doce,0,2511,19.91238550378335,0,0,0.9440999999999999,0.3942652329749104,1.3938,42587.59,8.1,0.050577459179609714
421090,Modelo,0,4080,29.41176470588235,0.08333333333333333,1,0.9556,0.2289419934640523,1.7156,49842.11,8.8,0.06666666666666667
421100,Mondaí,0,10066,40.73117424995033,0.024390243902439025,1,0.9661,0.22499834426120938,1.3908,124112.53,9.4,0.05155970594079078
421105,Monte Carlo,1,9117,28.518152901173632,0,0,0.919,0.5234269313736243,1.5355,35651.36,7.7,0.2158604804211912
421110,Monte Castelo,0,7736,19.389865563598757,0.06666666666666667,1,0.9534999999999999,0.5179679420889348,1.8097,36964.72,8.7,0.3196742502585315
421120,Morro da Fumaça,2,18537,21.03900307493122,0.02564102564102564,1,0.9643,0.23124471777166386,1.6993,55005.74,9,0.07201812591034149
421125,Morro Grande,0,3010,26.578073089700997,0.125,1,0.9422,0.43380398671096343,1.1627,64590.84,8.1,0.18073089700996678
421130,Navegantes,15,86401,20.254395203759216,0.005714285714285714,1,0.9731000000000001,0.3048517956968091,1.276,91893.31,9.7,0.15495191027881622
421140,Nova Erechim,0,5155,34.917555771096026,0.05555555555555555,1,0.956,0.23244422890397673,1.3579,51697.85,9.1,0.07914645974781766
421145,Nova Itaberaba,0,4536,19.841269841269842,0,0,0.9556,0.2569995590828924,1.5432,42317.36,8.6,0.1078042328042328
421150,Nova Trento,5,13727,18.94077365775479,0.038461538461538464,1,0.9682999999999999,0.2152448944901775,2.1672,70874.05,9.1,0.08610767101333139
421160,Nova Veneza,1,13664,32.20140515222482,0.022727272727272728,1,0.9739,0.1684779957064793,1.5368,97595.82,8,0.07830796252927401
421165,Novo Horizonte,0,2643,11.350737797956867,0,0,0.9428,0.30435742212132677,1.3242,60880.99,8.1,0.08626560726447219
421170,Orleans,0,23661,40.150458560500404,0.010526315789473684,1,0.9727,0.1645358747869208,1.4052,59547.1,9.7,0.09327585478213093
421175,Otacílio Costa,3,17312,38.70147874306839,0.014925373134328358,1,0.9568000000000001,0.21249229821318544,1.213,73231.72,9.6,0.08803142329020333
421180,Ouro,0,7032,28.441410693970422,0.05,1,0.9661,0.17147800530906332,1.4931,43686.23,8.8,0.040244596131968145
421185,Ouro Verde,0,2181,27.51031636863824,0.16666666666666666,1,0.9272,0.4434510163533547,1.6047,78321.72,8.8,0.21182943603851445
421187,Paial,0,1927,25.94706798131811,0,0,0.9233,0.3725134059851237,1.8162,38291.4,8.1,0.13907628437986508
421189,Painel,0,2215,31.602708803611737,0,0,0.9126000000000001,0.6615500376222724,1.5801,50115.56,7.9,0.23792325056433408
421190,Palhoça,43,222598,15.858183811175303,0.0028328611898017,1,0.9773999999999999,0.2504200397128456,0.7428,46247.27,10.5,0.08401243497246157
421200,Palma Sola,0,7605,24.983563445101908,0.05263157894736842,1,0.9229999999999999,0.3507122507122507,1.8408,47497.09,8.5,0.17015121630506247
421205,Palmeira,0,2561,31.237797735259665,0,0,0.9309999999999999,0.33873486919172197,1.3666,80067.61,7.8,0.15033190160093712
421210,Palmitos,1,15626,33.917829258927426,0.018867924528301886,1,0.9575,0.20687742651136992,1.1199,77515.95,8.5,0.07698707282733905
421220,Papanduva,1,19150,16.710182767624023,0.03125,1,0.961,0.245822454308094,1.2336,61778.5,8.5,0.11274151436031332
421223,Paraíso,0,4267,23.435669088352473,0,0,0.9344,0.3119873447386923,1.6404,45522.38,8.2,0.14037965783923131
421225,Passo de Torres,3,12897,6.202992944095526,0.125,1,0.9745999999999999,0.30524540590835075,1.2212,23411.19,9.7,0.1739939520818795
421227,Passos Maia,0,4034,27.268220128904314,0,0,0.9214,0.5948810114030739,1.7352,54244.97,7.2,0.2478929102627665
421230,Paulo Lopes,0,9063,12.137261392474898,0.09090909090909091,1,0.9375,0.25871676045459563,1.4481,46098.97,8.1,0.11883482290632241
421240,Pedras Grandes,0,4245,35.3356890459364,0,0,0.9681000000000001,0.24085198272477423,1.6489,71935.53,8.4,0.06054181389870436
421250,Penha,7,33663,19.606095713394527,0.015151515151515152,1,0.9784999999999999,0.25065848755805087,1.4036,39826.02,10,0.10813058847993345
421260,Peritiba,0,2992,33.42245989304813,0.1,1,0.973,0.3451426024955437,1.1697,55715.73,9,0.027406417112299464
421265,Pescaria Brava,1,10190,9.813542688910697,0.1,1,0.9567,0.3223830552829572,1.7173,16141.6,9,0.16673209028459274
421270,Petrolândia,1,6716,13.400833829660511,0,0,0.956,0.1783799880881477,1.5634,39559.5,8.2,0.07623585467540203
421280,Balneário Piçarras,2,27127,26.541821801157518,0.013888888888888888,1,0.9749,0.34505597129551124,1.516,77322.26,10.5,0.1283960629630995
421290,Pinhalzinho,3,21972,65.08283269615875,0.006993006993006993,1,0.9661,0.17018629771223984,1.115,88371.62,10.2,0.03149462952849081
421300,Pinheiro Preto,0,3473,17.276130146847105,0,0,0.9743,0.3728524810442461,2.0155,93063.31,9,0.06161819752375468
421310,Piratuba,0,5769,24.267637372161552,0.07142857142857142,1,0.9656999999999999,0.1464869705899347,1.2133,165309.6,9.3,0.06777604437510834
421315,Planalto Alegre,0,2946,37.3387644263408,0.09090909090909091,1,0.9244,0.4108961303462322,1.188,48882.04,8.8,0.12898845892735913
421320,Pomerode,3,34289,37.621394616349264,0.007751937984496124,1,0.9863,0.07052796329240671,1.3269,92877.37,10.2,0.0067368543847881246
421330,Ponte Alta,0,4437,27.045300878972277,0.08333333333333333,1,0.9285,0.48927578694312973,1.5776,46316.07,8,0.17556907820599504
421335,Ponte Alta do Norte,0,3210,24.922118380062305,0,0,0.9273,0.4865005192107996,1.0903,49331.89,7.6,0.23862928348909657
421340,Ponte Serrada,0,10649,30.049769931448964,0.03125,1,0.9334,0.45708517231664947,1.3146,36669.37,7.8,0.19626255986477603
421350,Porto Belo,5,27688,17.33603004911875,0.020833333333333332,1,0.9769,0.2081467302321102,1.6433,75508.46,9.9,0.0681161514013291
421360,Porto União,1,32970,42.766151046405824,0.0070921985815602835,1,0.9734999999999999,0.21096956829440908,1.2738,39882.87,10,0.07258113436457385
421370,Pouso Redondo,0,17123,21.608363020498743,0.02702702702702703,1,0.9619,0.17896493994432439,1.6352,53300.83,8.1,0.05454651638147521
421380,Praia Grande,1,8270,33.85731559854897,0.03571428571428571,1,0.9483,0.32267230955259973,1.2696,37762.23,9,0.17484885126964933
421390,Presidente Castello Branco,0,1689,29.60331557134399,0.2,1,0.9693999999999999,0.27886323268206037,2.0722,52622.46,8.6,0.06927175843694494
421400,Presidente Getúlio,1,20010,23.488255872063966,0.02127659574468085,1,0.9795999999999999,0.11731217724471096,1.5742,54566.29,9.1,0.04452773613193403
421410,Presidente Nereu,0,2301,30.421555845284658,0,0,0.9233,0.2631464580617123,1.521,35325.22,8,0.07301173402868318
421415,Princesa,0,2964,10.121457489878543,0,0,0.9497,0.22261583445793973,1.1808,45400.48,8.6,0.07928475033738192
421420,Quilombo,0,11022,33.569225185991655,0.02702702702702703,1,0.9499,0.19244087582410938,1.2701,60824.65,9,0.08292505897296316
421430,Rancho Queimado,0,3279,27.447392497712716,0.1111111111111111,1,0.9616,0.15622140896614822,1.0673,69503.38,8.5,0.024397682220189083
421440,Rio das Antas,0,6253,20.79002079002079,0,0,0.9576,0.40456580841196227,1.1194,52605.1,7.9,0.14696945466176237
421450,Rio do Campo,2,6452,27.898326100433973,0.05555555555555555,1,0.9518000000000001,0.22019012192601778,1.6274,41122.55,8.6,0.05610663360198388
421460,Rio do Oeste,0,7747,20.65315606041048,0.0625,1,0.9736,0.13298696269523685,1.3553,45011.98,8.6,0.01006841357945011
421470,Rio dos Cedros,0,10865,25.77082374597331,0.03571428571428571,1,0.9813,0.12887712839392546,1.6106,52091.8,9.1,0.038656235618959964
421480,Rio do Sul,8,72587,63.64776061829253,0.0021645021645021645,1,0.9803000000000001,0.1641857357378043,0.8312,63673.98,10.3,0.06483254577265901
421490,Rio Fortuna,1,4847,20.631318341242004,0.1,1,0.9884000000000001,0.09884120761983357,1.4441,76997.63,8.7,0.03135960387868785
421500,Rio Negrinho,2,39261,24.961157382644355,0.01020408163265306,1,0.9666,0.23436531587750353,0.9583,44111.66,9.1,0.09610045592318077
421505,Rio Rufino,0,2397,33.37505214851898,0.125,1,0.9354,0.4204561257126964,2.1902,40377.29,9,0.21485189820609094
421507,Riqueza,0,4768,20.973154362416107,0.1,1,0.9390000000000001,0.26578229865771813,1.4681,41668.21,8.4,0.0861996644295302
421510,Rodeio,0,12757,21.948734028376577,0.03571428571428571,1,0.9667,0.15340597319118915,1.3717,35796.82,9.4,0.05181468997413185
421520,Romelândia,0,4823,18.660584698320548,0.1111111111111111,1,0.9272,0.32158407630105745,1.4513,27477.81,8,0.09309558366162139
421530,Salete,0,7489,32.04700226999599,0.041666666666666664,1,0.9676,0.1736546935505408,1.8694,51202.16,9.1,0.04753638670049406
421535,Saltinho,0,3632,8.259911894273127,0,0,0.9201999999999999,0.3809196035242291,1.9273,31759.75,7.8,0.16354625550660792
421540,Salto Veloso,0,4390,29.612756264236904,0,0,0.9558,0.2592255125284738,1.5945,79188.12,8.8,0.07995444191343963
421545,Sangão,1,12882,10.867877658748641,0.07142857142857142,1,0.9637,0.21426538322206695,1.6301,54422.93,7.9,0.09307560937742587
421550,Santa Cecília,3,15546,23.15708220764184,0.027777777777777776,1,0.9418000000000001,0.4622893348771388,0.7879,43242.61,8.4,0.22243663965007077
421555,Santa Helena,0,2425,16.49484536082474,0,0,0.9623999999999999,0.3095876288659794,1.4432,52952.27,8.7,0.03505154639175258
421560,Santa Rosa de Lima,0,2088,23.946360153256705,0,0,0.9692000000000001,0.20206736909323117,1.6762,52123.48,8.6,0.0617816091954023
421565,Santa Rosa do Sul,0,9792,19.40359477124183,0.05263157894736842,1,0.9571999999999999,0.33669492102396514,1.4297,28349.05,8.6,0.17412173202614378
421567,Santa Terezinha,0,8066,12.397718819737168,0,0,0.9658,0.21177370030581041,1.3017,42495.5,7.8,0.08157698983387057
421568,Santa Terezinha do Progresso,0,2576,11.645962732919255,0,0,0.9098999999999999,0.43766174948240166,1.3586,34552.04,7.7,0.12616459627329193
421569,Santiago do Sul,0,1651,36.34161114476075,0.16666666666666666,1,0.9448000000000001,0.2674136886735312,2.1199,37805.69,8.1,0.08176862507571168
421570,Santo Amaro da Imperatriz,1,27272,19.800528014080374,0.018518518518518517,1,0.9726,0.21903417424464652,1.8608,64165.32,9.7,0.06904517453798768
421575,São Bernardino,0,2684,14.903129657228018,0,0,0.9103,0.48056383507203176,1.304,41274.74,7.8,0.11475409836065574
421580,São Bento do Sul,1,83277,31.70143016679275,0.003787878787878788,1,0.9828,0.2265441438412367,0.8405,60499.58,10.2,0.07048764965116419
421590,São Bonifácio,0,2946,57.70536320434488,0.058823529411764705,1,0.9777,0.2454175152749491,1.188,90064.34,8.1,0.11812627291242363
421600,São Carlos,0,10282,35.985216883874735,0.02702702702702703,1,0.9647,0.19021915321273422,1.702,77318.57,9,0.06788562536471504
421605,São Cristovão do Sul,1,6084,8.21827744904668,0,0,0.9297,0.3565773613850537,1.3305,32429.12,8.4,0.16814595660749507
421610,São Domingos,1,9226,42.27184045089963,0.02564102564102564,1,0.9312999999999999,0.33075005419466724,1.5174,58115.51,9.1,0.14545848688489052
421620,São Francisco do Sul,10,52674,26.578577666400882,0.007142857142857143,1,0.9756,0.2397735758312134,0.9359,140417.13,10.1,0.11299692447887003
421625,São João do Oeste,0,6295,22.239872915011915,0.07142857142857142,1,0.991,0.06788456446915542,1.1119,73577.19,9.6,0.01556791104050834
421630,São João Batista,4,32687,18.967785358093433,0.016129032258064516,1,0.9781,0.300657243960392,1.3919,39885.11,9.5,0.0857527457398966
421635,São João do Itaperiú,0,4463,24.647098364328926,0,0,0.9625,0.35090372694002536,2.7447,102135.44,8.7,0.10262155500784226
421640,São João do Sul,1,8668,18.458698661744346,0.0625,1,0.9529000000000001,0.29284917704968466,1.2113,50150.57,7.5,0.16347485002307338
421650,São Joaquim,3,25939,26.986391148463703,0.014285714285714285,1,0.9543,0.3657170027114898,1.0794,57243.95,8.9,0.1557500289139905
421660,São José,65,270299,23.04854993914147,0.0016051364365971107,1,0.9831,0.17405570621176303,0.8222,57623.86,11.2,0.08005948967624742
421670,São José do Cedro,0,14167,26.117032540410815,0.02702702702702703,1,0.9647,0.21953601091739017,1.2352,48132.38,9,0.08428036987365004
421680,São José do Cerrito,1,8708,11.483693155718878,0.1,1,0.9133,0.5594472515694381,1.2057,40869.77,7.4,0.35117133670188333
421690,São Lourenço do Oeste,0,24791,56.875479004477434,0.0070921985815602835,1,0.9533,0.21550495475508583,1.1294,74360.59,9.5,0.07781049574442338
421700,São Ludgero,0,13509,24.428159005107705,0.030303030303030304,1,0.9761,0.16584622597280824,1.4897,91900.03,9.6,0.0449330076245466
421710,São Martinho,0,3405,32.305433186490454,0.09090909090909091,1,0.9769,0.23223201174743024,1.0279,43624.34,8.6,0.06637298091042584
421715,São Miguel da Boa Vista,0,1781,22.459292532285232,0,0,0.9392,0.3588339883960322,1.9651,41477.43,8,0.1274564851207187
421720,São Miguel do Oeste,2,44330,72.86262124971802,0.0030959752321981426,1,0.9669,0.16725881645236484,1.0066,70045.07,10.5,0.05774870290999323
421725,São Pedro de Alcântara,0,5776,17.31301939058172,0,0,0.9645,0.16028970452446908,1.2505,25677.1,9.1,0.03912742382271468
421730,Saudades,0,10265,31.17389186556259,0.03125,1,0.9736,0.21072414352979382,1.3638,69991.49,9,0.05660009741841208
421740,Schroeder,1,20061,15.45286875031155,0,0,0.9801000000000001,0.15260954090025422,1.3957,45191.73,9.8,0.036987189073326356
421750,Seara,4,18620,49.40923737916219,0.010869565217391304,1,0.9612999999999999,0.1611484067311135,1.3157,80915.56,9.1,0.05988184747583244
421755,Serra Alta,0,3303,36.33060853769301,0,0,0.9593,0.17105661519830456,1.0596,44625.55,8.6,0.04238570996064184
421760,Siderópolis,1,13714,18.958728306839724,0.038461538461538464,1,0.9702,0.2633197219386515,1.6588,58661.35,9.4,0.08203295901997958
421770,Sombrio,4,29991,27.341535794071554,0.012195121951219513,1,0.9676,0.2740210952174541,1.167,43491.69,9.2,0.10779900636857724
421775,Sul Brasil,0,2832,24.717514124293785,0,0,0.9262,0.23743526365348397,1.2358,43651.01,8.2,0.06179378531073446
421780,Taió,0,18310,39.868924085199346,0.0136986301369863,1,0.9706999999999999,0.17037138175860186,1.5292,56705.24,8.9,0.07635172037138176
421790,Tangará,0,8143,24.560972614515535,0.05,1,0.9738,0.3743296901223955,1.2894,93366.66,7.7,0.09934913422571534
421795,Tigrinhos,0,2329,17.174753112924,0,0,0.9537,0.40890224703019895,1.5027,37934.35,8.3,0.1060541004723057
421800,Tijucas,11,51592,23.453248565669096,0.008264462809917356,1,0.9684,0.2234180363880705,1.232,71465.52,9.8,0.09286323461001705
421810,Timbé do Sul,0,5386,24.136650575566282,0.07692307692307693,1,0.9412999999999999,0.3506312662458225,1.2996,36742.01,8.3,0.14314890456739696
421820,Timbó,4,46099,40.99872014577323,0.005291005291005291,1,0.9856999999999999,0.09573960389596303,1.2907,59389.93,10.5,0.027831406321178333
421825,Timbó Grande,1,7342,9.534186870062653,0,0,0.9255,0.6236606737492055,1.4301,41467.28,8.7,0.40738218469081994
421830,Três Barras,1,19746,17.21867720044566,0,0,0.9556,0.3565025828015801,1.7725,104330.47,8.9,0.11197204497113339
421835,Treviso,0,3782,29.08514013749339,0,0,0.9765,0.19705182443151772,1.8508,52591.2,9.3,0.08117398202009518
421840,Treze de Maio,1,7362,25.80820429231187,0.05263157894736842,1,0.9642000000000001,0.21876980892873313,1.9016,34707.42,8.3,0.07742461287693561
421850,Treze Tílias,0,8787,29.589165813133036,0,0,0.9716,0.1705170517051705,1.1949,135979.77,9.8,0.05166723568908615
421860,Trombudo Central,1,7274,38.4932636788562,0.03571428571428571,1,0.9670000000000001,0.09152460819356613,1.9246,59572.41,9.3,0.02488314544954633
421870,Tubarão,16,110088,49.86919555264879,0.0018214936247723133,1,0.9788,0.17478138701160284,1.0412,54566.42,10.4,0.07596649952765061
421875,Tunápolis,0,4916,38.64930838079739,0.05263157894736842,1,0.9737,0.24103268239761325,1.4239,46685.49,9.3,0.029902359641985354
421880,Turvo,0,13043,38.33473894042782,0.02,1,0.9682,0.18923943877942193,1.4758,76105.1,9.5,0.059265506401901404
421885,União do Oeste,0,2774,25.23431867339582,0.14285714285714285,1,0.9370999999999999,0.345620043258832,1.2617,42088.28,8,0.09949531362653208
421890,Urubici,1,10834,29.536643898836996,0.03125,1,0.948,0.3534474801550674,1.8575,43545.84,9.5,0.1886653129038213
421895,Urupema,0,2656,33.8855421686747,0.1111111111111111,1,0.9431,0.4954819277108434,1.3177,49642.35,8.6,0.29555722891566266
421900,Urussanga,5,20919,37.764711506286154,0.012658227848101266,1,0.9767,0.17600427043995093,1.5058,58437.16,9.5,0.06018452124862565
421910,Vargeão,3,3634,33.02146395156852,0,0,0.9489,0.37153733259952304,1.9262,83058.47,8.7,0.08365437534397359
421915,Vargem,0,2627,34.25961172440046,0.1111111111111111,1,0.9422,0.46313919553356175,1.3323,38090.55,7.6,0.14122573277502856
421917,Vargem Bonita,1,4576,21.853146853146853,0,0,0.9455,0.38649111305361306,1.5297,144578.53,9.2,0.12762237762237763
421920,Vidal Ramos,0,6189,25.852318629827113,0.0625,1,0.9626,0.24344266709753865,1.6965,64946.42,6.9,0.10405558248505413
421930,Videira,6,55466,62.019976201637036,0.0029069767441860465,1,0.9756999999999999,0.19954717003810143,0.9465,74451.42,10.1,0.0593516748999387
421935,Vitor Meireles,0,5370,26.070763500931097,0.07142857142857142,1,0.96,0.26084729981378024,1.9553,36079.19,8.3,0.1484171322160149
421940,Witmarsum,0,4255,16.45123384253819,0.14285714285714285,1,0.9623999999999999,0.2805327066196632,1.6451,46495.65,8.6,0.06321974148061105
421950,Xanxerê,5,51607,68.98288991803437,0.0028089887640449437,1,0.9659,0.19445843910063879,1.0173,60952.29,9.6,0.06109636289650629
421960,Xavantina,0,3653,27.37476047084588,0,0,0.9525,0.11771147002463729,1.9162,68286.21,8.6,0.031480974541472764
421970,Xaxim,4,31918,35.71652359170374,0.008771929824561403,1,0.963,0.2525586398479437,0.9869,54435.66,9.3,0.07876433360486246
421985,Zortéa,1,3930,17.8117048346056,0.14285714285714285,1,0.9541,0.2828668363019508,0.8905,34366.41,9,0.0905852417302799
422000,Balneário Rincão,1,15981,15.643576747387522,0.04,1,0.9656,0.3943537116993096,1.4783,26294.21,9.2,0.1931043113697516
430003,Aceguá,0,4170,14.388489208633093,0,0,0.9641,0.5215227817745803,2.0983,91688.37,7.2,0.2211031175059952
430005,Água Santa,0,3912,28.118609406952967,0,0,0.9604,0.3154609747784594,0.8946,107039.28,8.4,0.16513292433537832
430010,Agudo,0,16041,19.94888099245683,0.03125,1,0.9548000000000001,0.29941504062506497,0.6,48634.87,8.4,0.1579078611059161
430020,Ajuricaba,0,6720,25.297619047619047,0.058823529411764705,1,0.9692000000000001,0.22554563492063492,1.5625,57072.14,8.5,0.11741071428571428
430030,Alecrim,0,6123,9.799118079372857,0,0,0.9427,0.5220344057923676,1.7148,25105.18,7.9,0.19140943981708314
430040,Alegrete,6,72409,28.035188995843058,0.0049261083743842365,1,0.9579000000000001,0.37546092336587994,0.9201,42840.36,9.9,0.14259277161678796
430045,Alegria,0,3651,30.128731854286496,0.09090909090909091,1,0.938,0.41463525974618826,1.9172,37277.28,7.6,0.21391399616543413
430047,Almirante Tamandaré do Sul,0,1969,35.55104113763332,0,0,0.9714,0.3518283392585069,1.7775,113340.27,8.8,0.055865921787709494
430050,Alpestre,0,7117,22.48138260503021,0.0625,1,0.9143000000000001,0.34950353613413887,1.9671,42555.77,7.7,0.1223830265561332
430055,Alto Alegre,0,1800,38.888888888888886,0,0,0.9506,0.385462962962963,1.9444,40245.45,9,0.10722222222222222
430057,Alto Feliz,0,3072,19.53125,0,0,0.9843999999999999,0.09217664930555557,1.9938,66136.53,8.7,0.015950520833333332
430060,Alvorada,35,187315,6.673250940928383,0.008,1,0.9738,0.3866241358140031,0.71,22048.07,9.4,0.21509222432800362
430063,Amaral Ferrador,0,5310,13.182674199623353,0,0,0.9303,0.40404896421845576,1.3182,32778.62,7.5,0.2621468926553672
430064,Ametista do Sul,0,7650,18.30065359477124,0.07142857142857142,1,0.9259999999999999,0.46040305010893245,1.83,26598.47,8.6,0.2338562091503268
430066,André da Rocha,0,1135,35.242290748898675,0,0,0.9567,0.39882525697503673,3.0837,98690.21,8.6,0.13215859030837004
430070,Anta Gorda,0,5957,38.61003861003861,0.043478260869565216,1,0.9704999999999999,0.29469531643444685,1.175,55943.84,8.4,0.033573946617424875
430080,Antônio Prado,0,13045,49.82752012265236,0.015384615384615385,1,0.9690000000000001,0.20403730675865592,1.3415,71018.99,9.1,0.06860866232272901
430085,Arambaré,0,4112,31.6147859922179,0.07692307692307693,1,0.9457,0.5973573281452659,1.7023,56804.85,8.8,0.22957198443579765
430087,Araricá,0,8525,9.3841642228739,0.125,1,0.9697,0.33821114369501465,1.129,37883.33,8.8,0.13243401759530793
430090,Aratiba,0,6483,16.967453339503315,0.09090909090909091,1,0.9686,0.21728623579618492,1.0797,182819.23,8.8,0.04812586765386395
430100,Arroio do Meio,1,21958,30.057382275252756,0.015151515151515152,1,0.9834999999999999,0.2634423292953214,0.9563,88493.4,8.6,0.04645231806175426
430105,Arroio do Sal,0,11057,20.801302342407524,0.043478260869565216,1,0.9776,0.4474842482891682,1.4244,31987.59,9.5,0.17545446323595912
430107,Arroio do Padre,0,2599,19.23816852635629,0,0,0.9665,0.23092214954469667,1.3466,37149.25,7.6,0.04578684109272797
430110,Arroio dos Ratos,1,14601,15.752345729744539,0.043478260869565216,1,0.9558,0.4485994109992466,1.2376,27736.77,9.1,0.22505307855626328
430120,Arroio do Tigre,0,12058,32.34367225078786,0.02564102564102564,1,0.9420000000000001,0.31763835904240617,1.161,39205.45,8.3,0.14596118759329904
430130,Arroio Grande,1,17558,18.225310399817747,0.03125,1,0.9429000000000001,0.509065193454076,1.5947,54989.64,8.9,0.2402893268025971
430140,Arvorezinha,0,10322,22.282503390815734,0.043478260869565216,1,0.9531000000000001,0.30573047858942065,1.3563,39202.88,7.7,0.13882968416973454
430150,Augusto Pestana,0,7149,26.577143656455448,0.05263157894736842,1,0.9732,0.2624492936074975,1.4687,49054,9.1,0.08602601762484263
430155,Áurea,0,3396,23.557126030624264,0.125,1,0.9723999999999999,0.2067137809187279,2.0612,52342.65,8.2,0.04976442873969376
430160,Bagé,6,117938,28.31996472722956,0.0029940119760479044,1,0.9654,0.4779149496628172,0.8235,37432.95,10.1,0.27201580491444655
430163,Balneário Pinhal,3,14955,17.385489802741557,0.038461538461538464,1,0.9581999999999999,0.577671904602697,1.6382,22276.77,9.1,0.27602808425275827
430165,Barão,0,6461,15.47748026621266,0.1,1,0.9741,0.16367435381519888,1.7605,71646.97,9.2,0.01640612908218542
430170,Barão de Cotegipe,0,7144,19.596864501679732,0.07142857142857142,1,0.9692000000000001,0.39093411720791343,1.4697,45460.37,9,0.07348824188129899
430175,Barão do Triunfo,2,5889,13.58464934623875,0.125,1,0.9218000000000001,0.3850823569366616,0.8914,24188.7,7.2,0.23093903888605877
430180,Barracão,0,4831,37.259366590767954,0.05555555555555555,1,0.937,0.41299247912785486,1.4489,62102,7.5,0.19188573794245498
430185,Barra do Guarita,0,3161,15.817779183802594,0.2,1,0.9383,0.6060318464620901,1.6608,19953.25,8.8,0.13381841189496996
430187,Barra do Quaraí,0,4241,16.505541145956144,0,0,0.9575,0.516073253163562,1.6505,78422.54,9.1,0.28719641593963685
430190,Barra do Ribeiro,3,12225,17.995910020449898,0.045454545454545456,1,0.9495,0.35200408997955013,0.8588,47529.99,8.7,0.1765235173824131
430192,Barra do Rio Azul,0,1696,23.58490566037736,0.25,1,0.9562999999999999,0.233687106918239,2.0636,46327.23,7.8,0.03419811320754717
430195,Barra Funda,0,2498,20.0160128102482,0.2,1,0.9664,0.5826327728849747,1.4011,67006.24,9.6,0.029623698959167333
430200,Barros Cassal,0,9296,23.666092943201377,0.045454545454545456,1,0.8843000000000001,0.3857931726907631,1.6942,29526.03,7.3,0.16577022375215147
430205,Benjamin Constant do Sul,0,2082,28.818443804034583,0.16666666666666666,1,0.8814,0.7139369196285623,1.681,24008.87,7.9,0.5139289145052833
430210,Bento Gonçalves,5,123151,34.510479005448595,0.002352941176470588,1,0.9839,0.19604185106089272,0.5684,73589.32,10.6,0.04349944377227956
430215,Boa Vista das Missões,0,1933,51.733057423693744,0.1,1,0.9540000000000001,0.5695809622348681,1.8106,89601.64,8.8,0.17899637868598034
430220,Boa Vista do Buricá,0,6966,57.421762848119435,0.025,1,0.9818000000000001,0.26622164800459375,1.5073,50904.66,9.6,0.06215905828308929
430222,Boa Vista do Cadeado,1,2229,22.43158366980709,0.2,1,0.9612,0.37113055181695825,1.5702,121126.48,8.4,0.11754149842978914
430223,Boa Vista do Incra,0,2271,13.21003963011889,0,0,0.9702,0.38188022897402024,1.5411,86745.26,9,0.20959929546455305
430225,Boa Vista do Sul,0,2779,14.39366678661389,0.25,1,0.9562,0.04516012954300108,0.9445,48546.88,8.2,0.021590500179920834
430230,Bom Jesus,0,11202,32.13711837171934,0,0,0.9364,0.593547283223234,0.9373,52972.91,7.6,0.36109623281556863
430235,Bom Princípio,2,13142,26.632171663369352,0,0,0.9872,0.12554532541977376,1.0652,72364.87,9.8,0.03195860599604322
430237,Bom Progresso,0,2096,23.85496183206107,0.2,1,0.9168999999999999,0.6727496819338422,1.6698,35111.31,8.7,0.32061068702290074
430240,Bom Retiro do Sul,0,12294,26.84236212786725,0.030303030303030304,1,0.9704,0.3322894636950274,1.6369,41461.26,9.1,0.09102000976085896
430245,Boqueirão do Leão,0,6247,28.81383063870658,0.05555555555555555,1,0.9228000000000001,0.3565177952083667,1.6818,31882.12,8.1,0.21226188570513846
430250,Bossoroca,0,5890,30.560271646859082,0.05555555555555555,1,0.9275,0.5004102999434069,1.7826,42538.23,7.9,0.21765704584040746
430258,Bozano,0,2151,18.596001859600186,0,0,0.9631000000000001,0.1864636603130327,1.6271,55520.54,8.2,0.0697350069735007
430260,Braga,0,3268,21.41982864137087,0,0,0.9123,0.616126070991432,2.1419,33487.97,8.1,0.2833537331701346
430265,Brochier,0,4966,18.123238018525978,0.1111111111111111,1,0.9645,0.16290777285541683,1.2333,26634.21,8.3,0.07591623036649214
430270,Butiá,3,19084,21.483965625655,0.024390243902439025,1,0.9466,0.4533553412981206,1.0545,29714.98,8.9,0.270697966883253
430280,Caçapava do Sul,2,32515,15.069967707212056,0.02040816326530612,1,0.9426000000000001,0.4065021272233328,0.5382,36161.85,8.8,0.19652468091650008
430290,Cacequi,1,11157,28.681545218248633,0.03125,1,0.9381,0.49755011801260796,1.8822,50804.25,8.9,0.328941471721789
430300,Cachoeira do Sul,5,80070,23.97901835893593,0.005208333333333333,1,0.9521,0.3799592023645976,0.754,42103.62,9.7,0.1976270763082303
430310,Cachoeirinha,16,136258,18.347546566073184,0.004,1,0.9819,0.3435272302054436,0.7384,57110.95,10.5,0.14489424474159315
430320,Cacique Doble,0,4603,36.9324353682381,0.058823529411764705,1,0.9397,0.5415308856542834,2.2811,33461.31,8,0.24614381924831633
430330,Caibaté,1,4704,34.01360544217687,0,0,0.9591,0.4079152494331066,1.488,38352.88,9.1,0.12755102040816327
430340,Caiçara,0,4836,31.017369727047146,0.06666666666666667,1,0.9565,0.381427488282327,1.4474,33063.37,8.4,0.17514474772539287
430350,Camaquã,7,62200,90.19292604501608,0.0017825311942959,1,0.9520000000000001,0.39671891747052523,1.0099,50718.28,8.9,0.2117363344051447
430355,Camargo,0,2981,33.545790003354576,0.1,1,0.9627,0.428379738342838,1.1741,205446,9,0.04562227440456223
430360,Cambará do Sul,0,6361,17.292878478226694,0,0,0.9634999999999999,0.4166797673321805,1.6506,43284.42,9.3,0.1361421160194938
430367,Campestre da Serra,0,3242,18.507094386181368,0,0,0.9593,0.27873740489409826,1.0795,73041.98,8,0.09962985811227637
430370,Campina das Missões,0,5882,42.50255015300918,0.04,1,0.9788,0.2628216026294911,1.19,34643.22,9.3,0.05134308058483509
430380,Campinas do Sul,0,5284,18.925056775170326,0,0,0.9577,0.3648120111027,1.9871,55805.19,9,0.09462528387585163
430390,Campo Bom,3,62886,21.149381420347932,0.007518796992481203,1,0.9818000000000001,0.19097255350952516,1.0157,72015.35,10.1,0.03509525172534427
430400,Campo Novo,0,4975,14.07035175879397,0,0,0.9181999999999999,0.4899162479061977,1.407,57749.2,8.5,0.2478391959798995
430410,Campos Borges,0,3613,35.981179075560476,0.07692307692307693,1,0.9349,0.4343112833287204,1.9374,29067.3,8.6,0.24522557431497372
430420,Candelária,1,28906,20.41098733826887,0.01694915254237288,1,0.9411,0.3173447265850227,1.1502,42713.51,7.7,0.1613505846537051
430430,Cândido Godói,0,6294,25.42103590721322,0.0625,1,0.9712999999999999,0.19497404935917806,1.1121,59583.99,8.8,0.037813790911979665
430435,Candiota,0,10710,22.408963585434172,0.041666666666666664,1,0.9551000000000001,0.5239417989417989,1.4705,158672.67,9.1,0.24407096171802053
430440,Canela,6,48946,16.95746332693172,0.012048192771084338,1,0.9754,0.3110230321851292,0.5363,40038.38,10.1,0.14783639112491317
430450,Canguçu,2,49680,16.908212560386474,0.011904761904761904,1,0.9395,0.43335681696188944,0.7397,36745.73,7.8,0.24146537842190016
430460,Canoas,60,347657,24.56444138907026,0.00117096018735363,1,0.9819,0.4030426061702579,0.8962,83895.04,10.6,0.16814561478698833
430461,Canudos do Vale,0,1656,24.154589371980677,0,0,0.9333,0.3761574074074074,2.1135,40430.4,7.4,0.09420289855072464
430462,Capão Bonito do Sul,0,1733,46.16272360069244,0,0,0.9351999999999999,0.5540969417195615,2.0196,128719.49,8.4,0.1881130986728217
430463,Capão da Canoa,9,63594,25.47410133031418,0.006172839506172839,1,0.9773999999999999,0.3804315920789173,0.7154,40698.19,10.1,0.15218416831776582
430465,Capão do Cipó,0,3119,22.443090734209683,0.14285714285714285,1,0.9702,0.5054771828577536,2.2443,70575.7,8.5,0.25649246553382493
430466,Capão do Leão,2,26487,6.795786612300374,0.05555555555555555,1,0.951,0.5414071053724469,1.0901,32243.04,8.6,0.28946275531392757
430467,Capivari do Sul,0,3991,22.55073916311701,0,0,0.9573999999999999,0.36229432890670676,1.5347,100076.38,9.1,0.16938110749185667
430468,Capela de Santana,0,11159,10.753651760910476,0,0,0.9556,0.3934716372434806,1.9603,28313.22,8.6,0.21856797204050543
430469,Capitão,0,2921,17.117425539198905,0,0,0.9611,0.6626440716649549,1.1982,30321.42,8.3,0.03731598767545361
430470,Carazinho,9,61804,58.08685521972688,0.002785515320334262,1,0.9712000000000001,0.2883915280564365,0.8519,60594.24,9.9,0.10725842987508899
430471,Caraá,0,7394,8.114687584527996,0,0,0.9281,0.3365341267694527,1.42,21392.26,7.5,0.2169326480930484
430480,Carlos Barbosa,2,30420,34.51676528599606,0.009523809523809525,1,0.9811,0.07201950471181241,0.4889,125413.55,10.2,0.019658119658119658
430485,Carlos Gomes,0,1368,21.92982456140351,0.3333333333333333,1,0.9723,0.40618908382066277,2.5659,45281.03,8.5,0.0847953216374269
430490,Casca,0,9465,51.769677760169046,0.02040816326530612,1,0.9777,0.17724071139285086,1.1093,92546.14,10,0.04585314315900687
430495,Caseiros,0,3000,16.666666666666668,0,0,0.9425,0.44475,1.1666,59052.73,5.5,0.195
430500,Catuípe,0,8674,10.375835831219737,0,0,0.9579000000000001,0.33190185227884095,1.614,49000,9,0.15252478671893013
430510,Caxias do Sul,38,463501,34.304133108666434,6.289308176100629e-4,1,0.9836,0.18437842277219105,0.5255,81683.97,10.6,0.08259313356389739
430511,Centenário,0,2721,18.375597206909223,0.2,1,0.9782,0.38242680387112576,1.2829,45215.19,8.2,0.05255420801176038
430512,Cerrito,0,5808,10.330578512396695,0,0,0.9245,0.44391356749311295,1.8078,22583.64,7.8,0.22176308539944903
430513,Cerro Branco,0,3802,26.301946344029457,0,0,0.905,0.5755085042959847,1.8411,27411.89,7.5,0.19121514992109417
430515,Cerro Grande,1,2379,29.424127784783522,0,0,0.8870999999999999,0.5391621129326047,1.4712,26035.36,7.3,0.22152164775115596
430517,Cerro Grande do Sul,0,9178,25.059925909784265,0,0,0.9298000000000001,0.47457688675818993,1.144,27361.09,7.8,0.2619307038570495
430520,Cerro Largo,0,13705,48.15760671287851,0,0,0.9704999999999999,0.2750395232883376,1.0215,58884.12,9.8,0.07187157971543233
430530,Chapada,0,9540,25.157232704402517,0,0,0.9673999999999999,0.33304507337526207,1.4675,63213.09,8.9,0.06865828092243187
430535,Charqueadas,7,35012,29.132868730720897,0.00980392156862745,1,0.9695999999999999,0.31579172855021137,1.3127,53050.97,9.7,0.1315263338284017
430537,Charrua,0,2768,21.67630057803468,0,0,0.9373,0.5435031310211946,1.2644,45392.81,7.6,0.36416184971098264
430540,Chiapetta,0,3913,38.33375926399182,0.06666666666666667,1,0.9540000000000001,0.42942328988840617,1.7889,67903.94,8.6,0.175057500638896
430543,Chuí,0,6262,9.581603321622485,0,0,0.9836,0.3932050463110827,0.5589,83417.38,9.4,0.12328329607154263
430544,Chuvisca,0,4597,28.279312595170765,0.07692307692307693,1,0.9297,0.4736059749111739,2.6647,35548.18,7.3,0.18599086360670003
430545,Cidreira,1,17071,9.372620233143929,0,0,0.9678,0.4372669048874309,0.8201,23836.71,9.4,0.2345498213344268
430550,Ciríaco,0,4149,26.51241262954929,0.09090909090909091,1,0.9608,0.316903671567446,1.6871,56256.81,8.7,0.10677271631718487
430558,Colinas,0,2423,20.635575732562938,0,0,0.983,0.2083505296464438,1.4444,37308.24,8.8,0.03838217086256707
430560,Colorado,0,3258,18.41620626151013,0,0,0.9592,0.25618989154900756,2.1485,61073.45,8.8,0.06752608962553713
430570,Condor,0,6406,15.610365282547612,0,0,0.9594,0.32755749817879076,1.639,73461.12,8.6,0.1429909459881361
430580,Constantina,0,10385,16.36976408281175,0.058823529411764705,1,0.9561,0.22891991654630076,1.6008,45442.93,9.2,0.11564756860857005
430583,Coqueiro Baixo,0,1290,23.25581395348837,0,0,0.9512999999999999,0.44476744186046513,2.7131,43419.26,5.8,0.037209302325581395
430585,Coqueiros do Sul,0,2211,27.137042062415198,0,0,0.9628,0.29892205638474295,1.5829,62995.49,8.4,0.08502939846223428
430587,Coronel Barros,0,2822,24.805102763997166,0,0,0.9803000000000001,0.23842428537680133,1.2402,50693.68,8.9,0.0776045357902197
430590,Coronel Bicaco,0,6144,21.158854166666668,0.07692307692307693,1,0.9147,0.604342990451389,2.2786,64631.38,8.2,0.328125
430593,Coronel Pilar,0,1607,12.445550715619166,0,0,0.97,0.09494918066791123,0,36187.34,7.9,0.019912881144990666
430595,Cotiporã,0,3846,15.600624024960998,0,0,0.9778,0.3355000866701335,1.82,53328.63,8.7,0.02106084243369735
430597,Coxilha,0,2667,14.998125234345707,0,0,0.9597,0.5224659417572803,1.3123,130995.01,7,0.09148856392950881
430600,Crissiumal,0,12886,22.50504423405246,0.034482758620689655,1,0.9642000000000001,0.45696233638574163,1.358,38853.05,8.8,0.07162812354493249
430605,Cristal,0,7299,38.361419372516785,0,0,0.9281999999999999,0.5642667945380645,1.918,41174.16,7.6,0.25976161117961366
430607,Cristal do Sul,0,2692,26.00297176820208,0.14285714285714285,1,0.9181,0.6658927686973749,1.3001,36696.5,8.1,0.30089153046062406
430610,Cruz Alta,9,58913,41.58674655848454,0.004081632653061225,1,0.9653,0.29389099180147,1.2773,74684.47,9.9,0.14546874204335206
430613,Cruzaltense,0,1635,18.34862385321101,0,0,0.9397,0.41804281345565747,2.1406,64186.8,7.8,0.05076452599388379
430620,Cruzeiro do Sul,1,11600,12.068965517241379,0.07142857142857142,1,0.9698,0.38025862068965516,1.2098,55774.4,9,0.09405172413793103
430630,David Canabarro,0,4321,23.142791020597084,0.1,1,0.9570000000000001,0.31551338424747355,1.6199,47877.71,8.9,0.05345984725757926
430632,Derrubadas,0,2751,21.810250817884405,0.16666666666666666,1,0.9331999999999999,0.4563794983642312,1.2722,42741.36,8.2,0.089058524173028
430635,Dezesseis de Novembro,0,2507,19.94415636218588,0,0,0.9078,0.5927070868235608,1.396,20507.28,7.9,0.2863980853609892
430637,Dilermando de Aguiar,0,2806,24.946543121881682,0.14285714285714285,1,0.9052,0.514967925873129,1.2473,72323.29,7.5,0.2598004276550249
430640,Dois Irmãos,2,30709,41.030316845224526,0.007936507936507936,1,0.9863,0.1147193548036949,1.1967,85952.76,10.1,0.03314989091145918
430642,Dois Irmãos das Missões,0,2090,14.354066985645932,0,0,0.8979,0.6981658692185009,1.6746,60170.61,7.3,0.18851674641148325
430645,Dois Lajeados,0,3097,45.20503713270907,0.07142857142857142,1,0.9690000000000001,0.14831557421160263,1.1301,53600.97,8,0.03648692282854375
430650,Dom Feliciano,1,13051,23.752969121140143,0.03225806451612903,1,0.9140999999999999,0.4083467422675146,1.2068,32041.92,7.2,0.24710750134089343
430655,Dom Pedro de Alcântara,0,2562,11.7096018735363,0,0,0.9704,0.37799245381212593,1.3661,32652.54,8.3,0.11865729898516784
430660,Dom Pedrito,6,36981,27.31132203023174,0.009900990099009901,1,0.9565,0.40014917570283837,0.8357,61874.27,9.1,0.20261756036883805
430670,Dona Francisca,0,3079,16.239038648911983,0,0,0.966,0.5126123200173216,1.1367,36445.62,9,0.20493666774926925
430673,Doutor Maurício Cardoso,0,4470,31.319910514541387,0.07142857142857142,1,0.9625,0.28256897837434747,2.3489,51066.23,8.7,0.0814317673378076
430675,Doutor Ricardo,0,1888,26.483050847457626,0.2,1,0.9763,0.4884357344632768,1.8538,47512.64,8.2,0.059322033898305086
430676,Eldorado do Sul,5,39559,10.111479056599004,0.025,1,0.9649,0.561486218896669,0.9732,66318.44,9.6,0.2263201799843272
430680,Encantado,0,22962,65.76082222802891,0.006622516556291391,1,0.9704999999999999,0.21500740353627731,1.0669,61467.71,9.9,0.0654559707342566
430690,Encruzilhada do Sul,3,23819,20.151979512154163,0.020833333333333332,1,0.9281,0.4283800047581063,0.8449,49940.32,7.9,0.23078214870481548
430692,Engenho Velho,0,1296,38.58024691358025,0,0,0.9245,0.5133744855967078,2.7006,39157.58,8.2,0.33487654320987653
430693,Entre-Ijuís,0,9158,17.471063550993666,0.0625,1,0.9570000000000001,0.32375154691708524,1.1457,52263.67,8.9,0.10438960471718715
430695,Entre Rios do Sul,0,2685,44.6927374301676,0.08333333333333333,1,0.9312999999999999,0.48513345747982617,1.3035,78104.77,7.8,0.17839851024208567
430697,Erebango,0,3054,9.82318271119843,0,0,0.9512999999999999,0.5119515389652914,1.146,49785.84,8.7,0.297969875573019
430700,Erechim,5,105705,48.72049571921858,0.001941747572815534,1,0.978,0.24683080270564306,1.1543,80385.09,10.5,0.07144411333427936
430705,Ernestina,0,3034,13.183915622940013,0,0,0.9748,0.2813667325862448,1.1535,53867.6,9.9,0.08371786420566908
430710,Herval,1,6191,25.843967048942012,0.0625,1,0.95,0.7168874172185431,1.696,32205.23,8.5,0.3897593280568567
430720,Erval Grande,0,4930,12.170385395537526,0,0,0.912,0.4710615280594997,2.1298,32793.44,7.1,0.17363083164300203
430730,Erval Seco,0,6787,20.62767054663327,0.07142857142857142,1,0.9288,0.4414812631992535,1.547,44174.33,7.7,0.17813466922056873
430740,Esmeralda,0,3195,18.779342723004696,0,0,0.9404,0.674621804903495,1.0954,113859.47,8.3,0.19906103286384977
430745,Esperança do Sul,0,3226,15.499070055796652,0.2,1,0.9354,0.44373837569745817,2.1698,31415.37,7.6,0.21884686918784874
430750,Espumoso,1,15173,39.543926711922495,0.016666666666666666,1,0.9514,0.32872536742898567,0.8073,56780.98,9.2,0.15613260396757397
430755,Estação,0,5582,26.872088857040488,0,0,0.9764,0.23377224411799835,1.881,71277.75,9.3,0.09763525618058044
430760,Estância Velha,6,47924,19.823053167515233,0.010526315789473684,1,0.9838,0.16830467684945608,0.8581,48184.54,10,0.07900008346548702
430770,Esteio,9,76137,28.10722776048439,0.004672897196261682,1,0.9803000000000001,0.34493960448489785,0.8849,52518.32,10.5,0.16017179557902203
430780,Estrela,2,32183,37.59748935773545,0.008264462809917356,1,0.9799,0.28844938839345824,0.9515,73856.18,10.1,0.08958145604822422
430781,Estrela Velha,0,3070,32.57328990228013,0,0,0.9542,0.640499457111835,2.2801,47325.31,7.7,0.2547231270358306
430783,Eugênio de Castro,0,2633,22.787694644891758,0,0,0.9558,0.3810608937840233,1.3292,85401.37,8.1,0.17204709456893277
430786,Fagundes Varela,0,2566,42.868277474668744,0,0,0.9756999999999999,0.059658352818914004,1.3639,73986.01,8.6,0.009353078721745909
430790,Farroupilha,2,70286,31.72751330279145,0.004484304932735426,1,0.9809,0.20932333608399967,0.6473,70577.65,10.3,0.08808297527245824
430800,Faxinal do Soturno,0,6702,40.28648164726947,0.037037037037037035,1,0.9664,0.32546254849298717,1.5666,44543.92,9.6,0.1796478663085646
430805,Faxinalzinho,0,2520,11.904761904761905,0,0,0.9205,0.4056216931216931,1.3888,45095.25,8.3,0.2111111111111111
430807,Fazenda Vilanova,0,4291,18.643672803542298,0.125,1,0.9556999999999999,0.42076439058494525,1.6313,33970.06,8.4,0.1293404800745747
430810,Feliz,0,13764,45.04504504504504,0.016129032258064516,1,0.9864,0.16736292744357262,1.78,49155.83,10.1,0.041775646614356295
430820,Flores da Cunha,1,30892,63.4468470801502,0,0,0.9789,0.15615423626397343,1.0763,107998.43,9.8,0.04434805127541111
430825,Floriano Peixoto,0,1668,23.980815347721823,0,0,0.9595999999999999,0.4248601119104716,2.0983,46406.68,7.5,0.08932853717026379
430830,Fontoura Xavier,1,9550,11.518324607329843,0,0,0.8855,0.6426788830715532,1.8324,27276.97,7.8,0.36303664921465967
430840,Formigueiro,0,6413,21.830656479026977,0.07142857142857142,1,0.9181,0.5180752637870991,1.6372,41044.14,8,0.26680180882582255
430843,Forquetinha,0,2393,8.357709987463435,0,0,0.9449,0.3441287087338069,1.4625,26958.94,4.8,0.04847471792728792
430845,Fortaleza dos Valos,0,4477,26.803663167299533,0,0,0.9587,0.2949892040801132,1.5635,73910.62,9.2,0.11860620951530042
430850,Frederico Westphalen,1,32627,55.1690317834922,0.005555555555555556,1,0.966,0.2331759994278767,1.0771,54934.13,10.2,0.09363410672142704
430860,Garibaldi,2,34335,48.92966360856269,0.005952380952380952,1,0.9811,0.11110382991116936,0.5351,103842.78,10.1,0.030056793359545652
430865,Garruchos,0,2688,33.482142857142854,0,0,0.9097,0.6748511904761905,2.6041,50126.26,7.1,0.2648809523809524
430870,Gaurama,1,5665,38.83495145631068,0.045454545454545456,1,0.9671,0.29280670785525154,1.8534,61609.13,9.2,0.06390114739629303
430880,General Câmara,1,7612,15.764582238570679,0.08333333333333333,1,0.9427,0.52251926782273606,1.3794,30748.5,8.7,0.2521019442984761
430885,Gentil,0,1744,22.93577981651376,0,0,0.9517,0.3563646788990826,2.0068,87302.71,8.8,0.10435779816513761
430890,Getúlio Vargas,0,16602,34.93554993374292,0.017241379310344827,1,0.9698,0.20625025097377825,1.054,53003.28,9.5,0.05270449343452596
430900,Giruá,0,16013,34.971585586710795,0.017857142857142856,1,0.9545,0.5035752201336414,1.0928,63540.12,9,0.23774433272965714
430905,Glorinha,1,7658,9.140767824497258,0.14285714285714285,1,0.9564,0.3598524418908331,0.914,77744.69,8.5,0.13241055105771743
430910,Gramado,7,40134,73.75292769223103,0.0033783783783783786,1,0.9852,0.1817141741831531,1.0028,88848.11,10.6,0.07170977226291922
430912,Gramado dos Loureiros,0,2014,24.826216484607745,0,0,0.867,0.8779377689506787,1.7378,43490.18,7.1,0.40615690168818275
430915,Gramado Xavier,0,3304,21.1864406779661,0,0,0.9173,0.5349071832122679,2.118,37603.56,7.4,0.20066585956416466
430920,Gravataí,21,265074,21.80523174660661,0.0017301038062283738,1,0.9759,0.3256879839843465,0.9044,58646.11,10,0.17286493582924015
430925,Guabiju,0,1417,49.400141143260406,0,0,0.9668000000000001,0.18395671606680783,2.47,75994.12,9.1,0.048694424841213835
430930,Guaíba,19,92924,20.339201928457666,0.005291005291005291,1,0.9768000000000001,0.41177646965979364,0.6464,96872.55,10.1,0.18352632258619947
430940,Guaporé,1,25268,58.96786449263891,0.006711409395973154,1,0.9743999999999999,0.16803862593003008,0.999,50045,9,0.06454804495804971
430950,Guarani das Missões,1,7415,33.715441672285905,0.04,1,0.956,0.27854574061586873,1.416,39884.41,8.9,0.13594066082265677
430955,Harmonia,0,5378,22.313127556712534,0.08333333333333333,1,0.986,0.26039729763232927,1.3015,57073.42,9.6,0.029564894012644106
430957,Herveiras,0,2565,11.695906432748538,0,0,0.9209,0.2802144249512671,1.365,34492.77,7.4,0.17816764132553606
430960,Horizontina,0,18851,35.541881067317384,0.014925373134328358,1,0.9769,0.21471451558714835,1.1139,96973.64,10.2,0.06795395469736354
430965,Hulha Negra,0,5976,6.693440428380187,0,0,0.9384,0.7246485943775101,1.1713,38296.52,8.2,0.4265394912985274
430970,Humaitá,0,4681,25.63554795983764,0.08333333333333333,1,0.9695,0.2667699209570605,1.4954,46575.76,9.1,0.07733390301217688
430975,Ibarama,0,3732,24.115755627009648,0,0,0.9358,0.4152822436584494,1.8756,28260.69,7.8,0.20337620578778134
430980,Ibiaçá,0,4527,28.716589352772257,0.07692307692307693,1,0.9641,0.2883440100139901,0.7731,65995.28,7.6,0.105809586922907
430990,Ibiraiaras,0,6776,29.515938606847698,0.05,1,0.9548000000000001,0.27280106257378983,1.5495,56109.7,8.8,0.13060802833530105
430995,Ibirapuitã,0,3723,18.802041364491004,0,0,0.9290999999999999,0.4057659593517773,1.8802,50524.24,8.5,0.1780821917808219
431000,Ibirubá,2,21583,66.25584951118937,0.006993006993006993,1,0.9777,0.20936230675377226,0.9729,79138.28,9.9,0.025483019042765138
431010,Igrejinha,3,32808,36.881248475981465,0.008264462809917356,1,0.9761,0.34236314313582056,1.3129,79713.31,9.1,0.11122287247012924
431020,Ijuí,8,84780,48.59636706770465,0.0024271844660194173,1,0.9711,0.2832261932845797,0.9185,72012.79,10.3,0.1080207596131163
431030,Ilópolis,0,4157,36.0837142169834,0,0,0.9462999999999999,0.25793841712773635,1.6839,39668.12,8.6,0.06687515034880924
431033,Imbé,9,26824,14.16641813301521,0.02631578947368421,1,0.9786,0.46438823441694005,1.3048,28439.7,10.1,0.18617655830599464
431036,Imigrante,1,3080,22.727272727272727,0.14285714285714285,1,0.9814,0.25665584415584414,1.7045,191712.99,8.9,0.03474025974025974
431040,Independência,0,6427,35.78652559514548,0.043478260869565216,1,0.9562999999999999,0.408718427467455,1.0891,69022.26,8.3,0.1860899330947565
431041,Inhacorá,0,2014,34.75670307845085,0.14285714285714285,1,0.9072,0.5308258854683879,1.7378,37932.38,6.7,0.20506454816286
431043,Ipê,0,5399,20.374143359881458,0.09090909090909091,1,0.9551999999999999,0.15322281904056306,1.9448,72776.89,8.2,0.09001666975365809
431046,Ipiranga do Sul,0,1720,11.627906976744185,0,0,0.9594,0.16434108527131783,2.0348,71148.58,8.8,0.025
431050,Iraí,0,7482,17.375033413525795,0.07692307692307693,1,0.92,0.4637463245121625,1.4033,34186.77,8.3,0.23750334135257953
431053,Itaara,0,5572,23.330940416367554,0.07692307692307693,1,0.9627,0.37253230437903806,1.2562,54588.39,10,0.12006460875807609
431055,Itacurubi,0,2995,16.69449081803005,0,0,0.9364,0.5813299944351698,2.3372,38177.55,8.1,0.3298831385642738
431057,Itapuca,0,1937,25.81311306143521,0,0,0.9136,0.3756238168989847,1.8069,48467.2,7.9,0.13113061435209086
431060,Itaqui,4,35768,24.8825766047864,0.011235955056179775,1,0.9537,0.4509734026690524,0.954,57843.3,9.4,0.20551889957503913
431065,Itati,0,2638,18.953752843062926,0,0,0.9367,0.5174374526156179,1.3267,39227.64,7.8,0.21304018195602728
431070,Itatiba do Sul,0,3208,31.17206982543641,0,0,0.9521999999999999,0.4071072319201995,2.182,26531.49,7.4,0.12188279301745636
431075,Ivorá,0,1929,31.104199066874028,0.16666666666666666,1,0.9451,0.4076810091584586,0,27969.06,8.6,0.14463452566096424
431080,Ivoti,0,22983,26.976460862376538,0.016129032258064516,1,0.9836,0.10715528869164165,0.6472,66957.25,10.1,0.029630596527868425
431085,Jaboticaba,0,3779,29.108229690394285,0.09090909090909091,1,0.8996,0.6376907471112288,1.8523,28251.78,7.3,0.18893887271765017
431087,Jacuizinho,0,2040,9.803921568627452,0,0,0.899,0.6552696078431373,1.7156,61345.9,6.8,0.35343137254901963
431090,Jacutinga,0,3338,20.97064110245656,0.14285714285714285,1,0.9516,0.33048731775514284,2.097,56527.61,8.8,0.07938885560215699
431100,Jaguarão,0,26603,19.922565124234108,0.018867924528301886,1,0.9576,0.4184177223120199,1.0525,38897.93,9.5,0.22681652445212946
431110,Jaguari,1,10579,23.631723225257584,0.04,1,0.9606999999999999,0.3683004064656395,1.1579,31093.37,9,0.17392948293789584
431112,Jaquirana,0,3690,24.390243902439025,0.1111111111111111,1,0.9204000000000001,0.4984191508581753,1.897,27590.82,7.3,0.3051490514905149
431113,Jari,1,3349,17.915795759928336,0.16666666666666666,1,0.9472,0.4869861650243854,1.045,63193.56,7.5,0.2782920274708868
431115,Jóia,0,7184,12.52783964365256,0.1111111111111111,1,0.9449,0.4720791573867854,1.4615,48147.78,7.5,0.2740812917594655
431120,Júlio de Castilhos,0,18226,29.079337210578295,0.018867924528301886,1,0.9570000000000001,0.4274251069900143,1.2482,71704.26,9.2,0.18868649182486558
431123,Lagoa Bonita do Sul,0,2251,13.32741003998223,0,0,0.9159,0.4868576928772398,1.5548,37416.33,7.9,0.20213238560639715
431125,Lagoão,0,5341,11.233851338700617,0,0,0.8364,0.6824408662547587,1.3106,28041.72,7.1,0.38794233289646135
431127,Lagoa dos Três Cantos,0,1738,23.014959723820482,0,0,0.9861,0.42788645953202914,2.0138,47102.62,10,0.04200230149597238
431130,Lagoa Vermelha,5,27659,40.13160273328754,0.009009009009009009,1,0.9609000000000001,0.34541800739964085,1.2127,58142.47,9.7,0.18258071513792978
431140,Lajeado,4,93646,59.05217521303633,0.0018083182640144665,1,0.9776,0.2302465312631257,0.8397,72137.22,10.7,0.06007731243192448
431142,Lajeado do Bugre,0,2601,19.223375624759708,0,0,0.8798999999999999,0.6932910419069589,1.3456,25156.9,7.3,0.35832372164552095
431150,Lavras do Sul,1,7157,27.94466955428252,0,0,0.9356,0.4396860882120069,1.467,51675.97,8.5,0.2341763308648875
431160,Liberato Salzano,1,4781,25.099351600083665,0.08333333333333333,1,0.9079,0.5023182040019522,1.4641,31911.94,7.2,0.1731855260405773
431162,Lindolfo Collor,1,6248,16.005121638924457,0.1,1,0.9704,0.29952251387110546,1.1203,56515.46,8.6,0.12115877080665813
431164,Linha Nova,1,1683,11.883541295306001,0,0,0.9769,0.29188948306595364,1.5597,45249.14,8.6,0.029708853238265002
431170,Machadinho,0,5735,34.873583260680036,0.05,1,0.9331999999999999,0.23984306887532694,1.2205,45491.65,8.6,0.09206625980819529
431171,Maçambará,0,4425,22.598870056497177,0,0,0.9392,0.5468549905838042,2.1751,83155.54,8.4,0.3529943502824859
431173,Mampituba,0,3131,19.16320664324497,0,0,0.9256,0.42906951985521136,1.1178,32328.4,7.5,0.2111146598530821
431175,Manoel Viana,0,6801,16.17409204528746,0,0,0.9417,0.5283291672793217,2.0585,44602.59,8.8,0.20232318776650493
431177,Maquiné,1,7418,12.132650310056619,0,0,0.9533,0.39755774242832753,1.4154,30836.91,8.4,0.2100296575896468
431179,Maratá,0,2470,36.43724696356275,0,0,0.9667,0.3433535762483131,1.417,42164.68,8.4,0.06639676113360324
431180,Marau,2,45124,48.31131991844695,0.0045871559633027525,1,0.9802,0.19297011198770797,0.9307,82844.93,10.1,0.06242797624324085
431190,Marcelino Ramos,0,4320,32.407407407407405,0.07142857142857142,1,0.9593,0.4330825617283951,1.6203,44568.3,8.8,0.05925925925925926
431198,Mariana Pimentel,0,3916,10.21450459652707,0,0,0.9345,0.35069799114742933,1.564,30078.4,8.1,0.20684371807967314
431200,Mariano Moro,0,1858,21.52852529601722,0,0,0.9423,0.48344994617868675,1.8837,38526.65,8.2,0.05597416576964478
431205,Marques de Souza,0,3969,35.27336860670194,0.07142857142857142,1,0.9562,0.29106827916351724,1.7636,34642.16,7.6,0.05618543713781809
431210,Mata,0,4698,23.414218816517668,0.09090909090909091,1,0.9549,0.3781041577976444,1.4899,37038.24,8.2,0.20263942103022564
431213,Mato Castelhano,0,2553,11.750881316098708,0,0,0.9493,0.48051312181746964,1.3709,50333.79,8.3,0.17234625930278105
431215,Mato Leitão,0,4859,14.406256431364477,0,0,0.9667,0.35125540234616176,1.4406,60721.18,8.7,0.10372504630582424
431217,Mato Queimado,0,1795,27.855153203342617,0,0,0.9689,0.2948003714020427,1.9498,34344.54,8.5,0.10584958217270195
431220,Maximiliano de Almeida,0,4191,26.246719160104988,0,0,0.9515,0.4644873936212519,1.671,38096.99,8.5,0.18277260796945835
431225,Minas do Leão,0,7505,10.659560293137908,0.125,1,0.9433,0.5463246724405952,1.7488,38782.22,8.1,0.30872751499000667
431230,Miraguaí,1,4427,18.07092839394624,0.125,1,0.9419,0.5973947744898728,1.5812,45312.25,7.7,0.23853625480009036
431235,Montauri,1,1499,46.6977985323549,0,0,0.9390999999999999,0.38486768957082496,2.3348,49187.95,7.7,0.015343562374916611
431237,Monte Alegre dos Campos,0,3180,12.578616352201259,0,0,0.924,0.42604821802935006,2.2012,36808.53,6.4,0.2050314465408805
431238,Monte Belo do Sul,0,2557,23.464998044583496,0,0,0.9862000000000001,0.043149524181984096,1.3687,49595.71,8.9,0.02268283144309738
431240,Montenegro,8,64322,60.166039613196105,0.002583979328165375,1,0.9714,0.24831965216670293,1.1024,81767.31,9.8,0.12580454587854856
431242,Mormaço,0,2756,36.2844702467344,0.1,1,0.9347,0.3291606192549589,1.2699,37115,8.1,0.14912917271407838
431244,Morrinhos do Sul,0,3071,19.53760989905568,0,0,0.9717,0.41316617822641916,1.1396,33620.45,7.5,0.08401172256593943
431245,Morro Redondo,0,6046,31.4257360238174,0.05263157894736842,1,0.9417,0.5871788510309847,1.7366,25343.39,8.3,0.20757525636784652
431247,Morro Reuter,1,6029,18.245148449162382,0.09090909090909091,1,0.9848,0.13504174268811853,1.161,50429.63,9.2,0.035992701940620334
431250,Mostardas,0,12090,17.3697270471464,0.047619047619047616,1,0.9248000000000001,0.4606217259443066,1.0856,40888.44,7.8,0.2707196029776675
431260,Muçum,1,4601,30.428167789610953,0.07142857142857142,1,0.9605,0.3092081431572847,1.5214,59413.8,9.2,0.06933275374918496
431261,Muitos Capões,1,2879,10.420284821118443,0,0,0.9656,0.3328123190922774,1.2156,330080.63,8.4,0.183049670024314
431262,Muliterno,0,1721,29.05287623474724,0,0,0.9440000000000001,0.5252275808638388,2.0337,41354.02,8.4,0.22661243463102848
431265,Não-Me-Toque,0,17898,40.78668007598614,0.0136986301369863,1,0.9737,0.25852050508436697,1.2222,164932.37,10.3,0.04967035422952285
431267,Nicolau Vergueiro,0,1932,15.527950310559007,0,0,0.9587,0.3578329882677709,1.8115,52703.4,8.5,0.14648033126293997
431270,Nonoai,0,13719,16.036154238647132,0.045454545454545456,1,0.9162,0.5649950190733047,1.0204,39315.84,8.4,0.1973175887455354
431275,Nova Alvorada,0,3163,18.969332911792602,0.16666666666666666,1,0.9514,0.16065971124459902,2.213,63845.18,8.7,0.06323110970597534
431280,Nova Araçá,0,4954,30.278562777553493,0.06666666666666667,1,0.9841,0.17315973624007536,1.0597,95836.69,8.5,0.0361324182478805
431290,Nova Bassano,0,9649,40.41869623795212,0.02564102564102564,1,0.9841,0.1410767955228521,1.0881,79288.88,8.4,0.033267696134314434
431295,Nova Boa Vista,1,2042,29.382957884427032,0,0,0.9834999999999999,0.1616062683643487,1.714,67476.11,9.2,0.03525954946131244
431300,Nova Bréscia,0,3044,39.42181340341656,0.08333333333333333,1,0.9795999999999999,0.3533453788874288,1.1498,50582.51,9.1,0.04204993429697766
431301,Nova Candelária,0,3061,26.135249918327343,0,0,0.9790000000000001,0.31963955134487637,1.1434,73796.7,9,0.022541653054557333
431303,Nova Esperança do Sul,0,4865,16.44398766700925,0,0,0.9670000000000001,0.4393285371702638,2.1582,40542.21,9.1,0.12929085303186022
431306,Nova Hartz,4,20088,11.449621664675428,0.043478260869565216,1,0.9682999999999999,0.3184903093057215,1.0454,52487.16,8.5,0.10608323377140581
431308,Nova Pádua,0,2343,12.804097311139564,0,0,0.9784999999999999,0.05896998150519277,0.7469,49459.48,9,0.028595817328211693
431310,Nova Palma,0,5586,34.01360544217687,0.05263157894736842,1,0.9767,0.2974251103950352,1.8796,54932.37,9.3,0.11188686000716076
431320,Nova Petrópolis,1,23300,40.772532188841204,0.010526315789473684,1,0.9862000000000001,0.09874821173104435,1.3519,47365.58,10,0.028240343347639484
431330,Nova Prata,3,25692,80.56982718355908,0.004830917874396135,1,0.9795,0.24430432300586435,1.2705,60691.1,10,0.07765063054647361
431333,Nova Ramada,0,2163,32.362459546925564,0,0,0.9626,0.28409616273693944,1.6181,94774.16,8.3,0.07165973185390662
431335,Nova Roma do Sul,0,3466,14.425851125216388,0,0,0.9738,0.03844489324870167,1.7671,59628.86,8.7,0.015579919215233698
431337,Nova Santa Rita,1,29024,16.5380374862183,0.020833333333333332,1,0.9703,0.45904538772510106,1.1456,111265.96,9.7,0.20672546857772878
431339,Novo Cabrais,0,3568,30.829596412556054,0.09090909090909091,1,0.9473,0.40886584454409564,1.9618,36907.08,8.2,0.1709641255605381
431340,Novo Hamburgo,29,227646,32.24304402449417,0.0013623978201634877,1,0.9775,0.26888934281003546,0.884,52434.84,10,0.1153062210625269
431342,Novo Machado,0,3198,34.39649781113196,0.09090909090909091,1,0.9505,0.3312747550552429,2.1888,44058.47,8,0.17229518449030645
431344,Novo Tiradentes,0,2146,51.25815470643057,0,0,0.9238,0.5365796831314072,1.6309,34181.18,8.3,0.19338303821062441
431346,Novo Xingu,0,1646,36.452004860267316,0,0,0.9548000000000001,0.3622924260834346,2.1263,41154.7,8.6,0.08444714459295262
431349,Novo Barreiro,0,4272,25.749063670411985,0.09090909090909091,1,0.9286,0.63332943196005,1.6385,28163.24,8.2,0.2762172284644195
431350,Osório,10,47396,32.281205164992826,0.006535947712418301,1,0.9721,0.3174213013756435,0.918,45192.63,10.1,0.17035192843277913
431360,Paim Filho,0,3629,44.08928079360705,0,0,0.9577,0.4816524295030771,1.9278,44841.86,8.2,0.13364563240562138
431365,Palmares do Sul,0,12844,13.235752102148863,0.058823529411764705,1,0.9486,0.47675957645593275,1.09,57603.14,8.4,0.274447212706322
431370,Palmeira das Missões,3,33216,31.61127167630058,0.009523809523809525,1,0.937,0.43401523362235067,1.1639,51430.76,9,0.21745544315992293
431380,Palmitinho,0,7839,44.64855211123868,0,0,0.93,0.37989539482076795,1.3394,33846.85,9,0.22094654930475827
431390,Panambi,4,43515,28.03630931862576,0.00819672131147541,1,0.9791,0.17290206442222988,1.0255,92180.09,10.5,0.06354130759508216
431395,Pantano Grande,0,10212,15.667841754798276,0,0,0.927,0.47006789398093746,1.2852,56464.39,8.3,0.26556991774383076
431400,Paraí,0,7194,58.381984987489574,0.023809523809523808,1,0.9825,0.15331062922806044,0.973,67869.88,9.7,0.03308312482624409
431402,Paraíso do Sul,0,6519,21.475686454977758,0,0,0.9412999999999999,0.3494656644679654,1.7448,35286.74,7.5,0.18699186991869918
431403,Pareci Novo,0,4319,18.52280620514008,0.125,1,0.981,0.1741722620977078,1.6207,36872.89,9.5,0.06783977772632553
431405,Parobé,8,52058,12.678166660263551,0.015151515151515152,1,0.9668000000000001,0.3823267637378821,1.0086,33154.28,9,0.1712705059741058
431406,Passa Sete,0,3983,7.532011046949536,0,0,0.9118,0.46679638463469747,2.1968,36308.92,7.1,0.17951292995229726
431407,Passo do Sobrado,1,6025,13.278008298755188,0,0,0.9604,0.28715076071922546,1.7427,46783.6,8.3,0.11551867219917013
431410,Passo Fundo,36,206215,58.143200058191695,8.340283569641367e-4,1,0.9754,0.2934291879834154,0.6509,68227.53,10.7,0.13403001721504254
431413,Paulo Bento,0,2144,18.65671641791045,0.25,1,0.9673999999999999,0.4139458955223881,1.6324,111267.68,8.4,0.03591417910447761
431415,Paverama,1,7978,13.787916771120582,0.09090909090909091,1,0.9621,0.2790381883512994,1.4257,37761.59,8,0.11820005013787917
431417,Pedras Altas,0,2061,14.55604075691412,0,0,0.9323,0.6608038169173541,1.6982,83867.92,7.8,0.28626880155264434
431420,Pedro Osório,0,7484,13.361838588989846,0.1,1,0.9359999999999999,0.5637025654730091,0.9353,32391.1,8.8,0.3050507749866382
431430,Pejuçara,1,3745,26.7022696929239,0.1,1,0.97,0.46372941700044507,1.8691,78260.03,9.5,0.12977303070761015
431440,Pelotas,31,325685,43.56970692540338,7.047216349541931e-4,1,0.9719,0.34507755448772076,0.9916,38322.06,10.3,0.172111088935628
431442,Picada Café,0,5351,9.344047841524949,0,0,0.9856,0.11183267924998443,1.9622,73528.66,9.8,0.011773500280321435
431445,Pinhal,0,2959,16.897600540723218,0,0,0.9238,0.42052495212346513,1.1828,52087.42,8.5,0.04258195336262251
431446,Pinhal da Serra,0,2248,13.345195729537366,0,0,0.9326000000000001,0.3956109134045077,1.5569,110772.2,8.8,0.22330960854092527
431447,Pinhal Grande,0,3805,26.281208935611037,0.1,1,0.9486,0.5901445466491458,1.8396,131668.27,8.2,0.18396846254927726
431449,Pinheirinho do Vale,0,4540,15.418502202643172,0,0,0.9161,0.5184838472834067,1.5418,30961.71,8,0.21497797356828194
431450,Pinheiro Machado,1,11214,24.968789013732835,0,0,0.9301,0.49842458831222874,1.5605,31915.07,8.5,0.2825040128410915
431454,Pinto Bandeira,0,2723,62.431142122658834,0.058823529411764705,1,0.9763,0.09171869261843554,1.2853,34202.82,8.6,0.03929489533602644
431455,Pirapó,0,2260,30.97345132743363,0,0,0.9013,0.576806784660767,1.5486,31865.35,7.9,0.18451327433628317
431460,Piratini,1,17504,14.853747714808044,0.038461538461538464,1,0.9285,0.49880979585618523,0.9997,42525.18,7.6,0.21069469835466179
431470,Planalto,0,10406,16.33672881030175,0.058823529411764705,1,0.9217,0.404205906848613,1.6817,31306.7,8.3,0.1783586392465885
431475,Poço das Antas,0,2171,23.030861354214647,0,0,0.9787,0.31306617534162445,1.6121,46418.25,8.8,0.004145555043758637
431477,Pontão,1,3296,18.203883495145632,0.16666666666666666,1,0.9617,0.4618476941747573,2.1237,82517.64,8.4,0.16049757281553398
431478,Ponte Preta,0,1575,19.047619047619047,0,0,0.9598,0.5304761904761904,2.2222,49725.38,7.8,0.036825396825396824
431480,Portão,6,34071,36.39458777259253,0.008064516129032258,1,0.9709,0.2906430688855625,0.5906,53320.33,9.2,0.12520912212732235
431490,Porto Alegre,284,1332845,53.92224902370493,1.3914011409489355e-4,1,0.9826,0.30634801245956333,0.9763,78586.94,11.4,0.15719082113824187
431500,Porto Lucena,0,4360,20.642201834862384,0,0,0.9298000000000001,0.38935397553516815,1.6055,29580.7,7.8,0.13027522935779817
431505,Porto Mauá,0,2142,32.6797385620915,0,0,0.9489,0.31325863678804855,1.6339,37141.41,8.2,0.161531279178338
431507,Porto Vera Cruz,0,1560,25.641025641025642,0.25,1,0.92489999999999994,0.5379273504273504,2.2435,31008.36,7.7,0.13141025641025642
431510,Porto Xavier,0,9938,36.224592473334674,0.027777777777777776,1,0.9336,0.5262796001878313,1.0565,23151.69,8.5,0.19571342322398874
431513,Pouso Novo,0,1739,17.25129384703853,0,0,0.9181,0.3798639064596512,2.0126,33297.22,8.1,0.07303047728579644
431514,Presidente Lucena,0,3077,19.499512512187195,0.16666666666666666,1,0.9779000000000001,0.10665150037915719,0.8531,120810.49,8.7,0.056548586285342865
431515,Progresso,0,5340,24.344569288389515,0.07692307692307693,1,0.924,0.3077247191011236,1.3108,33993.12,7.4,0.1404494382022472
431517,Protásio Alves,0,2025,14.814814814814815,0,0,0.9523,0.14646090534979422,1.7283,46102.73,8.3,0.05382716049382716
431520,Putinga,0,3747,13.344008540165465,0,0,0.9531000000000001,0.28400498176318834,1.8681,41034.89,8,0.06351748065118762
431530,Quaraí,1,23500,25.95744680851064,0.01639344262295082,1,0.9617,0.5959609929078015,1.1914,30640.71,9,0.23851063829787233
431531,Quatro Irmãos,0,1552,19.329896907216494,0,0,0.9433,0.390625,2.2551,87965.55,7.9,0.13208762886597938
431532,Quevedos,0,2507,19.94415636218588,0,0,0.9361,0.644927536231884,1.396,62326.69,7.9,0.24930195452732348
431535,Quinze de Novembro,0,3910,38.36317135549872,0,0,0.9758,0.2561167945439045,1.7902,44217.6,9.2,0.0948849104859335
431540,Redentora,1,9738,19.5111932635038,0,0,0.9072,0.6786643390155405,1.4376,21318.95,7.6,0.4596426370918053
431545,Relvado,0,1796,27.839643652561247,0,0,0.9653,0.5838901262063846,1.9487,42091.89,8,0.06848552338530067
431550,Restinga Seca,0,14939,20.751054287435572,0.03225806451612903,1,0.9478,0.45222237097529955,1.9914,43057.1,8.8,0.1982060378874088
431555,Rio dos Índios,0,2835,10.582010582010582,0.3333333333333333,1,0.898,0.679835390946502,1.2345,41149.89,7.3,0.2758377425044092
431560,Rio Grande,29,191900,21.208963001563315,0.002457002457002457,1,0.9673999999999999,0.43153943025881536,1.0518,73510.58,10,0.16706618030224074
431570,Rio Pardo,7,34654,23.66249206440815,0.012195121951219513,1,0.9431,0.4039528866316539,0.8587,36013.71,8.5,0.2531598083915277
431575,Riozinho,1,4473,17.88508830762352,0,0,0.9356,0.2686489306207616,1.5649,37060.5,7.4,0.11424100156494522
431580,Roca Sales,0,10418,17.277788443079285,0.05555555555555555,1,0.976,0.34375599923209826,2.2677,60146.95,8.8,0.08590900364753312
431590,Rodeio Bonito,0,6654,51.0970844604749,0.029411764705882353,1,0.9460999999999999,0.4345631700230438,1.5779,45258.46,8.9,0.1674180943793207
431595,Rolador,0,2291,39.2841553906591,0,0,0.9367,0.5224065182598574,1.5277,39897.55,8,0.159755565255347
431600,Rolante,0,21253,15.056697877946643,0.03125,1,0.9595,0.26409604918521307,1.1527,44747.02,7.9,0.1003623017926881
431610,Ronda Alta,0,9777,27.615833077631176,0.037037037037037035,1,0.9440999999999999,0.44409498482833865,1.7899,41200.33,8.9,0.16283113429477344
431620,Rondinha,0,4991,22.039671408535362,0.09090909090909091,1,0.9606,0.27067054030588394,2.1037,45625.31,9,0.10959727509517131
431630,Roque Gonzales,0,6576,34.97566909975669,0,0,0.9457,0.5775674168694241,1.0644,60333.5,8.3,0.15115571776155717
431640,Rosário do Sul,4,36630,22.93202293202293,0.011904761904761904,1,0.9506999999999999,0.4893575393575394,0.8599,40903.98,9.2,0.30644280644280647
431642,Sagrada Família,0,2480,20.161290322580644,0,0,0.9307,0.7134408602150537,1.4112,27057.45,8,0.22943548387096774
431643,Saldanha Marinho,0,2575,19.41747572815534,0,0,0.9647,0.44210355987055017,1.3592,66053.8,8.3,0.0749514563106796
431645,Salto do Jacuí,0,10203,30.383220621385867,0.03225806451612903,1,0.9335,0.5042716194583292,1.6294,58308.46,8.3,0.3229442320886014
431647,Salvador das Missões,0,2877,45.18595759471672,0,0,0.9865999999999999,0.3137237863515236,1.2165,56399.15,9.5,0.03510601320820299
431650,Salvador do Sul,1,6879,30.527692978630615,0.047619047619047616,1,0.9793999999999999,0.07474439114212336,1.0175,57513.58,9.2,0.02311382468382032
431660,Sananduva,0,16399,51.222635526556495,0.011904761904761904,1,0.9672,0.14939935361912313,0.9604,53537.23,9.3,0.03445332032441002
431670,Santa Bárbara do Sul,0,8122,22.16202905688254,0.05555555555555555,1,0.9584999999999999,0.4465238447016334,1.2927,107801.14,9.5,0.16239842403348928
431673,Santa Cecília do Sul,0,1674,11.947431302270012,0,0,0.9565,0.3872958980485862,2.0908,54576.52,8,0.08781362007168458
431675,Santa Clara do Sul,2,6887,21.78016552925802,0.06666666666666667,1,0.9787,0.16491215333236534,1.5246,62108.88,9.2,0.01364890373166836
431680,Santa Cruz do Sul,17,133230,60.34676874577798,0.0012437810945273632,1,0.9775,0.2309965223047862,0.8599,100540.49,10.5,0.1006079711776627
431690,Santa Maria,29,271735,39.965407474193604,9.208103130755065e-4,1,0.9790000000000001,0.30784465257205246,0.5744,40230.46,11.1,0.14316889616722175
431695,Santa Maria do Herval,0,6340,18.92744479495268,0,0,0.9795,0.11611461619348054,1.1041,42823.51,7.9,0.03548895899053628
431697,Santa Margarida do Sul,0,2596,19.26040061633282,0,0,0.9097,0.46106189008731385,1.3482,107207.28,7.7,0.23035439137134053
431700,Santana da Boa Vista,1,7024,15.660592255125284,0,0,0.9164,0.5913771829916477,0.9965,33831.05,7.2,0.30466970387243736
431710,Sant'Ana do Livramento,6,84421,25.230689046564244,0.004694835680751174,1,0.9712000000000001,0.47520265494762365,0.6426,37237.35,9.7,0.2592482913019272
431720,Santa Rosa,4,76963,42.48794875459637,0.0030581039755351682,1,0.9761,0.2758154351225047,0.8508,58864.08,10.2,0.0720216207788158
431725,Santa Tereza,0,1505,13.289036544850498,0,0,0.9786,0.08394241417497231,2.3255,35708.89,8.1,0.021926910299003323
431730,Santa Vitória do Palmar,7,30983,22.593034890101023,0.014285714285714285,1,0.9591,0.4187914878051404,1.4729,64252.62,9.1,0.19956104960784946
431740,Santiago,4,48938,44.75050063345458,0.0045662100456621,1,0.9673,0.2975857207078344,0.7867,38041.83,10.3,0.11669867996240141
431750,Santo Ângelo,14,76917,78.00616248683646,0.0016666666666666668,1,0.9706999999999999,0.3404113091600903,0.8179,43941.11,10.2,0.14316731021750717
431755,Santo Antônio do Palma,0,2091,9.564801530368245,0,0,0.9658,0.5206041766300016,1.6738,53766.03,8.8,0.04160688665710186
431760,Santo Antônio da Patrulha,9,42947,20.024681584278298,0.011627906976744186,1,0.9426000000000001,0.34255594104361187,0.8964,50733.01,8.8,0.15814841548885836
431770,Santo Antônio das Missões,0,10300,20.388349514563107,0,0,0.9290999999999999,0.5626051779935275,1.3592,42070.15,8.4,0.30029126213592233
431775,Santo Antônio do Planalto,0,2089,23.934897079942555,0,0,0.9656999999999999,0.36508696345939046,1.6754,79773.73,9.2,0.0880804212541886
431780,Santo Augusto,1,13902,27.33419651848655,0.02631578947368421,1,0.9396,0.44091977173548175,1.5105,52398.97,9,0.1488994389296504
431790,Santo Cristo,0,15320,30.678851174934724,0.02127659574468085,1,0.9754,0.1643548738033072,1.1422,50040.22,9.3,0.06631853785900783
431795,Santo Expedito do Sul,0,2349,38.31417624521073,0,0,0.9277,0.3336526181353768,1.4899,44928.64,8.5,0.07066836951894423
431800,São Borja,3,59676,33.849453716737045,0.0049504950495049506,1,0.9488,0.3826859485667047,1.1511,42737.25,9.3,0.12784033782425094
431805,São Domingos do Sul,0,2754,21.78649237472767,0,0,0.9743999999999999,0.2270636649721617,1.2708,47409.04,9.5,0.014524328249818447
431810,São Francisco de Assis,0,17618,18.730843455556816,0.030303030303030304,1,0.9338,0.48265031974874184,0.9933,33634.32,8.3,0.22652968554887049
431820,São Francisco de Paula,1,21893,16.900379116612616,0.02702702702702703,1,0.9523999999999999,0.32182661124560363,0.9592,54907.12,8.9,0.15653405198008497
431830,São Gabriel,8,58487,22.22716159146477,0.007692307692307693,1,0.9423,0.39803004656305385,1.1304,45872.18,9,0.16711405953459743
431840,São Jerônimo,4,21028,31.86227886627354,0.014925373134328358,1,0.9436,0.4150695897533448,0.9986,33872.85,9,0.22246528438272778
431842,São João da Urtiga,0,4461,24.658148397220355,0,0,0.9395,0.3484831502652619,0.7845,44443.23,8.2,0.05424792647388478
431843,São João do Polêsine,0,2649,30.20007550018875,0.125,1,0.9762000000000001,0.3735057254309802,1.3212,44534.87,9.4,0.154397885994715
431844,São Jorge,0,2912,24.03846153846154,0,0,0.9761,0.22063873626373626,1.2019,38857.73,9.3,0.04361263736263736
431845,São José das Missões,0,2362,25.402201524132092,0,0,0.9220999999999999,0.6098645215918713,1.4817,32295.3,7.4,0.25359864521591874
431846,São José do Herval,0,1902,36.80336487907466,0,0,0.8976999999999999,0.42674377847879424,1.8401,29281.8,7.7,0.27917981072555204
431848,São José do Hortêncio,0,4447,13.492241960872498,0,0,0.9826999999999999,0.10731954126377333,0.787,33538.58,9,0.01933888014391725
431849,São José do Inhacorá,0,2406,33.25020781379884,0.125,1,0.9723999999999999,0.44873926295372685,1.4546,88984.64,8.8,0.02535328345802161
431850,São José do Norte,0,25443,12.970168612191959,0.030303030303030304,1,0.8826,0.5658301562970823,1.1692,50051.63,7,0.2083873757025508
431860,São José do Ouro,0,6834,67.31050629206906,0.021739130434782608,1,0.9484999999999999,0.2872280753097259,1.5364,62370.16,9.4,0.10842844600526778
431861,São José do Sul,0,2380,29.41176470588235,0.14285714285714285,1,0.982,0.13067226890756303,1.4705,46854.47,8.9,0.04159663865546218
431862,São José dos Ausentes,0,4172,28.763183125599234,0.08333333333333333,1,0.9612,0.4525806967082135,1.6778,42468.17,7.5,0.26294343240651963
431870,São Leopoldo,32,217409,22.814142928765598,0.0020161290322580645,1,0.9762000000000001,0.3564912982749871,0.6703,54003.8,10.1,0.17902662723254328
431880,São Lourenço do Sul,4,41989,18.576293791231038,0.01282051282051282,1,0.9605,0.2972584089483754,1.1669,40953.48,8.5,0.14082259639429373
431890,São Luiz Gonzaga,6,34752,39.134438305709025,0.007352941176470588,1,0.9570000000000001,0.41989669659300183,1.0676,49291.83,9.7,0.1529408379373849
431900,São Marcos,1,21084,39.8406374501992,0.011904761904761904,1,0.9795999999999999,0.14978577752482136,1.162,70610.77,9.2,0.06118383608423449
431910,São Martinho,0,5481,16.420361247947454,0.1111111111111111,1,0.9594,0.3920209207565529,1.2771,55635.65,8.9,0.07717569786535304
431912,São Martinho da Serra,0,2860,17.482517482517483,0,0,0.9253,0.5767773892773892,1.2237,73849.59,8.1,0.33076923076923076
431915,São Miguel das Missões,1,7056,36.848072562358276,0.038461538461538464,1,0.9484,0.4279454837490552,1.488,73296.83,8.1,0.2638888888888889
431920,São Nicolau,0,5118,17.584994138335286,0,0,0.8974,0.6187801224436629,1.3677,34925.55,7.2,0.3983978116451739
431930,São Paulo das Missões,0,5846,17.105713308244955,0,0,0.9497,0.411663245524005,1.796,36726.43,8.5,0.17516250427642832
431935,São Pedro da Serra,0,3548,16.910935738444195,0.16666666666666666,1,0.9732,0.094020105223600145,1.7263,34569.02,9.3,0.015783540022547914
431936,São Pedro das Missões,0,1757,28.457598178713717,0,0,0.9163,0.5581957882754696,1.992,41497.43,8,0.22253841775754127
431937,São Pedro do Butiá,0,3070,22.80130293159609,0,0,0.9811,0.1995656894679696,1.14,45434.93,9.6,0.0511400651465798
431940,São Pedro do Sul,1,15577,22.469024844321755,0.02857142857142857,1,0.9623,0.48580171620551665,1.1234,32471.16,9,0.21724337163767093
431950,São Sebastião do Caí,2,24428,23.74324545603406,0.017241379310344827,1,0.97,0.3042853828939468,0.8238,45995.08,9.3,0.11937121336171606
431960,São Sepé,3,21219,15.552099533437014,0.030303030303030304,1,0.9447,0.39492121840488875,1.1133,49932.09,9,0.17003628823224468
431970,São Valentim,0,3264,21.44607843137255,0.14285714285714285,1,0.9208,0.3979013480392157,2.1446,38259.16,8.3,0.0897671568627451
431971,São Valentim do Sul,0,2207,31.717263253285,0.14285714285714285,1,0.9831,0.13789457785832954,1.5858,38448.9,8.3,0.03307657453556864
431973,São Valério do Sul,0,2543,19.66181675186787,0,0,0.9070999999999999,0.786996985188098,1.3763,26677.39,7.9,0.4962642548171451
431975,São Vendelino,0,2251,22.21235006663705,0.2,1,0.9867,0.20205834443950835,1.5548,46784.09,9.4,0.019991115059973346
431980,São Vicente do Sul,0,8097,28.405582314437446,0.043478260869565216,1,0.9549,0.4192705117121568,1.7348,58032.06,9,0.2421884648635297
431990,Sapiranga,13,75648,18.771150592216582,0.007042253521126761,1,0.9723999999999999,0.29047914904117317,0.7171,61786.88,9.1,0.13922377326565144
432000,Sapucaia do Sul,17,132107,21.42202911276465,0.0035335689045936395,1,0.9736,0.34712833788772235,0.9473,35799.83,10,0.17964982930503304
432010,Sarandi,3,22851,39.38558487593541,0.011111111111111112,1,0.9698,0.3499445684361005,1.3019,62476.94,9.6,0.13754321473896108
432020,Seberi,1,11950,34.30962343096234,0.024390243902439025,1,0.9512999999999999,0.40923988842398884,1.1715,69246.5,8.9,0.14928870292887028
432023,Sede Nova,0,2704,14.792899408284024,0,0,0.9312999999999999,0.6024716469428008,1.2943,45338.29,8.3,0.13794378698224852
432026,Segredo,0,6009,24.962556165751373,0.06666666666666667,1,0.9167000000000001,0.5093886947356743,1.1649,30235.64,7.8,0.2594441670827093
432030,Selbach,0,5107,19.58096729978461,0,0,0.9721,0.2704784283010247,1.1993,56160.1,9.7,0.0832191110240846
432032,Senador Salgado Filho,0,2673,18.705574261129815,0,0,0.9533,0.3431225838633246,1.3093,34939.55,7.9,0.11410400299289188
432035,Sentinela do Sul,0,5306,9.423294383716547,0,0,0.9362999999999999,0.4148134187712024,1.4841,33904.52,7.8,0.2393516773464003
432040,Serafina Corrêa,4,16961,76.64642414951949,0.007692307692307693,1,0.9784999999999999,0.18701236169251026,1.1349,58281.73,9.1,0.04321679146276752
432045,Sério,0,1941,25.75991756826378,0,0,0.9083,0.2814270994332818,1.8031,36233.21,7.3,0.09015971148892324
432050,Sertão,0,5541,27.070925825663238,0.06666666666666667,1,0.9693,0.2880948083980028,1.2633,70296.69,9.1,0.13174517235156108
432055,Sertão Santana,0,5863,37.5234521575985,0.045454545454545456,1,0.9531000000000001,0.3549377451816476,2.0893,58770.38,8.3,0.1661265563704588
432057,Sete de Setembro,0,1830,21.85792349726776,0.25,1,0.9571999999999999,0.30104735883424405,1.9125,42178.05,7.5,0.13060109289617486
432060,Severiano de Almeida,0,3406,26.423957721667644,0.1111111111111111,1,0.9673999999999999,0.4016196907418282,2.0551,41812.24,8.6,0.05137991779213153
432065,Silveira Martins,0,2028,24.65483234714004,0,0,0.9632999999999999,0.3396614069690993,1.7258,35603.6,9.3,0.1854043392504931
432067,Sinimbu,0,8578,16.320820704126834,0.07142857142857142,1,0.9445999999999999,0.3189943265718505,1.636,29013.34,6.9,0.17871298671018884
432070,Sobradinho,0,14226,56.93800084352594,0.012345679012345678,1,0.9528,0.30335887342424667,1.2301,36780.55,9.3,0.13679178968086603
432080,Soledade,1,29991,43.67977059784602,0.007633587786259542,1,0.9451,0.47235837417892035,1.0794,43774.55,9.6,0.20019339135073855
432085,Tabaí,0,4461,24.658148397220355,0,0,0.9466,0.2896024807591721,1.5691,39510.08,7.9,0.13561981618471194
432090,Tapejara,0,24557,58.23186871360508,0.006993006993006993,1,0.9771,0.3402084945229466,1.0689,76169.6,9.9,0.08751068941645966
432100,Tapera,1,10592,35.87613293051359,0.02631578947368421,1,0.9544,0.23505947885196374,1.3217,55150.03,9.6,0.054852719033232626
432110,Tapes,2,14695,32.66417148690031,0.020833333333333332,1,0.9433,0.43039015538164904,0.9527,43150.07,8.9,0.18053759782238857
432120,Taquara,2,53242,22.91424063709102,0.00819672131147541,1,0.9673,0.23572085947184554,0.9861,34105.46,9.4,0.1178017354719958
432130,Taquari,0,25198,32.54226525914755,0.012195121951219513,1,0.9549,0.3160965155964759,0.8333,44596.6,9.6,0.16854512262878008
432132,Taquaruçu do Sul,1,3119,19.23693491503687,0,0,0.9487000000000001,0.29611520786576895,1.1221,60383.86,9.3,0.0936197499198461
432135,Tavares,2,5212,13.43054489639294,0,0,0.9148999999999999,0.49972819135328733,2.0145,26079.1,7.3,0.2319646968534152
432140,Tenente Portela,0,14497,40.69807546388908,0.01694915254237288,1,0.9423999999999999,0.41393046837276676,0.9657,42416.61,9.5,0.25508725943298616
432143,Terra de Areia,2,10334,28.062705631894715,0.034482758620689655,1,0.9545999999999999,0.4813802335333204,1.016,33149.81,8.2,0.25033868782659185
432145,Teutônia,2,32797,32.62493520748849,0.009345794392523364,1,0.9863,0.18849284995578863,0.7736,61083.35,9.2,0.04097935786809769
432146,Tio Hugo,0,3267,12.243648607284971,0,0,0.9642000000000001,0.1377920620344863,1.0713,53124.85,9.2,0.05999387817569636
432147,Tiradentes do Sul,0,5129,9.748488984207448,0.2,1,0.9401,0.3455676870085137,1.3647,31775.25,7.8,0.09709495028270618
432149,Toropi,0,2554,23.492560689115113,0,0,0.9588,0.5477682067345341,1.3703,32225.47,5.9,0.13390759592795615
432150,Torres,1,41751,37.12485928480755,0.0064516129032258064,1,0.9716,0.3143198166910174,0.8173,43963.72,10.2,0.15786448228784938
432160,Tramandaí,11,54387,24.822108224391858,0.007407407407407408,1,0.9756999999999999,0.3899798358676399,0.6435,29046.01,9.8,0.1930792284921029
432162,Travesseiro,2,2152,23.234200743494423,0,0,0.9719,0.2910470879801735,1.6263,39999,7.8,0.013011152416356878
432163,Três Arroios,0,2591,23.15708220764184,0.16666666666666666,1,0.9708,0.23488357133667825,1.3508,51829.66,8.3,0.013122346584330374
432166,Três Cachoeiras,0,10962,20.069330414158,0.045454545454545456,1,0.9673999999999999,0.19820744389709907,1.9157,34006.87,8.8,0.08118956394818463
432170,Três Coroas,3,24425,23.336745138178095,0.017543859649122806,1,0.9684,0.2148174684408052,0.9876,43732.17,8.5,0.07508700102354145
432180,Três de Maio,0,24916,59.39958259752769,0.006756756756756757,1,0.9704999999999999,0.32057379461657837,1.4047,61208.96,10,0.11538770268100819
432183,Três Forquilhas,0,2760,18.115942028985508,0,0,0.9226000000000001,0.525030193236715,1.2681,28694.49,7.7,0.2702898550724638
432185,Três Palmeiras,0,4716,14.843087362171332,0,0,0.9372,0.5744098105739327,1.4843,35178.23,8,0.22094995759117897
432190,Três Passos,2,25436,45.21151124390627,0.008695652173913044,1,0.9649,0.2652867327147874,1.1159,48279.28,9.7,0.12159930806730618
432195,Trindade do Sul,0,7556,15.881418740074114,0,0,0.9311,0.40591362272807485,1.3896,53405.36,9,0.12175754367390154
432200,Triunfo,2,27498,24.72907120517856,0.014705882352941176,1,0.9568000000000001,0.43169503236599027,1.1455,275341.31,9.1,0.20550585497127064
432210,Tucunduva,0,5542,39.69686033922772,0,0,0.9621,0.22924936845904006,1.263,41711.02,9.3,0.09256586070010826
432215,Tunas,0,3681,13.583265417006249,0,0,0.8504999999999999,0.5743004618310241,1.9016,25604.56,7.1,0.3113284433577832
432218,Tupanci do Sul,0,1374,50.946142649199416,0,0,0.9405,0.5175278990781175,2.5473,58077.29,8.4,0.09606986899563319
432220,Tupanciretã,1,20005,24.993751562109473,0.02,1,0.9542,0.52094892943430815,0.9622,63746.76,8.6,0.2512371907023244
432225,Tupandi,0,5029,19.884668920262477,0.1,1,0.9848,0.09181745873931199,1.2179,120151.94,9.1,0.033406243786040964
432230,Tuparendi,0,8363,39.45952409422456,0.030303030303030304,1,0.9684999999999999,0.2404440192913229,1.2555,44841.03,9.3,0.07294033241659692
432232,Turuçu,1,3419,17.54899093302135,0,0,0.9423999999999999,0.40889148873939746,2.0473,47185.14,7.7,0.15998830067271133
432234,Ubiretama,0,1994,10.030090270812437,0,0,0.9671,0.39393179538615847,1.7552,36873.63,8.4,0.09829488465396188
432235,União da Serra,0,1170,17.094017094017094,0,0,0.9681000000000001,0.12628205128205128,2.9914,54968.08,8,0.042735042735042736
432237,Unistalda,0,1995,20.050125313283207,0,0,0.9381999999999999,0.40459482038429406,1.7543,35608.02,8,0.31027568922305765
432240,Uruguaiana,17,117210,33.61487927651224,0.0025380710659898475,1,0.9712999999999999,0.4083589284190769,0.7777,33406.32,10.1,0.23606347581264397
432250,Vacaria,9,64197,43.61574528404754,0.0035714285714285713,1,0.9701000000000001,0.38827489342700333,0.7769,57655.85,9.5,0.1869401996978052
432252,Vale Verde,0,3150,12.698412698412698,0,0,0.9351999999999999,0.44603174603174606,1.1111,49796.88,7.2,0.16253968253968254
432253,Vale do Sol,1,9897,14.145700717389108,0.07142857142857142,1,0.9501000000000001,0.3346805429254656,1.4138,38425.44,7.2,0.13620288976457512
432254,Vale Real,0,6058,26.411356883459888,0,0,0.9821,0.31172279080004406,1.7332,49206.2,9.2,0.027896995708154508
432255,Vanini,0,2004,9.980039920159681,0,0,0.9511,0.2238855622089155,1.7465,40780.39,8.9,0.04341317365269461
432260,Venâncio Aires,7,68763,50.60861218969504,0.0028735632183908046,1,0.9634999999999999,0.266613828173097,0.7456,68105.43,9.4,0.11548361764320929
432270,Vera Cruz,2,26710,29.95132909022838,0.0125,1,0.9693999999999999,0.287083489329839,1.2119,42177.75,9.4,0.14440284537626358
432280,Veranópolis,1,24021,82.0115732067774,0.005076142131979695,1,0.9837,0.14893218433870364,0.8378,99721.8,9.5,0.03455309937138337
432285,Vespasiano Correa,0,1818,33.00330033003301,0.16666666666666666,1,0.9595,0.29038320498716536,1.9251,57397.31,8.2,0.0121012101210121
432290,Viadutos,0,4769,25.162507863283707,0.08333333333333333,1,0.9556999999999999,0.24135038792199623,1.4687,40122.4,8.4,0.07569721115537849
432300,Viamão,38,224112,7.362390233454701,0.006060606060606061,1,0.971,0.4246433330953571,0.7109,24741.59,9.5,0.22801099450274862
432310,Vicente Dutra,0,4665,15.005359056806002,0,0,0.9175,0.6428188638799571,1.5005,31696.42,7.7,0.4012861736334405
432320,Victor Graeff,0,2780,28.776978417266186,0.125,1,0.9804,0.18378297362110313,1.2589,84803.43,9.7,0.04820143884892086
432330,Vila Flores,0,3646,19.199122325836534,0,0,0.9745999999999999,0.13501097092704334,1.4399,103321.16,9,0.029621503017004936
432335,Vila Lângaro,0,2079,24.05002405002405,0,0,0.96,0.2952541285874619,1.6835,74685.33,8.6,0.030303030303030304
432340,Vila Maria,0,4413,22.660321776569226,0,0,0.963,0.2413890777249037,1.5862,89190.93,8.9,0.05347835939270338
432345,Vila Nova do Sul,0,3863,15.531969971524722,0,0,0.9397,0.5350547933385106,1.359,56302.82,8,0.38079213046854776
432350,Vista Alegre,0,2660,18.796992481203006,0.2,1,0.9449,0.35986842105263156,1.3157,51573.3,9.3,0.10751879699248121
432360,Vista Alegre do Prata,0,1590,31.446540880503143,0.2,1,0.9793000000000001,0.5034591194968554,2.2012,48029.48,6.9,0.03962264150943396
432370,Vista Gaúcha,0,2783,14.37297879985627,0,0,0.9595999999999999,0.4057072703317762,1.2576,33868.38,9.4,0.1487603305785124
432375,Vitória das Missões,3,3260,24.539877300613497,0,0,0.9328,0.44028629856850715,2.1511,27372.91,7.4,0.18343558282208589
432377,Westfalia,0,3098,19.367333763718527,0.16666666666666666,1,0.9895,0.19994082203572197,1.977,75751.52,9.2,0.017753389283408652
432380,Xangri-lá,3,16463,28.548867156654318,0.02127659574468085,1,0.9799,0.3907550264228877,1.0629,55561.2,10.1,0.1445058616291077
500020,Água Clara,1,16741,19.11474822292575,0.03125,1,0.9395,0.6051759154172391,0.8398,92266.49,8.8,0.2782987874081596
500025,Alcinópolis,0,4537,37.46969363015208,0,0,0.9126000000000001,0.7043935052531042,1.35,84718.55,7.9,0.2867533612519286
500060,Amambai,12,39325,28.73490146217419,0.008849557522123894,1,0.9153,0.68252383979656706,0.8571,61697.68,8.3,0.3679847425301971
500070,Anastácio,1,24114,9.123330845152195,0.045454545454545456,1,0.9102,0.6246440518647535,1.3062,32505.64,8.1,0.30185784191755827
500080,Anaurilândia,1,7653,18.293479681170783,0.07142857142857142,1,0.9148999999999999,0.5980225619582735,1.372,81498.79,8.2,0.2401672546713707
500085,Angélica,0,10729,16.776959642091526,0.05555555555555555,1,0.9152,0.5691505887470097,1.3048,115898.15,7.9,0.24149501351477304
500090,Antônio João,3,9303,21.49844136300118,0.05,1,0.892,0.6563384571285249,1.1286,91559.82,7.5,0.27002042351929484
500100,Aparecida do Taboado,2,27674,28.185300281853003,0.01282051282051282,1,0.9333,0.44602334321023346,0.8853,79107.53,8.8,0.20828214208282142
500110,Aquidauana,7,46803,28.84430485225306,0.007407407407407408,1,0.9329999999999999,0.694556616741092,1.2832,30712.79,8.9,0.3447214922120377
500124,Aral Moreira,0,10748,14.8864905098623,0.0625,1,0.8887999999999999,0.6639374767398586,1.3025,125488.62,7.4,0.43282471157424635
500150,Bandeirantes,0,7940,11.335012594458439,0.1111111111111111,1,0.927,0.5308249370277078,1.2122,126114.13,8.2,0.2835012594458438
500190,Bataguassu,2,23031,28.222830098562806,0.015384615384615385,1,0.9347,0.6657295239749323,1.0821,79975.57,8.9,0.2349007858972689
500200,Batayporã,0,10712,18.670649738610905,0.05,1,0.9059999999999999,0.6564911625591237,1.6336,73266.37,8.4,0.2863144137415982
500210,Bela Vista,2,21613,15.731272845046963,0.029411764705882353,1,0.9274,0.6529789170098244,1.2145,54425.6,8.7,0.38273261463008373
500215,Bodoquena,0,8567,17.509046340609316,0.06666666666666667,1,0.9111,0.5383642659818685,1.2256,45105.66,8.6,0.27384148476712966
500220,Bonito,2,23659,13.94818039646646,0.030303030303030304,1,0.9342,0.48388210265297205,0.7403,67060.18,8.6,0.24176846020541864
500230,Brasilândia,1,11579,31.090767769237413,0.027777777777777776,1,0.9347,0.5395759564729251,1.209,100130.97,8.6,0.2645306157699283
500240,Caarapó,1,30612,22.54018032144257,0.014492753623188406,1,0.9201,0.4645536608737314,1.029,83401.45,8.2,0.21752907356592185
500260,Camapuã,0,13583,28.712361039534713,0.02564102564102564,1,0.9362999999999999,0.5899592628039952,1.546,64218.25,8.4,0.2729146727527056
500270,Campo Grande,165,898100,14.909252867164012,7.468259895444362e-4,1,0.9709,0.4603311620829158,0.8939,47065.77,10.5,0.18270348513528561
500280,Caracol,0,5036,17.871326449563146,0.1111111111111111,1,0.9270999999999999,0.8056493248610008,2.0849,49870.46,8.1,0.40885623510722796
500290,Cassilândia,4,20988,42.88164665523156,0.011111111111111112,1,0.9259999999999999,0.4936709865955149,1.308,50503.78,8.8,0.1673813607775872
500295,Chapadão do Sul,3,30993,34.20127125479947,0.009433962264150943,1,0.9677,0.3999854805923918,0.9034,107428.37,10.2,0.13893459813506276
500310,Corguinho,0,4783,16.7259042441982,0,0,0.9133,0.4979789532371594,2.1952,36075.99,7.3,0.20572862220363788
500315,Coronel Sapucaia,1,14289,13.296941703408216,0,0,0.8495999999999999,0.9217171717171717,0.9797,27170.62,6.2,0.6249562600601861
500320,Corumbá,7,96268,18.80167864711015,0.0055248618784530384,1,0.9534999999999999,0.6596446032603426,1.0195,43497.63,9.7,0.33851331699006937
500325,Costa Rica,3,26037,26.884817759342475,0.014285714285714285,1,0.9335,0.6377142783986891,0.9409,128336.26,9.2,0.2740331067327265
500330,Coxim,4,32151,26.126714565643372,0.011904761904761904,1,0.9247,0.568357127305527,1.0002,43570.44,8.7,0.26375540418649496
500345,Deodápolis,0,13663,31.471858303447267,0.023255813953488372,1,0.9168000000000001,0.47911634828856525,1.7931,52157.9,8.9,0.1827563492644368
500348,Dois Irmãos do Buriti,2,11100,18.91891891891892,0,0,0.9045000000000001,0.6420195195195195,1.3763,41151.08,7.9,0.39144144144144144
500350,Douradina,0,5578,26.891358910003586,0.06666666666666667,1,0.9229999999999999,0.6865214533285526,1.2549,46611.53,8.2,0.22839727500896378
500370,Dourados,48,243367,38.871334240057195,0.0010570824524312897,1,0.9597,0.3573748700522256,0.8686,83240.35,10.2,0.17364720771509695
500375,Eldorado,3,11386,19.321974354470402,0.045454545454545456,1,0.9074,0.6920853094443469,1.2295,61882.31,8.2,0.22141226067099948
500380,Fátima do Sul,1,20609,25.716919792323743,0.018867924528301886,1,0.9238,0.5251306063693855,1.189,37329.97,9.1,0.1744868746664079
500390,Figueirão,0,3539,25.430912687199775,0,0,0.9098,0.5114674578506169,0.9889,52793.14,7.9,0.2639163605538288
500400,Glória de Dourados,0,10444,44.044427422443505,0.021739130434782608,1,0.9161,0.5054736371760501,1.3432,43080.26,8.4,0.17550746840291076
500410,Guia Lopes da Laguna,2,9940,15.090543259557345,0.06666666666666667,1,0.9129999999999999,0.6534875922199866,1.0563,48048.27,8.1,0.32515090543259556
500430,Iguatemi,2,13808,19.55388180764774,0.037037037037037035,1,0.8939,0.6039312958671302,1.1406,69712.72,7.8,0.2668018539976825
500440,Inocência,0,8404,23.798191337458352,0,0,0.9151,0.5284388386482627,1.668,112601.94,8.4,0.1776534983341266
500450,Itaporã,0,24137,12.429050834817915,0.03333333333333333,1,0.9225,0.26424507326234964,1.015,63208.12,8.2,0.08310891991548246
500460,Itaquiraí,1,19423,9.267363435102713,0,0,0.8959999999999999,0.6133707460227565,1.4448,79624.8,7.5,0.1851413272923853
500470,Ivinhema,6,27821,44.57064807160059,0.008064516129032258,1,0.9347,0.355046547571978,1.2265,72084.71,9,0.12778117249559684
500480,Japorã,0,8148,9.818360333824252,0,0,0.8497,0.8482449680903289,1.6108,29722.04,7.2,0.6149975454099166
500490,Jaraguari,0,7139,7.003782042302843,0,0,0.9289000000000001,0.46886818882196385,1.4707,100532.36,8.2,0.15800532287435215
500500,Jardim,4,23981,30.857762395229557,0.013513513513513514,1,0.9322,0.5264097966445659,1.0532,47130.54,8.7,0.19886576873358075
500510,Jateí,0,3586,36.25209146681539,0.07692307692307693,1,0.9136,0.5903513664249861,1.9634,203563.32,8.9,0.27467930842163973
500515,Juti,0,6729,20.805468866101947,0,0,0.8924,0.7007480061425669,1.0402,76969.79,7.7,0.35770545400505277
500520,Ladário,1,21522,9.292816652727442,0.05,1,0.9586,0.5139314809652139,1.1383,19546.76,8.3,0.3045720657931419
500525,Laguna Carapã,1,6799,20.591263421091337,0,0,0.9063,0.5271731136931902,1.5443,184975.76,8.1,0.2976908368877776
500540,Maracaju,2,45047,17.31524851821431,0.01282051282051282,1,0.956,0.3950170562597583,0.8546,131446.32,8.7,0.12893200435101115
500560,Miranda,3,25536,14.489348370927319,0.02702702702702703,1,0.9076000000000001,0.684827302631579,1.0964,30640.46,7.1,0.490718984962406
500568,Mundo Novo,2,19193,17.193768561454696,0.030303030303030304,1,0.9123,0.6641353618506747,1.0941,53050.34,8.4,0.25983431459386236
500570,Naviraí,5,50457,33.89024317735894,0.005847953216374269,1,0.9270999999999999,0.4974367613347339,0.9675,72739.3,9,0.22242701706403473
500580,Nioaque,3,13220,12.85930408472012,0,0,0.9186,0.7176059001512859,1.3237,46806.69,7.9,0.3552950075642965
500600,Nova Alvorada do Sul,1,21822,17.41361928329209,0.02631578947368421,1,0.9361,0.5276212079552745,1.2029,118807.4,8,0.21313353496471452
500620,Nova Andradina,11,48563,42.419125671807755,0.0048543689320388345,1,0.9404,0.5335886717597074,1.045,73486.9,9.5,0.21734653954656838
500625,Novo Horizonte do Sul,0,4721,12.709171785638636,0,0,0.897,0.38062204335239713,1.4827,95506.52,7.9,0.16945562380851514
500627,Paraíso das Águas,0,5510,30.852994555353902,0,0,0.9281,0.4526164549304295,1.588,252215.19,8.3,0.13883847549909256
500630,Paranaíba,3,40957,40.04199526332495,0.006097560975609756,1,0.925,0.5231950582318041,1.0254,49127.28,8.9,0.1824108211050614
500635,Paranhos,1,12921,17.026545932977324,0.045454545454545456,1,0.8601000000000001,0.7659559373629492,0.8126,28727.08,6.6,0.550576580760003
500640,Pedro Gomes,0,6941,17.2885751332661,0.08333333333333333,1,0.8945000000000001,0.6105388272583201,1.0085,66407.5,7.6,0.3264659270998415
500660,Ponta Porã,19,92017,18.36617146831564,0.005917159763313609,1,0.9409000000000001,0.7038119767724079,0.8154,65963.79,9.4,0.320484258343567
500690,Porto Murtinho,3,12859,13.997978069834357,0,0,0.9098999999999999,0.6574902143764418,1.633,44444.41,7.9,0.34582782486974106
500710,Ribas do Rio Pardo,3,23150,21.598272138228943,0.02,1,0.9351,0.4810511159107272,1.0205,144850.38,8.3,0.17127429805615552
500720,Rio Brilhante,2,37601,32.44594558655355,0.00819672131147541,1,0.9365000000000001,0.42460306906731204,1.0916,101963.01,8.9,0.15808090210366746
500730,Rio Negro,1,4841,22.72257797975625,0.09090909090909091,1,0.9134,0.654031536183984,1.4459,35196.38,8.5,0.21607105969840942
500740,Rio Verde de Mato Grosso,2,19818,19.67907962458371,0.02564102564102564,1,0.9087000000000001,0.6395742927305144,1.4128,46755.3,8.4,0.2873145625189222
500750,Rochedo,1,5199,11.54068090017311,0,0,0.9076000000000001,0.6751298326601269,1.3464,67770.12,7.6,0.27601461819580686
500755,Santa Rita do Pardo,2,7027,17.07698875764907,0,0,0.9154000000000001,0.5339167971158864,1.2451,91499.45,7.8,0.16578909918884305
500769,São Gabriel do Oeste,7,29579,27.046215220257615,0.0125,1,0.9573999999999999,0.5200818148010413,1.1832,97496.54,9.1,0.13408161195442714
500770,Sete Quedas,0,10994,14.553392759687101,0,0,0.8734000000000001,0.40860166151234006,0.955,44929,7.4,0.17136619974531564
500780,Selvíria,0,8142,19.651191353475806,0.0625,1,0.9297,0.5337447801522968,1.2896,330535.28,8.4,0.14640137558339475
500790,Sidrolândia,5,47118,15.280784413599898,0.013888888888888888,1,0.9372,0.5521598256858667,0.9656,87065.38,8.2,0.233817224839764
500793,Sonora,0,14516,25.48911545880408,0.02702702702702703,1,0.9181,0.45597960870763293,1.3864,102582.85,8.6,0.1912372554422706
500795,Tacuru,0,10808,15.729089563286454,0.058823529411764705,1,0.8440000000000001,0.72710029607698,0.9715,34988.08,5,0.5131384159881569
500797,Taquarussu,0,3625,24.82758620689655,0,0,0.8876999999999999,0.6631724137931034,1.931,59412.2,7.9,0.27751724137931033
500800,Terenos,0,17652,11.330160888284613,0.05,1,0.9273,0.5647565903769167,1.3879,76396.11,7.6,0.21549966009517335
500830,Três Lagoas,15,132152,31.327562201101763,0.0024154589371980675,1,0.9617,0.4703189004580584,1.0994,111703.31,10,0.17012985047521037
500840,Vicentina,2,6336,22.095959595959595,0.07142857142857142,1,0.8981,0.6250920664983165,1.1047,60721.89,8.7,0.23137626262626262
510010,Acorizal,1,5014,19.94415636218588,0.1,1,0.8956999999999999,0.8210344369099855,1.9196,33780.05,8.6,0.5031910650179497
510020,Água Boa,4,29219,31.828604675040214,0.010752688172043012,1,0.9440999999999999,0.44028999395370594,1.5272,84866.53,9.9,0.11903213662342996
510025,Alta Floresta,2,58613,37.36372477095525,0.0045662100456621,1,0.9420000000000001,0.3979421516273409,1.0151,51773.38,9.2,0.18802995922406293
510030,Alto Araguaia,1,17193,25.010178561042284,0.023255813953488372,1,0.9201999999999999,0.4894482250528316,1.5776,118455.7,9.5,0.17722328854766475
510035,Alto Boa Vista,0,5715,36.74540682414698,0.047619047619047616,1,0.9159,0.6152085156022163,1.8372,53846.44,9,0.3219597550306212
510040,Alto Garças,1,13052,15.323322096230463,0.05,1,0.9412999999999999,0.473937583001328,1.0726,94491.89,8.4,0.255516395954643
510050,Alto Paraguai,0,8009,13.734548632788114,0.09090909090909091,1,0.9059999999999999,0.6722749406917218,2.185,21382.31,7.9,0.3838182045199151
510060,Alto Taquari,0,10904,20.176082171680118,0.045454545454545456,1,0.9444,0.4421007581315725,0.9629,109576.84,9.4,0.1378393250183419
510080,Apiacás,0,8590,18.62630966239814,0.0625,1,0.884,0.5671129220023283,1.2223,33929.36,7.9,0.21140861466821886
510100,Araguaiana,0,3795,26.350461133069828,0.1,1,0.9129999999999999,0.4596837944664032,0.9222,44533.57,9,0.22555994729907775
510120,Araguainha,0,1010,49.504950495049506,0.2,1,0.8709,0.6272277227722772,3.4653,30788.97,9,0.3099009900990099
510125,Araputanga,1,14786,22.994724739618558,0.029411764705882353,1,0.9057,0.4167962937914243,1.1835,58458.15,8.9,0.19518463411335046
510130,Arenápolis,1,10576,28.3661119515885,0.03333333333333333,1,0.905,0.4672607791225416,1.3237,30774.11,9.2,0.21558245083207261
510140,Aripuanã,3,24626,18.273369609355964,0.022222222222222223,1,0.9466,0.41084964400768836,0.8527,58959.47,8.3,0.2369040851132949
510160,Barão de Melgaço,1,7253,15.166138149731145,0.09090909090909091,1,0.8545999999999999,0.7752654074176203,1.4476,19806.58,7.3,0.554391286364263
510170,Barra do Bugres,0,29403,24.827398564772302,0.0136986301369863,1,0.907,0.5127084537858948,1.0415,60340.71,8,0.2729313335373941
510180,Barra do Garças,12,69210,36.121947695419735,0.004,1,0.9569,0.5459964841304242,1.0218,51115.38,10.4,0.27432451957809567
510185,Bom Jesus do Araguaia,0,7280,21.978021978021978,0.0625,1,0.9359999999999999,0.7000686813186813,1.4423,137636.49,7.9,0.3862637362637363
510190,Brasnorte,0,17004,25.28816749000235,0.023255813953488372,1,0.9296,0.4900709636948169,1.0291,156909.59,8.1,0.20783345095271702
510250,Cáceres,5,89681,29.3261671926049,0.0038022813688212928,1,0.9224,0.5770694647324034,0.9073,31174.15,9.5,0.3210044491029315
510260,Campinápolis,0,15347,18.24460806672314,0.03571428571428571,1,0.8382,0.6535533546187094,0.6841,40063.58,7.6,0.5101322734084838
510263,Campo Novo do Parecis,10,45899,26.797969454672216,0.008130081300813009,1,0.9570000000000001,0.2997886664197477,0.9913,172492.49,9.3,0.09109130917884921
510267,Campo Verde,2,44585,22.204777391499384,0.010101010101010102,1,0.9551000000000001,0.45829314791970394,1.1775,114368.18,9.3,0.11663115397555232
510268,Campos de Júlio,1,8822,34.00589435502154,0.03333333333333333,1,0.9415,0.4699897982316935,1.1902,329299.37,8.9,0.14713216957605985
510269,Canabrava do Norte,0,4485,37.9041248606466,0.058823529411764705,1,0.9109,0.6687290969899665,2.3411,66674.41,8.3,0.32463768115942027
510270,Canarana,2,25858,30.55147343181994,0.012658227848101266,1,0.9428,0.3620156237914765,1.0828,116043.54,9.2,0.17472348982906644
510279,Carlinda,0,10332,20.32520325203252,0.047619047619047616,1,0.8771,0.5421506000774293,1.6937,40950.23,7.9,0.1618273325590399
510285,Castanheira,0,7506,23.980815347721823,0.05555555555555555,1,0.9154000000000001,0.451449951150191,1.3988,34846.4,7.9,0.19677591260325072
510300,Chapada dos Guimarães,0,18990,17.904160084254872,0.029411764705882353,1,0.9016,0.5992452167807618,1.6587,95713.31,9.2,0.3770932069510269
510305,Cláudia,0,9593,16.67882831231106,0.0625,1,0.9331999999999999,0.5209440911775948,1.4593,124317.03,7.9,0.23141874283331595
510310,Cocalinho,0,6220,35.369774919614144,0.045454545454545456,1,0.894,0.5211548767416935,1.6881,58471.14,7.9,0.2628617363344051
510320,Colíder,6,31370,25.183296142811603,0.012658227848101266,1,0.9312999999999999,0.3906412708532568,0.8925,62423.4,8.8,0.14909148868345554
510325,Colniza,1,25766,15.52433439416285,0.025,1,0.9251,0.5844362079225853,0.9508,33073.64,7.8,0.23278739424047193
510330,Comodoro,0,18238,31.253426910845487,0.017543859649122806,1,0.9147,0.5176600138904119,1.1514,59657.1,7.6,0.28330957341813795
510335,Confresa,9,35075,22.523164647184604,0.012658227848101266,1,0.9334,0.47456402946067944,0.9978,56101.95,9,0.2719030648610121
510336,Conquista D'Oeste,1,3760,29.25531914893617,0,0,0.91,0.494281914893617,1.8617,47646.87,8.7,0.2670212765957447
510337,Cotriguaçu,0,11011,16.3472890745618,0.05555555555555555,1,0.9177,0.4591923228286865,1.8277,29765.81,7.6,0.2129688493324857
510340,Cuiabá,120,650877,33.677638017628524,4.562043795620438e-4,1,0.9673,0.4155497121575966,0.7547,59997.13,10.7,0.18844113403915025
510343,Curvelândia,0,4903,16.316540893330615,0.125,1,0.8922,0.674671969542457,1.4276,27693.14,8.1,0.3147052824801142
510345,Denise,0,7014,24.23723980610208,0.058823529411764705,1,0.8862000000000001,0.5971034122231726,1.497,110814.61,8.5,0.2927003136583975
510350,Diamantino,3,21941,29.624903149355088,0.015384615384615385,1,0.9362,0.4565881226926758,1.7148,261696.26,9.7,0.18431247436306458
510360,Dom Aquino,0,7872,16.514227642276424,0.07692307692307693,1,0.8876000000000001,0.5550685975609756,1.7784,92077.47,8.2,0.2926829268292683
510370,Feliz Natal,1,10521,19.960079840319363,0.047619047619047616,1,0.9356,0.5731631974146945,0.998,109429.78,8.2,0.36004182111966543
510380,Figueirópolis D'Oeste,0,3187,21.96422968308754,0.14285714285714285,1,0.91,0.506824599937245,1.0982,35317.51,8.1,0.20301223721368059
510385,Gaúcha do Norte,1,8642,35.87132608192548,0.03225806451612903,1,0.9022,0.5887718892231737,0.8099,160370.44,8.8,0.37040037028465633
510390,General Carneiro,0,6037,19.877422560874606,0.08333333333333333,1,0.9006000000000001,0.7015349787422009,1.1595,83898.08,8.8,0.43995361934735794
510395,Glória D'Oeste,0,2905,24.096385542168676,0.14285714285714285,1,0.8913,0.5911646586345382,2.4096,39644.82,8.4,0.3228915662650602
510410,Guarantã do Norte,2,31024,19.662197008767407,0.01639344262295082,1,0.9403,0.5325312661165549,1.0153,41462.39,9.2,0.31456291903042805
510420,Guiratinga,2,10966,20.062009848623017,0.045454545454545456,1,0.9073,0.550489391452368,1.5958,64382.23,8.5,0.30722232354550427
510450,Indiavaí,0,2213,31.631269769543607,0.14285714285714285,1,0.8929,0.6258472661545413,1.5815,49552.66,7.6,0.2706732941708089
510452,Ipiranga do Norte,0,7815,21.753039027511196,0.058823529411764705,1,0.9582999999999999,0.4532416293452762,1.3435,278315.7,9.3,0.19974408189379397
510454,Itanhangá,0,7539,17.243666268735907,0.07692307692307693,1,0.9366,0.47916390325861075,1.3927,113564.89,8.6,0.2447274174293673
510455,Itaúba,0,5020,17.92828685258964,0.1111111111111111,1,0.8991,0.6166666666666666,0.6972,132810.1,8.4,0.25617529880478085
510460,Itiquira,1,12236,22.06603465184701,0.037037037037037035,1,0.9353,0.47672169554320587,1.4302,167482.75,7.9,0.2258908139915005
510480,Jaciara,5,28569,24.50208267702755,0.014285714285714285,1,0.9335,0.49910742413105114,1.0719,59909.98,9,0.20420735762539816
510490,Jangada,1,7426,22.892539725289524,0.058823529411764705,1,0.8295,0.6866527515935003,2.3565,28319.55,8.2,0.43186102881766764
510500,Jauru,0,8367,20.317915620891597,0.058823529411764705,1,0.8708,0.4770726265885821,1.2549,44391.56,8,0.17162662842117843
510510,Juara,2,34906,32.08617429668252,0.008928571428571428,1,0.9307,0.3808753031952482,0.9024,53258.05,8.1,0.1853836016730648
510515,Juína,6,45869,23.32730166343282,0.009345794392523364,1,0.9316,0.35477664653687674,0.9156,40234.92,8.6,0.15921428415705596
510517,Juruena,0,10213,29.374326838343286,0.03333333333333333,1,0.9117000000000001,0.5157479029994452,1.0281,37799.94,7.6,0.2596690492509547
510520,Juscimeira,4,11480,18.29268292682927,0.047619047619047616,1,0.888,0.5171820557491289,1.5243,48349.24,8,0.1814459930313589
510523,Lambari D'Oeste,0,4790,14.613778705636744,0.14285714285714285,1,0.8493999999999999,0.6616910229645094,1.4613,59335.82,8.1,0.35010438413361167
510525,Lucas do Rio Verde,6,83798,32.81701233919664,0.0036363636363636364,1,0.9716,0.36016770487760247,1.0859,98319.36,9.8,0.1181770447982052
510530,Luciara,0,2509,35.87086488640893,0.1111111111111111,1,0.9129999999999999,0.7310681546432842,1.3949,38012.75,9.2,0.4483858110801116
510550,Vila Bela da Santíssima Trindade,0,16774,9.538571598903065,0.0625,1,0.9197,0.5290479313222844,1.0432,56436.31,8.2,0.2935495409562418
510558,Marcelândia,2,11396,16.67251667251667,0.05263157894736842,1,0.9331999999999999,0.6173438048438048,1.2285,90320.46,7.8,0.35626535626535627
510560,Matupá,1,20091,21.900353392066098,0.022727272727272728,1,0.9320999999999999,0.3564075124848605,1.0452,89129.15,9.5,0.11736598476929969
510562,Mirassol d'Oeste,1,26785,36.21429904797461,0.010309278350515464,1,0.9192,0.6291923340177961,0.9146,43433.97,8.7,0.3093522493933172
510590,Nobres,2,15492,26.465272398657373,0.024390243902439025,1,0.9178000000000001,0.6336388673724073,1.3555,96343.48,8.6,0.3803253292021689
510600,Nortelândia,1,5956,18.468770987239758,0.09090909090909091,1,0.9034,0.5190144392209537,1.7629,67058.26,9.2,0.26527871054398927
510610,Nossa Senhora do Livramento,1,12940,8.500772797527048,0.09090909090909091,1,0.872,0.6217864502833591,1.2847,33510.51,7.8,0.3391808346213292
510615,Nova Bandeirantes,1,13635,19.801980198019802,0.037037037037037035,1,0.935,0.6161288351057328,1.5401,37113.76,8,0.3361936193619362
510617,Nova Nazaré,0,4200,23.80952380952381,0.1,1,0.8243,0.9144444444444444,1.6666,43738.5,7.4,0.6154761904761905
510618,Nova Lacerda,0,6670,19.490254872563717,0.07692307692307693,1,0.8995000000000001,0.6084332833583208,1.5742,72989.05,7.6,0.3227886056971514
510619,Nova Santa Helena,2,4239,18.87237556027365,0.125,1,0.91,0.49327671620665253,1.6513,114128.54,8.4,0.14437367303609341
510620,Nova Brasilândia,0,3932,25.4323499491353,0.1,1,0.7979,0.9189979654120041,1.7802,55116.98,5.4,0.2784842319430315
510621,Nova Canaã do Norte,0,11707,18.79217562142308,0.045454545454545456,1,0.9198999999999999,0.43847697958486376,1.4948,90368.32,8,0.161954386264628
510622,Nova Mutum,2,55839,39.21990006984366,0.0045662100456621,1,0.9612,0.3492347045374499,0.9715,136949.61,9.9,0.10030623757588782
510623,Nova Olímpia,0,16352,21.404109589041095,0.02857142857142857,1,0.892,0.5113339856490542,1.0702,47209.14,8.2,0.21911692759295498
510624,Nova Ubiratã,2,11530,20.815264527320036,0.041666666666666664,1,0.9327,0.42237640936686904,1.2142,276222.6,8.6,0.10043365134431917
510625,Nova Xavantina,1,24345,20.127336208667078,0.02040816326530612,1,0.9365000000000001,0.4465667145888957,1.0063,48683.17,8.2,0.17042513863216266
510626,Novo Mundo,0,6520,16.87116564417178,0.09090909090909091,1,0.9470000000000001,0.6150178936605317,2.1472,96163.23,8.9,0.2930981595092024
510627,Novo Horizonte do Norte,0,3349,32.845625559868616,0.09090909090909091,1,0.8820999999999999,0.6053050661889121,2.0901,39607.62,7.5,0.20961481039116153
510628,Novo São Joaquim,0,6919,21.679433444139327,0.06666666666666667,1,0.9027,0.5296767355590886,1.5175,134538.46,8.1,0.26564532446885386
510629,Paranaíta,3,11671,23.13426441607403,0.037037037037037035,1,0.9115000000000001,0.5079184874189587,1.4994,71382.84,8,0.18207522920058264
510630,Paranatinga,4,26423,15.516784619460319,0.024390243902439025,1,0.9306,0.4291305554504283,0.9272,110538.03,7.5,0.1780645649623434
510631,Novo Santo Antônio,0,2015,34.7394540942928,0.14285714285714285,1,0.9294,0.7797353184449959,1.7369,35485.2,8.1,0.45806451612903226
510637,Pedra Preta,0,18066,13.83814900918853,0.04,1,0.9046,0.5650254621941769,0.9686,82518.29,8.4,0.24786892505258495
510642,Peixoto de Azevedo,2,32714,12.838540074585804,0.023809523809523808,1,0.9052,0.5514866214260968,0.8689,35042.77,8.2,0.34333924313749464
510645,Planalto da Serra,0,3166,28.427037271004423,0.1111111111111111,1,0.9146,0.7630290587492103,1.1054,93512.25,7.9,0.36765634870499053
510650,Poconé,2,31217,12.172854534388314,0.02631578947368421,1,0.8887999999999999,0.6504308549828619,1.009,27609.14,8.2,0.45529679341384505
510665,Pontal do Araguaia,0,6932,18.753606462781303,0.07692307692307693,1,0.9426000000000001,0.5975427966916715,1.5147,35297.49,9.6,0.2400461627236007
510670,Ponte Branca,0,2008,44.820717131474105,0.1111111111111111,1,0.8645,0.538097609561753,1.743,24828.9,7.9,0.26195219123505975
510675,Pontes e Lacerda,0,52018,22.107731938944212,0.008695652173913044,1,0.9329000000000001,0.4224034629038666,0.7401,54919.55,8.8,0.15796455073243876
510677,Porto Alegre do Norte,1,12127,11.544487507215305,0.07142857142857142,1,0.9193000000000001,0.5341799290838625,1.443,46040.21,7.9,0.3321513977075946
510680,Porto dos Gaúchos,0,5593,28.607187555873413,0.0625,1,0.9384,0.3976250074497884,1.8773,258304.14,9.3,0.1174682639013052
510682,Porto Esperidião,0,10204,15.680125441003527,0.0625,1,0.8818,0.6009244740624592,1.715,31726.19,8.1,0.3546648373186985
510685,Porto Estrela,0,3224,46.526054590570716,0.06666666666666667,1,0.7776000000000001,0.5522384201819686,2.1712,30969.79,6.4,0.2651985111662531
510700,Poxoréo,0,23283,9.448954172572263,0.045454545454545456,1,0.8946,0.5006657217712495,0.9019,53343.93,7.6,0.292230382682644
510704,Primavera do Leste,16,85146,27.12987104502854,0.004329004329004329,1,0.9681000000000001,0.38012355248631763,0.6989,100664.85,10,0.1225307119535856
510706,Querência,2,26769,23.161119205050618,0.016129032258064516,1,0.951,0.37883061252443745,1.0132,140882.83,9.4,0.17778026822070306
510710,São José dos Quatro Marcos,1,17849,22.41021905989131,0.025,1,0.9079999999999999,0.48130147347190316,0.9804,30834.1,8.2,0.17586419407249707
510715,Reserva do Cabaçal,0,2122,23.5626767200754,0.2,1,0.8931,0.7884071630537229,1.6493,25458.86,8.6,0.3468426013195099
510718,Ribeirão Cascalheira,3,10089,31.717712359996035,0.03125,1,0.9165000000000001,0.6233356460831929,1.7345,80732.11,8.8,0.3208444840915849
510719,Ribeirãozinho,0,2593,34.70883146934053,0.1111111111111111,1,0.9128000000000001,0.4685370870291812,1.3497,74378.54,9.2,0.1758580794446587
510720,Rio Branco,0,4535,15.43550165380375,0.14285714285714285,1,0.8848999999999999,0.495736861447997,1.5435,28642.74,8.3,0.2648291069459757
510724,Santa Carmem,0,5374,24.190547078526237,0.07692307692307693,1,0.9375,0.5487842699416946,1.3025,210850.86,8.8,0.21492370673613695
510726,Santo Afonso,0,2519,35.72846367606193,0.1111111111111111,1,0.8845999999999999,0.7338560275241498,1.3894,76907.91,8.6,0.33108376339817386
510729,São José do Povo,0,2875,13.91304347826087,0,0,0.8861,0.6226376811594203,2.4347,24408.96,7.4,0.14121739130434782
510730,São José do Rio Claro,0,14911,25.48454161357387,0.02631578947368421,1,0.9053,0.5507399459012363,1.4083,112872.09,8,0.2855609952384146
510735,São José do Xingu,0,5964,16.76727028839705,0.1,1,0.9259000000000001,0.7583836351441985,1.1737,141378.62,8.9,0.5139168343393695
510740,São Pedro da Cipa,1,4191,16.702457647339536,0,0,0.871,0.6515748031496063,1.6702,19347.35,8.5,0.2858506323073252
510757,Rondolândia,0,3505,34.236804564907274,0.08333333333333333,1,0.8981,0.6124108416547789,1.9971,38714.43,7.8,0.3309557774607703
510760,Rondonópolis,51,244911,36.95219896207194,0.0011049723756906078,1,0.9544,0.4803207423649135,0.9112,67650.08,10.1,0.17050275406167956
510770,Rosário Oeste,1,15453,16.825211932958002,0.038461538461538464,1,0.8636,0.6835673763454776,1.3589,42087.44,8.2,0.41396492590435513
510774,Santa Cruz do Xingu,0,2661,30.06388575723412,0.125,1,0.9275,0.5317549793310785,1.3152,225944.8,8.2,0.29988726042841035
510775,Salto do Céu,0,3679,35.3356890459364,0.07692307692307693,1,0.8898999999999999,0.5934810183926791,1.9026,32653.29,8.2,0.19189997281870072
510776,Santa Rita do Trivelato,0,3276,42.73504273504273,0.07142857142857142,1,0.9323999999999999,0.730006105006105,2.1367,409443.67,9,0.2600732600732601
510777,Santa Terezinha,0,7596,13.164823591363875,0.1,1,0.8887,0.5799104791995787,1.3823,40302.45,8.3,0.37664560294892047
510779,Santo Antônio do Leste,0,4099,26.83581361307636,0.09090909090909091,1,0.9353,0.658412620964463,0.8538,320476.29,7.7,0.3603317882410344
510780,Santo Antônio do Leverger,2,15246,9.838646202282566,0.06666666666666667,1,0.8991,0.8120982552800735,1.5495,48781.11,7.9,0.451462678735406
510785,São Félix do Araguaia,1,13621,22.758975111959476,0.03225806451612903,1,0.9167000000000001,0.4606489978709346,1.0278,172659.3,8.5,0.18588943543058511
510787,Sapezal,5,28944,29.712548369264788,0.011627906976744186,1,0.956,0.433523931269578,0.7255,221470.66,9.4,0.1635226644555003
510788,Serra Nova Dourada,0,1800,38.888888888888886,0.14285714285714285,1,0.9084,0.7502314814814816,1.9444,88917.56,8,0.3161111111111111
510790,Sinop,33,196312,37.083825746770444,0.0013736263736263737,1,0.9656999999999999,0.33860640205387343,0.6953,59782.63,10,0.09740107583846122
510792,Sorriso,13,110635,32.44904415420075,0.002785515320334262,1,0.96,0.37313387867010134,0.9174,124271.31,9.7,0.13335743661589913
510794,Tabaporã,0,9818,24.444897127724587,0.041666666666666664,1,0.9294,0.4130848102125348,1.4259,156889.32,8,0.16347524954165818
510795,Tangará da Serra,10,106434,33.82377811601556,0.002777777777777778,1,0.9442,0.34310934475825394,0.7563,52635.43,9.6,0.14685156998703422
510800,Tapurah,1,14370,20.180932498260265,0.034482758620689655,1,0.9479000000000001,0.3357631639990722,1.2178,171709.64,9.3,0.12018093249826027
510805,Terra Nova do Norte,0,10616,16.955538809344386,0.05555555555555555,1,0.9153,0.4703278070836473,1.3187,53828.95,8.5,0.20440844009042955
510810,Tesouro,0,3025,26.446280991735538,0,0,0.8955,0.5508264462809918,2.314,108088.68,8.4,0.29421487603305785
510820,Torixoréu,0,4164,33.62151777137368,0.07142857142857142,1,0.8906999999999999,0.4134045789305155,1.681,58018.58,8.4,0.1952449567723343
510830,União do Sul,0,3838,41.688379364252214,0.0625,1,0.9078,0.5658763244745527,1.8238,156758.04,8.3,0.39473684210526316
510835,Vale de São Domingos,0,2904,44.76584022038568,0.07692307692307693,1,0.8847,0.6018996786042241,2.4104,28001.92,8.1,0.284435261707989
510840,Várzea Grande,65,300078,9.830777331227214,0.003389830508474576,1,0.9551999999999999,0.5380042855524231,0.762,46601.94,9.8,0.2807303434440379
510850,Vera,2,12800,16.40625,0.047619047619047616,1,0.9287000000000001,0.46360026041666663,0.8203,117523.78,8.1,0.12875
510860,Vila Rica,0,19888,20.615446500402253,0.024390243902439025,1,0.9218000000000001,0.4370055644945025,1.2318,46290.27,8.5,0.20967417538213998
510880,Nova Guarita,0,4590,13.071895424836601,0.16666666666666666,1,0.9309999999999999,0.5365105301379811,1.525,51617.02,6.9,0.22374727668845315
510885,Nova Marilândia,0,3529,19.835647492207425,0.14285714285714285,1,0.9198000000000001,0.5068952488901483,0.9917,156361.4,9.3,0.1796542930008501
510890,Nova Maringá,0,5846,17.105713308244955,0.1,1,0.9198000000000001,0.4758096704299236,1.796,255023.85,8.2,0.18320218953130346
510895,Nova Monte Verde,0,8313,18.044027426921687,0.06666666666666667,1,0.9102,0.5393560287100526,1.263,53163.86,7.9,0.2822085889570552
520005,Abadia de Goiás,1,19128,10.97867001254705,0.047619047619047616,1,0.9427,0.6822938449742088,0.9148,24988.67,8.9,0.33531994981179425
520010,Abadiânia,0,17232,12.186629526462395,0.047619047619047616,1,0.9276000000000001,0.5584619699783349,1.2186,36735.42,7.8,0.25191504178272983
520013,Acreúna,0,21568,15.764094955489615,0.029411764705882353,1,0.907,0.5268762363996043,1.3217,55089.91,8.3,0.19895215133531158
520015,Adelândia,0,2297,17.414018284719198,0,0,0.8978,0.6421419242490205,1.5237,25897.08,8.1,0.2912494558119286
520017,Água Fria de Goiás,0,4954,12.111425111021397,0,0,0.8906999999999999,0.7219586865832325,2.1194,96142.06,7.2,0.31388776746063785
520020,Água Limpa,0,1858,21.52852529601722,0,0,0.9079999999999999,0.6889128094725512,1.8837,40331.17,8.7,0.38805166846071043
520025,Águas Lindas de Goiás,3,225693,4.652337467267483,0.009523809523809525,1,0.9476,0.5555079244814859,0.6343,13567.92,9.1,0.3240906895650286
520030,Alexânia,1,27008,17.402251184834125,0.02127659574468085,1,0.9115000000000001,0.6820695102685623,1.4329,67842.14,8.6,0.4092861374407583
520050,Aloândia,0,1973,20.27369488089204,0,0,0.8905,0.6211775637776651,1.7739,33658.5,8.3,0.21895590471363405
520055,Alto Horizonte,0,6072,19.76284584980237,0.08333333333333333,1,0.9372,0.8375878348704435,1.7292,102603.04,9.5,0.2570816864295125
520060,Alto Paraíso de Goiás,2,10306,17.465554046186686,0.05555555555555555,1,0.9405,0.5644527459732195,1.3754,39619.83,10.4,0.23044828255385214
520080,Alvorada do Norte,1,8446,21.311863604072933,0.05555555555555555,1,0.872,0.6312159602178546,1.6575,26415.93,8.1,0.3604072933933223
520082,Amaralina,0,3268,15.299877600979192,0,0,0.8839,0.7398000815993472,2.1419,38127.48,7.4,0.3687270501835985
520085,Americano do Brasil,2,5259,13.310515307092603,0,0,0.8856,0.5444159219116436,1.331,20174.66,7,0.29169043544400075
520090,Amorinópolis,0,3007,13.302294645826406,0,0,0.8684000000000001,0.6444407493625983,1.1639,43513.34,7.8,0.3837712005320918
520110,Anápolis,32,398869,15.218028976932276,0.0016474464579901153,1,0.9621,0.36276070589592074,0.9345,51225.11,10.2,0.0965204114634128
520120,Anhanguera,1,924,32.467532467532465,0,0,0.9715,0.7607323232323232,3.7878,28936.7,10.9,0.2510822510822511
520130,Anicuns,0,18503,19.456304383073014,0.027777777777777776,1,0.9186,0.5888819831018394,1.5162,39481.4,8.7,0.26979408744527916
520140,Aparecida de Goiânia,54,527796,7.294484990412963,0.0025974025974025974,1,0.9632999999999999,0.3262371572855169,0.7125,39577.67,9.4,0.11829381048738528
520145,Aparecida do Rio Doce,0,2907,10.319917440660475,0,0,0.9155,0.590958605664488,1.2039,52059.61,8.2,0.21603027175782594
520150,Aporé,1,4325,11.560693641618498,0,0,0.9279999999999999,0.535009633911368,1.2138,119903.44,8.6,0.24670520231213872
520160,Araçu,0,3799,36.851803106080546,0.07142857142857142,1,0.8887999999999999,0.6803764148460121,1.8425,22961.79,8.6,0.28507501974203736
520170,Aragarças,2,18390,15.769439912996194,0.034482758620689655,1,0.9317,0.6258655066159144,1.4837,19607.04,8.9,0.3258836324089179
520180,Aragoiânia,0,11890,10.09251471825063,0,0,0.914,0.68378889823381,1.1774,20007.46,6.5,0.36459209419680405
520215,Araguapaz,0,7153,12.582133370613729,0,0,0.8412000000000001,0.68262733584976,1.4679,35344.29,7.4,0.3717321403606878
520235,Arenópolis,0,2946,20.36659877800407,0,0,0.8993000000000001,0.6566813758768952,2.3761,91292.31,8,0.3095723014256619
520250,Aruanã,2,8300,12.048192771084338,0,0,0.9129,0.6416666666666666,0.8433,45773.57,8.4,0.28433734939759037
520260,Aurilândia,0,3284,24.360535931790498,0,0,0.8909999999999999,0.592392407632968,2.1315,33910.67,8,0.2238124238733252
520280,Avelinópolis,0,2868,17.433751743375176,0,0,0.8841,0.7132147838214784,1.2203,29152.11,8.2,0.37447698744769875
520310,Baliza,0,3351,35.810205908683976,0.08333333333333333,1,0.8954000000000001,0.6898935641102159,3.1333,52361.15,7.8,0.3595941509997016
520320,Barro Alto,0,10371,9.642271719217048,0.1,1,0.9143000000000001,0.6470044675858966,1.0124,162586.72,8.7,0.2722977533506894
520330,Bela Vista de Goiás,6,34445,14.225577006822471,0.02040816326530612,1,0.9404,0.43726956016838436,1.0161,57574.87,8.8,0.22763826389896938
520340,Bom Jardim de Goiás,2,7826,17.88908765652952,0.07142857142857142,1,0.9004000000000001,0.7341340829712922,1.7889,53432.9,7.6,0.32021466905187834
520350,Bom Jesus de Goiás,0,23958,22.53944402704733,0.018518518518518517,1,0.9193000000000001,0.42879553106825835,1.2052,63122.76,8.8,0.19317138325402788
520355,Bonfinópolis,0,10296,7.77000777000777,0.125,1,0.9276000000000001,0.5691045066045066,1.6996,15396.24,8.8,0.21785159285159286
520357,Bonópolis,0,3299,18.187329493785995,0,0,0.8676,0.7388350005052036,2.1218,85569.5,7.6,0.47044558957259774
520360,Brazabrantes,0,3992,22.54509018036072,0.1111111111111111,1,0.9217,0.5633558784235136,1.7535,26656.32,8.5,0.23622244488977956
520380,Britânia,1,5695,28.09482001755926,0.0625,1,0.8944,0.7235147790459467,1.8437,53643.01,7.8,0.23125548726953468
520390,Buriti Alegre,0,10495,13.33968556455455,0.07142857142857142,1,0.9292,0.33180085755121486,1.3339,53513.2,9.1,0.12739399714149596
520393,Buriti de Goiás,0,2732,25.62225475841874,0,0,0.8989,0.6925634455832113,1.2811,28905.95,8.3,0.28330893118594436
520396,Buritinópolis,0,3145,9.538950715421304,0,0,0.8118000000000001,0.7716746157922628,2.2257,21624.87,7.3,0.443879173290938
520400,Cabeceiras,0,7560,11.904761904761905,0.1111111111111111,1,0.8996999999999999,0.6019731040564374,1.3888,64064.49,8.4,0.3685185185185185
520410,Cachoeira Alta,1,11513,21.714583514288197,0.04,1,0.9194,0.4938837256434755,1.52,31716.3,8.9,0.20628854338573785
520420,Cachoeira de Goiás,0,1405,14.234875444839858,0,0,0.8633,0.654270462633452,2.4911,32400.28,7.5,0.3494661921708185
520425,Cachoeira Dourada,1,7782,21.845283988691854,0.058823529411764705,1,0.8952,0.5686091835860533,1.799,114440.47,8.6,0.168337188383449
520430,Caçu,2,13774,18.876143458690287,0.038461538461538464,1,0.9209999999999999,0.488105609602633,1.5246,88571.53,7.9,0.13736024393785393
520440,Caiapônia,2,16513,10.294919154605463,0,0,0.9009,0.5350027251256586,1.0597,88193.41,8.2,0.15872343002482892
520450,Caldas Novas,13,98622,22.104601407393886,0.0045871559633027525,1,0.9556,0.4377927845713938,0.6362,38348.69,9.9,0.1751333373892235
520455,Caldazinha,0,4507,6.656312402928777,0,0,0.9376000000000001,0.5613675024036684,1.5531,22964.63,9.1,0.23452407366319059
520460,Campestre de Goiás,0,3755,10.652463382157125,0,0,0.9017000000000001,0.7284065690190856,1.8641,20841.57,8.4,0.40053262316910787
520465,Campinaçu,0,3708,24.271844660194176,0,0,0.8894,0.6305061129090255,1.8878,36667.92,8.2,0.44093851132686085
520470,Campinorte,1,12510,19.984012789768187,0.04,1,0.9425,0.5584132693844924,1.6786,33786.65,8.9,0.3264588329336531
520480,Campo Alegre de Goiás,0,7422,17.515494475882512,0.07692307692307693,1,0.9434999999999999,0.46464340249708075,1.8862,130003.37,8.8,0.21476690918889788
520485,Campo Limpo de Goiás,0,8081,8.662294270511076,0.14285714285714285,1,0.9458,0.7054819948026234,2.1655,29420.98,8.3,0.4170275955946046
520490,Campos Belos,0,18108,13.253810470510272,0.041666666666666664,1,0.894,0.7109196671820927,1.1597,22357.19,8.9,0.4171636845593108
520495,Campos Verdes,0,4005,12.484394506866417,0,0,0.8452,0.9447565543071161,2.6217,20215.75,7.6,0.5877652933832709
520500,Carmo do Rio Verde,0,9710,13.388259526261585,0,0,0.9168000000000001,0.5497682801235839,1.4418,55986.32,8.3,0.26797116374871266
520505,Castelândia,0,2985,20.100502512562816,0,0,0.8167,0.7295924064768287,1.1725,47008.69,6.8,0.46901172529313234
520510,Catalão,10,114427,48.85210658323648,0.0017889087656529517,1,0.9666,0.2779530472120508,0.4056,90415.66,10.4,0.1346884913525654
520520,Caturaí,0,5184,25.07716049382716,0.07692307692307693,1,0.9014,0.6560892489711934,2.0254,24435.96,8.3,0.35551697530864196
520530,Cavalcante,0,9583,8.348116456224565,0,0,0.8423999999999999,0.8426380048001669,1.4609,38945.91,7.4,0.4616508400292184
520540,Ceres,0,22046,107.0488977592307,0.00423728813559322,1,0.9549,0.4215050349269709,1.5875,44727.26,10.4,0.1437902567359158
520545,Cezarina,0,8090,21.013597033374538,0.058823529411764705,1,0.8856999999999999,0.5315512978986403,1.7305,65904.82,7.5,0.2606922126081582
520547,Chapadão do Céu,0,12870,13.209013209013209,0.058823529411764705,1,0.9621999999999999,0.36192048692048695,1.0878,193162.87,10.1,0.1564879564879565
520549,Cidade Ocidental,8,91767,6.320354811642529,0.017241379310344827,1,0.9608,0.5621692256838878,1.0996,14722.21,10,0.3283206381378927
520551,Cocalzinho de Goiás,1,25016,11.592580748321074,0.034482758620689655,1,0.9091,0.5980139377465089,1.0843,21193.77,8.1,0.3690837863767189
520552,Colinas do Sul,2,4030,19.851116625310173,0,0,0.8829,0.7314722911497106,1.7369,21686.6,7.4,0.4307692307692308
520570,Córrego do Ouro,0,2454,24.449877750611247,0.16666666666666666,1,0.9098,0.5682898668839989,1.4262,35603.05,8.4,0.2436837815810921
520580,Corumbá de Goiás,0,10562,15.148646089755728,0.0625,1,0.8987999999999999,0.5686186328346904,1.3255,32234.52,7.8,0.3125355046392729
520590,Corumbaíba,0,9164,12.003491924923614,0.09090909090909091,1,0.9455,0.4374272515640914,0.7638,118035.62,8.7,0.19292885202968135
520620,Cristalina,4,62337,14.758490142291095,0.010869565217391304,1,0.9381999999999999,0.48438327157226047,1.0398,91562.29,9,0.2843415627957714
520630,Cristianópolis,1,3504,28.538812785388128,0.1,1,0.9444,0.7543046042617961,0.9988,38450.93,8.5,0.3595890410958904
520640,Crixás,0,17065,25.783767946088485,0.022727272727272728,1,0.9052,0.3821125109874011,1.8458,35854.61,9.1,0.17046586580720774
520650,Cromínia,0,3883,25.753283543651815,0,0,0.9286,0.6560005150656709,1.8027,36301.65,8.3,0.38089106361061037
520660,Cumari,0,2927,20.49880423641954,0,0,0.8856,0.5504498348707437,1.1957,39419.63,7.4,0.1776563033823027
520670,Damianópolis,0,3770,13.26259946949602,0,0,0.8774,0.7633289124668435,1.8567,15790.22,8.4,0.4583554376657825
520680,Damolândia,0,2724,36.71071953010279,0,0,0.8909,0.8284079784630446,1.2848,22248.12,8.2,0.4023494860499266
520690,Davinópolis,0,1902,15.772870662460567,0,0,0.9183,0.7062740974412899,1.8401,261043.27,8.5,0.30809674027339645
520710,Diorama,0,2062,19.398642095053347,0,0,0.9005,0.6189379243452958,1.6973,59035.3,8.6,0.2478176527643065
520725,Doverlândia,0,6956,12.938470385278896,0.1111111111111111,1,0.8920999999999999,0.5422656699252444,1.5094,98060.32,7.2,0.2573317998849914
520735,Edealina,0,4001,29.992501874531367,0,0,0.9148000000000001,0.6274056485878531,1.7495,129033.42,8.4,0.2809297675581105
520740,Edéia,2,11747,21.282029454328764,0.04,1,0.9135,0.5812973525155359,1.6387,101837.28,8.7,0.26262024346641694
520750,Estrela do Norte,0,3205,18.720748829953198,0,0,0.8837,0.6083203328133125,2.184,35473.09,8.4,0.30702028081123245
520753,Faina,0,7070,14.144271570014144,0,0,0.8641,0.5548090523338048,1.4851,29893.52,7.9,0.2801980198019802
520760,Fazenda Nova,0,5877,15.313935681470138,0,0,0.907,0.5904372979411264,1.6377,42336.07,8.3,0.40871192785434746
520780,Firminópolis,0,10419,18.23591515500528,0.05263157894736842,1,0.9124,0.4368061554211856,2.0155,33689.67,9.2,0.2196947883674057
520790,Flores de Goiás,0,13744,9.458672875436553,0,0,0.8933,0.6174815677143966,1.7825,20923.23,8.1,0.31832072176949944
520800,Formosa,5,115901,13.891165736274925,0.006211180124223602,1,0.9429000000000001,0.48155681716867554,0.7587,33806.77,10.1,0.2799371877723229
520810,Formoso,2,4660,17.167381974248926,0,0,0.9020999999999999,0.599123748211731,1.5021,28652.28,8.4,0.3630901287553648
520815,Gameleira de Goiás,0,3456,26.041666666666668,0,0,0.9156,0.6224681712962963,2.0254,70712.27,8.2,0.22627314814814814
520830,Divinópolis de Goiás,0,4457,20.192954902400718,0,0,0.8612000000000001,0.959146660683569,0.7852,25502.55,7.6,0.6165582230199685
520840,Goianápolis,1,13967,17.899334144769814,0.04,1,0.9292,0.659417436338035,1.5083,28378.27,8.8,0.3557671654614448
520850,Goiandira,0,4973,14.07601045646491,0,0,0.948,0.5098364501642201,1.9354,42375.28,9.5,0.2095314699376634
520860,Goianésia,6,73707,19.2654700367672,0.007042253521126761,1,0.9318000000000001,0.420705179517097,1.0465,36519.49,9.1,0.18534196209315262
520870,Goiânia,174,1437366,29.004442848933397,2.3986567522187575e-4,1,0.9751000000000001,0.31206677120974524,0.551,52722.02,11,0.13949056816426714
520880,Goianira,5,71916,6.535402413927359,0.02127659574468085,1,0.9521,0.4866221239594341,0.9733,22313.35,8.8,0.20304243840035596
520890,Goiás,3,24071,19.941007851771843,0.020833333333333332,1,0.9109,0.5174864636561284,1.6017,32983.56,9.1,0.2523783806239874
520910,Goiatuba,7,35664,44.86316733961418,0.00625,1,0.943,0.39172788619709886,1.423,76413.19,9.4,0.14249663526244952
520915,Gouvelândia,2,4390,15.945330296127562,0,0,0.8701000000000001,0.57875854214123,1.5945,77029.64,7.8,0.25011389521640093
520920,Guapó,1,19545,9.721156305960603,0.05263157894736842,1,0.9167000000000001,0.5859810693271936,1.2535,25445.59,8.6,0.30007674597083656
520929,Guaraíta,0,2188,22.851919561243143,0,0,0.9003,0.8017595978062158,1.5996,27680.58,8.2,0.3953382084095064
520940,Guarani de Goiás,0,4085,9.791921664626683,0,0,0.8226,0.730436556507548,1.7135,24507.97,7.3,0.47392900856793146
520945,Guarinos,0,2161,13.882461823229987,0,0,0.8590000000000001,0.5761607280579978,1.6196,34033.64,5.6,0.2901434521055067
520960,Heitoraí,0,3354,32.79666070363745,0,0,0.8911,0.8822053269727688,2.087,28788.6,7.8,0.4865831842576029
520970,Hidrolândia,2,27742,10.092999783721433,0.03571428571428571,1,0.9495999999999999,0.46306442698195277,1.3877,55084.3,9.2,0.1958041958041958
520980,Hidrolina,0,3545,19.746121297602258,0,0,0.9075,0.546238834038552,1.9746,31310.82,8.4,0.2787023977433004
520990,Iaciara,0,10584,10.393046107331822,0.09090909090909091,1,0.8772,0.7988000755857899,2.3148,25093.75,7.8,0.546201814058957
520993,Inaciolândia,0,5954,15.115888478333893,0,0,0.8753,0.5869583473295263,1.1756,62707.54,8.1,0.21548538797447095
520995,Indiara,3,17061,14.06717074028486,0.041666666666666664,1,0.9178000000000001,0.44917746126643615,1.1387,44197.1,8.3,0.17812554949885703
521000,Inhumas,3,52204,21.454294690062063,0.008928571428571428,1,0.9270999999999999,0.5448385181212168,1.3073,36024.89,8.8,0.19527239292008275
521010,Ipameri,5,25548,42.27336777829967,0.009259259259259259,1,0.9318000000000001,0.5014286832628777,1.0959,109517.99,8.9,0.24217159855957412
521015,Ipiranga de Goiás,0,2919,13.703323055841041,0,0,0.917,0.722850291195615,1.199,32827.06,7.8,0.3487495717711545
521020,Iporá,1,35684,22.419011321600717,0.0125,1,0.93,0.41591936628927995,0.7846,34402.84,9.1,0.1403990584015245
521030,Israelândia,0,2560,19.53125,0,0,0.8937999999999999,0.6868489583333333,1.3671,35539.03,7.6,0.376953125
521040,Itaberaí,1,44734,15.200965708409711,0.014705882352941176,1,0.9279000000000001,0.5778211204005902,1.0953,51540.42,8.5,0.25490678231322933
521056,Itaguari,0,4963,14.104372355430183,0,0,0.9107999999999999,0.6657935388541877,1.4104,25514.87,8.4,0.26415474511384246
521060,Itaguaru,0,4904,30.587275693311582,0.06666666666666667,1,0.8841,0.5848117183251766,2.1411,24447.25,6.9,0.257952691680261
521080,Itajá,1,4380,13.698630136986301,0,0,0.9031,0.5933028919330289,1.5981,42992.13,8.5,0.195662100456621
521090,Itapaci,1,21087,21.340162185232607,0.022222222222222223,1,0.9157,0.4556994040562116,0.9958,28449.2,8.9,0.12690283112818324
521100,Itapirapuã,0,8007,12.489072061945798,0.1,1,0.873,0.5976437284043129,1.3113,37498.52,7.8,0.33895341576120896
521120,Itapuranga,2,26113,19.53050204878796,0.0196078431372549,1,0.9075,0.5525472625384547,1.2154,28143.55,8.6,0.2671083368437177
521130,Itarumã,0,6101,26.225208982134077,0,0,0.8961,0.5239441621592089,1.1473,67588.8,7.8,0.1863628913292903
521140,Itauçu,0,7736,12.926577042399172,0,0,0.9256,0.6425478283350569,1.8301,46490.53,8.6,0.3001551189245088
521150,Itumbiara,11,107970,44.45679355376493,0.0020833333333333333,1,0.9449,0.3698071995307339,0.7228,60714.79,9.6,0.16365657126979716
521160,Ivolândia,0,2693,22.27998514667657,0,0,0.9042,0.7194578536947642,1.2996,54111.32,8.4,0.29298180467879686
521170,Jandaia,0,6272,11.160714285714286,0,0,0.9196,0.4662919855442177,1.6741,71224.89,8.7,0.19483418367346939
521180,Jaraguá,2,45223,14.594343586228247,0.015151515151515152,1,0.9281999999999999,0.5758518895252416,0.972,26652.27,8.5,0.3074541715498751
521190,Jataí,6,105729,31.68477901048908,0.0029850746268656717,1,0.9526,0.3423737416728933,0.8275,94828.45,9.8,0.14305441269661115
521200,Jaupaci,1,2924,10.259917920656635,0,0,0.8822,0.6840515275877793,1.1969,38511.41,6.9,0.2975376196990424
521205,Jesúpolis,0,2123,14.13094677343382,0,0,0.8664000000000001,0.7828151986183075,1.6486,24131.66,7.6,0.47150259067357514
521210,Joviânia,2,7159,20.952647017739906,0.06666666666666667,1,0.9222,0.3858546351911347,1.4666,59109.53,8.9,0.11509987428411789
521220,Jussara,0,19620,24.464831804281346,0.020833333333333332,1,0.9087000000000001,0.5596627590893646,1.2487,45074.74,8.8,0.2628440366972477
521225,Lagoa Santa,0,1390,21.58273381294964,0,0,0.9449,0.8286570743405275,2.5179,48382.18,8.9,0.3964028776978417
521230,Leopoldo de Bulhões,0,8745,9.148084619782733,0,0,0.9222,0.5014484467314656,1.6009,51725.79,7.5,0.29205260148656376
521250,Luziânia,12,209129,17.64461169899918,0.0027100271002710027,1,0.9419,0.5498093680614995,0.5878,29956.01,9.2,0.32165314231885583
521260,Mairipotaba,0,2561,15.618898867629833,0,0,0.8994,0.5689834699986984,1.3666,39573.56,8.6,0.2932448262397501
521270,Mambaí,0,8124,11.078286558345642,0.1111111111111111,1,0.8573999999999999,0.7253610700804202,1.7232,17189.8,8,0.5129246676514032
521280,Mara Rosa,1,10700,23.364485981308412,0.04,1,0.8837999999999999,0.5539330218068536,1.3084,38460.53,8.8,0.26710280373831774
521290,Marzagão,1,2758,10.877447425670775,0,0,0.9281,0.5497038917089678,1.269,27658.13,9.6,0.22552574329224076
521295,Matrinchã,0,4042,17.31815932706581,0,0,0.8865000000000001,0.8169016988289626,1.7318,55674.15,8.3,0.4136566056407719
521300,Maurilândia,0,10304,16.498447204968944,0.058823529411764705,1,0.8826,0.4943792054865424,1.3586,31784.55,8,0.28125
521305,Mimoso de Goiás,0,2614,15.30221882172915,0,0,0.8315,0.6975261412904871,1.3389,68541.72,7.5,0.3473603672532517
521308,Minaçu,0,27075,11.819021237303787,0.03125,1,0.8986,0.5317297630040012,0.9695,47516.03,8.6,0.2585780240073869
521310,Mineiros,12,70081,23.82956864199997,0.005988023952095809,1,0.9494,0.4998014202613167,0.9988,64729.74,9.4,0.18963770494142493
521340,Moiporá,0,1685,35.60830860534124,0,0,0.9063,0.6704747774480713,2.0771,43404.34,8.5,0.2913946587537092
521350,Monte Alegre de Goiás,0,6692,13.448894202032278,0,0,0.8367,0.8494844590555888,1.569,21188.05,7.4,0.56246264196055
521370,Montes Claros de Goiás,0,8756,13.704888076747373,0.08333333333333333,1,0.9116,0.45444076442820164,1.1991,93427.3,8.5,0.17325262677021472
521375,Montividiu,3,12521,17.57048159092724,0.045454545454545456,1,0.922,0.46270265953198625,1.6771,129369.75,8.7,0.1680376966695951
521377,Montividiu do Norte,0,3779,18.52341889388727,0.14285714285714285,1,0.8562000000000001,0.8195730792978742,1.8523,32816.95,7.7,0.5353268060333422
521380,Morrinhos,6,51351,18.694864754337793,0.010416666666666666,1,0.9512999999999999,0.41399550803944096,0.9564,49152.36,9.3,0.115401842223131
521385,Morro Agudo de Goiás,0,2456,16.286644951140065,0,0,0.8953,0.7763300760043431,1.425,28089.66,8.1,0.4218241042345277
521390,Mossâmedes,0,4654,17.189514396218307,0,0,0.9064,0.48743016759776536,1.504,36734.69,8.9,0.19230769230769232
521400,Mozarlândia,1,14750,20.338983050847457,0.03333333333333333,1,0.9085,0.5804180790960451,1.4237,92677.01,8.7,0.3089491525423729
521405,Mundo Novo,2,6189,9.694619486185168,0,0,0.8648,0.6574433134055043,1.6965,51685.2,7.7,0.2675714978187106
521410,Mutunópolis,0,3564,16.835016835016834,0.16666666666666666,1,0.8726,0.6702908716797605,1.964,29660.75,7.8,0.4006734006734007
521440,Nazário,0,8189,14.653803883258028,0.08333333333333333,1,0.9089,0.5101457239386168,2.137,38253.55,8.6,0.23604835755281475
521450,Nerópolis,1,31932,11.900288112238506,0.02631578947368421,1,0.9381,0.4931547246231575,1.4249,48493.42,9.3,0.1873982212200927
521460,Niquelândia,4,34964,20.59260954124242,0.013888888888888888,1,0.8843000000000001,0.5977839110704344,1.2012,43362.41,8.7,0.23793044274110514
521470,Nova América,0,2337,25.673940949935815,0.16666666666666666,1,0.8959,1.078769077164456,1.4976,25982.28,7.5,0.3774069319640565
521480,Nova Aurora,0,2101,23.798191337458352,0,0,0.934,0.6710693320640965,1.6658,33969.08,9.5,0.2513089005235602
521483,Nova Crixás,1,12815,10.144362075692548,0.07692307692307693,1,0.8715999999999999,0.5023084926518403,1.0924,72741.75,8,0.2611783066718689
521486,Nova Glória,1,8310,6.016847172081829,0,0,0.8856,0.5658343361411953,0.8423,23606.26,8,0.29699157641395907
521487,Nova Iguaçu de Goiás,1,3010,9.966777408637874,0,0,0.9115000000000001,0.4335271317829458,1.1627,24244.02,7.9,0.25880398671096344
521490,Nova Roma,0,3076,16.25487646293888,0,0,0.8742,0.7809113567403555,3.4135,26303.6,7.7,0.45318595578673604
521500,Nova Veneza,1,9481,11.602151671764581,0,0,0.9368000000000001,0.6529550328727631,1.1074,27602.68,9.3,0.3057694336040502
521520,Novo Brasil,0,3527,14.176353841791892,0,0,0.9028,0.6200264625271714,1.9846,29965.14,8.2,0.3263396654380493
521523,Novo Gama,5,103804,4.720434665330815,0.02040816326530612,1,0.9395,0.4839071712072752,1.4631,13005.12,9,0.2882740549497129
521525,Novo Planalto,0,3716,24.219590958019374,0,0,0.8876000000000001,0.763791711517761,1.8837,51362.21,7.7,0.44429494079655546
521530,Orizona,1,16399,23.172144642966035,0.02631578947368421,1,0.9427,0.4250665690997419,1.5046,69978.92,8.7,0.15305811329959143
521540,Ouro Verde de Goiás,0,4057,17.254128666502343,0,0,0.9093000000000001,0.5238065894339002,1.7254,53568.08,8.3,0.2743406457973872
521550,Ouvidor,1,7200,16.666666666666668,0,0,0.9578,0.7949421296296296,0.9722,67599.6,8.4,0.18263888888888888
521560,Padre Bernardo,0,34967,8.579517831097892,0.03333333333333333,1,0.9041,0.49604150580070727,1.2551,29631.96,8,0.2719993136385735
521565,Palestina de Goiás,0,3132,9.578544061302683,0,0,0.8876000000000001,0.6192794806300553,1.1174,82863.26,7.9,0.2889527458492976
521570,Palmeiras de Goiás,0,31858,12.241823089961706,0.02564102564102564,1,0.9362999999999999,0.47643449055182374,0.9898,65399.16,9.2,0.15685228200138113
521580,Palmelo,0,2259,30.987162461266045,0,0,0.9344,0.6519108750184448,1.5493,26091.43,9.4,0.25675077467906154
521590,Palminópolis,0,3851,20.773824980524537,0.125,1,0.9266,0.6157275166623387,1.8177,60704.25,8.8,0.30563490002596727
521600,Panamá,0,2455,12.219959266802444,0,0,0.9,0.5941276306856754,1.4256,84715.75,8.2,0.2370672097759674
521630,Paranaiguara,0,7607,21.033258840541606,0.0625,1,0.8996,0.5334888918101749,1.3803,41781.25,8.5,0.19889575391087155
521640,Paraúna,1,10659,24.392532132470212,0.038461538461538464,1,0.9323,0.5269021484191763,1.6418,171201.43,8.1,0.19223191669012102
521645,Perolândia,0,2964,23.616734143049932,0.14285714285714285,1,0.9087000000000001,0.5792285200179936,1.1808,266805.22,8.2,0.1987179487179487
521680,Petrolina de Goiás,0,9573,16.713673874438523,0.0625,1,0.9186,0.45347156934433647,1.828,25576.4,8.7,0.2531076987360284
521690,Pilar de Goiás,0,2328,17.18213058419244,0,0,0.9142,0.5983676975945017,1.5034,52038.93,8,0.36211340206185566
521710,Piracanjuba,1,24883,24.916609733553027,0.016129032258064516,1,0.934,0.4125808785114335,1.1252,52716.61,8.5,0.167503918337821
521720,Piranhas,1,11712,15.368852459016393,0.05555555555555555,1,0.9023,0.5552496015482695,1.1953,81379.14,8.5,0.24462090163934427
521730,Pirenópolis,1,26690,13.862869988759835,0.02702702702702703,1,0.9299,0.540795553890346,1.049,31101.13,8.8,0.20153615586361934
521740,Pires do Rio,2,32373,30.581039755351682,0.010101010101010102,1,0.9481999999999999,0.44477651129027274,0.7568,59566.98,9.4,0.20705526210113365
521760,Planaltina,2,105031,7.712008835486666,0.012345679012345678,1,0.9269,0.5377666276305726,0.9402,18469.82,8.9,0.3348725614342432
521770,Pontalina,1,18309,21.300999508438473,0.02564102564102564,1,0.9272,0.4941649826132867,1.1556,45881.91,8.6,0.1726473319132667
521800,Porangatu,2,44317,21.21082203217727,0.010638297872340425,1,0.9181999999999999,0.48427052071815935,0.9307,46772.74,9,0.22761017216869373
521805,Porteirão,0,4070,17.1990171990172,0,0,0.9012,0.6941646191646191,0.8599,95414.87,8.1,0.2847665847665848
521810,Portelândia,0,3280,12.195121951219512,0,0,0.8903,0.652489837398374,1.067,93165.83,7.9,0.35335365853658535
521830,Posse,2,34914,12.315976399152202,0.023255813953488372,1,0.9061,0.5337257260697714,1.1027,26869.6,8.6,0.33891848542132097
521839,Professor Jamil,0,3649,16.44286105782406,0,0,0.9117000000000001,0.6999177856947109,2.6377,23793.65,8.8,0.32173198136475745
521850,Quirinópolis,6,48447,35.709125436043514,0.005780346820809248,1,0.9333,0.4236210016444087,0.9799,64472.6,9.2,0.1423617561458914
521860,Rialma,0,12165,23.83888203863543,0.034482758620689655,1,0.9443,0.4714412933278531,1.4385,33770.19,9.6,0.16670776818742294
521870,Rianápolis,0,3980,25.12562814070352,0.1,1,0.9041,0.6467127303182579,1.7587,31508.06,7.7,0.2507537688442211
521878,Rio Quente,2,3864,28.467908902691512,0.09090909090909091,1,0.9506999999999999,0.7435084541062802,1.8115,149884.46,9.2,0.2826086956521739
521880,Rio Verde,41,225696,61.72018999007515,7.178750897343862e-4,1,0.9533,0.35737599839311873,0.8665,98849.92,9.5,0.1695200623848008
521890,Rubiataba,0,19788,22.741055184960583,0.022222222222222223,1,0.9262,0.5011581092918267,1.5918,38782.06,9.2,0.18076612088134222
521900,Sanclerlândia,3,7918,17.68123263450366,0.07142857142857142,1,0.9131,0.5188389323903343,1.7681,35271.29,8.6,0.15685779237181105
521910,Santa Bárbara de Goiás,0,6149,19.515368352577656,0,0,0.8961,0.5844446251422996,1.1383,29831.03,8.6,0.2771182306066027
521920,Santa Cruz de Goiás,0,3002,16.655562958027982,0,0,0.8968,0.5615145458583167,1.1658,97678.05,6.9,0.2978014656895403
521925,Santa Fé de Goiás,0,4951,8.079175924055747,0,0,0.9155,0.49555645324176933,0.7069,70870.73,8.2,0.23752777216723894
521930,Santa Helena de Goiás,4,38492,18.705185493089473,0.013888888888888888,1,0.9136,0.41112871938757833,1.3721,51848.48,8.6,0.19824898680245245
521935,Santa Isabel,0,3538,11.305822498586773,0,0,0.8789,0.7878980591671377,1.9785,41744.95,7.3,0.355568117580554
521940,Santa Rita do Araguaia,0,5924,8.440243079000675,0.2,1,0.9268000000000001,0.5791694800810263,1.1816,36493.75,6.9,0.29540850776502364
521945,Santa Rita do Novo Destino,0,2689,18.59427296392711,0,0,0.8532,0.7885521259452088,2.6031,66798.22,6.2,0.3540349572331722
521950,Santa Rosa de Goiás,1,2820,31.914893617021278,0.1111111111111111,1,0.8841,0.707210401891253,1.2411,35736.42,8.1,0.3365248226950355
521960,Santa Tereza de Goiás,0,3293,18.220467658669907,0,0,0.8829,0.5845733373823262,2.1257,32029.76,8.1,0.27573641056787124
521970,Santa Terezinha de Goiás,0,10645,13.151714419915454,0.07142857142857142,1,0.8884000000000001,0.6397291373101613,1.3151,24415.91,8.4,0.4154062940347581
521971,Santo Antônio da Barra,0,4267,18.748535270681977,0.125,1,0.8676,0.5452894305132412,1.6404,77168.35,8.1,0.15889383641902977
521973,Santo Antônio de Goiás,0,7386,10.831302464121311,0,0,0.9468000000000001,0.6976599873634804,1.4216,27092.59,9.7,0.29610073111291635
521975,Santo Antônio do Descoberto,3,72127,5.268484756055291,0.02631578947368421,1,0.9309000000000001,0.5951492968421442,0.8802,13488.69,8.7,0.36599331734301993
521980,São Domingos,0,9711,10.297600659046442,0,0,0.8434,0.621288573095802,1.802,28505.14,7.5,0.4045927298939347
521990,São Francisco de Goiás,0,6378,12.543116964565694,0,0,0.89,0.6605126999059266,1.6462,27260.7,8.3,0.39259956099090626
522000,São João d'Aliança,0,14041,7.834199843316003,0.09090909090909091,1,0.9288,0.5524713339505734,0.997,42537.58,8.4,0.30418061391638773
522005,São João da Paraúna,0,1774,33.82187147688839,0,0,0.9164,0.5902856069146938,1.9729,83825.54,8.4,0.21420518602029312
522010,São Luís de Montes Belos,3,33852,25.40470282405766,0.011627906976744186,1,0.9426000000000001,0.4298810508487928,1.1373,59329.59,9.5,0.1804324707550514
522015,São Luíz do Norte,0,4837,16.539177175935496,0,0,0.885,0.6506098821583626,1.4471,45838.86,8.3,0.3653090758734753
522020,São Miguel do Araguaia,1,21900,21.461187214611872,0.02127659574468085,1,0.8933,0.6753805175038052,1.124,40219.25,8.7,0.32666666666666666
522026,São Miguel do Passa Quatro,0,4464,15.68100358422939,0,0,0.9281,0.5604278673835126,1.5681,75597.95,8.1,0.19847670250896057
522028,São Patrício,0,2143,13.99906672888474,0,0,0.9054000000000001,0.6959480479079173,1.6332,30855.78,8.3,0.3135790947270182
522040,São Simão,2,17020,30.55229142185664,0.019230769230769232,1,0.9172,0.5799500587544065,1.0282,149076.09,9.1,0.24952996474735606
522045,Senador Canedo,16,155635,9.123911716516208,0.007042253521126761,1,0.9588,0.4577788843554899,0.9251,35307.32,9.7,0.18346772898127028
522050,Serranópolis,0,8027,12.457954403886882,0,0,0.9281999999999999,0.45489182342925955,0.872,102115.3,8.2,0.22349570200573066
522060,Silvânia,1,22245,14.385255113508654,0.03125,1,0.9442,0.4763916985090283,1.2667,71665.15,8.5,0.2219375140481007
522068,Simolândia,0,5742,10.449320794148381,0.16666666666666666,1,0.8587,0.7830895158481366,1.219,40637.23,8.2,0.5513758272378962
522070,Sítio d'Abadia,0,2927,17.08233686368295,0,0,0.8445999999999999,0.7643776335269332,2.3915,35615.91,7.1,0.49675435599590023
522100,Taquaral de Goiás,1,4026,14.903129657228018,0,0,0.9106000000000001,0.6494659711872827,1.7386,24115.71,8.5,0.23894684550422254
522108,Teresina de Goiás,1,2701,29.618659755646057,0,0,0.8644,1.16555596692583,2.5916,17585.53,7.5,0.709366901147723
522119,Terezópolis de Goiás,0,7944,15.105740181268882,0.08333333333333333,1,0.9273,0.6533966935213158,1.9826,32533.77,8.9,0.3651812688821752
522130,Três Ranchos,0,2921,27.387880862718248,0.125,1,0.93,0.5252482026703184,1.1982,33124.24,9.1,0.2731941116056145
522140,Trindade,12,142431,8.425132169260905,0.008333333333333333,1,0.9414,0.5570574523804509,0.8124,25497.43,9.5,0.21755095449726533
522145,Trombas,1,3120,28.846153846153847,0.1111111111111111,1,0.8519,0.6483173076923077,2.2435,26326.32,7.7,0.37724358974358974
522150,Turvânia,0,4480,20.089285714285715,0.1111111111111111,1,0.8945000000000001,0.6440476190476191,1.5625,80194.99,8.6,0.2609375
522155,Turvelândia,0,4985,16.0481444332999,0,0,0.9064,0.5567201604814443,1.4042,151920.88,7.8,0.3085255767301906
522157,Uirapuru,0,2798,25.017869907076484,0.14285714285714285,1,0.8729,0.6587145580176316,1.2508,30976.56,7.8,0.4367405289492495
522160,Uruaçu,5,42546,30.320124100973064,0.007751937984496124,1,0.9277,0.44373736661495794,0.9666,38484.27,9,0.1309641329384666
522170,Uruana,1,13729,14.567703401558743,0.05,1,0.8954000000000001,0.6013062374050064,1.7845,29547.95,8.2,0.343215092140724
522180,Urutaí,0,3553,16.887137630171686,0,0,0.9373,0.5741157707101979,0.985,42866.35,9.5,0.18153672952434563
522185,Valparaíso de Goiás,13,198861,7.040093331523024,0.007142857142857143,1,0.9721,0.37083063044035786,0.8164,18212.92,10.8,0.1891170214370842
522190,Varjão,0,3716,13.455328310010763,0.2,1,0.8884000000000001,0.5834454610692501,0.9418,32932.1,8.3,0.26264800861141013
522200,Vianópolis,0,14956,12.035303557100828,0.05555555555555555,1,0.9345,0.48138428278505835,1.17,61175.68,8.6,0.21436212891147366
522205,Vicentinópolis,2,8768,18.248175182481752,0.0625,1,0.9087000000000001,0.5418947688564476,1.5967,77280.98,8.1,0.2561587591240876
522220,Vila Boa,0,4215,14.234875444839858,0,0,0.8717,0.7646896006326611,2.4911,47887.65,7.8,0.4258600237247924
522230,Vila Propício,0,5815,8.598452278589853,0,0,0.8568000000000001,0.6648466609343652,1.5047,76390.22,7.6,0.3473774720550301
530010,Brasília,176,2817381,22.47477355742798,1.5792798483891344e-4,1,0.9723,0.32081363862395607,0.8041,129790.44,11.4,0.18642739480389767
