Nível Territorial (Código),Nível Territorial,Unidade de Medida (Código),Unidade de Medida,Valor,Município (Código),Município,Variável (Código),Variável,Ano (Código),Ano,Sexo (Código),Sexo,Cor ou raça (Código),Cor ou raça,Idade (Código),Idade
6,Município,2,%,91.59,1100015,Alta Floresta D'Oeste - RO,2513,Taxa de alfabetização das pessoas de 15 anos ou mais de idade,2022,2022,6794,Total,95251,Total,100362,Total
6,Município,2,%,94.08,1100023,Ariquemes - RO,2513,Taxa de alfabetização das pessoas de 15 anos ou mais de idade,2022,2022,6794,Total,95251,Total,100362,Total
6,Município,2,%,89.82,1100031,Cabixi - RO,2513,Taxa de alfabetização das pessoas de 15 anos ou mais de idade,2022,2022,6794,Total,95251,Total,100362,Total
6,Município,2,%,93.71,1100049,Cacoal - RO,2513,Taxa de alfabetização das pessoas de 15 anos ou mais de idade,2022,2022,6794,Total,95251,Total,100362,Total
6,Município,2,%,92.15,1100056,Cerejeiras - RO,2513,Taxa de alfabetização das pessoas de 15 anos ou mais de idade,2022,2022,6794,Total,95251,Total,100362,Total
6,Município,2,%,90.47,1100064,Colorado do Oeste - RO,2513,Taxa de alfabetização das pessoas de 15 anos ou mais de idade,2022,2022,6794,Total,95251,Total,100362,Total
6,Município,2,%,91.52,1100072,Corumbiara - RO,2513,Taxa de alfabetização das pessoas de 15 anos ou mais de idade,2022,2022,6794,Total,95251,Total,100362,Total
6,Município,2,%,92.92,1100080,Costa Marques - RO,2513,Taxa de alfabetização das pessoas de 15 anos ou mais de idade,2022,2022,6794,Total,95251,Total,100362,Total
6,Município,2,%,92.01,1100098,Espigão D'Oeste - RO,2513,Taxa de alfabetização das pessoas de 15 anos ou mais de idade,2022,2022,6794,Total,95251,Total,100362,Total
6,Município,2,%,94.16,1100106,Guajará-Mirim - RO,2513,Taxa de alfabetização das pessoas de 15 anos ou mais de idade,2022,2022,6794,Total,95251,Total,100362,Total
6,Município,2,%,92.39,1100114,Jaru - RO,2513,Taxa de alfabetização das pessoas de 15 anos ou mais de idade,2022,2022,6794,Total,95251,Total,100362,Total
6,Município,2,%,94.37,1100122,Ji-Paraná - RO,2513,Taxa de alfabetização das pessoas de 15 anos ou mais de idade,2022,2022,6794,Total,95251,Total,100362,Total
6,Município,2,%,91.65,1100130,Machadinho D'Oeste - RO,2513,Taxa de alfabetização das pessoas de 15 anos ou mais de idade,2022,2022,6794,Total,95251,Total,100362,Total
6,Município,2,%,91.36,1100148,Nova Brasilândia D'Oeste - RO,2513,Taxa de alfabetização das pessoas de 15 anos ou mais de idade,2022,2022,6794,Total,95251,Total,100362,Total
6,Município,2,%,92.81,1100155,Ouro Preto do Oeste - RO,2513,Taxa de alfabetização das pessoas de 15 anos ou mais de idade,2022,2022,6794,Total,95251,Total,100362,Total
6,Município,2,%,93.24,1100189,Pimenta Bueno - RO,2513,Taxa de alfabetização das pessoas de 15 anos ou mais de idade,2022,2022,6794,Total,95251,Total,100362,Total
6,Município,2,%,95.64,1100205,Porto Velho - RO,2513,Taxa de alfabetização das pessoas de 15 anos ou mais de idade,2022,2022,6794,Total,95251,Total,100362,Total
6,Município,2,%,92.38,1100254,Presidente Médici - RO,2513,Taxa de alfabetização das pessoas de 15 anos ou mais de idade,2022,2022,6794,Total,95251,Total,100362,Total
6,Município,2,%,92.17,1100262,Rio Crespo - RO,2513,Taxa de alfabetização das pessoas de 15 anos ou mais de idade,2022,2022,6794,Total,95251,Total,100362,Total
6,Município,2,%,93.5,1100288,Rolim de Moura - RO,2513,Taxa de alfabetização das pessoas de 15 anos ou mais de idade,2022,2022,6794,Total,95251,Total,100362,Total
6,Município,2,%,90.45,1100296,Santa Luzia D'Oeste - RO,2513,Taxa de alfabetização das pessoas de 15 anos ou mais de idade,2022,2022,6794,Total,95251,Total,100362,Total
6,Município,2,%,95.25,1100304,Vilhena - RO,2513,Taxa de alfabetização das pessoas de 15 anos ou mais de idade,2022,2022,6794,Total,95251,Total,100362,Total
6,Município,2,%,92.68,1100320,São Miguel do Guaporé - RO,2513,Taxa de alfabetização das pessoas de 15 anos ou mais de idade,2022,2022,6794,Total,95251,Total,100362,Total
6,Município,2,%,90.69,1100338,Nova Mamoré - RO,2513,Taxa de alfabetização das pessoas de 15 anos ou mais de idade,2022,2022,6794,Total,95251,Total,100362,Total
6,Município,2,%,88.53,1100346,Alvorada D'Oeste - RO,2513,Taxa de alfabetização das pessoas de 15 anos ou mais de idade,2022,2022,6794,Total,95251,Total,100362,Total
6,Município,2,%,90.79,1100379,Alto Alegre dos Parecis - RO,2513,Taxa de alfabetização das pessoas de 15 anos ou mais de idade,2022,2022,6794,Total,95251,Total,100362,Total
6,Município,2,%,91.73,1100403,Alto Paraíso - RO,2513,Taxa de alfabetização das pessoas de 15 anos ou mais de idade,2022,2022,6794,Total,95251,Total,100362,Total
6,Município,2,%,92.46,1100452,Buritis - RO,2513,Taxa de alfabetização das pessoas de 15 anos ou mais de idade,2022,2022,6794,Total,95251,Total,100362,Total
6,Município,2,%,90.03,1100502,Novo Horizonte do Oeste - RO,2513,Taxa de alfabetização das pessoas de 15 anos ou mais de idade,2022,2022,6794,Total,95251,Total,100362,Total
6,Município,2,%,88.08,1100601,Cacaulândia - RO,2513,Taxa de alfabetização das pessoas de 15 anos ou mais de idade,2022,2022,6794,Total,95251,Total,100362,Total
6,Município,2,%,90.46,1100700,Campo Novo de Rondônia - RO,2513,Taxa de alfabetização das pessoas de 15 anos ou mais de idade,2022,2022,6794,Total,95251,Total,100362,Total
6,Município,2,%,91.87,1100809,Candeias do Jamari - RO,2513,Taxa de alfabetização das pessoas de 15 anos ou mais de idade,2022,2022,6794,Total,95251,Total,100362,Total
6,Município,2,%,89.81,1100908,Castanheiras - RO,2513,Taxa de alfabetização das pessoas de 15 anos ou mais de idade,2022,2022,6794,Total,95251,Total,100362,Total
6,Município,2,%,92.64,1100924,Chupinguaia - RO,2513,Taxa de alfabetização das pessoas de 15 anos ou mais de idade,2022,2022,6794,Total,95251,Total,100362,Total
6,Município,2,%,92.34,1100940,Cujubim - RO,2513,Taxa de alfabetização das pessoas de 15 anos ou mais de idade,2022,2022,6794,Total,95251,Total,100362,Total
6,Município,2,%,89.21,1101005,Governador Jorge Teixeira - RO,2513,Taxa de alfabetização das pessoas de 15 anos ou mais de idade,2022,2022,6794,Total,95251,Total,100362,Total
6,Município,2,%,90.31,1101104,Itapuã do Oeste - RO,2513,Taxa de alfabetização das pessoas de 15 anos ou mais de idade,2022,2022,6794,Total,95251,Total,100362,Total
6,Município,2,%,88.99,1101203,Ministro Andreazza - RO,2513,Taxa de alfabetização das pessoas de 15 anos ou mais de idade,2022,2022,6794,Total,95251,Total,100362,Total
6,Município,2,%,89.07,1101302,Mirante da Serra - RO,2513,Taxa de alfabetização das pessoas de 15 anos ou mais de idade,2022,2022,6794,Total,95251,Total,100362,Total
6,Município,2,%,89.15,1101401,Monte Negro - RO,2513,Taxa de alfabetização das pessoas de 15 anos ou mais de idade,2022,2022,6794,Total,95251,Total,100362,Total
6,Município,2,%,89.7,1101435,Nova União - RO,2513,Taxa de alfabetização das pessoas de 15 anos ou mais de idade,2022,2022,6794,Total,95251,Total,100362,Total
6,Município,2,%,89.53,1101450,Parecis - RO,2513,Taxa de alfabetização das pessoas de 15 anos ou mais de idade,2022,2022,6794,Total,95251,Total,100362,Total
6,Município,2,%,93.15,1101468,Pimenteiras do Oeste - RO,2513,Taxa de alfabetização das pessoas de 15 anos ou mais de idade,2022,2022,6794,Total,95251,Total,100362,Total
6,Município,2,%,87.46,1101476,Primavera de Rondônia - RO,2513,Taxa de alfabetização das pessoas de 15 anos ou mais de idade,2022,2022,6794,Total,95251,Total,100362,Total
6,Município,2,%,89.81,1101484,São Felipe D'Oeste - RO,2513,Taxa de alfabetização das pessoas de 15 anos ou mais de idade,2022,2022,6794,Total,95251,Total,100362,Total
6,Município,2,%,91.86,1101492,São Francisco do Guaporé - RO,2513,Taxa de alfabetização das pessoas de 15 anos ou mais de idade,2022,2022,6794,Total,95251,Total,100362,Total
6,Município,2,%,92.73,1101500,Seringueiras - RO,2513,Taxa de alfabetização das pessoas de 15 anos ou mais de idade,2022,2022,6794,Total,95251,Total,100362,Total
6,Município,2,%,89.96,1101559,Teixeirópolis - RO,2513,Taxa de alfabetização das pessoas de 15 anos ou mais de idade,2022,2022,6794,Total,95251,Total,100362,Total
6,Município,2,%,88.38,1101609,Theobroma - RO,2513,Taxa de alfabetização das pessoas de 15 anos ou mais de idade,2022,2022,6794,Total,95251,Total,100362,Total
6,Município,2,%,90.24,1101708,Urupá - RO,2513,Taxa de alfabetização das pessoas de 15 anos ou mais de idade,2022,2022,6794,Total,95251,Total,100362,Total
6,Município,2,%,88.35,1101757,Vale do Anari - RO,2513,Taxa de alfabetização das pessoas de 15 anos ou mais de idade,2022,2022,6794,Total,95251,Total,100362,Total
6,Município,2,%,89.5,1101807,Vale do Paraíso - RO,2513,Taxa de alfabetização das pessoas de 15 anos ou mais de idade,2022,2022,6794,Total,95251,Total,100362,Total
6,Município,2,%,88.35,1200013,Acrelândia - AC,2513,Taxa de alfabetização das pessoas de 15 anos ou mais de idade,2022,2022,6794,Total,95251,Total,100362,Total
6,Município,2,%,85.3,1200054,Assis Brasil - AC,2513,Taxa de alfabetização das pessoas de 15 anos ou mais de idade,2022,2022,6794,Total,95251,Total,100362,Total
6,Município,2,%,89.01,1200104,Brasiléia - AC,2513,Taxa de alfabetização das pessoas de 15 anos ou mais de idade,2022,2022,6794,Total,95251,Total,100362,Total
6,Município,2,%,81.26,1200138,Bujari - AC,2513,Taxa de alfabetização das pessoas de 15 anos ou mais de idade,2022,2022,6794,Total,95251,Total,100362,Total
6,Município,2,%,84.27,1200179,Capixaba - AC,2513,Taxa de alfabetização das pessoas de 15 anos ou mais de idade,2022,2022,6794,Total,95251,Total,100362,Total
6,Município,2,%,86.24,1200203,Cruzeiro do Sul - AC,2513,Taxa de alfabetização das pessoas de 15 anos ou mais de idade,2022,2022,6794,Total,95251,Total,100362,Total
6,Município,2,%,88.78,1200252,Epitaciolândia - AC,2513,Taxa de alfabetização das pessoas de 15 anos ou mais de idade,2022,2022,6794,Total,95251,Total,100362,Total
6,Município,2,%,77.35,1200302,Feijó - AC,2513,Taxa de alfabetização das pessoas de 15 anos ou mais de idade,2022,2022,6794,Total,95251,Total,100362,Total
6,Município,2,%,81.88,1200328,Jordão - AC,2513,Taxa de alfabetização das pessoas de 15 anos ou mais de idade,2022,2022,6794,Total,95251,Total,100362,Total
6,Município,2,%,84.27,1200336,Mâncio Lima - AC,2513,Taxa de alfabetização das pessoas de 15 anos ou mais de idade,2022,2022,6794,Total,95251,Total,100362,Total
6,Município,2,%,77.84,1200344,Manoel Urbano - AC,2513,Taxa de alfabetização das pessoas de 15 anos ou mais de idade,2022,2022,6794,Total,95251,Total,100362,Total
6,Município,2,%,77.17,1200351,Marechal Thaumaturgo - AC,2513,Taxa de alfabetização das pessoas de 15 anos ou mais de idade,2022,2022,6794,Total,95251,Total,100362,Total
6,Município,2,%,84.38,1200385,Plácido de Castro - AC,2513,Taxa de alfabetização das pessoas de 15 anos ou mais de idade,2022,2022,6794,Total,95251,Total,100362,Total
6,Município,2,%,81.1,1200393,Porto Walter - AC,2513,Taxa de alfabetização das pessoas de 15 anos ou mais de idade,2022,2022,6794,Total,95251,Total,100362,Total
6,Município,2,%,93.04,1200401,Rio Branco - AC,2513,Taxa de alfabetização das pessoas de 15 anos ou mais de idade,2022,2022,6794,Total,95251,Total,100362,Total
6,Município,2,%,79.96,1200427,Rodrigues Alves - AC,2513,Taxa de alfabetização das pessoas de 15 anos ou mais de idade,2022,2022,6794,Total,95251,Total,100362,Total
6,Município,2,%,77.4,1200435,Santa Rosa do Purus - AC,2513,Taxa de alfabetização das pessoas de 15 anos ou mais de idade,2022,2022,6794,Total,95251,Total,100362,Total
6,Município,2,%,87.04,1200450,Senador Guiomard - AC,2513,Taxa de alfabetização das pessoas de 15 anos ou mais de idade,2022,2022,6794,Total,95251,Total,100362,Total
6,Município,2,%,82.41,1200500,Sena Madureira - AC,2513,Taxa de alfabetização das pessoas de 15 anos ou mais de idade,2022,2022,6794,Total,95251,Total,100362,Total
6,Município,2,%,78.51,1200609,Tarauacá - AC,2513,Taxa de alfabetização das pessoas de 15 anos ou mais de idade,2022,2022,6794,Total,95251,Total,100362,Total
6,Município,2,%,85.39,1200708,Xapuri - AC,2513,Taxa de alfabetização das pessoas de 15 anos ou mais de idade,2022,2022,6794,Total,95251,Total,100362,Total
6,Município,2,%,83.98,1200807,Porto Acre - AC,2513,Taxa de alfabetização das pessoas de 15 anos ou mais de idade,2022,2022,6794,Total,95251,Total,100362,Total
6,Município,2,%,87.63,1300029,Alvarães - AM,2513,Taxa de alfabetização das pessoas de 15 anos ou mais de idade,2022,2022,6794,Total,95251,Total,100362,Total
6,Município,2,%,85.13,1300060,Amaturá - AM,2513,Taxa de alfabetização das pessoas de 15 anos ou mais de idade,2022,2022,6794,Total,95251,Total,100362,Total
6,Município,2,%,87.76,1300086,Anamã - AM,2513,Taxa de alfabetização das pessoas de 15 anos ou mais de idade,2022,2022,6794,Total,95251,Total,100362,Total
6,Município,2,%,86.82,1300102,Anori - AM,2513,Taxa de alfabetização das pessoas de 15 anos ou mais de idade,2022,2022,6794,Total,95251,Total,100362,Total
6,Município,2,%,91.81,1300144,Apuí - AM,2513,Taxa de alfabetização das pessoas de 15 anos ou mais de idade,2022,2022,6794,Total,95251,Total,100362,Total
6,Município,2,%,77.18,1300201,Atalaia do Norte - AM,2513,Taxa de alfabetização das pessoas de 15 anos ou mais de idade,2022,2022,6794,Total,95251,Total,100362,Total
6,Município,2,%,89.87,1300300,Autazes - AM,2513,Taxa de alfabetização das pessoas de 15 anos ou mais de idade,2022,2022,6794,Total,95251,Total,100362,Total
6,Município,2,%,78.71,1300409,Barcelos - AM,2513,Taxa de alfabetização das pessoas de 15 anos ou mais de idade,2022,2022,6794,Total,95251,Total,100362,Total
6,Município,2,%,93.96,1300508,Barreirinha - AM,2513,Taxa de alfabetização das pessoas de 15 anos ou mais de idade,2022,2022,6794,Total,95251,Total,100362,Total
6,Município,2,%,87.3,1300607,Benjamin Constant - AM,2513,Taxa de alfabetização das pessoas de 15 anos ou mais de idade,2022,2022,6794,Total,95251,Total,100362,Total
6,Município,2,%,82.99,1300631,Beruri - AM,2513,Taxa de alfabetização das pessoas de 15 anos ou mais de idade,2022,2022,6794,Total,95251,Total,100362,Total
6,Município,2,%,95.63,1300680,Boa Vista do Ramos - AM,2513,Taxa de alfabetização das pessoas de 15 anos ou mais de idade,2022,2022,6794,Total,95251,Total,100362,Total
6,Município,2,%,80.16,1300706,Boca do Acre - AM,2513,Taxa de alfabetização das pessoas de 15 anos ou mais de idade,2022,2022,6794,Total,95251,Total,100362,Total
6,Município,2,%,88.88,1300805,Borba - AM,2513,Taxa de alfabetização das pessoas de 15 anos ou mais de idade,2022,2022,6794,Total,95251,Total,100362,Total
6,Município,2,%,91.71,1300839,Caapiranga - AM,2513,Taxa de alfabetização das pessoas de 15 anos ou mais de idade,2022,2022,6794,Total,95251,Total,100362,Total
6,Município,2,%,81.11,1300904,Canutama - AM,2513,Taxa de alfabetização das pessoas de 15 anos ou mais de idade,2022,2022,6794,Total,95251,Total,100362,Total
6,Município,2,%,81.99,1301001,Carauari - AM,2513,Taxa de alfabetização das pessoas de 15 anos ou mais de idade,2022,2022,6794,Total,95251,Total,100362,Total
6,Município,2,%,87.06,1301100,Careiro - AM,2513,Taxa de alfabetização das pessoas de 15 anos ou mais de idade,2022,2022,6794,Total,95251,Total,100362,Total
6,Município,2,%,87.09,1301159,Careiro da Várzea - AM,2513,Taxa de alfabetização das pessoas de 15 anos ou mais de idade,2022,2022,6794,Total,95251,Total,100362,Total
6,Município,2,%,86.34,1301209,Coari - AM,2513,Taxa de alfabetização das pessoas de 15 anos ou mais de idade,2022,2022,6794,Total,95251,Total,100362,Total
6,Município,2,%,86.18,1301308,Codajás - AM,2513,Taxa de alfabetização das pessoas de 15 anos ou mais de idade,2022,2022,6794,Total,95251,Total,100362,Total
6,Município,2,%,74.72,1301407,Eirunepé - AM,2513,Taxa de alfabetização das pessoas de 15 anos ou mais de idade,2022,2022,6794,Total,95251,Total,100362,Total
6,Município,2,%,73.69,1301506,Envira - AM,2513,Taxa de alfabetização das pessoas de 15 anos ou mais de idade,2022,2022,6794,Total,95251,Total,100362,Total
6,Município,2,%,86.07,1301605,Fonte Boa - AM,2513,Taxa de alfabetização das pessoas de 15 anos ou mais de idade,2022,2022,6794,Total,95251,Total,100362,Total
6,Município,2,%,77.64,1301654,Guajará - AM,2513,Taxa de alfabetização das pessoas de 15 anos ou mais de idade,2022,2022,6794,Total,95251,Total,100362,Total
6,Município,2,%,88.74,1301704,Humaitá - AM,2513,Taxa de alfabetização das pessoas de 15 anos ou mais de idade,2022,2022,6794,Total,95251,Total,100362,Total
6,Município,2,%,75.84,1301803,Ipixuna - AM,2513,Taxa de alfabetização das pessoas de 15 anos ou mais de idade,2022,2022,6794,Total,95251,Total,100362,Total
6,Município,2,%,91.14,1301852,Iranduba - AM,2513,Taxa de alfabetização das pessoas de 15 anos ou mais de idade,2022,2022,6794,Total,95251,Total,100362,Total
6,Município,2,%,93.93,1301902,Itacoatiara - AM,2513,Taxa de alfabetização das pessoas de 15 anos ou mais de idade,2022,2022,6794,Total,95251,Total,100362,Total
6,Município,2,%,73.56,1301951,Itamarati - AM,2513,Taxa de alfabetização das pessoas de 15 anos ou mais de idade,2022,2022,6794,Total,95251,Total,100362,Total
6,Município,2,%,94.08,1302009,Itapiranga - AM,2513,Taxa de alfabetização das pessoas de 15 anos ou mais de idade,2022,2022,6794,Total,95251,Total,100362,Total
6,Município,2,%,87.61,1302108,Japurá - AM,2513,Taxa de alfabetização das pessoas de 15 anos ou mais de idade,2022,2022,6794,Total,95251,Total,100362,Total
6,Município,2,%,79.36,1302207,Juruá - AM,2513,Taxa de alfabetização das pessoas de 15 anos ou mais de idade,2022,2022,6794,Total,95251,Total,100362,Total
6,Município,2,%,84.1,1302306,Jutaí - AM,2513,Taxa de alfabetização das pessoas de 15 anos ou mais de idade,2022,2022,6794,Total,95251,Total,100362,Total
6,Município,2,%,80.4,1302405,Lábrea - AM,2513,Taxa de alfabetização das pessoas de 15 anos ou mais de idade,2022,2022,6794,Total,95251,Total,100362,Total
6,Município,2,%,88.97,1302504,Manacapuru - AM,2513,Taxa de alfabetização das pessoas de 15 anos ou mais de idade,2022,2022,6794,Total,95251,Total,100362,Total
6,Município,2,%,88.58,1302553,Manaquiri - AM,2513,Taxa de alfabetização das pessoas de 15 anos ou mais de idade,2022,2022,6794,Total,95251,Total,100362,Total
6,Município,2,%,97.02,1302603,Manaus - AM,2513,Taxa de alfabetização das pessoas de 15 anos ou mais de idade,2022,2022,6794,Total,95251,Total,100362,Total
6,Município,2,%,89.56,1302702,Manicoré - AM,2513,Taxa de alfabetização das pessoas de 15 anos ou mais de idade,2022,2022,6794,Total,95251,Total,100362,Total
6,Município,2,%,84.33,1302801,Maraã - AM,2513,Taxa de alfabetização das pessoas de 15 anos ou mais de idade,2022,2022,6794,Total,95251,Total,100362,Total
6,Município,2,%,93.84,1302900,Maués - AM,2513,Taxa de alfabetização das pessoas de 15 anos ou mais de idade,2022,2022,6794,Total,95251,Total,100362,Total
6,Município,2,%,93.22,1303007,Nhamundá - AM,2513,Taxa de alfabetização das pessoas de 15 anos ou mais de idade,2022,2022,6794,Total,95251,Total,100362,Total
6,Município,2,%,91.02,1303106,Nova Olinda do Norte - AM,2513,Taxa de alfabetização das pessoas de 15 anos ou mais de idade,2022,2022,6794,Total,95251,Total,100362,Total
6,Município,2,%,89.57,1303205,Novo Airão - AM,2513,Taxa de alfabetização das pessoas de 15 anos ou mais de idade,2022,2022,6794,Total,95251,Total,100362,Total
6,Município,2,%,87.97,1303304,Novo Aripuanã - AM,2513,Taxa de alfabetização das pessoas de 15 anos ou mais de idade,2022,2022,6794,Total,95251,Total,100362,Total
6,Município,2,%,95.93,1303403,Parintins - AM,2513,Taxa de alfabetização das pessoas de 15 anos ou mais de idade,2022,2022,6794,Total,95251,Total,100362,Total
6,Município,2,%,75.88,1303502,Pauini - AM,2513,Taxa de alfabetização das pessoas de 15 anos ou mais de idade,2022,2022,6794,Total,95251,Total,100362,Total
6,Município,2,%,91.41,1303536,Presidente Figueiredo - AM,2513,Taxa de alfabetização das pessoas de 15 anos ou mais de idade,2022,2022,6794,Total,95251,Total,100362,Total
6,Município,2,%,91.27,1303569,Rio Preto da Eva - AM,2513,Taxa de alfabetização das pessoas de 15 anos ou mais de idade,2022,2022,6794,Total,95251,Total,100362,Total
6,Município,2,%,84.1,1303601,Santa Isabel do Rio Negro - AM,2513,Taxa de alfabetização das pessoas de 15 anos ou mais de idade,2022,2022,6794,Total,95251,Total,100362,Total
6,Município,2,%,85.63,1303700,Santo Antônio do Içá - AM,2513,Taxa de alfabetização das pessoas de 15 anos ou mais de idade,2022,2022,6794,Total,95251,Total,100362,Total
6,Município,2,%,90.6,1303809,São Gabriel da Cachoeira - AM,2513,Taxa de alfabetização das pessoas de 15 anos ou mais de idade,2022,2022,6794,Total,95251,Total,100362,Total
6,Município,2,%,85.2,1303908,São Paulo de Olivença - AM,2513,Taxa de alfabetização das pessoas de 15 anos ou mais de idade,2022,2022,6794,Total,95251,Total,100362,Total
6,Município,2,%,94.06,1303957,São Sebastião do Uatumã - AM,2513,Taxa de alfabetização das pessoas de 15 anos ou mais de idade,2022,2022,6794,Total,95251,Total,100362,Total
6,Município,2,%,94.49,1304005,Silves - AM,2513,Taxa de alfabetização das pessoas de 15 anos ou mais de idade,2022,2022,6794,Total,95251,Total,100362,Total
6,Município,2,%,90.45,1304062,Tabatinga - AM,2513,Taxa de alfabetização das pessoas de 15 anos ou mais de idade,2022,2022,6794,Total,95251,Total,100362,Total
6,Município,2,%,79.19,1304104,Tapauá - AM,2513,Taxa de alfabetização das pessoas de 15 anos ou mais de idade,2022,2022,6794,Total,95251,Total,100362,Total
6,Município,2,%,90.16,1304203,Tefé - AM,2513,Taxa de alfabetização das pessoas de 15 anos ou mais de idade,2022,2022,6794,Total,95251,Total,100362,Total
6,Município,2,%,86.88,1304237,Tonantins - AM,2513,Taxa de alfabetização das pessoas de 15 anos ou mais de idade,2022,2022,6794,Total,95251,Total,100362,Total
6,Município,2,%,88.07,1304260,Uarini - AM,2513,Taxa de alfabetização das pessoas de 15 anos ou mais de idade,2022,2022,6794,Total,95251,Total,100362,Total
6,Município,2,%,94.23,1304302,Urucará - AM,2513,Taxa de alfabetização das pessoas de 15 anos ou mais de idade,2022,2022,6794,Total,95251,Total,100362,Total
6,Município,2,%,93.7,1304401,Urucurituba - AM,2513,Taxa de alfabetização das pessoas de 15 anos ou mais de idade,2022,2022,6794,Total,95251,Total,100362,Total
6,Município,2,%,68.17,1400027,Amajari - RR,2513,Taxa de alfabetização das pessoas de 15 anos ou mais de idade,2022,2022,6794,Total,95251,Total,100362,Total
6,Município,2,%,63.19,1400050,Alto Alegre - RR,2513,Taxa de alfabetização das pessoas de 15 anos ou mais de idade,2022,2022,6794,Total,95251,Total,100362,Total
6,Município,2,%,96.43,1400100,Boa Vista - RR,2513,Taxa de alfabetização das pessoas de 15 anos ou mais de idade,2022,2022,6794,Total,95251,Total,100362,Total
6,Município,2,%,91.31,1400159,Bonfim - RR,2513,Taxa de alfabetização das pessoas de 15 anos ou mais de idade,2022,2022,6794,Total,95251,Total,100362,Total
6,Município,2,%,90.81,1400175,Cantá - RR,2513,Taxa de alfabetização das pessoas de 15 anos ou mais de idade,2022,2022,6794,Total,95251,Total,100362,Total
6,Município,2,%,87.01,1400209,Caracaraí - RR,2513,Taxa de alfabetização das pessoas de 15 anos ou mais de idade,2022,2022,6794,Total,95251,Total,100362,Total
6,Município,2,%,91.69,1400233,Caroebe - RR,2513,Taxa de alfabetização das pessoas de 15 anos ou mais de idade,2022,2022,6794,Total,95251,Total,100362,Total
6,Município,2,%,79.97,1400282,Iracema - RR,2513,Taxa de alfabetização das pessoas de 15 anos ou mais de idade,2022,2022,6794,Total,95251,Total,100362,Total
6,Município,2,%,87.67,1400308,Mucajaí - RR,2513,Taxa de alfabetização das pessoas de 15 anos ou mais de idade,2022,2022,6794,Total,95251,Total,100362,Total
6,Município,2,%,91.82,1400407,Normandia - RR,2513,Taxa de alfabetização das pessoas de 15 anos ou mais de idade,2022,2022,6794,Total,95251,Total,100362,Total
6,Município,2,%,94.09,1400456,Pacaraima - RR,2513,Taxa de alfabetização das pessoas de 15 anos ou mais de idade,2022,2022,6794,Total,95251,Total,100362,Total
6,Município,2,%,90.5,1400472,Rorainópolis - RR,2513,Taxa de alfabetização das pessoas de 15 anos ou mais de idade,2022,2022,6794,Total,95251,Total,100362,Total
6,Município,2,%,90.37,1400506,São João da Baliza - RR,2513,Taxa de alfabetização das pessoas de 15 anos ou mais de idade,2022,2022,6794,Total,95251,Total,100362,Total
6,Município,2,%,90,1400605,São Luiz do Anauá - RR,2513,Taxa de alfabetização das pessoas de 15 anos ou mais de idade,2022,2022,6794,Total,95251,Total,100362,Total
6,Município,2,%,87.53,1400704,Uiramutã - RR,2513,Taxa de alfabetização das pessoas de 15 anos ou mais de idade,2022,2022,6794,Total,95251,Total,100362,Total
6,Município,2,%,89.91,1500107,Abaetetuba - PA,2513,Taxa de alfabetização das pessoas de 15 anos ou mais de idade,2022,2022,6794,Total,95251,Total,100362,Total
6,Município,2,%,86.16,1500131,Abel Figueiredo - PA,2513,Taxa de alfabetização das pessoas de 15 anos ou mais de idade,2022,2022,6794,Total,95251,Total,100362,Total
6,Município,2,%,84.1,1500206,Acará - PA,2513,Taxa de alfabetização das pessoas de 15 anos ou mais de idade,2022,2022,6794,Total,95251,Total,100362,Total
6,Município,2,%,77.98,1500305,Afuá - PA,2513,Taxa de alfabetização das pessoas de 15 anos ou mais de idade,2022,2022,6794,Total,95251,Total,100362,Total
6,Município,2,%,88.32,1500347,Água Azul do Norte - PA,2513,Taxa de alfabetização das pessoas de 15 anos ou mais de idade,2022,2022,6794,Total,95251,Total,100362,Total
6,Município,2,%,89.18,1500404,Alenquer - PA,2513,Taxa de alfabetização das pessoas de 15 anos ou mais de idade,2022,2022,6794,Total,95251,Total,100362,Total
6,Município,2,%,87.42,1500503,Almeirim - PA,2513,Taxa de alfabetização das pessoas de 15 anos ou mais de idade,2022,2022,6794,Total,95251,Total,100362,Total
6,Município,2,%,90.34,1500602,Altamira - PA,2513,Taxa de alfabetização das pessoas de 15 anos ou mais de idade,2022,2022,6794,Total,95251,Total,100362,Total
6,Município,2,%,77.42,1500701,Anajás - PA,2513,Taxa de alfabetização das pessoas de 15 anos ou mais de idade,2022,2022,6794,Total,95251,Total,100362,Total
6,Município,2,%,97.2,1500800,Ananindeua - PA,2513,Taxa de alfabetização das pessoas de 15 anos ou mais de idade,2022,2022,6794,Total,95251,Total,100362,Total
6,Município,2,%,85.05,1500859,Anapu - PA,2513,Taxa de alfabetização das pessoas de 15 anos ou mais de idade,2022,2022,6794,Total,95251,Total,100362,Total
6,Município,2,%,82.54,1500909,Augusto Corrêa - PA,2513,Taxa de alfabetização das pessoas de 15 anos ou mais de idade,2022,2022,6794,Total,95251,Total,100362,Total
6,Município,2,%,81.75,1500958,Aurora do Pará - PA,2513,Taxa de alfabetização das pessoas de 15 anos ou mais de idade,2022,2022,6794,Total,95251,Total,100362,Total
6,Município,2,%,90.96,1501006,Aveiro - PA,2513,Taxa de alfabetização das pessoas de 15 anos ou mais de idade,2022,2022,6794,Total,95251,Total,100362,Total
6,Município,2,%,82.55,1501105,Bagre - PA,2513,Taxa de alfabetização das pessoas de 15 anos ou mais de idade,2022,2022,6794,Total,95251,Total,100362,Total
6,Município,2,%,91.96,1501204,Baião - PA,2513,Taxa de alfabetização das pessoas de 15 anos ou mais de idade,2022,2022,6794,Total,95251,Total,100362,Total
6,Município,2,%,87.22,1501253,Bannach - PA,2513,Taxa de alfabetização das pessoas de 15 anos ou mais de idade,2022,2022,6794,Total,95251,Total,100362,Total
6,Município,2,%,93.85,1501303,Barcarena - PA,2513,Taxa de alfabetização das pessoas de 15 anos ou mais de idade,2022,2022,6794,Total,95251,Total,100362,Total
6,Município,2,%,97.05,1501402,Belém - PA,2513,Taxa de alfabetização das pessoas de 15 anos ou mais de idade,2022,2022,6794,Total,95251,Total,100362,Total
6,Município,2,%,91.14,1501451,Belterra - PA,2513,Taxa de alfabetização das pessoas de 15 anos ou mais de idade,2022,2022,6794,Total,95251,Total,100362,Total
6,Município,2,%,94.44,1501501,Benevides - PA,2513,Taxa de alfabetização das pessoas de 15 anos ou mais de idade,2022,2022,6794,Total,95251,Total,100362,Total
6,Município,2,%,87.91,1501576,Bom Jesus do Tocantins - PA,2513,Taxa de alfabetização das pessoas de 15 anos ou mais de idade,2022,2022,6794,Total,95251,Total,100362,Total
6,Município,2,%,79.83,1501600,Bonito - PA,2513,Taxa de alfabetização das pessoas de 15 anos ou mais de idade,2022,2022,6794,Total,95251,Total,100362,Total
6,Município,2,%,88.14,1501709,Bragança - PA,2513,Taxa de alfabetização das pessoas de 15 anos ou mais de idade,2022,2022,6794,Total,95251,Total,100362,Total
6,Município,2,%,88.86,1501725,Brasil Novo - PA,2513,Taxa de alfabetização das pessoas de 15 anos ou mais de idade,2022,2022,6794,Total,95251,Total,100362,Total
6,Município,2,%,86.14,1501758,Brejo Grande do Araguaia - PA,2513,Taxa de alfabetização das pessoas de 15 anos ou mais de idade,2022,2022,6794,Total,95251,Total,100362,Total
6,Município,2,%,84.9,1501782,Breu Branco - PA,2513,Taxa de alfabetização das pessoas de 15 anos ou mais de idade,2022,2022,6794,Total,95251,Total,100362,Total
6,Município,2,%,81.1,1501808,Breves - PA,2513,Taxa de alfabetização das pessoas de 15 anos ou mais de idade,2022,2022,6794,Total,95251,Total,100362,Total
6,Município,2,%,88.52,1501907,Bujaru - PA,2513,Taxa de alfabetização das pessoas de 15 anos ou mais de idade,2022,2022,6794,Total,95251,Total,100362,Total
6,Município,2,%,79.78,1501956,Cachoeira do Piriá - PA,2513,Taxa de alfabetização das pessoas de 15 anos ou mais de idade,2022,2022,6794,Total,95251,Total,100362,Total
6,Município,2,%,91.63,1502004,Cachoeira do Arari - PA,2513,Taxa de alfabetização das pessoas de 15 anos ou mais de idade,2022,2022,6794,Total,95251,Total,100362,Total
6,Município,2,%,91.67,1502103,Cametá - PA,2513,Taxa de alfabetização das pessoas de 15 anos ou mais de idade,2022,2022,6794,Total,95251,Total,100362,Total
6,Município,2,%,94.85,1502152,Canaã dos Carajás - PA,2513,Taxa de alfabetização das pessoas de 15 anos ou mais de idade,2022,2022,6794,Total,95251,Total,100362,Total
6,Município,2,%,90.06,1502202,Capanema - PA,2513,Taxa de alfabetização das pessoas de 15 anos ou mais de idade,2022,2022,6794,Total,95251,Total,100362,Total
6,Município,2,%,81.77,1502301,Capitão Poço - PA,2513,Taxa de alfabetização das pessoas de 15 anos ou mais de idade,2022,2022,6794,Total,95251,Total,100362,Total
6,Município,2,%,94.12,1502400,Castanhal - PA,2513,Taxa de alfabetização das pessoas de 15 anos ou mais de idade,2022,2022,6794,Total,95251,Total,100362,Total
6,Município,2,%,80.86,1502509,Chaves - PA,2513,Taxa de alfabetização das pessoas de 15 anos ou mais de idade,2022,2022,6794,Total,95251,Total,100362,Total
6,Município,2,%,92.21,1502608,Colares - PA,2513,Taxa de alfabetização das pessoas de 15 anos ou mais de idade,2022,2022,6794,Total,95251,Total,100362,Total
6,Município,2,%,89.5,1502707,Conceição do Araguaia - PA,2513,Taxa de alfabetização das pessoas de 15 anos ou mais de idade,2022,2022,6794,Total,95251,Total,100362,Total
6,Município,2,%,86.39,1502756,Concórdia do Pará - PA,2513,Taxa de alfabetização das pessoas de 15 anos ou mais de idade,2022,2022,6794,Total,95251,Total,100362,Total
6,Município,2,%,83.75,1502764,Cumaru do Norte - PA,2513,Taxa de alfabetização das pessoas de 15 anos ou mais de idade,2022,2022,6794,Total,95251,Total,100362,Total
6,Município,2,%,87.15,1502772,Curionópolis - PA,2513,Taxa de alfabetização das pessoas de 15 anos ou mais de idade,2022,2022,6794,Total,95251,Total,100362,Total
6,Município,2,%,83.14,1502806,Curralinho - PA,2513,Taxa de alfabetização das pessoas de 15 anos ou mais de idade,2022,2022,6794,Total,95251,Total,100362,Total
6,Município,2,%,91.96,1502855,Curuá - PA,2513,Taxa de alfabetização das pessoas de 15 anos ou mais de idade,2022,2022,6794,Total,95251,Total,100362,Total
6,Município,2,%,93.15,1502905,Curuçá - PA,2513,Taxa de alfabetização das pessoas de 15 anos ou mais de idade,2022,2022,6794,Total,95251,Total,100362,Total
6,Município,2,%,88.97,1502939,Dom Eliseu - PA,2513,Taxa de alfabetização das pessoas de 15 anos ou mais de idade,2022,2022,6794,Total,95251,Total,100362,Total
6,Município,2,%,85.92,1502954,Eldorado do Carajás - PA,2513,Taxa de alfabetização das pessoas de 15 anos ou mais de idade,2022,2022,6794,Total,95251,Total,100362,Total
6,Município,2,%,92.74,1503002,Faro - PA,2513,Taxa de alfabetização das pessoas de 15 anos ou mais de idade,2022,2022,6794,Total,95251,Total,100362,Total
6,Município,2,%,87.04,1503044,Floresta do Araguaia - PA,2513,Taxa de alfabetização das pessoas de 15 anos ou mais de idade,2022,2022,6794,Total,95251,Total,100362,Total
6,Município,2,%,78.13,1503077,Garrafão do Norte - PA,2513,Taxa de alfabetização das pessoas de 15 anos ou mais de idade,2022,2022,6794,Total,95251,Total,100362,Total
6,Município,2,%,84.44,1503093,Goianésia do Pará - PA,2513,Taxa de alfabetização das pessoas de 15 anos ou mais de idade,2022,2022,6794,Total,95251,Total,100362,Total
6,Município,2,%,82.03,1503101,Gurupá - PA,2513,Taxa de alfabetização das pessoas de 15 anos ou mais de idade,2022,2022,6794,Total,95251,Total,100362,Total
6,Município,2,%,87.75,1503200,Igarapé-Açu - PA,2513,Taxa de alfabetização das pessoas de 15 anos ou mais de idade,2022,2022,6794,Total,95251,Total,100362,Total
6,Município,2,%,84.59,1503309,Igarapé-Miri - PA,2513,Taxa de alfabetização das pessoas de 15 anos ou mais de idade,2022,2022,6794,Total,95251,Total,100362,Total
6,Município,2,%,87.91,1503408,Inhangapi - PA,2513,Taxa de alfabetização das pessoas de 15 anos ou mais de idade,2022,2022,6794,Total,95251,Total,100362,Total
6,Município,2,%,82.45,1503457,Ipixuna do Pará - PA,2513,Taxa de alfabetização das pessoas de 15 anos ou mais de idade,2022,2022,6794,Total,95251,Total,100362,Total
6,Município,2,%,85.76,1503507,Irituia - PA,2513,Taxa de alfabetização das pessoas de 15 anos ou mais de idade,2022,2022,6794,Total,95251,Total,100362,Total
6,Município,2,%,91.81,1503606,Itaituba - PA,2513,Taxa de alfabetização das pessoas de 15 anos ou mais de idade,2022,2022,6794,Total,95251,Total,100362,Total
6,Município,2,%,84.77,1503705,Itupiranga - PA,2513,Taxa de alfabetização das pessoas de 15 anos ou mais de idade,2022,2022,6794,Total,95251,Total,100362,Total
6,Município,2,%,88.79,1503754,Jacareacanga - PA,2513,Taxa de alfabetização das pessoas de 15 anos ou mais de idade,2022,2022,6794,Total,95251,Total,100362,Total
6,Município,2,%,85.48,1503804,Jacundá - PA,2513,Taxa de alfabetização das pessoas de 15 anos ou mais de idade,2022,2022,6794,Total,95251,Total,100362,Total
6,Município,2,%,93.76,1503903,Juruti - PA,2513,Taxa de alfabetização das pessoas de 15 anos ou mais de idade,2022,2022,6794,Total,95251,Total,100362,Total
6,Município,2,%,89.35,1504000,Limoeiro do Ajuru - PA,2513,Taxa de alfabetização das pessoas de 15 anos ou mais de idade,2022,2022,6794,Total,95251,Total,100362,Total
6,Município,2,%,87.47,1504059,Mãe do Rio - PA,2513,Taxa de alfabetização das pessoas de 15 anos ou mais de idade,2022,2022,6794,Total,95251,Total,100362,Total
6,Município,2,%,91.9,1504109,Magalhães Barata - PA,2513,Taxa de alfabetização das pessoas de 15 anos ou mais de idade,2022,2022,6794,Total,95251,Total,100362,Total
6,Município,2,%,92.2,1504208,Marabá - PA,2513,Taxa de alfabetização das pessoas de 15 anos ou mais de idade,2022,2022,6794,Total,95251,Total,100362,Total
6,Município,2,%,90.65,1504307,Maracanã - PA,2513,Taxa de alfabetização das pessoas de 15 anos ou mais de idade,2022,2022,6794,Total,95251,Total,100362,Total
6,Município,2,%,92.72,1504406,Marapanim - PA,2513,Taxa de alfabetização das pessoas de 15 anos ou mais de idade,2022,2022,6794,Total,95251,Total,100362,Total
6,Município,2,%,95.61,1504422,Marituba - PA,2513,Taxa de alfabetização das pessoas de 15 anos ou mais de idade,2022,2022,6794,Total,95251,Total,100362,Total
6,Município,2,%,87.13,1504455,Medicilândia - PA,2513,Taxa de alfabetização das pessoas de 15 anos ou mais de idade,2022,2022,6794,Total,95251,Total,100362,Total
6,Município,2,%,80.12,1504505,Melgaço - PA,2513,Taxa de alfabetização das pessoas de 15 anos ou mais de idade,2022,2022,6794,Total,95251,Total,100362,Total
6,Município,2,%,91.78,1504604,Mocajuba - PA,2513,Taxa de alfabetização das pessoas de 15 anos ou mais de idade,2022,2022,6794,Total,95251,Total,100362,Total
6,Município,2,%,87.53,1504703,Moju - PA,2513,Taxa de alfabetização das pessoas de 15 anos ou mais de idade,2022,2022,6794,Total,95251,Total,100362,Total
6,Município,2,%,86.18,1504752,Mojuí dos Campos - PA,2513,Taxa de alfabetização das pessoas de 15 anos ou mais de idade,2022,2022,6794,Total,95251,Total,100362,Total
6,Município,2,%,88.84,1504802,Monte Alegre - PA,2513,Taxa de alfabetização das pessoas de 15 anos ou mais de idade,2022,2022,6794,Total,95251,Total,100362,Total
6,Município,2,%,89.99,1504901,Muaná - PA,2513,Taxa de alfabetização das pessoas de 15 anos ou mais de idade,2022,2022,6794,Total,95251,Total,100362,Total
6,Município,2,%,77.07,1504950,Nova Esperança do Piriá - PA,2513,Taxa de alfabetização das pessoas de 15 anos ou mais de idade,2022,2022,6794,Total,95251,Total,100362,Total
6,Município,2,%,85.71,1504976,Nova Ipixuna - PA,2513,Taxa de alfabetização das pessoas de 15 anos ou mais de idade,2022,2022,6794,Total,95251,Total,100362,Total
6,Município,2,%,86.35,1505007,Nova Timboteua - PA,2513,Taxa de alfabetização das pessoas de 15 anos ou mais de idade,2022,2022,6794,Total,95251,Total,100362,Total
6,Município,2,%,93.59,1505031,Novo Progresso - PA,2513,Taxa de alfabetização das pessoas de 15 anos ou mais de idade,2022,2022,6794,Total,95251,Total,100362,Total
6,Município,2,%,85.22,1505064,Novo Repartimento - PA,2513,Taxa de alfabetização das pessoas de 15 anos ou mais de idade,2022,2022,6794,Total,95251,Total,100362,Total
6,Município,2,%,90.74,1505106,Óbidos - PA,2513,Taxa de alfabetização das pessoas de 15 anos ou mais de idade,2022,2022,6794,Total,95251,Total,100362,Total
6,Município,2,%,85.65,1505205,Oeiras do Pará - PA,2513,Taxa de alfabetização das pessoas de 15 anos ou mais de idade,2022,2022,6794,Total,95251,Total,100362,Total
6,Município,2,%,92.67,1505304,Oriximiná - PA,2513,Taxa de alfabetização das pessoas de 15 anos ou mais de idade,2022,2022,6794,Total,95251,Total,100362,Total
6,Município,2,%,86.17,1505403,Ourém - PA,2513,Taxa de alfabetização das pessoas de 15 anos ou mais de idade,2022,2022,6794,Total,95251,Total,100362,Total
6,Município,2,%,88.43,1505437,Ourilândia do Norte - PA,2513,Taxa de alfabetização das pessoas de 15 anos ou mais de idade,2022,2022,6794,Total,95251,Total,100362,Total
6,Município,2,%,86.61,1505486,Pacajá - PA,2513,Taxa de alfabetização das pessoas de 15 anos ou mais de idade,2022,2022,6794,Total,95251,Total,100362,Total
6,Município,2,%,80.11,1505494,Palestina do Pará - PA,2513,Taxa de alfabetização das pessoas de 15 anos ou mais de idade,2022,2022,6794,Total,95251,Total,100362,Total
6,Município,2,%,91.51,1505502,Paragominas - PA,2513,Taxa de alfabetização das pessoas de 15 anos ou mais de idade,2022,2022,6794,Total,95251,Total,100362,Total
6,Município,2,%,94.56,1505536,Parauapebas - PA,2513,Taxa de alfabetização das pessoas de 15 anos ou mais de idade,2022,2022,6794,Total,95251,Total,100362,Total
6,Município,2,%,83.63,1505551,Pau D'Arco - PA,2513,Taxa de alfabetização das pessoas de 15 anos ou mais de idade,2022,2022,6794,Total,95251,Total,100362,Total
6,Município,2,%,82.07,1505601,Peixe-Boi - PA,2513,Taxa de alfabetização das pessoas de 15 anos ou mais de idade,2022,2022,6794,Total,95251,Total,100362,Total
6,Município,2,%,87.89,1505635,Piçarra - PA,2513,Taxa de alfabetização das pessoas de 15 anos ou mais de idade,2022,2022,6794,Total,95251,Total,100362,Total
6,Município,2,%,87.93,1505650,Placas - PA,2513,Taxa de alfabetização das pessoas de 15 anos ou mais de idade,2022,2022,6794,Total,95251,Total,100362,Total
6,Município,2,%,87.94,1505700,Ponta de Pedras - PA,2513,Taxa de alfabetização das pessoas de 15 anos ou mais de idade,2022,2022,6794,Total,95251,Total,100362,Total
6,Município,2,%,79.45,1505809,Portel - PA,2513,Taxa de alfabetização das pessoas de 15 anos ou mais de idade,2022,2022,6794,Total,95251,Total,100362,Total
6,Município,2,%,86.46,1505908,Porto de Moz - PA,2513,Taxa de alfabetização das pessoas de 15 anos ou mais de idade,2022,2022,6794,Total,95251,Total,100362,Total
6,Município,2,%,88.56,1506005,Prainha - PA,2513,Taxa de alfabetização das pessoas de 15 anos ou mais de idade,2022,2022,6794,Total,95251,Total,100362,Total
6,Município,2,%,86.48,1506104,Primavera - PA,2513,Taxa de alfabetização das pessoas de 15 anos ou mais de idade,2022,2022,6794,Total,95251,Total,100362,Total
6,Município,2,%,81.63,1506112,Quatipuru - PA,2513,Taxa de alfabetização das pessoas de 15 anos ou mais de idade,2022,2022,6794,Total,95251,Total,100362,Total
6,Município,2,%,91.96,1506138,Redenção - PA,2513,Taxa de alfabetização das pessoas de 15 anos ou mais de idade,2022,2022,6794,Total,95251,Total,100362,Total
6,Município,2,%,87.82,1506161,Rio Maria - PA,2513,Taxa de alfabetização das pessoas de 15 anos ou mais de idade,2022,2022,6794,Total,95251,Total,100362,Total
6,Município,2,%,89.54,1506187,Rondon do Pará - PA,2513,Taxa de alfabetização das pessoas de 15 anos ou mais de idade,2022,2022,6794,Total,95251,Total,100362,Total
6,Município,2,%,87.93,1506195,Rurópolis - PA,2513,Taxa de alfabetização das pessoas de 15 anos ou mais de idade,2022,2022,6794,Total,95251,Total,100362,Total
6,Município,2,%,91.71,1506203,Salinópolis - PA,2513,Taxa de alfabetização das pessoas de 15 anos ou mais de idade,2022,2022,6794,Total,95251,Total,100362,Total
6,Município,2,%,93.02,1506302,Salvaterra - PA,2513,Taxa de alfabetização das pessoas de 15 anos ou mais de idade,2022,2022,6794,Total,95251,Total,100362,Total
6,Município,2,%,91.84,1506351,Santa Bárbara do Pará - PA,2513,Taxa de alfabetização das pessoas de 15 anos ou mais de idade,2022,2022,6794,Total,95251,Total,100362,Total
6,Município,2,%,92.37,1506401,Santa Cruz do Arari - PA,2513,Taxa de alfabetização das pessoas de 15 anos ou mais de idade,2022,2022,6794,Total,95251,Total,100362,Total
6,Município,2,%,92.91,1506500,Santa Izabel do Pará - PA,2513,Taxa de alfabetização das pessoas de 15 anos ou mais de idade,2022,2022,6794,Total,95251,Total,100362,Total
6,Município,2,%,82.4,1506559,Santa Luzia do Pará - PA,2513,Taxa de alfabetização das pessoas de 15 anos ou mais de idade,2022,2022,6794,Total,95251,Total,100362,Total
6,Município,2,%,88.03,1506583,Santa Maria das Barreiras - PA,2513,Taxa de alfabetização das pessoas de 15 anos ou mais de idade,2022,2022,6794,Total,95251,Total,100362,Total
6,Município,2,%,84.05,1506609,Santa Maria do Pará - PA,2513,Taxa de alfabetização das pessoas de 15 anos ou mais de idade,2022,2022,6794,Total,95251,Total,100362,Total
6,Município,2,%,89.51,1506708,Santana do Araguaia - PA,2513,Taxa de alfabetização das pessoas de 15 anos ou mais de idade,2022,2022,6794,Total,95251,Total,100362,Total
6,Município,2,%,95.39,1506807,Santarém - PA,2513,Taxa de alfabetização das pessoas de 15 anos ou mais de idade,2022,2022,6794,Total,95251,Total,100362,Total
6,Município,2,%,88.28,1506906,Santarém Novo - PA,2513,Taxa de alfabetização das pessoas de 15 anos ou mais de idade,2022,2022,6794,Total,95251,Total,100362,Total
6,Município,2,%,91.18,1507003,Santo Antônio do Tauá - PA,2513,Taxa de alfabetização das pessoas de 15 anos ou mais de idade,2022,2022,6794,Total,95251,Total,100362,Total
6,Município,2,%,91.01,1507102,São Caetano de Odivelas - PA,2513,Taxa de alfabetização das pessoas de 15 anos ou mais de idade,2022,2022,6794,Total,95251,Total,100362,Total
6,Município,2,%,84.77,1507151,São Domingos do Araguaia - PA,2513,Taxa de alfabetização das pessoas de 15 anos ou mais de idade,2022,2022,6794,Total,95251,Total,100362,Total
6,Município,2,%,83.7,1507201,São Domingos do Capim - PA,2513,Taxa de alfabetização das pessoas de 15 anos ou mais de idade,2022,2022,6794,Total,95251,Total,100362,Total
6,Município,2,%,89.01,1507300,São Félix do Xingu - PA,2513,Taxa de alfabetização das pessoas de 15 anos ou mais de idade,2022,2022,6794,Total,95251,Total,100362,Total
6,Município,2,%,88.66,1507409,São Francisco do Pará - PA,2513,Taxa de alfabetização das pessoas de 15 anos ou mais de idade,2022,2022,6794,Total,95251,Total,100362,Total
6,Município,2,%,87.72,1507458,São Geraldo do Araguaia - PA,2513,Taxa de alfabetização das pessoas de 15 anos ou mais de idade,2022,2022,6794,Total,95251,Total,100362,Total
6,Município,2,%,90.83,1507466,São João da Ponta - PA,2513,Taxa de alfabetização das pessoas de 15 anos ou mais de idade,2022,2022,6794,Total,95251,Total,100362,Total
6,Município,2,%,83.79,1507474,São João de Pirabas - PA,2513,Taxa de alfabetização das pessoas de 15 anos ou mais de idade,2022,2022,6794,Total,95251,Total,100362,Total
6,Município,2,%,80.62,1507508,São João do Araguaia - PA,2513,Taxa de alfabetização das pessoas de 15 anos ou mais de idade,2022,2022,6794,Total,95251,Total,100362,Total
6,Município,2,%,88.35,1507607,São Miguel do Guamá - PA,2513,Taxa de alfabetização das pessoas de 15 anos ou mais de idade,2022,2022,6794,Total,95251,Total,100362,Total
6,Município,2,%,90.48,1507706,São Sebastião da Boa Vista - PA,2513,Taxa de alfabetização das pessoas de 15 anos ou mais de idade,2022,2022,6794,Total,95251,Total,100362,Total
6,Município,2,%,86.61,1507755,Sapucaia - PA,2513,Taxa de alfabetização das pessoas de 15 anos ou mais de idade,2022,2022,6794,Total,95251,Total,100362,Total
6,Município,2,%,84.77,1507805,Senador José Porfírio - PA,2513,Taxa de alfabetização das pessoas de 15 anos ou mais de idade,2022,2022,6794,Total,95251,Total,100362,Total
6,Município,2,%,94.37,1507904,Soure - PA,2513,Taxa de alfabetização das pessoas de 15 anos ou mais de idade,2022,2022,6794,Total,95251,Total,100362,Total
6,Município,2,%,88.62,1507953,Tailândia - PA,2513,Taxa de alfabetização das pessoas de 15 anos ou mais de idade,2022,2022,6794,Total,95251,Total,100362,Total
6,Município,2,%,90.77,1507961,Terra Alta - PA,2513,Taxa de alfabetização das pessoas de 15 anos ou mais de idade,2022,2022,6794,Total,95251,Total,100362,Total
6,Município,2,%,94.94,1507979,Terra Santa - PA,2513,Taxa de alfabetização das pessoas de 15 anos ou mais de idade,2022,2022,6794,Total,95251,Total,100362,Total
6,Município,2,%,88.63,1508001,Tomé-Açu - PA,2513,Taxa de alfabetização das pessoas de 15 anos ou mais de idade,2022,2022,6794,Total,95251,Total,100362,Total
6,Município,2,%,83.06,1508035,Tracuateua - PA,2513,Taxa de alfabetização das pessoas de 15 anos ou mais de idade,2022,2022,6794,Total,95251,Total,100362,Total
6,Município,2,%,88.18,1508050,Trairão - PA,2513,Taxa de alfabetização das pessoas de 15 anos ou mais de idade,2022,2022,6794,Total,95251,Total,100362,Total
6,Município,2,%,90.43,1508084,Tucumã - PA,2513,Taxa de alfabetização das pessoas de 15 anos ou mais de idade,2022,2022,6794,Total,95251,Total,100362,Total
6,Município,2,%,91.83,1508100,Tucuruí - PA,2513,Taxa de alfabetização das pessoas de 15 anos ou mais de idade,2022,2022,6794,Total,95251,Total,100362,Total
6,Município,2,%,89.2,1508126,Ulianópolis - PA,2513,Taxa de alfabetização das pessoas de 15 anos ou mais de idade,2022,2022,6794,Total,95251,Total,100362,Total
6,Município,2,%,87.81,1508159,Uruará - PA,2513,Taxa de alfabetização das pessoas de 15 anos ou mais de idade,2022,2022,6794,Total,95251,Total,100362,Total
6,Município,2,%,91.6,1508209,Vigia - PA,2513,Taxa de alfabetização das pessoas de 15 anos ou mais de idade,2022,2022,6794,Total,95251,Total,100362,Total
6,Município,2,%,80.78,1508308,Viseu - PA,2513,Taxa de alfabetização das pessoas de 15 anos ou mais de idade,2022,2022,6794,Total,95251,Total,100362,Total
6,Município,2,%,85.81,1508357,Vitória do Xingu - PA,2513,Taxa de alfabetização das pessoas de 15 anos ou mais de idade,2022,2022,6794,Total,95251,Total,100362,Total
6,Município,2,%,90.68,1508407,Xinguara - PA,2513,Taxa de alfabetização das pessoas de 15 anos ou mais de idade,2022,2022,6794,Total,95251,Total,100362,Total
6,Município,2,%,93.71,1600055,Serra do Navio - AP,2513,Taxa de alfabetização das pessoas de 15 anos ou mais de idade,2022,2022,6794,Total,95251,Total,100362,Total
6,Município,2,%,89.53,1600105,Amapá - AP,2513,Taxa de alfabetização das pessoas de 15 anos ou mais de idade,2022,2022,6794,Total,95251,Total,100362,Total
6,Município,2,%,91.3,1600154,Pedra Branca do Amapari - AP,2513,Taxa de alfabetização das pessoas de 15 anos ou mais de idade,2022,2022,6794,Total,95251,Total,100362,Total
6,Município,2,%,89.9,1600204,Calçoene - AP,2513,Taxa de alfabetização das pessoas de 15 anos ou mais de idade,2022,2022,6794,Total,95251,Total,100362,Total
6,Município,2,%,89.41,1600212,Cutias - AP,2513,Taxa de alfabetização das pessoas de 15 anos ou mais de idade,2022,2022,6794,Total,95251,Total,100362,Total
6,Município,2,%,90.71,1600238,Ferreira Gomes - AP,2513,Taxa de alfabetização das pessoas de 15 anos ou mais de idade,2022,2022,6794,Total,95251,Total,100362,Total
6,Município,2,%,89.11,1600253,Itaubal - AP,2513,Taxa de alfabetização das pessoas de 15 anos ou mais de idade,2022,2022,6794,Total,95251,Total,100362,Total
6,Município,2,%,89.75,1600279,Laranjal do Jari - AP,2513,Taxa de alfabetização das pessoas de 15 anos ou mais de idade,2022,2022,6794,Total,95251,Total,100362,Total
6,Município,2,%,95.1,1600303,Macapá - AP,2513,Taxa de alfabetização das pessoas de 15 anos ou mais de idade,2022,2022,6794,Total,95251,Total,100362,Total
6,Município,2,%,87.56,1600402,Mazagão - AP,2513,Taxa de alfabetização das pessoas de 15 anos ou mais de idade,2022,2022,6794,Total,95251,Total,100362,Total
6,Município,2,%,93.63,1600501,Oiapoque - AP,2513,Taxa de alfabetização das pessoas de 15 anos ou mais de idade,2022,2022,6794,Total,95251,Total,100362,Total
6,Município,2,%,90.15,1600535,Porto Grande - AP,2513,Taxa de alfabetização das pessoas de 15 anos ou mais de idade,2022,2022,6794,Total,95251,Total,100362,Total
6,Município,2,%,89.87,1600550,Pracuúba - AP,2513,Taxa de alfabetização das pessoas de 15 anos ou mais de idade,2022,2022,6794,Total,95251,Total,100362,Total
6,Município,2,%,92.44,1600600,Santana - AP,2513,Taxa de alfabetização das pessoas de 15 anos ou mais de idade,2022,2022,6794,Total,95251,Total,100362,Total
6,Município,2,%,88.79,1600709,Tartarugalzinho - AP,2513,Taxa de alfabetização das pessoas de 15 anos ou mais de idade,2022,2022,6794,Total,95251,Total,100362,Total
6,Município,2,%,87.4,1600808,Vitória do Jari - AP,2513,Taxa de alfabetização das pessoas de 15 anos ou mais de idade,2022,2022,6794,Total,95251,Total,100362,Total
6,Município,2,%,87.87,1700251,Abreulândia - TO,2513,Taxa de alfabetização das pessoas de 15 anos ou mais de idade,2022,2022,6794,Total,95251,Total,100362,Total
6,Município,2,%,90.33,1700301,Aguiarnópolis - TO,2513,Taxa de alfabetização das pessoas de 15 anos ou mais de idade,2022,2022,6794,Total,95251,Total,100362,Total
6,Município,2,%,89.71,1700350,Aliança do Tocantins - TO,2513,Taxa de alfabetização das pessoas de 15 anos ou mais de idade,2022,2022,6794,Total,95251,Total,100362,Total
6,Município,2,%,84.63,1700400,Almas - TO,2513,Taxa de alfabetização das pessoas de 15 anos ou mais de idade,2022,2022,6794,Total,95251,Total,100362,Total
6,Município,2,%,91.23,1700707,Alvorada - TO,2513,Taxa de alfabetização das pessoas de 15 anos ou mais de idade,2022,2022,6794,Total,95251,Total,100362,Total
6,Município,2,%,86.39,1701002,Ananás - TO,2513,Taxa de alfabetização das pessoas de 15 anos ou mais de idade,2022,2022,6794,Total,95251,Total,100362,Total
6,Município,2,%,89.4,1701051,Angico - TO,2513,Taxa de alfabetização das pessoas de 15 anos ou mais de idade,2022,2022,6794,Total,95251,Total,100362,Total
6,Município,2,%,88.97,1701101,Aparecida do Rio Negro - TO,2513,Taxa de alfabetização das pessoas de 15 anos ou mais de idade,2022,2022,6794,Total,95251,Total,100362,Total
6,Município,2,%,82.75,1701309,Aragominas - TO,2513,Taxa de alfabetização das pessoas de 15 anos ou mais de idade,2022,2022,6794,Total,95251,Total,100362,Total
6,Município,2,%,87.36,1701903,Araguacema - TO,2513,Taxa de alfabetização das pessoas de 15 anos ou mais de idade,2022,2022,6794,Total,95251,Total,100362,Total
6,Município,2,%,88.89,1702000,Araguaçu - TO,2513,Taxa de alfabetização das pessoas de 15 anos ou mais de idade,2022,2022,6794,Total,95251,Total,100362,Total
6,Município,2,%,93.67,1702109,Araguaína - TO,2513,Taxa de alfabetização das pessoas de 15 anos ou mais de idade,2022,2022,6794,Total,95251,Total,100362,Total
6,Município,2,%,87.33,1702158,Araguanã - TO,2513,Taxa de alfabetização das pessoas de 15 anos ou mais de idade,2022,2022,6794,Total,95251,Total,100362,Total
6,Município,2,%,85.26,1702208,Araguatins - TO,2513,Taxa de alfabetização das pessoas de 15 anos ou mais de idade,2022,2022,6794,Total,95251,Total,100362,Total
6,Município,2,%,87.21,1702307,Arapoema - TO,2513,Taxa de alfabetização das pessoas de 15 anos ou mais de idade,2022,2022,6794,Total,95251,Total,100362,Total
6,Município,2,%,83.72,1702406,Arraias - TO,2513,Taxa de alfabetização das pessoas de 15 anos ou mais de idade,2022,2022,6794,Total,95251,Total,100362,Total
6,Município,2,%,86.65,1702554,Augustinópolis - TO,2513,Taxa de alfabetização das pessoas de 15 anos ou mais de idade,2022,2022,6794,Total,95251,Total,100362,Total
6,Município,2,%,83.75,1702703,Aurora do Tocantins - TO,2513,Taxa de alfabetização das pessoas de 15 anos ou mais de idade,2022,2022,6794,Total,95251,Total,100362,Total
6,Município,2,%,84.69,1702901,Axixá do Tocantins - TO,2513,Taxa de alfabetização das pessoas de 15 anos ou mais de idade,2022,2022,6794,Total,95251,Total,100362,Total
6,Município,2,%,83,1703008,Babaçulândia - TO,2513,Taxa de alfabetização das pessoas de 15 anos ou mais de idade,2022,2022,6794,Total,95251,Total,100362,Total
6,Município,2,%,88.86,1703057,Bandeirantes do Tocantins - TO,2513,Taxa de alfabetização das pessoas de 15 anos ou mais de idade,2022,2022,6794,Total,95251,Total,100362,Total
6,Município,2,%,84.02,1703073,Barra do Ouro - TO,2513,Taxa de alfabetização das pessoas de 15 anos ou mais de idade,2022,2022,6794,Total,95251,Total,100362,Total
6,Município,2,%,85.84,1703107,Barrolândia - TO,2513,Taxa de alfabetização das pessoas de 15 anos ou mais de idade,2022,2022,6794,Total,95251,Total,100362,Total
6,Município,2,%,86.41,1703206,Bernardo Sayão - TO,2513,Taxa de alfabetização das pessoas de 15 anos ou mais de idade,2022,2022,6794,Total,95251,Total,100362,Total
6,Município,2,%,87.86,1703305,Bom Jesus do Tocantins - TO,2513,Taxa de alfabetização das pessoas de 15 anos ou mais de idade,2022,2022,6794,Total,95251,Total,100362,Total
6,Município,2,%,86.59,1703602,Brasilândia do Tocantins - TO,2513,Taxa de alfabetização das pessoas de 15 anos ou mais de idade,2022,2022,6794,Total,95251,Total,100362,Total
6,Município,2,%,85.95,1703701,Brejinho de Nazaré - TO,2513,Taxa de alfabetização das pessoas de 15 anos ou mais de idade,2022,2022,6794,Total,95251,Total,100362,Total
6,Município,2,%,80.68,1703800,Buriti do Tocantins - TO,2513,Taxa de alfabetização das pessoas de 15 anos ou mais de idade,2022,2022,6794,Total,95251,Total,100362,Total
6,Município,2,%,85.25,1703826,Cachoeirinha - TO,2513,Taxa de alfabetização das pessoas de 15 anos ou mais de idade,2022,2022,6794,Total,95251,Total,100362,Total
6,Município,2,%,86.86,1703842,Campos Lindos - TO,2513,Taxa de alfabetização das pessoas de 15 anos ou mais de idade,2022,2022,6794,Total,95251,Total,100362,Total
6,Município,2,%,91.15,1703867,Cariri do Tocantins - TO,2513,Taxa de alfabetização das pessoas de 15 anos ou mais de idade,2022,2022,6794,Total,95251,Total,100362,Total
6,Município,2,%,86.07,1703883,Carmolândia - TO,2513,Taxa de alfabetização das pessoas de 15 anos ou mais de idade,2022,2022,6794,Total,95251,Total,100362,Total
6,Município,2,%,79.25,1703891,Carrasco Bonito - TO,2513,Taxa de alfabetização das pessoas de 15 anos ou mais de idade,2022,2022,6794,Total,95251,Total,100362,Total
6,Município,2,%,89.38,1703909,Caseara - TO,2513,Taxa de alfabetização das pessoas de 15 anos ou mais de idade,2022,2022,6794,Total,95251,Total,100362,Total
6,Município,2,%,84.77,1704105,Centenário - TO,2513,Taxa de alfabetização das pessoas de 15 anos ou mais de idade,2022,2022,6794,Total,95251,Total,100362,Total
6,Município,2,%,84.93,1704600,Chapada de Areia - TO,2513,Taxa de alfabetização das pessoas de 15 anos ou mais de idade,2022,2022,6794,Total,95251,Total,100362,Total
6,Município,2,%,85.99,1705102,Chapada da Natividade - TO,2513,Taxa de alfabetização das pessoas de 15 anos ou mais de idade,2022,2022,6794,Total,95251,Total,100362,Total
6,Município,2,%,91.1,1705508,Colinas do Tocantins - TO,2513,Taxa de alfabetização das pessoas de 15 anos ou mais de idade,2022,2022,6794,Total,95251,Total,100362,Total
6,Município,2,%,88.47,1705557,Combinado - TO,2513,Taxa de alfabetização das pessoas de 15 anos ou mais de idade,2022,2022,6794,Total,95251,Total,100362,Total
6,Município,2,%,83.45,1705607,Conceição do Tocantins - TO,2513,Taxa de alfabetização das pessoas de 15 anos ou mais de idade,2022,2022,6794,Total,95251,Total,100362,Total
6,Município,2,%,86.16,1706001,Couto Magalhães - TO,2513,Taxa de alfabetização das pessoas de 15 anos ou mais de idade,2022,2022,6794,Total,95251,Total,100362,Total
6,Município,2,%,88.94,1706100,Cristalândia - TO,2513,Taxa de alfabetização das pessoas de 15 anos ou mais de idade,2022,2022,6794,Total,95251,Total,100362,Total
6,Município,2,%,91.06,1706258,Crixás do Tocantins - TO,2513,Taxa de alfabetização das pessoas de 15 anos ou mais de idade,2022,2022,6794,Total,95251,Total,100362,Total
6,Município,2,%,89.85,1706506,Darcinópolis - TO,2513,Taxa de alfabetização das pessoas de 15 anos ou mais de idade,2022,2022,6794,Total,95251,Total,100362,Total
6,Município,2,%,89.83,1707009,Dianópolis - TO,2513,Taxa de alfabetização das pessoas de 15 anos ou mais de idade,2022,2022,6794,Total,95251,Total,100362,Total
6,Município,2,%,89.69,1707108,Divinópolis do Tocantins - TO,2513,Taxa de alfabetização das pessoas de 15 anos ou mais de idade,2022,2022,6794,Total,95251,Total,100362,Total
6,Município,2,%,87.02,1707207,Dois Irmãos do Tocantins - TO,2513,Taxa de alfabetização das pessoas de 15 anos ou mais de idade,2022,2022,6794,Total,95251,Total,100362,Total
6,Município,2,%,88.69,1707306,Dueré - TO,2513,Taxa de alfabetização das pessoas de 15 anos ou mais de idade,2022,2022,6794,Total,95251,Total,100362,Total
6,Município,2,%,78.21,1707405,Esperantina - TO,2513,Taxa de alfabetização das pessoas de 15 anos ou mais de idade,2022,2022,6794,Total,95251,Total,100362,Total
6,Município,2,%,90.12,1707553,Fátima - TO,2513,Taxa de alfabetização das pessoas de 15 anos ou mais de idade,2022,2022,6794,Total,95251,Total,100362,Total
6,Município,2,%,88.3,1707652,Figueirópolis - TO,2513,Taxa de alfabetização das pessoas de 15 anos ou mais de idade,2022,2022,6794,Total,95251,Total,100362,Total
6,Município,2,%,87.23,1707702,Filadélfia - TO,2513,Taxa de alfabetização das pessoas de 15 anos ou mais de idade,2022,2022,6794,Total,95251,Total,100362,Total
6,Município,2,%,89.84,1708205,Formoso do Araguaia - TO,2513,Taxa de alfabetização das pessoas de 15 anos ou mais de idade,2022,2022,6794,Total,95251,Total,100362,Total
6,Município,2,%,90.96,1708254,Tabocão - TO,2513,Taxa de alfabetização das pessoas de 15 anos ou mais de idade,2022,2022,6794,Total,95251,Total,100362,Total
6,Município,2,%,86.41,1708304,Goianorte - TO,2513,Taxa de alfabetização das pessoas de 15 anos ou mais de idade,2022,2022,6794,Total,95251,Total,100362,Total
6,Município,2,%,82.26,1709005,Goiatins - TO,2513,Taxa de alfabetização das pessoas de 15 anos ou mais de idade,2022,2022,6794,Total,95251,Total,100362,Total
6,Município,2,%,92.25,1709302,Guaraí - TO,2513,Taxa de alfabetização das pessoas de 15 anos ou mais de idade,2022,2022,6794,Total,95251,Total,100362,Total
6,Município,2,%,95.57,1709500,Gurupi - TO,2513,Taxa de alfabetização das pessoas de 15 anos ou mais de idade,2022,2022,6794,Total,95251,Total,100362,Total
6,Município,2,%,83.81,1709807,Ipueiras - TO,2513,Taxa de alfabetização das pessoas de 15 anos ou mais de idade,2022,2022,6794,Total,95251,Total,100362,Total
6,Município,2,%,86.64,1710508,Itacajá - TO,2513,Taxa de alfabetização das pessoas de 15 anos ou mais de idade,2022,2022,6794,Total,95251,Total,100362,Total
6,Município,2,%,82.38,1710706,Itaguatins - TO,2513,Taxa de alfabetização das pessoas de 15 anos ou mais de idade,2022,2022,6794,Total,95251,Total,100362,Total
6,Município,2,%,84.1,1710904,Itapiratins - TO,2513,Taxa de alfabetização das pessoas de 15 anos ou mais de idade,2022,2022,6794,Total,95251,Total,100362,Total
6,Município,2,%,88.73,1711100,Itaporã do Tocantins - TO,2513,Taxa de alfabetização das pessoas de 15 anos ou mais de idade,2022,2022,6794,Total,95251,Total,100362,Total
6,Município,2,%,89.52,1711506,Jaú do Tocantins - TO,2513,Taxa de alfabetização das pessoas de 15 anos ou mais de idade,2022,2022,6794,Total,95251,Total,100362,Total
6,Município,2,%,86.51,1711803,Juarina - TO,2513,Taxa de alfabetização das pessoas de 15 anos ou mais de idade,2022,2022,6794,Total,95251,Total,100362,Total
6,Município,2,%,92.82,1711902,Lagoa da Confusão - TO,2513,Taxa de alfabetização das pessoas de 15 anos ou mais de idade,2022,2022,6794,Total,95251,Total,100362,Total
6,Município,2,%,85.7,1711951,Lagoa do Tocantins - TO,2513,Taxa de alfabetização das pessoas de 15 anos ou mais de idade,2022,2022,6794,Total,95251,Total,100362,Total
6,Município,2,%,93.57,1712009,Lajeado - TO,2513,Taxa de alfabetização das pessoas de 15 anos ou mais de idade,2022,2022,6794,Total,95251,Total,100362,Total
6,Município,2,%,80.89,1712157,Lavandeira - TO,2513,Taxa de alfabetização das pessoas de 15 anos ou mais de idade,2022,2022,6794,Total,95251,Total,100362,Total
6,Município,2,%,83.29,1712405,Lizarda - TO,2513,Taxa de alfabetização das pessoas de 15 anos ou mais de idade,2022,2022,6794,Total,95251,Total,100362,Total
6,Município,2,%,86.97,1712454,Luzinópolis - TO,2513,Taxa de alfabetização das pessoas de 15 anos ou mais de idade,2022,2022,6794,Total,95251,Total,100362,Total
6,Município,2,%,91.4,1712504,Marianópolis do Tocantins - TO,2513,Taxa de alfabetização das pessoas de 15 anos ou mais de idade,2022,2022,6794,Total,95251,Total,100362,Total
6,Município,2,%,83.19,1712702,Mateiros - TO,2513,Taxa de alfabetização das pessoas de 15 anos ou mais de idade,2022,2022,6794,Total,95251,Total,100362,Total
6,Município,2,%,83.11,1712801,Maurilândia do Tocantins - TO,2513,Taxa de alfabetização das pessoas de 15 anos ou mais de idade,2022,2022,6794,Total,95251,Total,100362,Total
6,Município,2,%,90.71,1713205,Miracema do Tocantins - TO,2513,Taxa de alfabetização das pessoas de 15 anos ou mais de idade,2022,2022,6794,Total,95251,Total,100362,Total
6,Município,2,%,90.81,1713304,Miranorte - TO,2513,Taxa de alfabetização das pessoas de 15 anos ou mais de idade,2022,2022,6794,Total,95251,Total,100362,Total
6,Município,2,%,85.57,1713601,Monte do Carmo - TO,2513,Taxa de alfabetização das pessoas de 15 anos ou mais de idade,2022,2022,6794,Total,95251,Total,100362,Total
6,Município,2,%,89.39,1713700,Monte Santo do Tocantins - TO,2513,Taxa de alfabetização das pessoas de 15 anos ou mais de idade,2022,2022,6794,Total,95251,Total,100362,Total
6,Município,2,%,84.62,1713809,Palmeiras do Tocantins - TO,2513,Taxa de alfabetização das pessoas de 15 anos ou mais de idade,2022,2022,6794,Total,95251,Total,100362,Total
6,Município,2,%,86.19,1713957,Muricilândia - TO,2513,Taxa de alfabetização das pessoas de 15 anos ou mais de idade,2022,2022,6794,Total,95251,Total,100362,Total
6,Município,2,%,86.33,1714203,Natividade - TO,2513,Taxa de alfabetização das pessoas de 15 anos ou mais de idade,2022,2022,6794,Total,95251,Total,100362,Total
6,Município,2,%,84.58,1714302,Nazaré - TO,2513,Taxa de alfabetização das pessoas de 15 anos ou mais de idade,2022,2022,6794,Total,95251,Total,100362,Total
6,Município,2,%,87.66,1714880,Nova Olinda - TO,2513,Taxa de alfabetização das pessoas de 15 anos ou mais de idade,2022,2022,6794,Total,95251,Total,100362,Total
6,Município,2,%,89.82,1715002,Nova Rosalândia - TO,2513,Taxa de alfabetização das pessoas de 15 anos ou mais de idade,2022,2022,6794,Total,95251,Total,100362,Total
6,Município,2,%,90.53,1715101,Novo Acordo - TO,2513,Taxa de alfabetização das pessoas de 15 anos ou mais de idade,2022,2022,6794,Total,95251,Total,100362,Total
6,Município,2,%,87.68,1715150,Novo Alegre - TO,2513,Taxa de alfabetização das pessoas de 15 anos ou mais de idade,2022,2022,6794,Total,95251,Total,100362,Total
6,Município,2,%,82.5,1715259,Novo Jardim - TO,2513,Taxa de alfabetização das pessoas de 15 anos ou mais de idade,2022,2022,6794,Total,95251,Total,100362,Total
6,Município,2,%,88.67,1715507,Oliveira de Fátima - TO,2513,Taxa de alfabetização das pessoas de 15 anos ou mais de idade,2022,2022,6794,Total,95251,Total,100362,Total
6,Município,2,%,83.52,1715705,Palmeirante - TO,2513,Taxa de alfabetização das pessoas de 15 anos ou mais de idade,2022,2022,6794,Total,95251,Total,100362,Total
6,Município,2,%,88.38,1715754,Palmeirópolis - TO,2513,Taxa de alfabetização das pessoas de 15 anos ou mais de idade,2022,2022,6794,Total,95251,Total,100362,Total
6,Município,2,%,94.9,1716109,Paraíso do Tocantins - TO,2513,Taxa de alfabetização das pessoas de 15 anos ou mais de idade,2022,2022,6794,Total,95251,Total,100362,Total
6,Município,2,%,82.14,1716208,Paranã - TO,2513,Taxa de alfabetização das pessoas de 15 anos ou mais de idade,2022,2022,6794,Total,95251,Total,100362,Total
6,Município,2,%,86.38,1716307,Pau D'Arco - TO,2513,Taxa de alfabetização das pessoas de 15 anos ou mais de idade,2022,2022,6794,Total,95251,Total,100362,Total
6,Município,2,%,92.56,1716505,Pedro Afonso - TO,2513,Taxa de alfabetização das pessoas de 15 anos ou mais de idade,2022,2022,6794,Total,95251,Total,100362,Total
6,Município,2,%,84.58,1716604,Peixe - TO,2513,Taxa de alfabetização das pessoas de 15 anos ou mais de idade,2022,2022,6794,Total,95251,Total,100362,Total
6,Município,2,%,85.28,1716653,Pequizeiro - TO,2513,Taxa de alfabetização das pessoas de 15 anos ou mais de idade,2022,2022,6794,Total,95251,Total,100362,Total
6,Município,2,%,88.22,1716703,Colméia - TO,2513,Taxa de alfabetização das pessoas de 15 anos ou mais de idade,2022,2022,6794,Total,95251,Total,100362,Total
6,Município,2,%,87.33,1717008,Pindorama do Tocantins - TO,2513,Taxa de alfabetização das pessoas de 15 anos ou mais de idade,2022,2022,6794,Total,95251,Total,100362,Total
6,Município,2,%,84.47,1717206,Piraquê - TO,2513,Taxa de alfabetização das pessoas de 15 anos ou mais de idade,2022,2022,6794,Total,95251,Total,100362,Total
6,Município,2,%,86.58,1717503,Pium - TO,2513,Taxa de alfabetização das pessoas de 15 anos ou mais de idade,2022,2022,6794,Total,95251,Total,100362,Total
6,Município,2,%,83.37,1717800,Ponte Alta do Bom Jesus - TO,2513,Taxa de alfabetização das pessoas de 15 anos ou mais de idade,2022,2022,6794,Total,95251,Total,100362,Total
6,Município,2,%,87.09,1717909,Ponte Alta do Tocantins - TO,2513,Taxa de alfabetização das pessoas de 15 anos ou mais de idade,2022,2022,6794,Total,95251,Total,100362,Total
6,Município,2,%,84.11,1718006,Porto Alegre do Tocantins - TO,2513,Taxa de alfabetização das pessoas de 15 anos ou mais de idade,2022,2022,6794,Total,95251,Total,100362,Total
6,Município,2,%,93.54,1718204,Porto Nacional - TO,2513,Taxa de alfabetização das pessoas de 15 anos ou mais de idade,2022,2022,6794,Total,95251,Total,100362,Total
6,Município,2,%,83.86,1718303,Praia Norte - TO,2513,Taxa de alfabetização das pessoas de 15 anos ou mais de idade,2022,2022,6794,Total,95251,Total,100362,Total
6,Município,2,%,88.73,1718402,Presidente Kennedy - TO,2513,Taxa de alfabetização das pessoas de 15 anos ou mais de idade,2022,2022,6794,Total,95251,Total,100362,Total
6,Município,2,%,90.03,1718451,Pugmil - TO,2513,Taxa de alfabetização das pessoas de 15 anos ou mais de idade,2022,2022,6794,Total,95251,Total,100362,Total
6,Município,2,%,78.46,1718501,Recursolândia - TO,2513,Taxa de alfabetização das pessoas de 15 anos ou mais de idade,2022,2022,6794,Total,95251,Total,100362,Total
6,Município,2,%,84.32,1718550,Riachinho - TO,2513,Taxa de alfabetização das pessoas de 15 anos ou mais de idade,2022,2022,6794,Total,95251,Total,100362,Total
6,Município,2,%,89.47,1718659,Rio da Conceição - TO,2513,Taxa de alfabetização das pessoas de 15 anos ou mais de idade,2022,2022,6794,Total,95251,Total,100362,Total
6,Município,2,%,86.13,1718709,Rio dos Bois - TO,2513,Taxa de alfabetização das pessoas de 15 anos ou mais de idade,2022,2022,6794,Total,95251,Total,100362,Total
6,Município,2,%,88.1,1718758,Rio Sono - TO,2513,Taxa de alfabetização das pessoas de 15 anos ou mais de idade,2022,2022,6794,Total,95251,Total,100362,Total
6,Município,2,%,83.07,1718808,Sampaio - TO,2513,Taxa de alfabetização das pessoas de 15 anos ou mais de idade,2022,2022,6794,Total,95251,Total,100362,Total
6,Município,2,%,88.69,1718840,Sandolândia - TO,2513,Taxa de alfabetização das pessoas de 15 anos ou mais de idade,2022,2022,6794,Total,95251,Total,100362,Total
6,Município,2,%,86.67,1718865,Santa Fé do Araguaia - TO,2513,Taxa de alfabetização das pessoas de 15 anos ou mais de idade,2022,2022,6794,Total,95251,Total,100362,Total
6,Município,2,%,88.09,1718881,Santa Maria do Tocantins - TO,2513,Taxa de alfabetização das pessoas de 15 anos ou mais de idade,2022,2022,6794,Total,95251,Total,100362,Total
6,Município,2,%,88.98,1718899,Santa Rita do Tocantins - TO,2513,Taxa de alfabetização das pessoas de 15 anos ou mais de idade,2022,2022,6794,Total,95251,Total,100362,Total
6,Município,2,%,86.02,1718907,Santa Rosa do Tocantins - TO,2513,Taxa de alfabetização das pessoas de 15 anos ou mais de idade,2022,2022,6794,Total,95251,Total,100362,Total
6,Município,2,%,86.83,1719004,Santa Tereza do Tocantins - TO,2513,Taxa de alfabetização das pessoas de 15 anos ou mais de idade,2022,2022,6794,Total,95251,Total,100362,Total
6,Município,2,%,84.69,1720002,Santa Terezinha do Tocantins - TO,2513,Taxa de alfabetização das pessoas de 15 anos ou mais de idade,2022,2022,6794,Total,95251,Total,100362,Total
6,Município,2,%,86.34,1720101,São Bento do Tocantins - TO,2513,Taxa de alfabetização das pessoas de 15 anos ou mais de idade,2022,2022,6794,Total,95251,Total,100362,Total
6,Município,2,%,88.32,1720150,São Félix do Tocantins - TO,2513,Taxa de alfabetização das pessoas de 15 anos ou mais de idade,2022,2022,6794,Total,95251,Total,100362,Total
6,Município,2,%,84.37,1720200,São Miguel do Tocantins - TO,2513,Taxa de alfabetização das pessoas de 15 anos ou mais de idade,2022,2022,6794,Total,95251,Total,100362,Total
6,Município,2,%,83.41,1720259,São Salvador do Tocantins - TO,2513,Taxa de alfabetização das pessoas de 15 anos ou mais de idade,2022,2022,6794,Total,95251,Total,100362,Total
6,Município,2,%,82.88,1720309,São Sebastião do Tocantins - TO,2513,Taxa de alfabetização das pessoas de 15 anos ou mais de idade,2022,2022,6794,Total,95251,Total,100362,Total
6,Município,2,%,86.31,1720499,São Valério - TO,2513,Taxa de alfabetização das pessoas de 15 anos ou mais de idade,2022,2022,6794,Total,95251,Total,100362,Total
6,Município,2,%,88.78,1720655,Silvanópolis - TO,2513,Taxa de alfabetização das pessoas de 15 anos ou mais de idade,2022,2022,6794,Total,95251,Total,100362,Total
6,Município,2,%,84.23,1720804,Sítio Novo do Tocantins - TO,2513,Taxa de alfabetização das pessoas de 15 anos ou mais de idade,2022,2022,6794,Total,95251,Total,100362,Total
6,Município,2,%,87.57,1720853,Sucupira - TO,2513,Taxa de alfabetização das pessoas de 15 anos ou mais de idade,2022,2022,6794,Total,95251,Total,100362,Total
6,Município,2,%,87.26,1720903,Taguatinga - TO,2513,Taxa de alfabetização das pessoas de 15 anos ou mais de idade,2022,2022,6794,Total,95251,Total,100362,Total
6,Município,2,%,85.9,1720937,Taipas do Tocantins - TO,2513,Taxa de alfabetização das pessoas de 15 anos ou mais de idade,2022,2022,6794,Total,95251,Total,100362,Total
6,Município,2,%,88.55,1720978,Talismã - TO,2513,Taxa de alfabetização das pessoas de 15 anos ou mais de idade,2022,2022,6794,Total,95251,Total,100362,Total
6,Município,2,%,96.89,1721000,Palmas - TO,2513,Taxa de alfabetização das pessoas de 15 anos ou mais de idade,2022,2022,6794,Total,95251,Total,100362,Total
6,Município,2,%,89.95,1721109,Tocantínia - TO,2513,Taxa de alfabetização das pessoas de 15 anos ou mais de idade,2022,2022,6794,Total,95251,Total,100362,Total
6,Município,2,%,90.04,1721208,Tocantinópolis - TO,2513,Taxa de alfabetização das pessoas de 15 anos ou mais de idade,2022,2022,6794,Total,95251,Total,100362,Total
6,Município,2,%,87.97,1721257,Tupirama - TO,2513,Taxa de alfabetização das pessoas de 15 anos ou mais de idade,2022,2022,6794,Total,95251,Total,100362,Total
6,Município,2,%,84.89,1721307,Tupiratins - TO,2513,Taxa de alfabetização das pessoas de 15 anos ou mais de idade,2022,2022,6794,Total,95251,Total,100362,Total
6,Município,2,%,86.39,1722081,Wanderlândia - TO,2513,Taxa de alfabetização das pessoas de 15 anos ou mais de idade,2022,2022,6794,Total,95251,Total,100362,Total
6,Município,2,%,86.38,1722107,Xambioá - TO,2513,Taxa de alfabetização das pessoas de 15 anos ou mais de idade,2022,2022,6794,Total,95251,Total,100362,Total
6,Município,2,%,87.14,2100055,Açailândia - MA,2513,Taxa de alfabetização das pessoas de 15 anos ou mais de idade,2022,2022,6794,Total,95251,Total,100362,Total
6,Município,2,%,76.78,2100105,Afonso Cunha - MA,2513,Taxa de alfabetização das pessoas de 15 anos ou mais de idade,2022,2022,6794,Total,95251,Total,100362,Total
6,Município,2,%,74.3,2100154,Água Doce do Maranhão - MA,2513,Taxa de alfabetização das pessoas de 15 anos ou mais de idade,2022,2022,6794,Total,95251,Total,100362,Total
6,Município,2,%,81.52,2100204,Alcântara - MA,2513,Taxa de alfabetização das pessoas de 15 anos ou mais de idade,2022,2022,6794,Total,95251,Total,100362,Total
6,Município,2,%,71.54,2100303,Aldeias Altas - MA,2513,Taxa de alfabetização das pessoas de 15 anos ou mais de idade,2022,2022,6794,Total,95251,Total,100362,Total
6,Município,2,%,75.3,2100402,Altamira do Maranhão - MA,2513,Taxa de alfabetização das pessoas de 15 anos ou mais de idade,2022,2022,6794,Total,95251,Total,100362,Total
6,Município,2,%,76.25,2100436,Alto Alegre do Maranhão - MA,2513,Taxa de alfabetização das pessoas de 15 anos ou mais de idade,2022,2022,6794,Total,95251,Total,100362,Total
6,Município,2,%,77.84,2100477,Alto Alegre do Pindaré - MA,2513,Taxa de alfabetização das pessoas de 15 anos ou mais de idade,2022,2022,6794,Total,95251,Total,100362,Total
6,Município,2,%,87.06,2100501,Alto Parnaíba - MA,2513,Taxa de alfabetização das pessoas de 15 anos ou mais de idade,2022,2022,6794,Total,95251,Total,100362,Total
6,Município,2,%,79.24,2100550,Amapá do Maranhão - MA,2513,Taxa de alfabetização das pessoas de 15 anos ou mais de idade,2022,2022,6794,Total,95251,Total,100362,Total
6,Município,2,%,80.4,2100600,Amarante do Maranhão - MA,2513,Taxa de alfabetização das pessoas de 15 anos ou mais de idade,2022,2022,6794,Total,95251,Total,100362,Total
6,Município,2,%,78.02,2100709,Anajatuba - MA,2513,Taxa de alfabetização das pessoas de 15 anos ou mais de idade,2022,2022,6794,Total,95251,Total,100362,Total
6,Município,2,%,78.29,2100808,Anapurus - MA,2513,Taxa de alfabetização das pessoas de 15 anos ou mais de idade,2022,2022,6794,Total,95251,Total,100362,Total
6,Município,2,%,84.45,2100832,Apicum-Açu - MA,2513,Taxa de alfabetização das pessoas de 15 anos ou mais de idade,2022,2022,6794,Total,95251,Total,100362,Total
6,Município,2,%,79.85,2100873,Araguanã - MA,2513,Taxa de alfabetização das pessoas de 15 anos ou mais de idade,2022,2022,6794,Total,95251,Total,100362,Total
6,Município,2,%,72.38,2100907,Araioses - MA,2513,Taxa de alfabetização das pessoas de 15 anos ou mais de idade,2022,2022,6794,Total,95251,Total,100362,Total
6,Município,2,%,75.01,2100956,Arame - MA,2513,Taxa de alfabetização das pessoas de 15 anos ou mais de idade,2022,2022,6794,Total,95251,Total,100362,Total
6,Município,2,%,84.46,2101004,Arari - MA,2513,Taxa de alfabetização das pessoas de 15 anos ou mais de idade,2022,2022,6794,Total,95251,Total,100362,Total
6,Município,2,%,87.5,2101103,Axixá - MA,2513,Taxa de alfabetização das pessoas de 15 anos ou mais de idade,2022,2022,6794,Total,95251,Total,100362,Total
6,Município,2,%,85.13,2101202,Bacabal - MA,2513,Taxa de alfabetização das pessoas de 15 anos ou mais de idade,2022,2022,6794,Total,95251,Total,100362,Total
6,Município,2,%,85.98,2101251,Bacabeira - MA,2513,Taxa de alfabetização das pessoas de 15 anos ou mais de idade,2022,2022,6794,Total,95251,Total,100362,Total
6,Município,2,%,80.93,2101301,Bacuri - MA,2513,Taxa de alfabetização das pessoas de 15 anos ou mais de idade,2022,2022,6794,Total,95251,Total,100362,Total
6,Município,2,%,83.02,2101350,Bacurituba - MA,2513,Taxa de alfabetização das pessoas de 15 anos ou mais de idade,2022,2022,6794,Total,95251,Total,100362,Total
6,Município,2,%,91.59,2101400,Balsas - MA,2513,Taxa de alfabetização das pessoas de 15 anos ou mais de idade,2022,2022,6794,Total,95251,Total,100362,Total
6,Município,2,%,83.48,2101509,Barão de Grajaú - MA,2513,Taxa de alfabetização das pessoas de 15 anos ou mais de idade,2022,2022,6794,Total,95251,Total,100362,Total
6,Município,2,%,79.76,2101608,Barra do Corda - MA,2513,Taxa de alfabetização das pessoas de 15 anos ou mais de idade,2022,2022,6794,Total,95251,Total,100362,Total
6,Município,2,%,83.11,2101707,Barreirinhas - MA,2513,Taxa de alfabetização das pessoas de 15 anos ou mais de idade,2022,2022,6794,Total,95251,Total,100362,Total
6,Município,2,%,76.35,2101731,Belágua - MA,2513,Taxa de alfabetização das pessoas de 15 anos ou mais de idade,2022,2022,6794,Total,95251,Total,100362,Total
6,Município,2,%,79.49,2101772,Bela Vista do Maranhão - MA,2513,Taxa de alfabetização das pessoas de 15 anos ou mais de idade,2022,2022,6794,Total,95251,Total,100362,Total
6,Município,2,%,78.44,2101806,Benedito Leite - MA,2513,Taxa de alfabetização das pessoas de 15 anos ou mais de idade,2022,2022,6794,Total,95251,Total,100362,Total
6,Município,2,%,81.47,2101905,Bequimão - MA,2513,Taxa de alfabetização das pessoas de 15 anos ou mais de idade,2022,2022,6794,Total,95251,Total,100362,Total
6,Município,2,%,82.33,2101939,Bernardo do Mearim - MA,2513,Taxa de alfabetização das pessoas de 15 anos ou mais de idade,2022,2022,6794,Total,95251,Total,100362,Total
6,Município,2,%,80.9,2101970,Boa Vista do Gurupi - MA,2513,Taxa de alfabetização das pessoas de 15 anos ou mais de idade,2022,2022,6794,Total,95251,Total,100362,Total
6,Município,2,%,75.07,2102002,Bom Jardim - MA,2513,Taxa de alfabetização das pessoas de 15 anos ou mais de idade,2022,2022,6794,Total,95251,Total,100362,Total
6,Município,2,%,77.67,2102036,Bom Jesus das Selvas - MA,2513,Taxa de alfabetização das pessoas de 15 anos ou mais de idade,2022,2022,6794,Total,95251,Total,100362,Total
6,Município,2,%,73.11,2102077,Bom Lugar - MA,2513,Taxa de alfabetização das pessoas de 15 anos ou mais de idade,2022,2022,6794,Total,95251,Total,100362,Total
6,Município,2,%,76.82,2102101,Brejo - MA,2513,Taxa de alfabetização das pessoas de 15 anos ou mais de idade,2022,2022,6794,Total,95251,Total,100362,Total
6,Município,2,%,74.58,2102150,Brejo de Areia - MA,2513,Taxa de alfabetização das pessoas de 15 anos ou mais de idade,2022,2022,6794,Total,95251,Total,100362,Total
6,Município,2,%,76.36,2102200,Buriti - MA,2513,Taxa de alfabetização das pessoas de 15 anos ou mais de idade,2022,2022,6794,Total,95251,Total,100362,Total
6,Município,2,%,76.57,2102309,Buriti Bravo - MA,2513,Taxa de alfabetização das pessoas de 15 anos ou mais de idade,2022,2022,6794,Total,95251,Total,100362,Total
6,Município,2,%,79.45,2102325,Buriticupu - MA,2513,Taxa de alfabetização das pessoas de 15 anos ou mais de idade,2022,2022,6794,Total,95251,Total,100362,Total
6,Município,2,%,79.45,2102358,Buritirana - MA,2513,Taxa de alfabetização das pessoas de 15 anos ou mais de idade,2022,2022,6794,Total,95251,Total,100362,Total
6,Município,2,%,77.8,2102374,Cachoeira Grande - MA,2513,Taxa de alfabetização das pessoas de 15 anos ou mais de idade,2022,2022,6794,Total,95251,Total,100362,Total
6,Município,2,%,79.79,2102408,Cajapió - MA,2513,Taxa de alfabetização das pessoas de 15 anos ou mais de idade,2022,2022,6794,Total,95251,Total,100362,Total
6,Município,2,%,85.35,2102507,Cajari - MA,2513,Taxa de alfabetização das pessoas de 15 anos ou mais de idade,2022,2022,6794,Total,95251,Total,100362,Total
6,Município,2,%,84.45,2102556,Campestre do Maranhão - MA,2513,Taxa de alfabetização das pessoas de 15 anos ou mais de idade,2022,2022,6794,Total,95251,Total,100362,Total
6,Município,2,%,82.87,2102606,Cândido Mendes - MA,2513,Taxa de alfabetização das pessoas de 15 anos ou mais de idade,2022,2022,6794,Total,95251,Total,100362,Total
6,Município,2,%,82.95,2102705,Cantanhede - MA,2513,Taxa de alfabetização das pessoas de 15 anos ou mais de idade,2022,2022,6794,Total,95251,Total,100362,Total
6,Município,2,%,75.17,2102754,Capinzal do Norte - MA,2513,Taxa de alfabetização das pessoas de 15 anos ou mais de idade,2022,2022,6794,Total,95251,Total,100362,Total
6,Município,2,%,87.75,2102804,Carolina - MA,2513,Taxa de alfabetização das pessoas de 15 anos ou mais de idade,2022,2022,6794,Total,95251,Total,100362,Total
6,Município,2,%,85.7,2102903,Carutapera - MA,2513,Taxa de alfabetização das pessoas de 15 anos ou mais de idade,2022,2022,6794,Total,95251,Total,100362,Total
6,Município,2,%,82.48,2103000,Caxias - MA,2513,Taxa de alfabetização das pessoas de 15 anos ou mais de idade,2022,2022,6794,Total,95251,Total,100362,Total
6,Município,2,%,86.8,2103109,Cedral - MA,2513,Taxa de alfabetização das pessoas de 15 anos ou mais de idade,2022,2022,6794,Total,95251,Total,100362,Total
6,Município,2,%,79.26,2103125,Central do Maranhão - MA,2513,Taxa de alfabetização das pessoas de 15 anos ou mais de idade,2022,2022,6794,Total,95251,Total,100362,Total
6,Município,2,%,79.86,2103158,Centro do Guilherme - MA,2513,Taxa de alfabetização das pessoas de 15 anos ou mais de idade,2022,2022,6794,Total,95251,Total,100362,Total
6,Município,2,%,79.73,2103174,Centro Novo do Maranhão - MA,2513,Taxa de alfabetização das pessoas de 15 anos ou mais de idade,2022,2022,6794,Total,95251,Total,100362,Total
6,Município,2,%,80.88,2103208,Chapadinha - MA,2513,Taxa de alfabetização das pessoas de 15 anos ou mais de idade,2022,2022,6794,Total,95251,Total,100362,Total
6,Município,2,%,80.95,2103257,Cidelândia - MA,2513,Taxa de alfabetização das pessoas de 15 anos ou mais de idade,2022,2022,6794,Total,95251,Total,100362,Total
6,Município,2,%,77.7,2103307,Codó - MA,2513,Taxa de alfabetização das pessoas de 15 anos ou mais de idade,2022,2022,6794,Total,95251,Total,100362,Total
6,Município,2,%,78.46,2103406,Coelho Neto - MA,2513,Taxa de alfabetização das pessoas de 15 anos ou mais de idade,2022,2022,6794,Total,95251,Total,100362,Total
6,Município,2,%,78.29,2103505,Colinas - MA,2513,Taxa de alfabetização das pessoas de 15 anos ou mais de idade,2022,2022,6794,Total,95251,Total,100362,Total
6,Município,2,%,76.99,2103554,Conceição do Lago-Açu - MA,2513,Taxa de alfabetização das pessoas de 15 anos ou mais de idade,2022,2022,6794,Total,95251,Total,100362,Total
6,Município,2,%,76.24,2103604,Coroatá - MA,2513,Taxa de alfabetização das pessoas de 15 anos ou mais de idade,2022,2022,6794,Total,95251,Total,100362,Total
6,Município,2,%,85.49,2103703,Cururupu - MA,2513,Taxa de alfabetização das pessoas de 15 anos ou mais de idade,2022,2022,6794,Total,95251,Total,100362,Total
6,Município,2,%,85.74,2103752,Davinópolis - MA,2513,Taxa de alfabetização das pessoas de 15 anos ou mais de idade,2022,2022,6794,Total,95251,Total,100362,Total
6,Município,2,%,83.75,2103802,Dom Pedro - MA,2513,Taxa de alfabetização das pessoas de 15 anos ou mais de idade,2022,2022,6794,Total,95251,Total,100362,Total
6,Município,2,%,73.31,2103901,Duque Bacelar - MA,2513,Taxa de alfabetização das pessoas de 15 anos ou mais de idade,2022,2022,6794,Total,95251,Total,100362,Total
6,Município,2,%,78.83,2104008,Esperantinópolis - MA,2513,Taxa de alfabetização das pessoas de 15 anos ou mais de idade,2022,2022,6794,Total,95251,Total,100362,Total
6,Município,2,%,88.51,2104057,Estreito - MA,2513,Taxa de alfabetização das pessoas de 15 anos ou mais de idade,2022,2022,6794,Total,95251,Total,100362,Total
6,Município,2,%,83.94,2104073,Feira Nova do Maranhão - MA,2513,Taxa de alfabetização das pessoas de 15 anos ou mais de idade,2022,2022,6794,Total,95251,Total,100362,Total
6,Município,2,%,73.77,2104081,Fernando Falcão - MA,2513,Taxa de alfabetização das pessoas de 15 anos ou mais de idade,2022,2022,6794,Total,95251,Total,100362,Total
6,Município,2,%,85.92,2104099,Formosa da Serra Negra - MA,2513,Taxa de alfabetização das pessoas de 15 anos ou mais de idade,2022,2022,6794,Total,95251,Total,100362,Total
6,Município,2,%,89.06,2104107,Fortaleza dos Nogueiras - MA,2513,Taxa de alfabetização das pessoas de 15 anos ou mais de idade,2022,2022,6794,Total,95251,Total,100362,Total
6,Município,2,%,79.52,2104206,Fortuna - MA,2513,Taxa de alfabetização das pessoas de 15 anos ou mais de idade,2022,2022,6794,Total,95251,Total,100362,Total
6,Município,2,%,86.55,2104305,Godofredo Viana - MA,2513,Taxa de alfabetização das pessoas de 15 anos ou mais de idade,2022,2022,6794,Total,95251,Total,100362,Total
6,Município,2,%,75.77,2104404,Gonçalves Dias - MA,2513,Taxa de alfabetização das pessoas de 15 anos ou mais de idade,2022,2022,6794,Total,95251,Total,100362,Total
6,Município,2,%,79.08,2104503,Governador Archer - MA,2513,Taxa de alfabetização das pessoas de 15 anos ou mais de idade,2022,2022,6794,Total,95251,Total,100362,Total
6,Município,2,%,84.58,2104552,Governador Edison Lobão - MA,2513,Taxa de alfabetização das pessoas de 15 anos ou mais de idade,2022,2022,6794,Total,95251,Total,100362,Total
6,Município,2,%,76.05,2104602,Governador Eugênio Barros - MA,2513,Taxa de alfabetização das pessoas de 15 anos ou mais de idade,2022,2022,6794,Total,95251,Total,100362,Total
6,Município,2,%,77.49,2104628,Governador Luiz Rocha - MA,2513,Taxa de alfabetização das pessoas de 15 anos ou mais de idade,2022,2022,6794,Total,95251,Total,100362,Total
6,Município,2,%,81.39,2104651,Governador Newton Bello - MA,2513,Taxa de alfabetização das pessoas de 15 anos ou mais de idade,2022,2022,6794,Total,95251,Total,100362,Total
6,Município,2,%,81.96,2104677,Governador Nunes Freire - MA,2513,Taxa de alfabetização das pessoas de 15 anos ou mais de idade,2022,2022,6794,Total,95251,Total,100362,Total
6,Município,2,%,79.36,2104701,Graça Aranha - MA,2513,Taxa de alfabetização das pessoas de 15 anos ou mais de idade,2022,2022,6794,Total,95251,Total,100362,Total
6,Município,2,%,82.84,2104800,Grajaú - MA,2513,Taxa de alfabetização das pessoas de 15 anos ou mais de idade,2022,2022,6794,Total,95251,Total,100362,Total
6,Município,2,%,88.95,2104909,Guimarães - MA,2513,Taxa de alfabetização das pessoas de 15 anos ou mais de idade,2022,2022,6794,Total,95251,Total,100362,Total
6,Município,2,%,81.57,2105005,Humberto de Campos - MA,2513,Taxa de alfabetização das pessoas de 15 anos ou mais de idade,2022,2022,6794,Total,95251,Total,100362,Total
6,Município,2,%,82.05,2105104,Icatu - MA,2513,Taxa de alfabetização das pessoas de 15 anos ou mais de idade,2022,2022,6794,Total,95251,Total,100362,Total
6,Município,2,%,78.74,2105153,Igarapé do Meio - MA,2513,Taxa de alfabetização das pessoas de 15 anos ou mais de idade,2022,2022,6794,Total,95251,Total,100362,Total
6,Município,2,%,76.63,2105203,Igarapé Grande - MA,2513,Taxa de alfabetização das pessoas de 15 anos ou mais de idade,2022,2022,6794,Total,95251,Total,100362,Total
6,Município,2,%,93.22,2105302,Imperatriz - MA,2513,Taxa de alfabetização das pessoas de 15 anos ou mais de idade,2022,2022,6794,Total,95251,Total,100362,Total
6,Município,2,%,74.55,2105351,Itaipava do Grajaú - MA,2513,Taxa de alfabetização das pessoas de 15 anos ou mais de idade,2022,2022,6794,Total,95251,Total,100362,Total
6,Município,2,%,81.99,2105401,Itapecuru Mirim - MA,2513,Taxa de alfabetização das pessoas de 15 anos ou mais de idade,2022,2022,6794,Total,95251,Total,100362,Total
6,Município,2,%,85.12,2105427,Itinga do Maranhão - MA,2513,Taxa de alfabetização das pessoas de 15 anos ou mais de idade,2022,2022,6794,Total,95251,Total,100362,Total
6,Município,2,%,77.64,2105450,Jatobá - MA,2513,Taxa de alfabetização das pessoas de 15 anos ou mais de idade,2022,2022,6794,Total,95251,Total,100362,Total
6,Município,2,%,72.09,2105476,Jenipapo dos Vieiras - MA,2513,Taxa de alfabetização das pessoas de 15 anos ou mais de idade,2022,2022,6794,Total,95251,Total,100362,Total
6,Município,2,%,85.19,2105500,João Lisboa - MA,2513,Taxa de alfabetização das pessoas de 15 anos ou mais de idade,2022,2022,6794,Total,95251,Total,100362,Total
6,Município,2,%,75.06,2105609,Joselândia - MA,2513,Taxa de alfabetização das pessoas de 15 anos ou mais de idade,2022,2022,6794,Total,95251,Total,100362,Total
6,Município,2,%,80.37,2105658,Junco do Maranhão - MA,2513,Taxa de alfabetização das pessoas de 15 anos ou mais de idade,2022,2022,6794,Total,95251,Total,100362,Total
6,Município,2,%,76.21,2105708,Lago da Pedra - MA,2513,Taxa de alfabetização das pessoas de 15 anos ou mais de idade,2022,2022,6794,Total,95251,Total,100362,Total
6,Município,2,%,74.59,2105807,Lago do Junco - MA,2513,Taxa de alfabetização das pessoas de 15 anos ou mais de idade,2022,2022,6794,Total,95251,Total,100362,Total
6,Município,2,%,73.33,2105906,Lago Verde - MA,2513,Taxa de alfabetização das pessoas de 15 anos ou mais de idade,2022,2022,6794,Total,95251,Total,100362,Total
6,Município,2,%,77.24,2105922,Lagoa do Mato - MA,2513,Taxa de alfabetização das pessoas de 15 anos ou mais de idade,2022,2022,6794,Total,95251,Total,100362,Total
6,Município,2,%,76.2,2105948,Lago dos Rodrigues - MA,2513,Taxa de alfabetização das pessoas de 15 anos ou mais de idade,2022,2022,6794,Total,95251,Total,100362,Total
6,Município,2,%,71.45,2105963,Lagoa Grande do Maranhão - MA,2513,Taxa de alfabetização das pessoas de 15 anos ou mais de idade,2022,2022,6794,Total,95251,Total,100362,Total
6,Município,2,%,83.63,2105989,Lajeado Novo - MA,2513,Taxa de alfabetização das pessoas de 15 anos ou mais de idade,2022,2022,6794,Total,95251,Total,100362,Total
6,Município,2,%,78.3,2106003,Lima Campos - MA,2513,Taxa de alfabetização das pessoas de 15 anos ou mais de idade,2022,2022,6794,Total,95251,Total,100362,Total
6,Município,2,%,86.56,2106102,Loreto - MA,2513,Taxa de alfabetização das pessoas de 15 anos ou mais de idade,2022,2022,6794,Total,95251,Total,100362,Total
6,Município,2,%,86.03,2106201,Luís Domingues - MA,2513,Taxa de alfabetização das pessoas de 15 anos ou mais de idade,2022,2022,6794,Total,95251,Total,100362,Total
6,Município,2,%,76.24,2106300,Magalhães de Almeida - MA,2513,Taxa de alfabetização das pessoas de 15 anos ou mais de idade,2022,2022,6794,Total,95251,Total,100362,Total
6,Município,2,%,81.79,2106326,Maracaçumé - MA,2513,Taxa de alfabetização das pessoas de 15 anos ou mais de idade,2022,2022,6794,Total,95251,Total,100362,Total
6,Município,2,%,71.27,2106359,Marajá do Sena - MA,2513,Taxa de alfabetização das pessoas de 15 anos ou mais de idade,2022,2022,6794,Total,95251,Total,100362,Total
6,Município,2,%,77.52,2106375,Maranhãozinho - MA,2513,Taxa de alfabetização das pessoas de 15 anos ou mais de idade,2022,2022,6794,Total,95251,Total,100362,Total
6,Município,2,%,79.03,2106409,Mata Roma - MA,2513,Taxa de alfabetização das pessoas de 15 anos ou mais de idade,2022,2022,6794,Total,95251,Total,100362,Total
6,Município,2,%,84.67,2106508,Matinha - MA,2513,Taxa de alfabetização das pessoas de 15 anos ou mais de idade,2022,2022,6794,Total,95251,Total,100362,Total
6,Município,2,%,75.39,2106607,Matões - MA,2513,Taxa de alfabetização das pessoas de 15 anos ou mais de idade,2022,2022,6794,Total,95251,Total,100362,Total
6,Município,2,%,80.8,2106631,Matões do Norte - MA,2513,Taxa de alfabetização das pessoas de 15 anos ou mais de idade,2022,2022,6794,Total,95251,Total,100362,Total
6,Município,2,%,70.66,2106672,Milagres do Maranhão - MA,2513,Taxa de alfabetização das pessoas de 15 anos ou mais de idade,2022,2022,6794,Total,95251,Total,100362,Total
6,Município,2,%,76.05,2106706,Mirador - MA,2513,Taxa de alfabetização das pessoas de 15 anos ou mais de idade,2022,2022,6794,Total,95251,Total,100362,Total
6,Município,2,%,85.55,2106755,Miranda do Norte - MA,2513,Taxa de alfabetização das pessoas de 15 anos ou mais de idade,2022,2022,6794,Total,95251,Total,100362,Total
6,Município,2,%,87.74,2106805,Mirinzal - MA,2513,Taxa de alfabetização das pessoas de 15 anos ou mais de idade,2022,2022,6794,Total,95251,Total,100362,Total
6,Município,2,%,79.55,2106904,Monção - MA,2513,Taxa de alfabetização das pessoas de 15 anos ou mais de idade,2022,2022,6794,Total,95251,Total,100362,Total
6,Município,2,%,84.12,2107001,Montes Altos - MA,2513,Taxa de alfabetização das pessoas de 15 anos ou mais de idade,2022,2022,6794,Total,95251,Total,100362,Total
6,Município,2,%,81.23,2107100,Morros - MA,2513,Taxa de alfabetização das pessoas de 15 anos ou mais de idade,2022,2022,6794,Total,95251,Total,100362,Total
6,Município,2,%,80.37,2107209,Nina Rodrigues - MA,2513,Taxa de alfabetização das pessoas de 15 anos ou mais de idade,2022,2022,6794,Total,95251,Total,100362,Total
6,Município,2,%,82.33,2107258,Nova Colinas - MA,2513,Taxa de alfabetização das pessoas de 15 anos ou mais de idade,2022,2022,6794,Total,95251,Total,100362,Total
6,Município,2,%,80.57,2107308,Nova Iorque - MA,2513,Taxa de alfabetização das pessoas de 15 anos ou mais de idade,2022,2022,6794,Total,95251,Total,100362,Total
6,Município,2,%,78.67,2107357,Nova Olinda do Maranhão - MA,2513,Taxa de alfabetização das pessoas de 15 anos ou mais de idade,2022,2022,6794,Total,95251,Total,100362,Total
6,Município,2,%,73.82,2107407,Olho d'Água das Cunhãs - MA,2513,Taxa de alfabetização das pessoas de 15 anos ou mais de idade,2022,2022,6794,Total,95251,Total,100362,Total
6,Município,2,%,81.45,2107456,Olinda Nova do Maranhão - MA,2513,Taxa de alfabetização das pessoas de 15 anos ou mais de idade,2022,2022,6794,Total,95251,Total,100362,Total
6,Município,2,%,95.87,2107506,Paço do Lumiar - MA,2513,Taxa de alfabetização das pessoas de 15 anos ou mais de idade,2022,2022,6794,Total,95251,Total,100362,Total
6,Município,2,%,80.16,2107605,Palmeirândia - MA,2513,Taxa de alfabetização das pessoas de 15 anos ou mais de idade,2022,2022,6794,Total,95251,Total,100362,Total
6,Município,2,%,76.38,2107704,Paraibano - MA,2513,Taxa de alfabetização das pessoas de 15 anos ou mais de idade,2022,2022,6794,Total,95251,Total,100362,Total
6,Município,2,%,74.3,2107803,Parnarama - MA,2513,Taxa de alfabetização das pessoas de 15 anos ou mais de idade,2022,2022,6794,Total,95251,Total,100362,Total
6,Município,2,%,74.87,2107902,Passagem Franca - MA,2513,Taxa de alfabetização das pessoas de 15 anos ou mais de idade,2022,2022,6794,Total,95251,Total,100362,Total
6,Município,2,%,82.91,2108009,Pastos Bons - MA,2513,Taxa de alfabetização das pessoas de 15 anos ou mais de idade,2022,2022,6794,Total,95251,Total,100362,Total
6,Município,2,%,78.92,2108058,Paulino Neves - MA,2513,Taxa de alfabetização das pessoas de 15 anos ou mais de idade,2022,2022,6794,Total,95251,Total,100362,Total
6,Município,2,%,73.21,2108108,Paulo Ramos - MA,2513,Taxa de alfabetização das pessoas de 15 anos ou mais de idade,2022,2022,6794,Total,95251,Total,100362,Total
6,Município,2,%,84.7,2108207,Pedreiras - MA,2513,Taxa de alfabetização das pessoas de 15 anos ou mais de idade,2022,2022,6794,Total,95251,Total,100362,Total
6,Município,2,%,79.58,2108256,Pedro do Rosário - MA,2513,Taxa de alfabetização das pessoas de 15 anos ou mais de idade,2022,2022,6794,Total,95251,Total,100362,Total
6,Município,2,%,83.19,2108306,Penalva - MA,2513,Taxa de alfabetização das pessoas de 15 anos ou mais de idade,2022,2022,6794,Total,95251,Total,100362,Total
6,Município,2,%,84.68,2108405,Peri Mirim - MA,2513,Taxa de alfabetização das pessoas de 15 anos ou mais de idade,2022,2022,6794,Total,95251,Total,100362,Total
6,Município,2,%,74.95,2108454,Peritoró - MA,2513,Taxa de alfabetização das pessoas de 15 anos ou mais de idade,2022,2022,6794,Total,95251,Total,100362,Total
6,Município,2,%,84.27,2108504,Pindaré-Mirim - MA,2513,Taxa de alfabetização das pessoas de 15 anos ou mais de idade,2022,2022,6794,Total,95251,Total,100362,Total
6,Município,2,%,85.91,2108603,Pinheiro - MA,2513,Taxa de alfabetização das pessoas de 15 anos ou mais de idade,2022,2022,6794,Total,95251,Total,100362,Total
6,Município,2,%,75.13,2108702,Pio XII - MA,2513,Taxa de alfabetização das pessoas de 15 anos ou mais de idade,2022,2022,6794,Total,95251,Total,100362,Total
6,Município,2,%,76.46,2108801,Pirapemas - MA,2513,Taxa de alfabetização das pessoas de 15 anos ou mais de idade,2022,2022,6794,Total,95251,Total,100362,Total
6,Município,2,%,74.66,2108900,Poção de Pedras - MA,2513,Taxa de alfabetização das pessoas de 15 anos ou mais de idade,2022,2022,6794,Total,95251,Total,100362,Total
6,Município,2,%,89.05,2109007,Porto Franco - MA,2513,Taxa de alfabetização das pessoas de 15 anos ou mais de idade,2022,2022,6794,Total,95251,Total,100362,Total
6,Município,2,%,86.98,2109056,Porto Rico do Maranhão - MA,2513,Taxa de alfabetização das pessoas de 15 anos ou mais de idade,2022,2022,6794,Total,95251,Total,100362,Total
6,Município,2,%,83.73,2109106,Presidente Dutra - MA,2513,Taxa de alfabetização das pessoas de 15 anos ou mais de idade,2022,2022,6794,Total,95251,Total,100362,Total
6,Município,2,%,79.3,2109205,Presidente Juscelino - MA,2513,Taxa de alfabetização das pessoas de 15 anos ou mais de idade,2022,2022,6794,Total,95251,Total,100362,Total
6,Município,2,%,81.2,2109239,Presidente Médici - MA,2513,Taxa de alfabetização das pessoas de 15 anos ou mais de idade,2022,2022,6794,Total,95251,Total,100362,Total
6,Município,2,%,79.65,2109270,Presidente Sarney - MA,2513,Taxa de alfabetização das pessoas de 15 anos ou mais de idade,2022,2022,6794,Total,95251,Total,100362,Total
6,Município,2,%,80.29,2109304,Presidente Vargas - MA,2513,Taxa de alfabetização das pessoas de 15 anos ou mais de idade,2022,2022,6794,Total,95251,Total,100362,Total
6,Município,2,%,79.69,2109403,Primeira Cruz - MA,2513,Taxa de alfabetização das pessoas de 15 anos ou mais de idade,2022,2022,6794,Total,95251,Total,100362,Total
6,Município,2,%,89.72,2109452,Raposa - MA,2513,Taxa de alfabetização das pessoas de 15 anos ou mais de idade,2022,2022,6794,Total,95251,Total,100362,Total
6,Município,2,%,84.99,2109502,Riachão - MA,2513,Taxa de alfabetização das pessoas de 15 anos ou mais de idade,2022,2022,6794,Total,95251,Total,100362,Total
6,Município,2,%,83.47,2109551,Ribamar Fiquene - MA,2513,Taxa de alfabetização das pessoas de 15 anos ou mais de idade,2022,2022,6794,Total,95251,Total,100362,Total
6,Município,2,%,86.6,2109601,Rosário - MA,2513,Taxa de alfabetização das pessoas de 15 anos ou mais de idade,2022,2022,6794,Total,95251,Total,100362,Total
6,Município,2,%,80.3,2109700,Sambaíba - MA,2513,Taxa de alfabetização das pessoas de 15 anos ou mais de idade,2022,2022,6794,Total,95251,Total,100362,Total
6,Município,2,%,76.39,2109759,Santa Filomena do Maranhão - MA,2513,Taxa de alfabetização das pessoas de 15 anos ou mais de idade,2022,2022,6794,Total,95251,Total,100362,Total
6,Município,2,%,82.17,2109809,Santa Helena - MA,2513,Taxa de alfabetização das pessoas de 15 anos ou mais de idade,2022,2022,6794,Total,95251,Total,100362,Total
6,Município,2,%,87.59,2109908,Santa Inês - MA,2513,Taxa de alfabetização das pessoas de 15 anos ou mais de idade,2022,2022,6794,Total,95251,Total,100362,Total
6,Município,2,%,76.92,2110005,Santa Luzia - MA,2513,Taxa de alfabetização das pessoas de 15 anos ou mais de idade,2022,2022,6794,Total,95251,Total,100362,Total
6,Município,2,%,83.93,2110039,Santa Luzia do Paruá - MA,2513,Taxa de alfabetização das pessoas de 15 anos ou mais de idade,2022,2022,6794,Total,95251,Total,100362,Total
6,Município,2,%,75.91,2110104,Santa Quitéria do Maranhão - MA,2513,Taxa de alfabetização das pessoas de 15 anos ou mais de idade,2022,2022,6794,Total,95251,Total,100362,Total
6,Município,2,%,84.42,2110203,Santa Rita - MA,2513,Taxa de alfabetização das pessoas de 15 anos ou mais de idade,2022,2022,6794,Total,95251,Total,100362,Total
6,Município,2,%,71.8,2110237,Santana do Maranhão - MA,2513,Taxa de alfabetização das pessoas de 15 anos ou mais de idade,2022,2022,6794,Total,95251,Total,100362,Total
6,Município,2,%,82.32,2110278,Santo Amaro do Maranhão - MA,2513,Taxa de alfabetização das pessoas de 15 anos ou mais de idade,2022,2022,6794,Total,95251,Total,100362,Total
6,Município,2,%,76.92,2110302,Santo Antônio dos Lopes - MA,2513,Taxa de alfabetização das pessoas de 15 anos ou mais de idade,2022,2022,6794,Total,95251,Total,100362,Total
6,Município,2,%,79.04,2110401,São Benedito do Rio Preto - MA,2513,Taxa de alfabetização das pessoas de 15 anos ou mais de idade,2022,2022,6794,Total,95251,Total,100362,Total
6,Município,2,%,84.23,2110500,São Bento - MA,2513,Taxa de alfabetização das pessoas de 15 anos ou mais de idade,2022,2022,6794,Total,95251,Total,100362,Total
6,Município,2,%,77.54,2110609,São Bernardo - MA,2513,Taxa de alfabetização das pessoas de 15 anos ou mais de idade,2022,2022,6794,Total,95251,Total,100362,Total
6,Município,2,%,79.36,2110658,São Domingos do Azeitão - MA,2513,Taxa de alfabetização das pessoas de 15 anos ou mais de idade,2022,2022,6794,Total,95251,Total,100362,Total
6,Município,2,%,78.91,2110708,São Domingos do Maranhão - MA,2513,Taxa de alfabetização das pessoas de 15 anos ou mais de idade,2022,2022,6794,Total,95251,Total,100362,Total
6,Município,2,%,77.44,2110807,São Félix de Balsas - MA,2513,Taxa de alfabetização das pessoas de 15 anos ou mais de idade,2022,2022,6794,Total,95251,Total,100362,Total
6,Município,2,%,80.98,2110856,São Francisco do Brejão - MA,2513,Taxa de alfabetização das pessoas de 15 anos ou mais de idade,2022,2022,6794,Total,95251,Total,100362,Total
6,Município,2,%,74.84,2110906,São Francisco do Maranhão - MA,2513,Taxa de alfabetização das pessoas de 15 anos ou mais de idade,2022,2022,6794,Total,95251,Total,100362,Total
6,Município,2,%,81.74,2111003,São João Batista - MA,2513,Taxa de alfabetização das pessoas de 15 anos ou mais de idade,2022,2022,6794,Total,95251,Total,100362,Total
6,Município,2,%,71.79,2111029,São João do Carú - MA,2513,Taxa de alfabetização das pessoas de 15 anos ou mais de idade,2022,2022,6794,Total,95251,Total,100362,Total
6,Município,2,%,86.65,2111052,São João do Paraíso - MA,2513,Taxa de alfabetização das pessoas de 15 anos ou mais de idade,2022,2022,6794,Total,95251,Total,100362,Total
6,Município,2,%,72.85,2111078,São João do Soter - MA,2513,Taxa de alfabetização das pessoas de 15 anos ou mais de idade,2022,2022,6794,Total,95251,Total,100362,Total
6,Município,2,%,83.23,2111102,São João dos Patos - MA,2513,Taxa de alfabetização das pessoas de 15 anos ou mais de idade,2022,2022,6794,Total,95251,Total,100362,Total
6,Município,2,%,95.16,2111201,São José de Ribamar - MA,2513,Taxa de alfabetização das pessoas de 15 anos ou mais de idade,2022,2022,6794,Total,95251,Total,100362,Total
6,Município,2,%,75.3,2111250,São José dos Basílios - MA,2513,Taxa de alfabetização das pessoas de 15 anos ou mais de idade,2022,2022,6794,Total,95251,Total,100362,Total
6,Município,2,%,96.01,2111300,São Luís - MA,2513,Taxa de alfabetização das pessoas de 15 anos ou mais de idade,2022,2022,6794,Total,95251,Total,100362,Total
6,Município,2,%,73.3,2111409,São Luís Gonzaga do Maranhão - MA,2513,Taxa de alfabetização das pessoas de 15 anos ou mais de idade,2022,2022,6794,Total,95251,Total,100362,Total
6,Município,2,%,78.47,2111508,São Mateus do Maranhão - MA,2513,Taxa de alfabetização das pessoas de 15 anos ou mais de idade,2022,2022,6794,Total,95251,Total,100362,Total
6,Município,2,%,80.54,2111532,São Pedro da Água Branca - MA,2513,Taxa de alfabetização das pessoas de 15 anos ou mais de idade,2022,2022,6794,Total,95251,Total,100362,Total
6,Município,2,%,91.07,2111573,São Pedro dos Crentes - MA,2513,Taxa de alfabetização das pessoas de 15 anos ou mais de idade,2022,2022,6794,Total,95251,Total,100362,Total
6,Município,2,%,86.22,2111607,São Raimundo das Mangabeiras - MA,2513,Taxa de alfabetização das pessoas de 15 anos ou mais de idade,2022,2022,6794,Total,95251,Total,100362,Total
6,Município,2,%,77.63,2111631,São Raimundo do Doca Bezerra - MA,2513,Taxa de alfabetização das pessoas de 15 anos ou mais de idade,2022,2022,6794,Total,95251,Total,100362,Total
6,Município,2,%,74.69,2111672,São Roberto - MA,2513,Taxa de alfabetização das pessoas de 15 anos ou mais de idade,2022,2022,6794,Total,95251,Total,100362,Total
6,Município,2,%,78.72,2111706,São Vicente Ferrer - MA,2513,Taxa de alfabetização das pessoas de 15 anos ou mais de idade,2022,2022,6794,Total,95251,Total,100362,Total
6,Município,2,%,74.43,2111722,Satubinha - MA,2513,Taxa de alfabetização das pessoas de 15 anos ou mais de idade,2022,2022,6794,Total,95251,Total,100362,Total
6,Município,2,%,75.07,2111748,Senador Alexandre Costa - MA,2513,Taxa de alfabetização das pessoas de 15 anos ou mais de idade,2022,2022,6794,Total,95251,Total,100362,Total
6,Município,2,%,79.92,2111763,Senador La Rocque - MA,2513,Taxa de alfabetização das pessoas de 15 anos ou mais de idade,2022,2022,6794,Total,95251,Total,100362,Total
6,Município,2,%,79.3,2111789,Serrano do Maranhão - MA,2513,Taxa de alfabetização das pessoas de 15 anos ou mais de idade,2022,2022,6794,Total,95251,Total,100362,Total
6,Município,2,%,82.99,2111805,Sítio Novo - MA,2513,Taxa de alfabetização das pessoas de 15 anos ou mais de idade,2022,2022,6794,Total,95251,Total,100362,Total
6,Município,2,%,80.06,2111904,Sucupira do Norte - MA,2513,Taxa de alfabetização das pessoas de 15 anos ou mais de idade,2022,2022,6794,Total,95251,Total,100362,Total
6,Município,2,%,76.19,2111953,Sucupira do Riachão - MA,2513,Taxa de alfabetização das pessoas de 15 anos ou mais de idade,2022,2022,6794,Total,95251,Total,100362,Total
6,Município,2,%,86.72,2112001,Tasso Fragoso - MA,2513,Taxa de alfabetização das pessoas de 15 anos ou mais de idade,2022,2022,6794,Total,95251,Total,100362,Total
6,Município,2,%,71.2,2112100,Timbiras - MA,2513,Taxa de alfabetização das pessoas de 15 anos ou mais de idade,2022,2022,6794,Total,95251,Total,100362,Total
6,Município,2,%,88.32,2112209,Timon - MA,2513,Taxa de alfabetização das pessoas de 15 anos ou mais de idade,2022,2022,6794,Total,95251,Total,100362,Total
6,Município,2,%,83.31,2112233,Trizidela do Vale - MA,2513,Taxa de alfabetização das pessoas de 15 anos ou mais de idade,2022,2022,6794,Total,95251,Total,100362,Total
6,Município,2,%,76.32,2112274,Tufilândia - MA,2513,Taxa de alfabetização das pessoas de 15 anos ou mais de idade,2022,2022,6794,Total,95251,Total,100362,Total
6,Município,2,%,78.11,2112308,Tuntum - MA,2513,Taxa de alfabetização das pessoas de 15 anos ou mais de idade,2022,2022,6794,Total,95251,Total,100362,Total
6,Município,2,%,84.28,2112407,Turiaçu - MA,2513,Taxa de alfabetização das pessoas de 15 anos ou mais de idade,2022,2022,6794,Total,95251,Total,100362,Total
6,Município,2,%,82.45,2112456,Turilândia - MA,2513,Taxa de alfabetização das pessoas de 15 anos ou mais de idade,2022,2022,6794,Total,95251,Total,100362,Total
6,Município,2,%,77.66,2112506,Tutóia - MA,2513,Taxa de alfabetização das pessoas de 15 anos ou mais de idade,2022,2022,6794,Total,95251,Total,100362,Total
6,Município,2,%,78.53,2112605,Urbano Santos - MA,2513,Taxa de alfabetização das pessoas de 15 anos ou mais de idade,2022,2022,6794,Total,95251,Total,100362,Total
6,Município,2,%,77.57,2112704,Vargem Grande - MA,2513,Taxa de alfabetização das pessoas de 15 anos ou mais de idade,2022,2022,6794,Total,95251,Total,100362,Total
6,Município,2,%,86.21,2112803,Viana - MA,2513,Taxa de alfabetização das pessoas de 15 anos ou mais de idade,2022,2022,6794,Total,95251,Total,100362,Total
6,Município,2,%,79.29,2112852,Vila Nova dos Martírios - MA,2513,Taxa de alfabetização das pessoas de 15 anos ou mais de idade,2022,2022,6794,Total,95251,Total,100362,Total
6,Município,2,%,81.39,2112902,Vitória do Mearim - MA,2513,Taxa de alfabetização das pessoas de 15 anos ou mais de idade,2022,2022,6794,Total,95251,Total,100362,Total
6,Município,2,%,76.6,2113009,Vitorino Freire - MA,2513,Taxa de alfabetização das pessoas de 15 anos ou mais de idade,2022,2022,6794,Total,95251,Total,100362,Total
6,Município,2,%,80.77,2114007,Zé Doca - MA,2513,Taxa de alfabetização das pessoas de 15 anos ou mais de idade,2022,2022,6794,Total,95251,Total,100362,Total
6,Município,2,%,83.11,2200053,Acauã - PI,2513,Taxa de alfabetização das pessoas de 15 anos ou mais de idade,2022,2022,6794,Total,95251,Total,100362,Total
6,Município,2,%,78.97,2200103,Agricolândia - PI,2513,Taxa de alfabetização das pessoas de 15 anos ou mais de idade,2022,2022,6794,Total,95251,Total,100362,Total
6,Município,2,%,84.94,2200202,Água Branca - PI,2513,Taxa de alfabetização das pessoas de 15 anos ou mais de idade,2022,2022,6794,Total,95251,Total,100362,Total
6,Município,2,%,66.39,2200251,Alagoinha do Piauí - PI,2513,Taxa de alfabetização das pessoas de 15 anos ou mais de idade,2022,2022,6794,Total,95251,Total,100362,Total
6,Município,2,%,70.79,2200277,Alegrete do Piauí - PI,2513,Taxa de alfabetização das pessoas de 15 anos ou mais de idade,2022,2022,6794,Total,95251,Total,100362,Total
6,Município,2,%,71.75,2200301,Alto Longá - PI,2513,Taxa de alfabetização das pessoas de 15 anos ou mais de idade,2022,2022,6794,Total,95251,Total,100362,Total
6,Município,2,%,83.02,2200400,Altos - PI,2513,Taxa de alfabetização das pessoas de 15 anos ou mais de idade,2022,2022,6794,Total,95251,Total,100362,Total
6,Município,2,%,82.52,2200459,Alvorada do Gurguéia - PI,2513,Taxa de alfabetização das pessoas de 15 anos ou mais de idade,2022,2022,6794,Total,95251,Total,100362,Total
6,Município,2,%,77.91,2200509,Amarante - PI,2513,Taxa de alfabetização das pessoas de 15 anos ou mais de idade,2022,2022,6794,Total,95251,Total,100362,Total
6,Município,2,%,81.85,2200608,Angical do Piauí - PI,2513,Taxa de alfabetização das pessoas de 15 anos ou mais de idade,2022,2022,6794,Total,95251,Total,100362,Total
6,Município,2,%,77.16,2200707,Anísio de Abreu - PI,2513,Taxa de alfabetização das pessoas de 15 anos ou mais de idade,2022,2022,6794,Total,95251,Total,100362,Total
6,Município,2,%,83.05,2200806,Antônio Almeida - PI,2513,Taxa de alfabetização das pessoas de 15 anos ou mais de idade,2022,2022,6794,Total,95251,Total,100362,Total
6,Município,2,%,75.91,2200905,Aroazes - PI,2513,Taxa de alfabetização das pessoas de 15 anos ou mais de idade,2022,2022,6794,Total,95251,Total,100362,Total
6,Município,2,%,65.37,2200954,Aroeiras do Itaim - PI,2513,Taxa de alfabetização das pessoas de 15 anos ou mais de idade,2022,2022,6794,Total,95251,Total,100362,Total
6,Município,2,%,76.25,2201002,Arraial - PI,2513,Taxa de alfabetização das pessoas de 15 anos ou mais de idade,2022,2022,6794,Total,95251,Total,100362,Total
6,Município,2,%,68.7,2201051,Assunção do Piauí - PI,2513,Taxa de alfabetização das pessoas de 15 anos ou mais de idade,2022,2022,6794,Total,95251,Total,100362,Total
6,Município,2,%,81.1,2201101,Avelino Lopes - PI,2513,Taxa de alfabetização das pessoas de 15 anos ou mais de idade,2022,2022,6794,Total,95251,Total,100362,Total
6,Município,2,%,85.09,2201150,Baixa Grande do Ribeiro - PI,2513,Taxa de alfabetização das pessoas de 15 anos ou mais de idade,2022,2022,6794,Total,95251,Total,100362,Total
6,Município,2,%,78.09,2201176,Barra D'Alcântara - PI,2513,Taxa de alfabetização das pessoas de 15 anos ou mais de idade,2022,2022,6794,Total,95251,Total,100362,Total
6,Município,2,%,75.04,2201200,Barras - PI,2513,Taxa de alfabetização das pessoas de 15 anos ou mais de idade,2022,2022,6794,Total,95251,Total,100362,Total
6,Município,2,%,83.83,2201309,Barreiras do Piauí - PI,2513,Taxa de alfabetização das pessoas de 15 anos ou mais de idade,2022,2022,6794,Total,95251,Total,100362,Total
6,Município,2,%,76.64,2201408,Barro Duro - PI,2513,Taxa de alfabetização das pessoas de 15 anos ou mais de idade,2022,2022,6794,Total,95251,Total,100362,Total
6,Município,2,%,74.75,2201507,Batalha - PI,2513,Taxa de alfabetização das pessoas de 15 anos ou mais de idade,2022,2022,6794,Total,95251,Total,100362,Total
6,Município,2,%,84.28,2201556,Bela Vista do Piauí - PI,2513,Taxa de alfabetização das pessoas de 15 anos ou mais de idade,2022,2022,6794,Total,95251,Total,100362,Total
6,Município,2,%,70.68,2201572,Belém do Piauí - PI,2513,Taxa de alfabetização das pessoas de 15 anos ou mais de idade,2022,2022,6794,Total,95251,Total,100362,Total
6,Município,2,%,73.81,2201606,Beneditinos - PI,2513,Taxa de alfabetização das pessoas de 15 anos ou mais de idade,2022,2022,6794,Total,95251,Total,100362,Total
6,Município,2,%,83.36,2201705,Bertolínia - PI,2513,Taxa de alfabetização das pessoas de 15 anos ou mais de idade,2022,2022,6794,Total,95251,Total,100362,Total
6,Município,2,%,71.36,2201739,Betânia do Piauí - PI,2513,Taxa de alfabetização das pessoas de 15 anos ou mais de idade,2022,2022,6794,Total,95251,Total,100362,Total
6,Município,2,%,71.66,2201770,Boa Hora - PI,2513,Taxa de alfabetização das pessoas de 15 anos ou mais de idade,2022,2022,6794,Total,95251,Total,100362,Total
6,Município,2,%,82.47,2201804,Bocaina - PI,2513,Taxa de alfabetização das pessoas de 15 anos ou mais de idade,2022,2022,6794,Total,95251,Total,100362,Total
6,Município,2,%,88.1,2201903,Bom Jesus - PI,2513,Taxa de alfabetização das pessoas de 15 anos ou mais de idade,2022,2022,6794,Total,95251,Total,100362,Total
6,Município,2,%,77.32,2201919,Bom Princípio do Piauí - PI,2513,Taxa de alfabetização das pessoas de 15 anos ou mais de idade,2022,2022,6794,Total,95251,Total,100362,Total
6,Município,2,%,70.53,2201929,Bonfim do Piauí - PI,2513,Taxa de alfabetização das pessoas de 15 anos ou mais de idade,2022,2022,6794,Total,95251,Total,100362,Total
6,Município,2,%,78.43,2201945,Boqueirão do Piauí - PI,2513,Taxa de alfabetização das pessoas de 15 anos ou mais de idade,2022,2022,6794,Total,95251,Total,100362,Total
6,Município,2,%,75.24,2201960,Brasileira - PI,2513,Taxa de alfabetização das pessoas de 15 anos ou mais de idade,2022,2022,6794,Total,95251,Total,100362,Total
6,Município,2,%,74.17,2201988,Brejo do Piauí - PI,2513,Taxa de alfabetização das pessoas de 15 anos ou mais de idade,2022,2022,6794,Total,95251,Total,100362,Total
6,Município,2,%,76.54,2202000,Buriti dos Lopes - PI,2513,Taxa de alfabetização das pessoas de 15 anos ou mais de idade,2022,2022,6794,Total,95251,Total,100362,Total
6,Município,2,%,76.57,2202026,Buriti dos Montes - PI,2513,Taxa de alfabetização das pessoas de 15 anos ou mais de idade,2022,2022,6794,Total,95251,Total,100362,Total
6,Município,2,%,73.21,2202059,Cabeceiras do Piauí - PI,2513,Taxa de alfabetização das pessoas de 15 anos ou mais de idade,2022,2022,6794,Total,95251,Total,100362,Total
6,Município,2,%,80.96,2202075,Cajazeiras do Piauí - PI,2513,Taxa de alfabetização das pessoas de 15 anos ou mais de idade,2022,2022,6794,Total,95251,Total,100362,Total
6,Município,2,%,80.86,2202083,Cajueiro da Praia - PI,2513,Taxa de alfabetização das pessoas de 15 anos ou mais de idade,2022,2022,6794,Total,95251,Total,100362,Total
6,Município,2,%,74.03,2202091,Caldeirão Grande do Piauí - PI,2513,Taxa de alfabetização das pessoas de 15 anos ou mais de idade,2022,2022,6794,Total,95251,Total,100362,Total
6,Município,2,%,77.4,2202109,Campinas do Piauí - PI,2513,Taxa de alfabetização das pessoas de 15 anos ou mais de idade,2022,2022,6794,Total,95251,Total,100362,Total
6,Município,2,%,69.65,2202117,Campo Alegre do Fidalgo - PI,2513,Taxa de alfabetização das pessoas de 15 anos ou mais de idade,2022,2022,6794,Total,95251,Total,100362,Total
6,Município,2,%,74.45,2202133,Campo Grande do Piauí - PI,2513,Taxa de alfabetização das pessoas de 15 anos ou mais de idade,2022,2022,6794,Total,95251,Total,100362,Total
6,Município,2,%,71.8,2202174,Campo Largo do Piauí - PI,2513,Taxa de alfabetização das pessoas de 15 anos ou mais de idade,2022,2022,6794,Total,95251,Total,100362,Total
6,Município,2,%,84.11,2202208,Campo Maior - PI,2513,Taxa de alfabetização das pessoas de 15 anos ou mais de idade,2022,2022,6794,Total,95251,Total,100362,Total
6,Município,2,%,79.53,2202251,Canavieira - PI,2513,Taxa de alfabetização das pessoas de 15 anos ou mais de idade,2022,2022,6794,Total,95251,Total,100362,Total
6,Município,2,%,78.63,2202307,Canto do Buriti - PI,2513,Taxa de alfabetização das pessoas de 15 anos ou mais de idade,2022,2022,6794,Total,95251,Total,100362,Total
6,Município,2,%,77.06,2202406,Capitão de Campos - PI,2513,Taxa de alfabetização das pessoas de 15 anos ou mais de idade,2022,2022,6794,Total,95251,Total,100362,Total
6,Município,2,%,76.49,2202455,Capitão Gervásio Oliveira - PI,2513,Taxa de alfabetização das pessoas de 15 anos ou mais de idade,2022,2022,6794,Total,95251,Total,100362,Total
6,Município,2,%,70.49,2202505,Caracol - PI,2513,Taxa de alfabetização das pessoas de 15 anos ou mais de idade,2022,2022,6794,Total,95251,Total,100362,Total
6,Município,2,%,68.74,2202539,Caraúbas do Piauí - PI,2513,Taxa de alfabetização das pessoas de 15 anos ou mais de idade,2022,2022,6794,Total,95251,Total,100362,Total
6,Município,2,%,75.15,2202554,Caridade do Piauí - PI,2513,Taxa de alfabetização das pessoas de 15 anos ou mais de idade,2022,2022,6794,Total,95251,Total,100362,Total
6,Município,2,%,76.96,2202604,Castelo do Piauí - PI,2513,Taxa de alfabetização das pessoas de 15 anos ou mais de idade,2022,2022,6794,Total,95251,Total,100362,Total
6,Município,2,%,70.4,2202653,Caxingó - PI,2513,Taxa de alfabetização das pessoas de 15 anos ou mais de idade,2022,2022,6794,Total,95251,Total,100362,Total
6,Município,2,%,73.29,2202703,Cocal - PI,2513,Taxa de alfabetização das pessoas de 15 anos ou mais de idade,2022,2022,6794,Total,95251,Total,100362,Total
6,Município,2,%,75.37,2202711,Cocal de Telha - PI,2513,Taxa de alfabetização das pessoas de 15 anos ou mais de idade,2022,2022,6794,Total,95251,Total,100362,Total
6,Município,2,%,69.24,2202729,Cocal dos Alves - PI,2513,Taxa de alfabetização das pessoas de 15 anos ou mais de idade,2022,2022,6794,Total,95251,Total,100362,Total
6,Município,2,%,77.95,2202737,Coivaras - PI,2513,Taxa de alfabetização das pessoas de 15 anos ou mais de idade,2022,2022,6794,Total,95251,Total,100362,Total
6,Município,2,%,83.69,2202752,Colônia do Gurguéia - PI,2513,Taxa de alfabetização das pessoas de 15 anos ou mais de idade,2022,2022,6794,Total,95251,Total,100362,Total
6,Município,2,%,74.89,2202778,Colônia do Piauí - PI,2513,Taxa de alfabetização das pessoas de 15 anos ou mais de idade,2022,2022,6794,Total,95251,Total,100362,Total
6,Município,2,%,77.35,2202802,Conceição do Canindé - PI,2513,Taxa de alfabetização das pessoas de 15 anos ou mais de idade,2022,2022,6794,Total,95251,Total,100362,Total
6,Município,2,%,75.22,2202851,Coronel José Dias - PI,2513,Taxa de alfabetização das pessoas de 15 anos ou mais de idade,2022,2022,6794,Total,95251,Total,100362,Total
6,Município,2,%,86.72,2202901,Corrente - PI,2513,Taxa de alfabetização das pessoas de 15 anos ou mais de idade,2022,2022,6794,Total,95251,Total,100362,Total
6,Município,2,%,79.27,2203008,Cristalândia do Piauí - PI,2513,Taxa de alfabetização das pessoas de 15 anos ou mais de idade,2022,2022,6794,Total,95251,Total,100362,Total
6,Município,2,%,82.02,2203107,Cristino Castro - PI,2513,Taxa de alfabetização das pessoas de 15 anos ou mais de idade,2022,2022,6794,Total,95251,Total,100362,Total
6,Município,2,%,87.41,2203206,Curimatá - PI,2513,Taxa de alfabetização das pessoas de 15 anos ou mais de idade,2022,2022,6794,Total,95251,Total,100362,Total
6,Município,2,%,79.39,2203230,Currais - PI,2513,Taxa de alfabetização das pessoas de 15 anos ou mais de idade,2022,2022,6794,Total,95251,Total,100362,Total
6,Município,2,%,78.62,2203255,Curralinhos - PI,2513,Taxa de alfabetização das pessoas de 15 anos ou mais de idade,2022,2022,6794,Total,95251,Total,100362,Total
6,Município,2,%,73.78,2203271,Curral Novo do Piauí - PI,2513,Taxa de alfabetização das pessoas de 15 anos ou mais de idade,2022,2022,6794,Total,95251,Total,100362,Total
6,Município,2,%,85.44,2203305,Demerval Lobão - PI,2513,Taxa de alfabetização das pessoas de 15 anos ou mais de idade,2022,2022,6794,Total,95251,Total,100362,Total
6,Município,2,%,76.19,2203354,Dirceu Arcoverde - PI,2513,Taxa de alfabetização das pessoas de 15 anos ou mais de idade,2022,2022,6794,Total,95251,Total,100362,Total
6,Município,2,%,81.03,2203404,Dom Expedito Lopes - PI,2513,Taxa de alfabetização das pessoas de 15 anos ou mais de idade,2022,2022,6794,Total,95251,Total,100362,Total
6,Município,2,%,76.45,2203420,Domingos Mourão - PI,2513,Taxa de alfabetização das pessoas de 15 anos ou mais de idade,2022,2022,6794,Total,95251,Total,100362,Total
6,Município,2,%,80.71,2203453,Dom Inocêncio - PI,2513,Taxa de alfabetização das pessoas de 15 anos ou mais de idade,2022,2022,6794,Total,95251,Total,100362,Total
6,Município,2,%,75.14,2203503,Elesbão Veloso - PI,2513,Taxa de alfabetização das pessoas de 15 anos ou mais de idade,2022,2022,6794,Total,95251,Total,100362,Total
6,Município,2,%,80.56,2203602,Eliseu Martins - PI,2513,Taxa de alfabetização das pessoas de 15 anos ou mais de idade,2022,2022,6794,Total,95251,Total,100362,Total
6,Município,2,%,78.04,2203701,Esperantina - PI,2513,Taxa de alfabetização das pessoas de 15 anos ou mais de idade,2022,2022,6794,Total,95251,Total,100362,Total
6,Município,2,%,74.23,2203750,Fartura do Piauí - PI,2513,Taxa de alfabetização das pessoas de 15 anos ou mais de idade,2022,2022,6794,Total,95251,Total,100362,Total
6,Município,2,%,74.15,2203800,Flores do Piauí - PI,2513,Taxa de alfabetização das pessoas de 15 anos ou mais de idade,2022,2022,6794,Total,95251,Total,100362,Total
6,Município,2,%,65.32,2203859,Floresta do Piauí - PI,2513,Taxa de alfabetização das pessoas de 15 anos ou mais de idade,2022,2022,6794,Total,95251,Total,100362,Total
6,Município,2,%,89.8,2203909,Floriano - PI,2513,Taxa de alfabetização das pessoas de 15 anos ou mais de idade,2022,2022,6794,Total,95251,Total,100362,Total
6,Município,2,%,70.96,2204006,Francinópolis - PI,2513,Taxa de alfabetização das pessoas de 15 anos ou mais de idade,2022,2022,6794,Total,95251,Total,100362,Total
6,Município,2,%,73.82,2204105,Francisco Ayres - PI,2513,Taxa de alfabetização das pessoas de 15 anos ou mais de idade,2022,2022,6794,Total,95251,Total,100362,Total
6,Município,2,%,72.66,2204154,Francisco Macedo - PI,2513,Taxa de alfabetização das pessoas de 15 anos ou mais de idade,2022,2022,6794,Total,95251,Total,100362,Total
6,Município,2,%,77.49,2204204,Francisco Santos - PI,2513,Taxa de alfabetização das pessoas de 15 anos ou mais de idade,2022,2022,6794,Total,95251,Total,100362,Total
6,Município,2,%,76.33,2204303,Fronteiras - PI,2513,Taxa de alfabetização das pessoas de 15 anos ou mais de idade,2022,2022,6794,Total,95251,Total,100362,Total
6,Município,2,%,73.37,2204352,Geminiano - PI,2513,Taxa de alfabetização das pessoas de 15 anos ou mais de idade,2022,2022,6794,Total,95251,Total,100362,Total
6,Município,2,%,82.65,2204402,Gilbués - PI,2513,Taxa de alfabetização das pessoas de 15 anos ou mais de idade,2022,2022,6794,Total,95251,Total,100362,Total
6,Município,2,%,86.56,2204501,Guadalupe - PI,2513,Taxa de alfabetização das pessoas de 15 anos ou mais de idade,2022,2022,6794,Total,95251,Total,100362,Total
6,Município,2,%,73.39,2204550,Guaribas - PI,2513,Taxa de alfabetização das pessoas de 15 anos ou mais de idade,2022,2022,6794,Total,95251,Total,100362,Total
6,Município,2,%,74.28,2204600,Hugo Napoleão - PI,2513,Taxa de alfabetização das pessoas de 15 anos ou mais de idade,2022,2022,6794,Total,95251,Total,100362,Total
6,Município,2,%,80.17,2204659,Ilha Grande - PI,2513,Taxa de alfabetização das pessoas de 15 anos ou mais de idade,2022,2022,6794,Total,95251,Total,100362,Total
6,Município,2,%,76.73,2204709,Inhuma - PI,2513,Taxa de alfabetização das pessoas de 15 anos ou mais de idade,2022,2022,6794,Total,95251,Total,100362,Total
6,Município,2,%,81.87,2204808,Ipiranga do Piauí - PI,2513,Taxa de alfabetização das pessoas de 15 anos ou mais de idade,2022,2022,6794,Total,95251,Total,100362,Total
6,Município,2,%,72.33,2204907,Isaías Coelho - PI,2513,Taxa de alfabetização das pessoas de 15 anos ou mais de idade,2022,2022,6794,Total,95251,Total,100362,Total
6,Município,2,%,71.56,2205003,Itainópolis - PI,2513,Taxa de alfabetização das pessoas de 15 anos ou mais de idade,2022,2022,6794,Total,95251,Total,100362,Total
6,Município,2,%,78.78,2205102,Itaueira - PI,2513,Taxa de alfabetização das pessoas de 15 anos ou mais de idade,2022,2022,6794,Total,95251,Total,100362,Total
6,Município,2,%,71.82,2205151,Jacobina do Piauí - PI,2513,Taxa de alfabetização das pessoas de 15 anos ou mais de idade,2022,2022,6794,Total,95251,Total,100362,Total
6,Município,2,%,68.92,2205201,Jaicós - PI,2513,Taxa de alfabetização das pessoas de 15 anos ou mais de idade,2022,2022,6794,Total,95251,Total,100362,Total
6,Município,2,%,72.7,2205250,Jardim do Mulato - PI,2513,Taxa de alfabetização das pessoas de 15 anos ou mais de idade,2022,2022,6794,Total,95251,Total,100362,Total
6,Município,2,%,76.04,2205276,Jatobá do Piauí - PI,2513,Taxa de alfabetização das pessoas de 15 anos ou mais de idade,2022,2022,6794,Total,95251,Total,100362,Total
6,Município,2,%,80.84,2205300,Jerumenha - PI,2513,Taxa de alfabetização das pessoas de 15 anos ou mais de idade,2022,2022,6794,Total,95251,Total,100362,Total
6,Município,2,%,77.11,2205359,João Costa - PI,2513,Taxa de alfabetização das pessoas de 15 anos ou mais de idade,2022,2022,6794,Total,95251,Total,100362,Total
6,Município,2,%,73.31,2205409,Joaquim Pires - PI,2513,Taxa de alfabetização das pessoas de 15 anos ou mais de idade,2022,2022,6794,Total,95251,Total,100362,Total
6,Município,2,%,69.18,2205458,Joca Marques - PI,2513,Taxa de alfabetização das pessoas de 15 anos ou mais de idade,2022,2022,6794,Total,95251,Total,100362,Total
6,Município,2,%,81.1,2205508,José de Freitas - PI,2513,Taxa de alfabetização das pessoas de 15 anos ou mais de idade,2022,2022,6794,Total,95251,Total,100362,Total
6,Município,2,%,77.51,2205516,Juazeiro do Piauí - PI,2513,Taxa de alfabetização das pessoas de 15 anos ou mais de idade,2022,2022,6794,Total,95251,Total,100362,Total
6,Município,2,%,86.6,2205524,Júlio Borges - PI,2513,Taxa de alfabetização das pessoas de 15 anos ou mais de idade,2022,2022,6794,Total,95251,Total,100362,Total
6,Município,2,%,71.9,2205532,Jurema - PI,2513,Taxa de alfabetização das pessoas de 15 anos ou mais de idade,2022,2022,6794,Total,95251,Total,100362,Total
6,Município,2,%,79.92,2205540,Lagoinha do Piauí - PI,2513,Taxa de alfabetização das pessoas de 15 anos ou mais de idade,2022,2022,6794,Total,95251,Total,100362,Total
6,Município,2,%,77.46,2205557,Lagoa Alegre - PI,2513,Taxa de alfabetização das pessoas de 15 anos ou mais de idade,2022,2022,6794,Total,95251,Total,100362,Total
6,Município,2,%,78.92,2205565,Lagoa do Barro do Piauí - PI,2513,Taxa de alfabetização das pessoas de 15 anos ou mais de idade,2022,2022,6794,Total,95251,Total,100362,Total
6,Município,2,%,75.88,2205573,Lagoa de São Francisco - PI,2513,Taxa de alfabetização das pessoas de 15 anos ou mais de idade,2022,2022,6794,Total,95251,Total,100362,Total
6,Município,2,%,82.26,2205581,Lagoa do Piauí - PI,2513,Taxa de alfabetização das pessoas de 15 anos ou mais de idade,2022,2022,6794,Total,95251,Total,100362,Total
6,Município,2,%,69.09,2205599,Lagoa do Sítio - PI,2513,Taxa de alfabetização das pessoas de 15 anos ou mais de idade,2022,2022,6794,Total,95251,Total,100362,Total
6,Município,2,%,83.09,2205607,Landri Sales - PI,2513,Taxa de alfabetização das pessoas de 15 anos ou mais de idade,2022,2022,6794,Total,95251,Total,100362,Total
6,Município,2,%,77.58,2205706,Luís Correia - PI,2513,Taxa de alfabetização das pessoas de 15 anos ou mais de idade,2022,2022,6794,Total,95251,Total,100362,Total
6,Município,2,%,74.29,2205805,Luzilândia - PI,2513,Taxa de alfabetização das pessoas de 15 anos ou mais de idade,2022,2022,6794,Total,95251,Total,100362,Total
6,Município,2,%,74.32,2205854,Madeiro - PI,2513,Taxa de alfabetização das pessoas de 15 anos ou mais de idade,2022,2022,6794,Total,95251,Total,100362,Total
6,Município,2,%,80.57,2205904,Manoel Emídio - PI,2513,Taxa de alfabetização das pessoas de 15 anos ou mais de idade,2022,2022,6794,Total,95251,Total,100362,Total
6,Município,2,%,77.05,2205953,Marcolândia - PI,2513,Taxa de alfabetização das pessoas de 15 anos ou mais de idade,2022,2022,6794,Total,95251,Total,100362,Total
6,Município,2,%,82.69,2206001,Marcos Parente - PI,2513,Taxa de alfabetização das pessoas de 15 anos ou mais de idade,2022,2022,6794,Total,95251,Total,100362,Total
6,Município,2,%,65.7,2206050,Massapê do Piauí - PI,2513,Taxa de alfabetização das pessoas de 15 anos ou mais de idade,2022,2022,6794,Total,95251,Total,100362,Total
6,Município,2,%,74.13,2206100,Matias Olímpio - PI,2513,Taxa de alfabetização das pessoas de 15 anos ou mais de idade,2022,2022,6794,Total,95251,Total,100362,Total
6,Município,2,%,70.57,2206209,Miguel Alves - PI,2513,Taxa de alfabetização das pessoas de 15 anos ou mais de idade,2022,2022,6794,Total,95251,Total,100362,Total
6,Município,2,%,79.21,2206308,Miguel Leão - PI,2513,Taxa de alfabetização das pessoas de 15 anos ou mais de idade,2022,2022,6794,Total,95251,Total,100362,Total
6,Município,2,%,69.89,2206357,Milton Brandão - PI,2513,Taxa de alfabetização das pessoas de 15 anos ou mais de idade,2022,2022,6794,Total,95251,Total,100362,Total
6,Município,2,%,81.93,2206407,Monsenhor Gil - PI,2513,Taxa de alfabetização das pessoas de 15 anos ou mais de idade,2022,2022,6794,Total,95251,Total,100362,Total
6,Município,2,%,73.13,2206506,Monsenhor Hipólito - PI,2513,Taxa de alfabetização das pessoas de 15 anos ou mais de idade,2022,2022,6794,Total,95251,Total,100362,Total
6,Município,2,%,80.93,2206605,Monte Alegre do Piauí - PI,2513,Taxa de alfabetização das pessoas de 15 anos ou mais de idade,2022,2022,6794,Total,95251,Total,100362,Total
6,Município,2,%,80.78,2206654,Morro Cabeça no Tempo - PI,2513,Taxa de alfabetização das pessoas de 15 anos ou mais de idade,2022,2022,6794,Total,95251,Total,100362,Total
6,Município,2,%,72.26,2206670,Morro do Chapéu do Piauí - PI,2513,Taxa de alfabetização das pessoas de 15 anos ou mais de idade,2022,2022,6794,Total,95251,Total,100362,Total
6,Município,2,%,69.75,2206696,Murici dos Portelas - PI,2513,Taxa de alfabetização das pessoas de 15 anos ou mais de idade,2022,2022,6794,Total,95251,Total,100362,Total
6,Município,2,%,76.21,2206704,Nazaré do Piauí - PI,2513,Taxa de alfabetização das pessoas de 15 anos ou mais de idade,2022,2022,6794,Total,95251,Total,100362,Total
6,Município,2,%,76.42,2206720,Nazária - PI,2513,Taxa de alfabetização das pessoas de 15 anos ou mais de idade,2022,2022,6794,Total,95251,Total,100362,Total
6,Município,2,%,77.85,2206753,Nossa Senhora de Nazaré - PI,2513,Taxa de alfabetização das pessoas de 15 anos ou mais de idade,2022,2022,6794,Total,95251,Total,100362,Total
6,Município,2,%,73.19,2206803,Nossa Senhora dos Remédios - PI,2513,Taxa de alfabetização das pessoas de 15 anos ou mais de idade,2022,2022,6794,Total,95251,Total,100362,Total
6,Município,2,%,74.93,2206902,Novo Oriente do Piauí - PI,2513,Taxa de alfabetização das pessoas de 15 anos ou mais de idade,2022,2022,6794,Total,95251,Total,100362,Total
6,Município,2,%,70.86,2206951,Novo Santo Antônio - PI,2513,Taxa de alfabetização das pessoas de 15 anos ou mais de idade,2022,2022,6794,Total,95251,Total,100362,Total
6,Município,2,%,82.67,2207009,Oeiras - PI,2513,Taxa de alfabetização das pessoas de 15 anos ou mais de idade,2022,2022,6794,Total,95251,Total,100362,Total
6,Município,2,%,77.92,2207108,Olho D'Água do Piauí - PI,2513,Taxa de alfabetização das pessoas de 15 anos ou mais de idade,2022,2022,6794,Total,95251,Total,100362,Total
6,Município,2,%,65.99,2207207,Padre Marcos - PI,2513,Taxa de alfabetização das pessoas de 15 anos ou mais de idade,2022,2022,6794,Total,95251,Total,100362,Total
6,Município,2,%,80.42,2207306,Paes Landim - PI,2513,Taxa de alfabetização das pessoas de 15 anos ou mais de idade,2022,2022,6794,Total,95251,Total,100362,Total
6,Município,2,%,76.64,2207355,Pajeú do Piauí - PI,2513,Taxa de alfabetização das pessoas de 15 anos ou mais de idade,2022,2022,6794,Total,95251,Total,100362,Total
6,Município,2,%,80.74,2207405,Palmeira do Piauí - PI,2513,Taxa de alfabetização das pessoas de 15 anos ou mais de idade,2022,2022,6794,Total,95251,Total,100362,Total
6,Município,2,%,75.8,2207504,Palmeirais - PI,2513,Taxa de alfabetização das pessoas de 15 anos ou mais de idade,2022,2022,6794,Total,95251,Total,100362,Total
6,Município,2,%,65.72,2207553,Paquetá - PI,2513,Taxa de alfabetização das pessoas de 15 anos ou mais de idade,2022,2022,6794,Total,95251,Total,100362,Total
6,Município,2,%,82.97,2207603,Parnaguá - PI,2513,Taxa de alfabetização das pessoas de 15 anos ou mais de idade,2022,2022,6794,Total,95251,Total,100362,Total
6,Município,2,%,88.26,2207702,Parnaíba - PI,2513,Taxa de alfabetização das pessoas de 15 anos ou mais de idade,2022,2022,6794,Total,95251,Total,100362,Total
6,Município,2,%,74.49,2207751,Passagem Franca do Piauí - PI,2513,Taxa de alfabetização das pessoas de 15 anos ou mais de idade,2022,2022,6794,Total,95251,Total,100362,Total
6,Município,2,%,69.53,2207777,Patos do Piauí - PI,2513,Taxa de alfabetização das pessoas de 15 anos ou mais de idade,2022,2022,6794,Total,95251,Total,100362,Total
6,Município,2,%,74.21,2207793,Pau D'Arco do Piauí - PI,2513,Taxa de alfabetização das pessoas de 15 anos ou mais de idade,2022,2022,6794,Total,95251,Total,100362,Total
6,Município,2,%,77.19,2207801,Paulistana - PI,2513,Taxa de alfabetização das pessoas de 15 anos ou mais de idade,2022,2022,6794,Total,95251,Total,100362,Total
6,Município,2,%,71.07,2207850,Pavussu - PI,2513,Taxa de alfabetização das pessoas de 15 anos ou mais de idade,2022,2022,6794,Total,95251,Total,100362,Total
6,Município,2,%,75.19,2207900,Pedro II - PI,2513,Taxa de alfabetização das pessoas de 15 anos ou mais de idade,2022,2022,6794,Total,95251,Total,100362,Total
6,Município,2,%,80.25,2207934,Pedro Laurentino - PI,2513,Taxa de alfabetização das pessoas de 15 anos ou mais de idade,2022,2022,6794,Total,95251,Total,100362,Total
6,Município,2,%,77.28,2207959,Nova Santa Rita - PI,2513,Taxa de alfabetização das pessoas de 15 anos ou mais de idade,2022,2022,6794,Total,95251,Total,100362,Total
6,Município,2,%,86.29,2208007,Picos - PI,2513,Taxa de alfabetização das pessoas de 15 anos ou mais de idade,2022,2022,6794,Total,95251,Total,100362,Total
6,Município,2,%,72.13,2208106,Pimenteiras - PI,2513,Taxa de alfabetização das pessoas de 15 anos ou mais de idade,2022,2022,6794,Total,95251,Total,100362,Total
6,Município,2,%,75.22,2208205,Pio IX - PI,2513,Taxa de alfabetização das pessoas de 15 anos ou mais de idade,2022,2022,6794,Total,95251,Total,100362,Total
6,Município,2,%,76.74,2208304,Piracuruca - PI,2513,Taxa de alfabetização das pessoas de 15 anos ou mais de idade,2022,2022,6794,Total,95251,Total,100362,Total
6,Município,2,%,80.82,2208403,Piripiri - PI,2513,Taxa de alfabetização das pessoas de 15 anos ou mais de idade,2022,2022,6794,Total,95251,Total,100362,Total
6,Município,2,%,74.64,2208502,Porto - PI,2513,Taxa de alfabetização das pessoas de 15 anos ou mais de idade,2022,2022,6794,Total,95251,Total,100362,Total
6,Município,2,%,79.51,2208551,Porto Alegre do Piauí - PI,2513,Taxa de alfabetização das pessoas de 15 anos ou mais de idade,2022,2022,6794,Total,95251,Total,100362,Total
6,Município,2,%,73.84,2208601,Prata do Piauí - PI,2513,Taxa de alfabetização das pessoas de 15 anos ou mais de idade,2022,2022,6794,Total,95251,Total,100362,Total
6,Município,2,%,79.28,2208650,Queimada Nova - PI,2513,Taxa de alfabetização das pessoas de 15 anos ou mais de idade,2022,2022,6794,Total,95251,Total,100362,Total
6,Município,2,%,82.07,2208700,Redenção do Gurguéia - PI,2513,Taxa de alfabetização das pessoas de 15 anos ou mais de idade,2022,2022,6794,Total,95251,Total,100362,Total
6,Município,2,%,74.82,2208809,Regeneração - PI,2513,Taxa de alfabetização das pessoas de 15 anos ou mais de idade,2022,2022,6794,Total,95251,Total,100362,Total
6,Município,2,%,83.49,2208858,Riacho Frio - PI,2513,Taxa de alfabetização das pessoas de 15 anos ou mais de idade,2022,2022,6794,Total,95251,Total,100362,Total
6,Município,2,%,72.86,2208874,Ribeira do Piauí - PI,2513,Taxa de alfabetização das pessoas de 15 anos ou mais de idade,2022,2022,6794,Total,95251,Total,100362,Total
6,Município,2,%,83.29,2208908,Ribeiro Gonçalves - PI,2513,Taxa de alfabetização das pessoas de 15 anos ou mais de idade,2022,2022,6794,Total,95251,Total,100362,Total
6,Município,2,%,77.87,2209005,Rio Grande do Piauí - PI,2513,Taxa de alfabetização das pessoas de 15 anos ou mais de idade,2022,2022,6794,Total,95251,Total,100362,Total
6,Município,2,%,76.11,2209104,Santa Cruz do Piauí - PI,2513,Taxa de alfabetização das pessoas de 15 anos ou mais de idade,2022,2022,6794,Total,95251,Total,100362,Total
6,Município,2,%,76.77,2209153,Santa Cruz dos Milagres - PI,2513,Taxa de alfabetização das pessoas de 15 anos ou mais de idade,2022,2022,6794,Total,95251,Total,100362,Total
6,Município,2,%,82.18,2209203,Santa Filomena - PI,2513,Taxa de alfabetização das pessoas de 15 anos ou mais de idade,2022,2022,6794,Total,95251,Total,100362,Total
6,Município,2,%,81.73,2209302,Santa Luz - PI,2513,Taxa de alfabetização das pessoas de 15 anos ou mais de idade,2022,2022,6794,Total,95251,Total,100362,Total
6,Município,2,%,73.25,2209351,Santana do Piauí - PI,2513,Taxa de alfabetização das pessoas de 15 anos ou mais de idade,2022,2022,6794,Total,95251,Total,100362,Total
6,Município,2,%,76.17,2209377,Santa Rosa do Piauí - PI,2513,Taxa de alfabetização das pessoas de 15 anos ou mais de idade,2022,2022,6794,Total,95251,Total,100362,Total
6,Município,2,%,78.85,2209401,Santo Antônio de Lisboa - PI,2513,Taxa de alfabetização das pessoas de 15 anos ou mais de idade,2022,2022,6794,Total,95251,Total,100362,Total
6,Município,2,%,78.04,2209450,Santo Antônio dos Milagres - PI,2513,Taxa de alfabetização das pessoas de 15 anos ou mais de idade,2022,2022,6794,Total,95251,Total,100362,Total
6,Município,2,%,75.64,2209500,Santo Inácio do Piauí - PI,2513,Taxa de alfabetização das pessoas de 15 anos ou mais de idade,2022,2022,6794,Total,95251,Total,100362,Total
6,Município,2,%,77.18,2209559,São Braz do Piauí - PI,2513,Taxa de alfabetização das pessoas de 15 anos ou mais de idade,2022,2022,6794,Total,95251,Total,100362,Total
6,Município,2,%,77.91,2209609,São Félix do Piauí - PI,2513,Taxa de alfabetização das pessoas de 15 anos ou mais de idade,2022,2022,6794,Total,95251,Total,100362,Total
6,Município,2,%,74.37,2209658,São Francisco de Assis do Piauí - PI,2513,Taxa de alfabetização das pessoas de 15 anos ou mais de idade,2022,2022,6794,Total,95251,Total,100362,Total
6,Município,2,%,72.99,2209708,São Francisco do Piauí - PI,2513,Taxa de alfabetização das pessoas de 15 anos ou mais de idade,2022,2022,6794,Total,95251,Total,100362,Total
6,Município,2,%,82.11,2209757,São Gonçalo do Gurguéia - PI,2513,Taxa de alfabetização das pessoas de 15 anos ou mais de idade,2022,2022,6794,Total,95251,Total,100362,Total
6,Município,2,%,79.2,2209807,São Gonçalo do Piauí - PI,2513,Taxa de alfabetização das pessoas de 15 anos ou mais de idade,2022,2022,6794,Total,95251,Total,100362,Total
6,Município,2,%,75.21,2209856,São João da Canabrava - PI,2513,Taxa de alfabetização das pessoas de 15 anos ou mais de idade,2022,2022,6794,Total,95251,Total,100362,Total
6,Município,2,%,73.19,2209872,São João da Fronteira - PI,2513,Taxa de alfabetização das pessoas de 15 anos ou mais de idade,2022,2022,6794,Total,95251,Total,100362,Total
6,Município,2,%,71.77,2209906,São João da Serra - PI,2513,Taxa de alfabetização das pessoas de 15 anos ou mais de idade,2022,2022,6794,Total,95251,Total,100362,Total
6,Município,2,%,72.33,2209955,São João da Varjota - PI,2513,Taxa de alfabetização das pessoas de 15 anos ou mais de idade,2022,2022,6794,Total,95251,Total,100362,Total
6,Município,2,%,76.95,2209971,São João do Arraial - PI,2513,Taxa de alfabetização das pessoas de 15 anos ou mais de idade,2022,2022,6794,Total,95251,Total,100362,Total
6,Município,2,%,82.99,2210003,São João do Piauí - PI,2513,Taxa de alfabetização das pessoas de 15 anos ou mais de idade,2022,2022,6794,Total,95251,Total,100362,Total
6,Município,2,%,69.87,2210052,São José do Divino - PI,2513,Taxa de alfabetização das pessoas de 15 anos ou mais de idade,2022,2022,6794,Total,95251,Total,100362,Total
6,Município,2,%,79.69,2210102,São José do Peixe - PI,2513,Taxa de alfabetização das pessoas de 15 anos ou mais de idade,2022,2022,6794,Total,95251,Total,100362,Total
6,Município,2,%,72.57,2210201,São José do Piauí - PI,2513,Taxa de alfabetização das pessoas de 15 anos ou mais de idade,2022,2022,6794,Total,95251,Total,100362,Total
6,Município,2,%,72.34,2210300,São Julião - PI,2513,Taxa de alfabetização das pessoas de 15 anos ou mais de idade,2022,2022,6794,Total,95251,Total,100362,Total
6,Município,2,%,83.69,2210359,São Lourenço do Piauí - PI,2513,Taxa de alfabetização das pessoas de 15 anos ou mais de idade,2022,2022,6794,Total,95251,Total,100362,Total
6,Município,2,%,73.55,2210375,São Luis do Piauí - PI,2513,Taxa de alfabetização das pessoas de 15 anos ou mais de idade,2022,2022,6794,Total,95251,Total,100362,Total
6,Município,2,%,70.82,2210383,São Miguel da Baixa Grande - PI,2513,Taxa de alfabetização das pessoas de 15 anos ou mais de idade,2022,2022,6794,Total,95251,Total,100362,Total
6,Município,2,%,77.3,2210391,São Miguel do Fidalgo - PI,2513,Taxa de alfabetização das pessoas de 15 anos ou mais de idade,2022,2022,6794,Total,95251,Total,100362,Total
6,Município,2,%,71.42,2210409,São Miguel do Tapuio - PI,2513,Taxa de alfabetização das pessoas de 15 anos ou mais de idade,2022,2022,6794,Total,95251,Total,100362,Total
6,Município,2,%,76.66,2210508,São Pedro do Piauí - PI,2513,Taxa de alfabetização das pessoas de 15 anos ou mais de idade,2022,2022,6794,Total,95251,Total,100362,Total
6,Município,2,%,85.82,2210607,São Raimundo Nonato - PI,2513,Taxa de alfabetização das pessoas de 15 anos ou mais de idade,2022,2022,6794,Total,95251,Total,100362,Total
6,Município,2,%,81.08,2210623,Sebastião Barros - PI,2513,Taxa de alfabetização das pessoas de 15 anos ou mais de idade,2022,2022,6794,Total,95251,Total,100362,Total
6,Município,2,%,79.18,2210631,Sebastião Leal - PI,2513,Taxa de alfabetização das pessoas de 15 anos ou mais de idade,2022,2022,6794,Total,95251,Total,100362,Total
6,Município,2,%,72.81,2210656,Sigefredo Pacheco - PI,2513,Taxa de alfabetização das pessoas de 15 anos ou mais de idade,2022,2022,6794,Total,95251,Total,100362,Total
6,Município,2,%,76.78,2210706,Simões - PI,2513,Taxa de alfabetização das pessoas de 15 anos ou mais de idade,2022,2022,6794,Total,95251,Total,100362,Total
6,Município,2,%,83.53,2210805,Simplício Mendes - PI,2513,Taxa de alfabetização das pessoas de 15 anos ou mais de idade,2022,2022,6794,Total,95251,Total,100362,Total
6,Município,2,%,78.55,2210904,Socorro do Piauí - PI,2513,Taxa de alfabetização das pessoas de 15 anos ou mais de idade,2022,2022,6794,Total,95251,Total,100362,Total
6,Município,2,%,77.7,2210938,Sussuapara - PI,2513,Taxa de alfabetização das pessoas de 15 anos ou mais de idade,2022,2022,6794,Total,95251,Total,100362,Total
6,Município,2,%,73.75,2210953,Tamboril do Piauí - PI,2513,Taxa de alfabetização das pessoas de 15 anos ou mais de idade,2022,2022,6794,Total,95251,Total,100362,Total
6,Município,2,%,81.07,2210979,Tanque do Piauí - PI,2513,Taxa de alfabetização das pessoas de 15 anos ou mais de idade,2022,2022,6794,Total,95251,Total,100362,Total
6,Município,2,%,92.88,2211001,Teresina - PI,2513,Taxa de alfabetização das pessoas de 15 anos ou mais de idade,2022,2022,6794,Total,95251,Total,100362,Total
6,Município,2,%,77.02,2211100,União - PI,2513,Taxa de alfabetização das pessoas de 15 anos ou mais de idade,2022,2022,6794,Total,95251,Total,100362,Total
6,Município,2,%,86.7,2211209,Uruçuí - PI,2513,Taxa de alfabetização das pessoas de 15 anos ou mais de idade,2022,2022,6794,Total,95251,Total,100362,Total
6,Município,2,%,81.96,2211308,Valença do Piauí - PI,2513,Taxa de alfabetização das pessoas de 15 anos ou mais de idade,2022,2022,6794,Total,95251,Total,100362,Total
6,Município,2,%,73.5,2211357,Várzea Branca - PI,2513,Taxa de alfabetização das pessoas de 15 anos ou mais de idade,2022,2022,6794,Total,95251,Total,100362,Total
6,Município,2,%,78.27,2211407,Várzea Grande - PI,2513,Taxa de alfabetização das pessoas de 15 anos ou mais de idade,2022,2022,6794,Total,95251,Total,100362,Total
6,Município,2,%,68.31,2211506,Vera Mendes - PI,2513,Taxa de alfabetização das pessoas de 15 anos ou mais de idade,2022,2022,6794,Total,95251,Total,100362,Total
6,Município,2,%,73.1,2211605,Vila Nova do Piauí - PI,2513,Taxa de alfabetização das pessoas de 15 anos ou mais de idade,2022,2022,6794,Total,95251,Total,100362,Total
6,Município,2,%,71.13,2211704,Wall Ferraz - PI,2513,Taxa de alfabetização das pessoas de 15 anos ou mais de idade,2022,2022,6794,Total,95251,Total,100362,Total
6,Município,2,%,76.84,2300101,Abaiara - CE,2513,Taxa de alfabetização das pessoas de 15 anos ou mais de idade,2022,2022,6794,Total,95251,Total,100362,Total
6,Município,2,%,84.03,2300150,Acarape - CE,2513,Taxa de alfabetização das pessoas de 15 anos ou mais de idade,2022,2022,6794,Total,95251,Total,100362,Total
6,Município,2,%,78.75,2300200,Acaraú - CE,2513,Taxa de alfabetização das pessoas de 15 anos ou mais de idade,2022,2022,6794,Total,95251,Total,100362,Total
6,Município,2,%,72.73,2300309,Acopiara - CE,2513,Taxa de alfabetização das pessoas de 15 anos ou mais de idade,2022,2022,6794,Total,95251,Total,100362,Total
6,Município,2,%,71.66,2300408,Aiuaba - CE,2513,Taxa de alfabetização das pessoas de 15 anos ou mais de idade,2022,2022,6794,Total,95251,Total,100362,Total
6,Município,2,%,80.48,2300507,Alcântaras - CE,2513,Taxa de alfabetização das pessoas de 15 anos ou mais de idade,2022,2022,6794,Total,95251,Total,100362,Total
6,Município,2,%,77.1,2300606,Altaneira - CE,2513,Taxa de alfabetização das pessoas de 15 anos ou mais de idade,2022,2022,6794,Total,95251,Total,100362,Total
6,Município,2,%,79.67,2300705,Alto Santo - CE,2513,Taxa de alfabetização das pessoas de 15 anos ou mais de idade,2022,2022,6794,Total,95251,Total,100362,Total
6,Município,2,%,80.23,2300754,Amontada - CE,2513,Taxa de alfabetização das pessoas de 15 anos ou mais de idade,2022,2022,6794,Total,95251,Total,100362,Total
6,Município,2,%,73.35,2300804,Antonina do Norte - CE,2513,Taxa de alfabetização das pessoas de 15 anos ou mais de idade,2022,2022,6794,Total,95251,Total,100362,Total
6,Município,2,%,79.72,2300903,Apuiarés - CE,2513,Taxa de alfabetização das pessoas de 15 anos ou mais de idade,2022,2022,6794,Total,95251,Total,100362,Total
6,Município,2,%,86.13,2301000,Aquiraz - CE,2513,Taxa de alfabetização das pessoas de 15 anos ou mais de idade,2022,2022,6794,Total,95251,Total,100362,Total
6,Município,2,%,84.66,2301109,Aracati - CE,2513,Taxa de alfabetização das pessoas de 15 anos ou mais de idade,2022,2022,6794,Total,95251,Total,100362,Total
6,Município,2,%,76.89,2301208,Aracoiaba - CE,2513,Taxa de alfabetização das pessoas de 15 anos ou mais de idade,2022,2022,6794,Total,95251,Total,100362,Total
6,Município,2,%,77.29,2301257,Ararendá - CE,2513,Taxa de alfabetização das pessoas de 15 anos ou mais de idade,2022,2022,6794,Total,95251,Total,100362,Total
6,Município,2,%,73.17,2301307,Araripe - CE,2513,Taxa de alfabetização das pessoas de 15 anos ou mais de idade,2022,2022,6794,Total,95251,Total,100362,Total
6,Município,2,%,82.79,2301406,Aratuba - CE,2513,Taxa de alfabetização das pessoas de 15 anos ou mais de idade,2022,2022,6794,Total,95251,Total,100362,Total
6,Município,2,%,75.89,2301505,Arneiroz - CE,2513,Taxa de alfabetização das pessoas de 15 anos ou mais de idade,2022,2022,6794,Total,95251,Total,100362,Total
6,Município,2,%,74.37,2301604,Assaré - CE,2513,Taxa de alfabetização das pessoas de 15 anos ou mais de idade,2022,2022,6794,Total,95251,Total,100362,Total
6,Município,2,%,77.55,2301703,Aurora - CE,2513,Taxa de alfabetização das pessoas de 15 anos ou mais de idade,2022,2022,6794,Total,95251,Total,100362,Total
6,Município,2,%,78.77,2301802,Baixio - CE,2513,Taxa de alfabetização das pessoas de 15 anos ou mais de idade,2022,2022,6794,Total,95251,Total,100362,Total
6,Município,2,%,76.2,2301851,Banabuiú - CE,2513,Taxa de alfabetização das pessoas de 15 anos ou mais de idade,2022,2022,6794,Total,95251,Total,100362,Total
6,Município,2,%,87.61,2301901,Barbalha - CE,2513,Taxa de alfabetização das pessoas de 15 anos ou mais de idade,2022,2022,6794,Total,95251,Total,100362,Total
6,Município,2,%,79.95,2301950,Barreira - CE,2513,Taxa de alfabetização das pessoas de 15 anos ou mais de idade,2022,2022,6794,Total,95251,Total,100362,Total
6,Município,2,%,79.3,2302008,Barro - CE,2513,Taxa de alfabetização das pessoas de 15 anos ou mais de idade,2022,2022,6794,Total,95251,Total,100362,Total
6,Município,2,%,72.21,2302057,Barroquinha - CE,2513,Taxa de alfabetização das pessoas de 15 anos ou mais de idade,2022,2022,6794,Total,95251,Total,100362,Total
6,Município,2,%,83.61,2302107,Baturité - CE,2513,Taxa de alfabetização das pessoas de 15 anos ou mais de idade,2022,2022,6794,Total,95251,Total,100362,Total
6,Município,2,%,80.03,2302206,Beberibe - CE,2513,Taxa de alfabetização das pessoas de 15 anos ou mais de idade,2022,2022,6794,Total,95251,Total,100362,Total
6,Município,2,%,80.62,2302305,Bela Cruz - CE,2513,Taxa de alfabetização das pessoas de 15 anos ou mais de idade,2022,2022,6794,Total,95251,Total,100362,Total
6,Município,2,%,75.66,2302404,Boa Viagem - CE,2513,Taxa de alfabetização das pessoas de 15 anos ou mais de idade,2022,2022,6794,Total,95251,Total,100362,Total
6,Município,2,%,83.98,2302503,Brejo Santo - CE,2513,Taxa de alfabetização das pessoas de 15 anos ou mais de idade,2022,2022,6794,Total,95251,Total,100362,Total
6,Município,2,%,81.03,2302602,Camocim - CE,2513,Taxa de alfabetização das pessoas de 15 anos ou mais de idade,2022,2022,6794,Total,95251,Total,100362,Total
6,Município,2,%,77.35,2302701,Campos Sales - CE,2513,Taxa de alfabetização das pessoas de 15 anos ou mais de idade,2022,2022,6794,Total,95251,Total,100362,Total
6,Município,2,%,80.76,2302800,Canindé - CE,2513,Taxa de alfabetização das pessoas de 15 anos ou mais de idade,2022,2022,6794,Total,95251,Total,100362,Total
6,Município,2,%,79.61,2302909,Capistrano - CE,2513,Taxa de alfabetização das pessoas de 15 anos ou mais de idade,2022,2022,6794,Total,95251,Total,100362,Total
6,Município,2,%,77.47,2303006,Caridade - CE,2513,Taxa de alfabetização das pessoas de 15 anos ou mais de idade,2022,2022,6794,Total,95251,Total,100362,Total
6,Município,2,%,77,2303105,Cariré - CE,2513,Taxa de alfabetização das pessoas de 15 anos ou mais de idade,2022,2022,6794,Total,95251,Total,100362,Total
6,Município,2,%,76.89,2303204,Caririaçu - CE,2513,Taxa de alfabetização das pessoas de 15 anos ou mais de idade,2022,2022,6794,Total,95251,Total,100362,Total
6,Município,2,%,74.64,2303303,Cariús - CE,2513,Taxa de alfabetização das pessoas de 15 anos ou mais de idade,2022,2022,6794,Total,95251,Total,100362,Total
6,Município,2,%,78.46,2303402,Carnaubal - CE,2513,Taxa de alfabetização das pessoas de 15 anos ou mais de idade,2022,2022,6794,Total,95251,Total,100362,Total
6,Município,2,%,83.86,2303501,Cascavel - CE,2513,Taxa de alfabetização das pessoas de 15 anos ou mais de idade,2022,2022,6794,Total,95251,Total,100362,Total
6,Município,2,%,73.74,2303600,Catarina - CE,2513,Taxa de alfabetização das pessoas de 15 anos ou mais de idade,2022,2022,6794,Total,95251,Total,100362,Total
6,Município,2,%,77.13,2303659,Catunda - CE,2513,Taxa de alfabetização das pessoas de 15 anos ou mais de idade,2022,2022,6794,Total,95251,Total,100362,Total
6,Município,2,%,91.58,2303709,Caucaia - CE,2513,Taxa de alfabetização das pessoas de 15 anos ou mais de idade,2022,2022,6794,Total,95251,Total,100362,Total
6,Município,2,%,77.87,2303808,Cedro - CE,2513,Taxa de alfabetização das pessoas de 15 anos ou mais de idade,2022,2022,6794,Total,95251,Total,100362,Total
6,Município,2,%,75.42,2303907,Chaval - CE,2513,Taxa de alfabetização das pessoas de 15 anos ou mais de idade,2022,2022,6794,Total,95251,Total,100362,Total
6,Município,2,%,75.02,2303931,Choró - CE,2513,Taxa de alfabetização das pessoas de 15 anos ou mais de idade,2022,2022,6794,Total,95251,Total,100362,Total
6,Município,2,%,79.58,2303956,Chorozinho - CE,2513,Taxa de alfabetização das pessoas de 15 anos ou mais de idade,2022,2022,6794,Total,95251,Total,100362,Total
6,Município,2,%,74.01,2304004,Coreaú - CE,2513,Taxa de alfabetização das pessoas de 15 anos ou mais de idade,2022,2022,6794,Total,95251,Total,100362,Total
6,Município,2,%,82.12,2304103,Crateús - CE,2513,Taxa de alfabetização das pessoas de 15 anos ou mais de idade,2022,2022,6794,Total,95251,Total,100362,Total
6,Município,2,%,88.4,2304202,Crato - CE,2513,Taxa de alfabetização das pessoas de 15 anos ou mais de idade,2022,2022,6794,Total,95251,Total,100362,Total
6,Município,2,%,73.58,2304236,Croatá - CE,2513,Taxa de alfabetização das pessoas de 15 anos ou mais de idade,2022,2022,6794,Total,95251,Total,100362,Total
6,Município,2,%,84.76,2304251,Cruz - CE,2513,Taxa de alfabetização das pessoas de 15 anos ou mais de idade,2022,2022,6794,Total,95251,Total,100362,Total
6,Município,2,%,73.38,2304269,Deputado Irapuan Pinheiro - CE,2513,Taxa de alfabetização das pessoas de 15 anos ou mais de idade,2022,2022,6794,Total,95251,Total,100362,Total
6,Município,2,%,75.9,2304277,Ereré - CE,2513,Taxa de alfabetização das pessoas de 15 anos ou mais de idade,2022,2022,6794,Total,95251,Total,100362,Total
6,Município,2,%,94.11,2304285,Eusébio - CE,2513,Taxa de alfabetização das pessoas de 15 anos ou mais de idade,2022,2022,6794,Total,95251,Total,100362,Total
6,Município,2,%,75.11,2304301,Farias Brito - CE,2513,Taxa de alfabetização das pessoas de 15 anos ou mais de idade,2022,2022,6794,Total,95251,Total,100362,Total
6,Município,2,%,81.9,2304350,Forquilha - CE,2513,Taxa de alfabetização das pessoas de 15 anos ou mais de idade,2022,2022,6794,Total,95251,Total,100362,Total
6,Município,2,%,94.38,2304400,Fortaleza - CE,2513,Taxa de alfabetização das pessoas de 15 anos ou mais de idade,2022,2022,6794,Total,95251,Total,100362,Total
6,Município,2,%,80.93,2304459,Fortim - CE,2513,Taxa de alfabetização das pessoas de 15 anos ou mais de idade,2022,2022,6794,Total,95251,Total,100362,Total
6,Município,2,%,76.91,2304509,Frecheirinha - CE,2513,Taxa de alfabetização das pessoas de 15 anos ou mais de idade,2022,2022,6794,Total,95251,Total,100362,Total
6,Município,2,%,75.28,2304608,General Sampaio - CE,2513,Taxa de alfabetização das pessoas de 15 anos ou mais de idade,2022,2022,6794,Total,95251,Total,100362,Total
6,Município,2,%,73.55,2304657,Graça - CE,2513,Taxa de alfabetização das pessoas de 15 anos ou mais de idade,2022,2022,6794,Total,95251,Total,100362,Total
6,Município,2,%,71.01,2304707,Granja - CE,2513,Taxa de alfabetização das pessoas de 15 anos ou mais de idade,2022,2022,6794,Total,95251,Total,100362,Total
6,Município,2,%,76.94,2304806,Granjeiro - CE,2513,Taxa de alfabetização das pessoas de 15 anos ou mais de idade,2022,2022,6794,Total,95251,Total,100362,Total
6,Município,2,%,79.76,2304905,Groaíras - CE,2513,Taxa de alfabetização das pessoas de 15 anos ou mais de idade,2022,2022,6794,Total,95251,Total,100362,Total
6,Município,2,%,82.38,2304954,Guaiúba - CE,2513,Taxa de alfabetização das pessoas de 15 anos ou mais de idade,2022,2022,6794,Total,95251,Total,100362,Total
6,Município,2,%,78.87,2305001,Guaraciaba do Norte - CE,2513,Taxa de alfabetização das pessoas de 15 anos ou mais de idade,2022,2022,6794,Total,95251,Total,100362,Total
6,Município,2,%,78.63,2305100,Guaramiranga - CE,2513,Taxa de alfabetização das pessoas de 15 anos ou mais de idade,2022,2022,6794,Total,95251,Total,100362,Total
6,Município,2,%,78.71,2305209,Hidrolândia - CE,2513,Taxa de alfabetização das pessoas de 15 anos ou mais de idade,2022,2022,6794,Total,95251,Total,100362,Total
6,Município,2,%,88.61,2305233,Horizonte - CE,2513,Taxa de alfabetização das pessoas de 15 anos ou mais de idade,2022,2022,6794,Total,95251,Total,100362,Total
6,Município,2,%,73.72,2305266,Ibaretama - CE,2513,Taxa de alfabetização das pessoas de 15 anos ou mais de idade,2022,2022,6794,Total,95251,Total,100362,Total
6,Município,2,%,80.6,2305308,Ibiapina - CE,2513,Taxa de alfabetização das pessoas de 15 anos ou mais de idade,2022,2022,6794,Total,95251,Total,100362,Total
6,Município,2,%,75.63,2305332,Ibicuitinga - CE,2513,Taxa de alfabetização das pessoas de 15 anos ou mais de idade,2022,2022,6794,Total,95251,Total,100362,Total
6,Município,2,%,81.95,2305357,Icapuí - CE,2513,Taxa de alfabetização das pessoas de 15 anos ou mais de idade,2022,2022,6794,Total,95251,Total,100362,Total
6,Município,2,%,74.1,2305407,Icó - CE,2513,Taxa de alfabetização das pessoas de 15 anos ou mais de idade,2022,2022,6794,Total,95251,Total,100362,Total
6,Município,2,%,82.99,2305506,Iguatu - CE,2513,Taxa de alfabetização das pessoas de 15 anos ou mais de idade,2022,2022,6794,Total,95251,Total,100362,Total
6,Município,2,%,76.64,2305605,Independência - CE,2513,Taxa de alfabetização das pessoas de 15 anos ou mais de idade,2022,2022,6794,Total,95251,Total,100362,Total
6,Município,2,%,76.56,2305654,Ipaporanga - CE,2513,Taxa de alfabetização das pessoas de 15 anos ou mais de idade,2022,2022,6794,Total,95251,Total,100362,Total
6,Município,2,%,80.75,2305704,Ipaumirim - CE,2513,Taxa de alfabetização das pessoas de 15 anos ou mais de idade,2022,2022,6794,Total,95251,Total,100362,Total
6,Município,2,%,79.09,2305803,Ipu - CE,2513,Taxa de alfabetização das pessoas de 15 anos ou mais de idade,2022,2022,6794,Total,95251,Total,100362,Total
6,Município,2,%,75.31,2305902,Ipueiras - CE,2513,Taxa de alfabetização das pessoas de 15 anos ou mais de idade,2022,2022,6794,Total,95251,Total,100362,Total
6,Município,2,%,78.35,2306009,Iracema - CE,2513,Taxa de alfabetização das pessoas de 15 anos ou mais de idade,2022,2022,6794,Total,95251,Total,100362,Total
6,Município,2,%,79.91,2306108,Irauçuba - CE,2513,Taxa de alfabetização das pessoas de 15 anos ou mais de idade,2022,2022,6794,Total,95251,Total,100362,Total
6,Município,2,%,81.61,2306207,Itaiçaba - CE,2513,Taxa de alfabetização das pessoas de 15 anos ou mais de idade,2022,2022,6794,Total,95251,Total,100362,Total
6,Município,2,%,89.79,2306256,Itaitinga - CE,2513,Taxa de alfabetização das pessoas de 15 anos ou mais de idade,2022,2022,6794,Total,95251,Total,100362,Total
6,Município,2,%,81.66,2306306,Itapajé - CE,2513,Taxa de alfabetização das pessoas de 15 anos ou mais de idade,2022,2022,6794,Total,95251,Total,100362,Total
6,Município,2,%,85,2306405,Itapipoca - CE,2513,Taxa de alfabetização das pessoas de 15 anos ou mais de idade,2022,2022,6794,Total,95251,Total,100362,Total
6,Município,2,%,75.28,2306504,Itapiúna - CE,2513,Taxa de alfabetização das pessoas de 15 anos ou mais de idade,2022,2022,6794,Total,95251,Total,100362,Total
6,Município,2,%,81.74,2306553,Itarema - CE,2513,Taxa de alfabetização das pessoas de 15 anos ou mais de idade,2022,2022,6794,Total,95251,Total,100362,Total
6,Município,2,%,75.45,2306603,Itatira - CE,2513,Taxa de alfabetização das pessoas de 15 anos ou mais de idade,2022,2022,6794,Total,95251,Total,100362,Total
6,Município,2,%,76.71,2306702,Jaguaretama - CE,2513,Taxa de alfabetização das pessoas de 15 anos ou mais de idade,2022,2022,6794,Total,95251,Total,100362,Total
6,Município,2,%,79.9,2306801,Jaguaribara - CE,2513,Taxa de alfabetização das pessoas de 15 anos ou mais de idade,2022,2022,6794,Total,95251,Total,100362,Total
6,Município,2,%,81.79,2306900,Jaguaribe - CE,2513,Taxa de alfabetização das pessoas de 15 anos ou mais de idade,2022,2022,6794,Total,95251,Total,100362,Total
6,Município,2,%,77.71,2307007,Jaguaruana - CE,2513,Taxa de alfabetização das pessoas de 15 anos ou mais de idade,2022,2022,6794,Total,95251,Total,100362,Total
6,Município,2,%,78.99,2307106,Jardim - CE,2513,Taxa de alfabetização das pessoas de 15 anos ou mais de idade,2022,2022,6794,Total,95251,Total,100362,Total
6,Município,2,%,78.49,2307205,Jati - CE,2513,Taxa de alfabetização das pessoas de 15 anos ou mais de idade,2022,2022,6794,Total,95251,Total,100362,Total
6,Município,2,%,85.74,2307254,Jijoca de Jericoacoara - CE,2513,Taxa de alfabetização das pessoas de 15 anos ou mais de idade,2022,2022,6794,Total,95251,Total,100362,Total
6,Município,2,%,89.11,2307304,Juazeiro do Norte - CE,2513,Taxa de alfabetização das pessoas de 15 anos ou mais de idade,2022,2022,6794,Total,95251,Total,100362,Total
6,Município,2,%,75.77,2307403,Jucás - CE,2513,Taxa de alfabetização das pessoas de 15 anos ou mais de idade,2022,2022,6794,Total,95251,Total,100362,Total
6,Município,2,%,78.65,2307502,Lavras da Mangabeira - CE,2513,Taxa de alfabetização das pessoas de 15 anos ou mais de idade,2022,2022,6794,Total,95251,Total,100362,Total
6,Município,2,%,85.72,2307601,Limoeiro do Norte - CE,2513,Taxa de alfabetização das pessoas de 15 anos ou mais de idade,2022,2022,6794,Total,95251,Total,100362,Total
6,Município,2,%,79.09,2307635,Madalena - CE,2513,Taxa de alfabetização das pessoas de 15 anos ou mais de idade,2022,2022,6794,Total,95251,Total,100362,Total
6,Município,2,%,92.79,2307650,Maracanaú - CE,2513,Taxa de alfabetização das pessoas de 15 anos ou mais de idade,2022,2022,6794,Total,95251,Total,100362,Total
6,Município,2,%,89.16,2307700,Maranguape - CE,2513,Taxa de alfabetização das pessoas de 15 anos ou mais de idade,2022,2022,6794,Total,95251,Total,100362,Total
6,Município,2,%,82.85,2307809,Marco - CE,2513,Taxa de alfabetização das pessoas de 15 anos ou mais de idade,2022,2022,6794,Total,95251,Total,100362,Total
6,Município,2,%,78.14,2307908,Martinópole - CE,2513,Taxa de alfabetização das pessoas de 15 anos ou mais de idade,2022,2022,6794,Total,95251,Total,100362,Total
6,Município,2,%,78.08,2308005,Massapê - CE,2513,Taxa de alfabetização das pessoas de 15 anos ou mais de idade,2022,2022,6794,Total,95251,Total,100362,Total
6,Município,2,%,75.85,2308104,Mauriti - CE,2513,Taxa de alfabetização das pessoas de 15 anos ou mais de idade,2022,2022,6794,Total,95251,Total,100362,Total
6,Município,2,%,83.6,2308203,Meruoca - CE,2513,Taxa de alfabetização das pessoas de 15 anos ou mais de idade,2022,2022,6794,Total,95251,Total,100362,Total
6,Município,2,%,78.89,2308302,Milagres - CE,2513,Taxa de alfabetização das pessoas de 15 anos ou mais de idade,2022,2022,6794,Total,95251,Total,100362,Total
6,Município,2,%,81.33,2308351,Milhã - CE,2513,Taxa de alfabetização das pessoas de 15 anos ou mais de idade,2022,2022,6794,Total,95251,Total,100362,Total
6,Município,2,%,78.27,2308377,Miraíma - CE,2513,Taxa de alfabetização das pessoas de 15 anos ou mais de idade,2022,2022,6794,Total,95251,Total,100362,Total
6,Município,2,%,79.44,2308401,Missão Velha - CE,2513,Taxa de alfabetização das pessoas de 15 anos ou mais de idade,2022,2022,6794,Total,95251,Total,100362,Total
6,Município,2,%,73.43,2308500,Mombaça - CE,2513,Taxa de alfabetização das pessoas de 15 anos ou mais de idade,2022,2022,6794,Total,95251,Total,100362,Total
6,Município,2,%,78.63,2308609,Monsenhor Tabosa - CE,2513,Taxa de alfabetização das pessoas de 15 anos ou mais de idade,2022,2022,6794,Total,95251,Total,100362,Total
6,Município,2,%,79.17,2308708,Morada Nova - CE,2513,Taxa de alfabetização das pessoas de 15 anos ou mais de idade,2022,2022,6794,Total,95251,Total,100362,Total
6,Município,2,%,77.48,2308807,Moraújo - CE,2513,Taxa de alfabetização das pessoas de 15 anos ou mais de idade,2022,2022,6794,Total,95251,Total,100362,Total
6,Município,2,%,78.09,2308906,Morrinhos - CE,2513,Taxa de alfabetização das pessoas de 15 anos ou mais de idade,2022,2022,6794,Total,95251,Total,100362,Total
6,Município,2,%,75.97,2309003,Mucambo - CE,2513,Taxa de alfabetização das pessoas de 15 anos ou mais de idade,2022,2022,6794,Total,95251,Total,100362,Total
6,Município,2,%,84.49,2309102,Mulungu - CE,2513,Taxa de alfabetização das pessoas de 15 anos ou mais de idade,2022,2022,6794,Total,95251,Total,100362,Total
6,Município,2,%,83.64,2309201,Nova Olinda - CE,2513,Taxa de alfabetização das pessoas de 15 anos ou mais de idade,2022,2022,6794,Total,95251,Total,100362,Total
6,Município,2,%,79.25,2309300,Nova Russas - CE,2513,Taxa de alfabetização das pessoas de 15 anos ou mais de idade,2022,2022,6794,Total,95251,Total,100362,Total
6,Município,2,%,72.93,2309409,Novo Oriente - CE,2513,Taxa de alfabetização das pessoas de 15 anos ou mais de idade,2022,2022,6794,Total,95251,Total,100362,Total
6,Município,2,%,75.94,2309458,Ocara - CE,2513,Taxa de alfabetização das pessoas de 15 anos ou mais de idade,2022,2022,6794,Total,95251,Total,100362,Total
6,Município,2,%,77.29,2309508,Orós - CE,2513,Taxa de alfabetização das pessoas de 15 anos ou mais de idade,2022,2022,6794,Total,95251,Total,100362,Total
6,Município,2,%,86.12,2309607,Pacajus - CE,2513,Taxa de alfabetização das pessoas de 15 anos ou mais de idade,2022,2022,6794,Total,95251,Total,100362,Total
6,Município,2,%,91.37,2309706,Pacatuba - CE,2513,Taxa de alfabetização das pessoas de 15 anos ou mais de idade,2022,2022,6794,Total,95251,Total,100362,Total
6,Município,2,%,83.7,2309805,Pacoti - CE,2513,Taxa de alfabetização das pessoas de 15 anos ou mais de idade,2022,2022,6794,Total,95251,Total,100362,Total
6,Município,2,%,79.23,2309904,Pacujá - CE,2513,Taxa de alfabetização das pessoas de 15 anos ou mais de idade,2022,2022,6794,Total,95251,Total,100362,Total
6,Município,2,%,77.78,2310001,Palhano - CE,2513,Taxa de alfabetização das pessoas de 15 anos ou mais de idade,2022,2022,6794,Total,95251,Total,100362,Total
6,Município,2,%,82.22,2310100,Palmácia - CE,2513,Taxa de alfabetização das pessoas de 15 anos ou mais de idade,2022,2022,6794,Total,95251,Total,100362,Total
6,Município,2,%,85.71,2310209,Paracuru - CE,2513,Taxa de alfabetização das pessoas de 15 anos ou mais de idade,2022,2022,6794,Total,95251,Total,100362,Total
6,Município,2,%,85.8,2310258,Paraipaba - CE,2513,Taxa de alfabetização das pessoas de 15 anos ou mais de idade,2022,2022,6794,Total,95251,Total,100362,Total
6,Município,2,%,74.11,2310308,Parambu - CE,2513,Taxa de alfabetização das pessoas de 15 anos ou mais de idade,2022,2022,6794,Total,95251,Total,100362,Total
6,Município,2,%,78.25,2310407,Paramoti - CE,2513,Taxa de alfabetização das pessoas de 15 anos ou mais de idade,2022,2022,6794,Total,95251,Total,100362,Total
6,Município,2,%,76.49,2310506,Pedra Branca - CE,2513,Taxa de alfabetização das pessoas de 15 anos ou mais de idade,2022,2022,6794,Total,95251,Total,100362,Total
6,Município,2,%,84.68,2310605,Penaforte - CE,2513,Taxa de alfabetização das pessoas de 15 anos ou mais de idade,2022,2022,6794,Total,95251,Total,100362,Total
6,Município,2,%,81.94,2310704,Pentecoste - CE,2513,Taxa de alfabetização das pessoas de 15 anos ou mais de idade,2022,2022,6794,Total,95251,Total,100362,Total
6,Município,2,%,79.47,2310803,Pereiro - CE,2513,Taxa de alfabetização das pessoas de 15 anos ou mais de idade,2022,2022,6794,Total,95251,Total,100362,Total
6,Município,2,%,84.15,2310852,Pindoretama - CE,2513,Taxa de alfabetização das pessoas de 15 anos ou mais de idade,2022,2022,6794,Total,95251,Total,100362,Total
6,Município,2,%,80.32,2310902,Piquet Carneiro - CE,2513,Taxa de alfabetização das pessoas de 15 anos ou mais de idade,2022,2022,6794,Total,95251,Total,100362,Total
6,Município,2,%,77.14,2310951,Pires Ferreira - CE,2513,Taxa de alfabetização das pessoas de 15 anos ou mais de idade,2022,2022,6794,Total,95251,Total,100362,Total
6,Município,2,%,77.5,2311009,Poranga - CE,2513,Taxa de alfabetização das pessoas de 15 anos ou mais de idade,2022,2022,6794,Total,95251,Total,100362,Total
6,Município,2,%,78.9,2311108,Porteiras - CE,2513,Taxa de alfabetização das pessoas de 15 anos ou mais de idade,2022,2022,6794,Total,95251,Total,100362,Total
6,Município,2,%,74.05,2311207,Potengi - CE,2513,Taxa de alfabetização das pessoas de 15 anos ou mais de idade,2022,2022,6794,Total,95251,Total,100362,Total
6,Município,2,%,77.15,2311231,Potiretama - CE,2513,Taxa de alfabetização das pessoas de 15 anos ou mais de idade,2022,2022,6794,Total,95251,Total,100362,Total
6,Município,2,%,74.47,2311264,Quiterianópolis - CE,2513,Taxa de alfabetização das pessoas de 15 anos ou mais de idade,2022,2022,6794,Total,95251,Total,100362,Total
6,Município,2,%,82.59,2311306,Quixadá - CE,2513,Taxa de alfabetização das pessoas de 15 anos ou mais de idade,2022,2022,6794,Total,95251,Total,100362,Total
6,Município,2,%,70.88,2311355,Quixelô - CE,2513,Taxa de alfabetização das pessoas de 15 anos ou mais de idade,2022,2022,6794,Total,95251,Total,100362,Total
6,Município,2,%,82.23,2311405,Quixeramobim - CE,2513,Taxa de alfabetização das pessoas de 15 anos ou mais de idade,2022,2022,6794,Total,95251,Total,100362,Total
6,Município,2,%,78.35,2311504,Quixeré - CE,2513,Taxa de alfabetização das pessoas de 15 anos ou mais de idade,2022,2022,6794,Total,95251,Total,100362,Total
6,Município,2,%,83,2311603,Redenção - CE,2513,Taxa de alfabetização das pessoas de 15 anos ou mais de idade,2022,2022,6794,Total,95251,Total,100362,Total
6,Município,2,%,78.27,2311702,Reriutaba - CE,2513,Taxa de alfabetização das pessoas de 15 anos ou mais de idade,2022,2022,6794,Total,95251,Total,100362,Total
6,Município,2,%,84.55,2311801,Russas - CE,2513,Taxa de alfabetização das pessoas de 15 anos ou mais de idade,2022,2022,6794,Total,95251,Total,100362,Total
6,Município,2,%,72.3,2311900,Saboeiro - CE,2513,Taxa de alfabetização das pessoas de 15 anos ou mais de idade,2022,2022,6794,Total,95251,Total,100362,Total
6,Município,2,%,71.85,2311959,Salitre - CE,2513,Taxa de alfabetização das pessoas de 15 anos ou mais de idade,2022,2022,6794,Total,95251,Total,100362,Total
6,Município,2,%,76.53,2312007,Santana do Acaraú - CE,2513,Taxa de alfabetização das pessoas de 15 anos ou mais de idade,2022,2022,6794,Total,95251,Total,100362,Total
6,Município,2,%,77.19,2312106,Santana do Cariri - CE,2513,Taxa de alfabetização das pessoas de 15 anos ou mais de idade,2022,2022,6794,Total,95251,Total,100362,Total
6,Município,2,%,78.86,2312205,Santa Quitéria - CE,2513,Taxa de alfabetização das pessoas de 15 anos ou mais de idade,2022,2022,6794,Total,95251,Total,100362,Total
6,Município,2,%,79.81,2312304,São Benedito - CE,2513,Taxa de alfabetização das pessoas de 15 anos ou mais de idade,2022,2022,6794,Total,95251,Total,100362,Total
6,Município,2,%,87.73,2312403,São Gonçalo do Amarante - CE,2513,Taxa de alfabetização das pessoas de 15 anos ou mais de idade,2022,2022,6794,Total,95251,Total,100362,Total
6,Município,2,%,79.66,2312502,São João do Jaguaribe - CE,2513,Taxa de alfabetização das pessoas de 15 anos ou mais de idade,2022,2022,6794,Total,95251,Total,100362,Total
6,Município,2,%,83.2,2312601,São Luís do Curu - CE,2513,Taxa de alfabetização das pessoas de 15 anos ou mais de idade,2022,2022,6794,Total,95251,Total,100362,Total
6,Município,2,%,78.63,2312700,Senador Pompeu - CE,2513,Taxa de alfabetização das pessoas de 15 anos ou mais de idade,2022,2022,6794,Total,95251,Total,100362,Total
6,Município,2,%,74.96,2312809,Senador Sá - CE,2513,Taxa de alfabetização das pessoas de 15 anos ou mais de idade,2022,2022,6794,Total,95251,Total,100362,Total
6,Município,2,%,87.12,2312908,Sobral - CE,2513,Taxa de alfabetização das pessoas de 15 anos ou mais de idade,2022,2022,6794,Total,95251,Total,100362,Total
6,Município,2,%,78.32,2313005,Solonópole - CE,2513,Taxa de alfabetização das pessoas de 15 anos ou mais de idade,2022,2022,6794,Total,95251,Total,100362,Total
6,Município,2,%,81.17,2313104,Tabuleiro do Norte - CE,2513,Taxa de alfabetização das pessoas de 15 anos ou mais de idade,2022,2022,6794,Total,95251,Total,100362,Total
6,Município,2,%,74.9,2313203,Tamboril - CE,2513,Taxa de alfabetização das pessoas de 15 anos ou mais de idade,2022,2022,6794,Total,95251,Total,100362,Total
6,Município,2,%,73.31,2313252,Tarrafas - CE,2513,Taxa de alfabetização das pessoas de 15 anos ou mais de idade,2022,2022,6794,Total,95251,Total,100362,Total
6,Município,2,%,79.39,2313302,Tauá - CE,2513,Taxa de alfabetização das pessoas de 15 anos ou mais de idade,2022,2022,6794,Total,95251,Total,100362,Total
6,Município,2,%,76.64,2313351,Tejuçuoca - CE,2513,Taxa de alfabetização das pessoas de 15 anos ou mais de idade,2022,2022,6794,Total,95251,Total,100362,Total
6,Município,2,%,83.25,2313401,Tianguá - CE,2513,Taxa de alfabetização das pessoas de 15 anos ou mais de idade,2022,2022,6794,Total,95251,Total,100362,Total
6,Município,2,%,81.51,2313500,Trairi - CE,2513,Taxa de alfabetização das pessoas de 15 anos ou mais de idade,2022,2022,6794,Total,95251,Total,100362,Total
6,Município,2,%,78.3,2313559,Tururu - CE,2513,Taxa de alfabetização das pessoas de 15 anos ou mais de idade,2022,2022,6794,Total,95251,Total,100362,Total
6,Município,2,%,81.97,2313609,Ubajara - CE,2513,Taxa de alfabetização das pessoas de 15 anos ou mais de idade,2022,2022,6794,Total,95251,Total,100362,Total
6,Município,2,%,76.24,2313708,Umari - CE,2513,Taxa de alfabetização das pessoas de 15 anos ou mais de idade,2022,2022,6794,Total,95251,Total,100362,Total
6,Município,2,%,78.72,2313757,Umirim - CE,2513,Taxa de alfabetização das pessoas de 15 anos ou mais de idade,2022,2022,6794,Total,95251,Total,100362,Total
6,Município,2,%,81.99,2313807,Uruburetama - CE,2513,Taxa de alfabetização das pessoas de 15 anos ou mais de idade,2022,2022,6794,Total,95251,Total,100362,Total
6,Município,2,%,75.11,2313906,Uruoca - CE,2513,Taxa de alfabetização das pessoas de 15 anos ou mais de idade,2022,2022,6794,Total,95251,Total,100362,Total
6,Município,2,%,80.24,2313955,Varjota - CE,2513,Taxa de alfabetização das pessoas de 15 anos ou mais de idade,2022,2022,6794,Total,95251,Total,100362,Total
6,Município,2,%,78.45,2314003,Várzea Alegre - CE,2513,Taxa de alfabetização das pessoas de 15 anos ou mais de idade,2022,2022,6794,Total,95251,Total,100362,Total
6,Município,2,%,77.1,2314102,Viçosa do Ceará - CE,2513,Taxa de alfabetização das pessoas de 15 anos ou mais de idade,2022,2022,6794,Total,95251,Total,100362,Total
6,Município,2,%,86.81,2400109,Acari - RN,2513,Taxa de alfabetização das pessoas de 15 anos ou mais de idade,2022,2022,6794,Total,95251,Total,100362,Total
6,Município,2,%,82.33,2400208,Assú - RN,2513,Taxa de alfabetização das pessoas de 15 anos ou mais de idade,2022,2022,6794,Total,95251,Total,100362,Total
6,Município,2,%,77.37,2400307,Afonso Bezerra - RN,2513,Taxa de alfabetização das pessoas de 15 anos ou mais de idade,2022,2022,6794,Total,95251,Total,100362,Total
6,Município,2,%,79.08,2400406,Água Nova - RN,2513,Taxa de alfabetização das pessoas de 15 anos ou mais de idade,2022,2022,6794,Total,95251,Total,100362,Total
6,Município,2,%,77.58,2400505,Alexandria - RN,2513,Taxa de alfabetização das pessoas de 15 anos ou mais de idade,2022,2022,6794,Total,95251,Total,100362,Total
6,Município,2,%,78.46,2400604,Almino Afonso - RN,2513,Taxa de alfabetização das pessoas de 15 anos ou mais de idade,2022,2022,6794,Total,95251,Total,100362,Total
6,Município,2,%,83.87,2400703,Alto do Rodrigues - RN,2513,Taxa de alfabetização das pessoas de 15 anos ou mais de idade,2022,2022,6794,Total,95251,Total,100362,Total
6,Município,2,%,80.71,2400802,Angicos - RN,2513,Taxa de alfabetização das pessoas de 15 anos ou mais de idade,2022,2022,6794,Total,95251,Total,100362,Total
6,Município,2,%,78.17,2400901,Antônio Martins - RN,2513,Taxa de alfabetização das pessoas de 15 anos ou mais de idade,2022,2022,6794,Total,95251,Total,100362,Total
6,Município,2,%,79.54,2401008,Apodi - RN,2513,Taxa de alfabetização das pessoas de 15 anos ou mais de idade,2022,2022,6794,Total,95251,Total,100362,Total
6,Município,2,%,87.91,2401107,Areia Branca - RN,2513,Taxa de alfabetização das pessoas de 15 anos ou mais de idade,2022,2022,6794,Total,95251,Total,100362,Total
6,Município,2,%,79.03,2401206,Arez - RN,2513,Taxa de alfabetização das pessoas de 15 anos ou mais de idade,2022,2022,6794,Total,95251,Total,100362,Total
6,Município,2,%,76.35,2401305,Campo Grande - RN,2513,Taxa de alfabetização das pessoas de 15 anos ou mais de idade,2022,2022,6794,Total,95251,Total,100362,Total
6,Município,2,%,82.88,2401404,Baía Formosa - RN,2513,Taxa de alfabetização das pessoas de 15 anos ou mais de idade,2022,2022,6794,Total,95251,Total,100362,Total
6,Município,2,%,79.42,2401453,Baraúna - RN,2513,Taxa de alfabetização das pessoas de 15 anos ou mais de idade,2022,2022,6794,Total,95251,Total,100362,Total
6,Município,2,%,78.66,2401503,Barcelona - RN,2513,Taxa de alfabetização das pessoas de 15 anos ou mais de idade,2022,2022,6794,Total,95251,Total,100362,Total
6,Município,2,%,78.92,2401602,Bento Fernandes - RN,2513,Taxa de alfabetização das pessoas de 15 anos ou mais de idade,2022,2022,6794,Total,95251,Total,100362,Total
6,Município,2,%,78.92,2401651,Bodó - RN,2513,Taxa de alfabetização das pessoas de 15 anos ou mais de idade,2022,2022,6794,Total,95251,Total,100362,Total
6,Município,2,%,79.41,2401701,Bom Jesus - RN,2513,Taxa de alfabetização das pessoas de 15 anos ou mais de idade,2022,2022,6794,Total,95251,Total,100362,Total
6,Município,2,%,78.9,2401800,Brejinho - RN,2513,Taxa de alfabetização das pessoas de 15 anos ou mais de idade,2022,2022,6794,Total,95251,Total,100362,Total
6,Município,2,%,82.36,2401859,Caiçara do Norte - RN,2513,Taxa de alfabetização das pessoas de 15 anos ou mais de idade,2022,2022,6794,Total,95251,Total,100362,Total
6,Município,2,%,79.17,2401909,Caiçara do Rio do Vento - RN,2513,Taxa de alfabetização das pessoas de 15 anos ou mais de idade,2022,2022,6794,Total,95251,Total,100362,Total
6,Município,2,%,88.92,2402006,Caicó - RN,2513,Taxa de alfabetização das pessoas de 15 anos ou mais de idade,2022,2022,6794,Total,95251,Total,100362,Total
6,Município,2,%,82.43,2402105,Campo Redondo - RN,2513,Taxa de alfabetização das pessoas de 15 anos ou mais de idade,2022,2022,6794,Total,95251,Total,100362,Total
6,Município,2,%,80.65,2402204,Canguaretama - RN,2513,Taxa de alfabetização das pessoas de 15 anos ou mais de idade,2022,2022,6794,Total,95251,Total,100362,Total
6,Município,2,%,80.14,2402303,Caraúbas - RN,2513,Taxa de alfabetização das pessoas de 15 anos ou mais de idade,2022,2022,6794,Total,95251,Total,100362,Total
6,Município,2,%,88.71,2402402,Carnaúba dos Dantas - RN,2513,Taxa de alfabetização das pessoas de 15 anos ou mais de idade,2022,2022,6794,Total,95251,Total,100362,Total
6,Município,2,%,80.26,2402501,Carnaubais - RN,2513,Taxa de alfabetização das pessoas de 15 anos ou mais de idade,2022,2022,6794,Total,95251,Total,100362,Total
6,Município,2,%,84.02,2402600,Ceará-Mirim - RN,2513,Taxa de alfabetização das pessoas de 15 anos ou mais de idade,2022,2022,6794,Total,95251,Total,100362,Total
6,Município,2,%,78.67,2402709,Cerro Corá - RN,2513,Taxa de alfabetização das pessoas de 15 anos ou mais de idade,2022,2022,6794,Total,95251,Total,100362,Total
6,Município,2,%,77.07,2402808,Coronel Ezequiel - RN,2513,Taxa de alfabetização das pessoas de 15 anos ou mais de idade,2022,2022,6794,Total,95251,Total,100362,Total
6,Município,2,%,72.69,2402907,Coronel João Pessoa - RN,2513,Taxa de alfabetização das pessoas de 15 anos ou mais de idade,2022,2022,6794,Total,95251,Total,100362,Total
6,Município,2,%,84.32,2403004,Cruzeta - RN,2513,Taxa de alfabetização das pessoas de 15 anos ou mais de idade,2022,2022,6794,Total,95251,Total,100362,Total
6,Município,2,%,86.43,2403103,Currais Novos - RN,2513,Taxa de alfabetização das pessoas de 15 anos ou mais de idade,2022,2022,6794,Total,95251,Total,100362,Total
6,Município,2,%,77.91,2403202,Doutor Severiano - RN,2513,Taxa de alfabetização das pessoas de 15 anos ou mais de idade,2022,2022,6794,Total,95251,Total,100362,Total
6,Município,2,%,94.91,2403251,Parnamirim - RN,2513,Taxa de alfabetização das pessoas de 15 anos ou mais de idade,2022,2022,6794,Total,95251,Total,100362,Total
6,Município,2,%,81.19,2403301,Encanto - RN,2513,Taxa de alfabetização das pessoas de 15 anos ou mais de idade,2022,2022,6794,Total,95251,Total,100362,Total
6,Município,2,%,82.1,2403400,Equador - RN,2513,Taxa de alfabetização das pessoas de 15 anos ou mais de idade,2022,2022,6794,Total,95251,Total,100362,Total
6,Município,2,%,72.71,2403509,Espírito Santo - RN,2513,Taxa de alfabetização das pessoas de 15 anos ou mais de idade,2022,2022,6794,Total,95251,Total,100362,Total
6,Município,2,%,91.38,2403608,Extremoz - RN,2513,Taxa de alfabetização das pessoas de 15 anos ou mais de idade,2022,2022,6794,Total,95251,Total,100362,Total
6,Município,2,%,82.62,2403707,Felipe Guerra - RN,2513,Taxa de alfabetização das pessoas de 15 anos ou mais de idade,2022,2022,6794,Total,95251,Total,100362,Total
6,Município,2,%,76.68,2403756,Fernando Pedroza - RN,2513,Taxa de alfabetização das pessoas de 15 anos ou mais de idade,2022,2022,6794,Total,95251,Total,100362,Total
6,Município,2,%,83.48,2403806,Florânia - RN,2513,Taxa de alfabetização das pessoas de 15 anos ou mais de idade,2022,2022,6794,Total,95251,Total,100362,Total
6,Município,2,%,78.1,2403905,Francisco Dantas - RN,2513,Taxa de alfabetização das pessoas de 15 anos ou mais de idade,2022,2022,6794,Total,95251,Total,100362,Total
6,Município,2,%,79.77,2404002,Frutuoso Gomes - RN,2513,Taxa de alfabetização das pessoas de 15 anos ou mais de idade,2022,2022,6794,Total,95251,Total,100362,Total
6,Município,2,%,78.4,2404101,Galinhos - RN,2513,Taxa de alfabetização das pessoas de 15 anos ou mais de idade,2022,2022,6794,Total,95251,Total,100362,Total
6,Município,2,%,84.51,2404200,Goianinha - RN,2513,Taxa de alfabetização das pessoas de 15 anos ou mais de idade,2022,2022,6794,Total,95251,Total,100362,Total
6,Município,2,%,80.62,2404309,Governador Dix-Sept Rosado - RN,2513,Taxa de alfabetização das pessoas de 15 anos ou mais de idade,2022,2022,6794,Total,95251,Total,100362,Total
6,Município,2,%,82.24,2404408,Grossos - RN,2513,Taxa de alfabetização das pessoas de 15 anos ou mais de idade,2022,2022,6794,Total,95251,Total,100362,Total
6,Município,2,%,83.96,2404507,Guamaré - RN,2513,Taxa de alfabetização das pessoas de 15 anos ou mais de idade,2022,2022,6794,Total,95251,Total,100362,Total
6,Município,2,%,74.81,2404606,Ielmo Marinho - RN,2513,Taxa de alfabetização das pessoas de 15 anos ou mais de idade,2022,2022,6794,Total,95251,Total,100362,Total
6,Município,2,%,77.77,2404705,Ipanguaçu - RN,2513,Taxa de alfabetização das pessoas de 15 anos ou mais de idade,2022,2022,6794,Total,95251,Total,100362,Total
6,Município,2,%,86.53,2404804,Ipueira - RN,2513,Taxa de alfabetização das pessoas de 15 anos ou mais de idade,2022,2022,6794,Total,95251,Total,100362,Total
6,Município,2,%,80.76,2404853,Itajá - RN,2513,Taxa de alfabetização das pessoas de 15 anos ou mais de idade,2022,2022,6794,Total,95251,Total,100362,Total
6,Município,2,%,80.31,2404903,Itaú - RN,2513,Taxa de alfabetização das pessoas de 15 anos ou mais de idade,2022,2022,6794,Total,95251,Total,100362,Total
6,Município,2,%,79.82,2405009,Jaçanã - RN,2513,Taxa de alfabetização das pessoas de 15 anos ou mais de idade,2022,2022,6794,Total,95251,Total,100362,Total
6,Município,2,%,77.2,2405108,Jandaíra - RN,2513,Taxa de alfabetização das pessoas de 15 anos ou mais de idade,2022,2022,6794,Total,95251,Total,100362,Total
6,Município,2,%,77.28,2405207,Janduís - RN,2513,Taxa de alfabetização das pessoas de 15 anos ou mais de idade,2022,2022,6794,Total,95251,Total,100362,Total
6,Município,2,%,72.17,2405306,Januário Cicco - RN,2513,Taxa de alfabetização das pessoas de 15 anos ou mais de idade,2022,2022,6794,Total,95251,Total,100362,Total
6,Município,2,%,75.38,2405405,Japi - RN,2513,Taxa de alfabetização das pessoas de 15 anos ou mais de idade,2022,2022,6794,Total,95251,Total,100362,Total
6,Município,2,%,78.59,2405504,Jardim de Angicos - RN,2513,Taxa de alfabetização das pessoas de 15 anos ou mais de idade,2022,2022,6794,Total,95251,Total,100362,Total
6,Município,2,%,80.34,2405603,Jardim de Piranhas - RN,2513,Taxa de alfabetização das pessoas de 15 anos ou mais de idade,2022,2022,6794,Total,95251,Total,100362,Total
6,Município,2,%,83.93,2405702,Jardim do Seridó - RN,2513,Taxa de alfabetização das pessoas de 15 anos ou mais de idade,2022,2022,6794,Total,95251,Total,100362,Total
6,Município,2,%,79.85,2405801,João Câmara - RN,2513,Taxa de alfabetização das pessoas de 15 anos ou mais de idade,2022,2022,6794,Total,95251,Total,100362,Total
6,Município,2,%,77.94,2405900,João Dias - RN,2513,Taxa de alfabetização das pessoas de 15 anos ou mais de idade,2022,2022,6794,Total,95251,Total,100362,Total
6,Município,2,%,77.13,2406007,José da Penha - RN,2513,Taxa de alfabetização das pessoas de 15 anos ou mais de idade,2022,2022,6794,Total,95251,Total,100362,Total
6,Município,2,%,76.4,2406106,Jucurutu - RN,2513,Taxa de alfabetização das pessoas de 15 anos ou mais de idade,2022,2022,6794,Total,95251,Total,100362,Total
6,Município,2,%,75.47,2406155,Jundiá - RN,2513,Taxa de alfabetização das pessoas de 15 anos ou mais de idade,2022,2022,6794,Total,95251,Total,100362,Total
6,Município,2,%,75.62,2406205,Lagoa d'Anta - RN,2513,Taxa de alfabetização das pessoas de 15 anos ou mais de idade,2022,2022,6794,Total,95251,Total,100362,Total
6,Município,2,%,70.97,2406304,Lagoa de Pedras - RN,2513,Taxa de alfabetização das pessoas de 15 anos ou mais de idade,2022,2022,6794,Total,95251,Total,100362,Total
6,Município,2,%,81.23,2406403,Lagoa de Velhos - RN,2513,Taxa de alfabetização das pessoas de 15 anos ou mais de idade,2022,2022,6794,Total,95251,Total,100362,Total
6,Município,2,%,80.58,2406502,Lagoa Nova - RN,2513,Taxa de alfabetização das pessoas de 15 anos ou mais de idade,2022,2022,6794,Total,95251,Total,100362,Total
6,Município,2,%,74.91,2406601,Lagoa Salgada - RN,2513,Taxa de alfabetização das pessoas de 15 anos ou mais de idade,2022,2022,6794,Total,95251,Total,100362,Total
6,Município,2,%,81.81,2406700,Lajes - RN,2513,Taxa de alfabetização das pessoas de 15 anos ou mais de idade,2022,2022,6794,Total,95251,Total,100362,Total
6,Município,2,%,78.35,2406809,Lajes Pintadas - RN,2513,Taxa de alfabetização das pessoas de 15 anos ou mais de idade,2022,2022,6794,Total,95251,Total,100362,Total
6,Município,2,%,82.49,2406908,Lucrécia - RN,2513,Taxa de alfabetização das pessoas de 15 anos ou mais de idade,2022,2022,6794,Total,95251,Total,100362,Total
6,Município,2,%,78.21,2407005,Luís Gomes - RN,2513,Taxa de alfabetização das pessoas de 15 anos ou mais de idade,2022,2022,6794,Total,95251,Total,100362,Total
6,Município,2,%,84.59,2407104,Macaíba - RN,2513,Taxa de alfabetização das pessoas de 15 anos ou mais de idade,2022,2022,6794,Total,95251,Total,100362,Total
6,Município,2,%,85.08,2407203,Macau - RN,2513,Taxa de alfabetização das pessoas de 15 anos ou mais de idade,2022,2022,6794,Total,95251,Total,100362,Total
6,Município,2,%,78.4,2407252,Major Sales - RN,2513,Taxa de alfabetização das pessoas de 15 anos ou mais de idade,2022,2022,6794,Total,95251,Total,100362,Total
6,Município,2,%,74.46,2407302,Marcelino Vieira - RN,2513,Taxa de alfabetização das pessoas de 15 anos ou mais de idade,2022,2022,6794,Total,95251,Total,100362,Total
6,Município,2,%,84.63,2407401,Martins - RN,2513,Taxa de alfabetização das pessoas de 15 anos ou mais de idade,2022,2022,6794,Total,95251,Total,100362,Total
6,Município,2,%,81.59,2407500,Maxaranguape - RN,2513,Taxa de alfabetização das pessoas de 15 anos ou mais de idade,2022,2022,6794,Total,95251,Total,100362,Total
6,Município,2,%,75.88,2407609,Messias Targino - RN,2513,Taxa de alfabetização das pessoas de 15 anos ou mais de idade,2022,2022,6794,Total,95251,Total,100362,Total
6,Município,2,%,77.89,2407708,Montanhas - RN,2513,Taxa de alfabetização das pessoas de 15 anos ou mais de idade,2022,2022,6794,Total,95251,Total,100362,Total
6,Município,2,%,79.38,2407807,Monte Alegre - RN,2513,Taxa de alfabetização das pessoas de 15 anos ou mais de idade,2022,2022,6794,Total,95251,Total,100362,Total
6,Município,2,%,77.86,2407906,Monte das Gameleiras - RN,2513,Taxa de alfabetização das pessoas de 15 anos ou mais de idade,2022,2022,6794,Total,95251,Total,100362,Total
6,Município,2,%,89.96,2408003,Mossoró - RN,2513,Taxa de alfabetização das pessoas de 15 anos ou mais de idade,2022,2022,6794,Total,95251,Total,100362,Total
6,Município,2,%,93.36,2408102,Natal - RN,2513,Taxa de alfabetização das pessoas de 15 anos ou mais de idade,2022,2022,6794,Total,95251,Total,100362,Total
6,Município,2,%,85.91,2408201,Nísia Floresta - RN,2513,Taxa de alfabetização das pessoas de 15 anos ou mais de idade,2022,2022,6794,Total,95251,Total,100362,Total
6,Município,2,%,76.47,2408300,Nova Cruz - RN,2513,Taxa de alfabetização das pessoas de 15 anos ou mais de idade,2022,2022,6794,Total,95251,Total,100362,Total
6,Município,2,%,74.85,2408409,Olho d'Água do Borges - RN,2513,Taxa de alfabetização das pessoas de 15 anos ou mais de idade,2022,2022,6794,Total,95251,Total,100362,Total
6,Município,2,%,83.92,2408508,Ouro Branco - RN,2513,Taxa de alfabetização das pessoas de 15 anos ou mais de idade,2022,2022,6794,Total,95251,Total,100362,Total
6,Município,2,%,75.99,2408607,Paraná - RN,2513,Taxa de alfabetização das pessoas de 15 anos ou mais de idade,2022,2022,6794,Total,95251,Total,100362,Total
6,Município,2,%,76.81,2408706,Paraú - RN,2513,Taxa de alfabetização das pessoas de 15 anos ou mais de idade,2022,2022,6794,Total,95251,Total,100362,Total
6,Município,2,%,76.88,2408805,Parazinho - RN,2513,Taxa de alfabetização das pessoas de 15 anos ou mais de idade,2022,2022,6794,Total,95251,Total,100362,Total
6,Município,2,%,87.63,2408904,Parelhas - RN,2513,Taxa de alfabetização das pessoas de 15 anos ou mais de idade,2022,2022,6794,Total,95251,Total,100362,Total
6,Município,2,%,80.88,2408953,Rio do Fogo - RN,2513,Taxa de alfabetização das pessoas de 15 anos ou mais de idade,2022,2022,6794,Total,95251,Total,100362,Total
6,Município,2,%,77.74,2409100,Passa e Fica - RN,2513,Taxa de alfabetização das pessoas de 15 anos ou mais de idade,2022,2022,6794,Total,95251,Total,100362,Total
6,Município,2,%,78.91,2409209,Passagem - RN,2513,Taxa de alfabetização das pessoas de 15 anos ou mais de idade,2022,2022,6794,Total,95251,Total,100362,Total
6,Município,2,%,78.92,2409308,Patu - RN,2513,Taxa de alfabetização das pessoas de 15 anos ou mais de idade,2022,2022,6794,Total,95251,Total,100362,Total
6,Município,2,%,78.76,2409332,Santa Maria - RN,2513,Taxa de alfabetização das pessoas de 15 anos ou mais de idade,2022,2022,6794,Total,95251,Total,100362,Total
6,Município,2,%,87.04,2409407,Pau dos Ferros - RN,2513,Taxa de alfabetização das pessoas de 15 anos ou mais de idade,2022,2022,6794,Total,95251,Total,100362,Total
6,Município,2,%,76.65,2409506,Pedra Grande - RN,2513,Taxa de alfabetização das pessoas de 15 anos ou mais de idade,2022,2022,6794,Total,95251,Total,100362,Total
6,Município,2,%,75.4,2409605,Pedra Preta - RN,2513,Taxa de alfabetização das pessoas de 15 anos ou mais de idade,2022,2022,6794,Total,95251,Total,100362,Total
6,Município,2,%,75.57,2409704,Pedro Avelino - RN,2513,Taxa de alfabetização das pessoas de 15 anos ou mais de idade,2022,2022,6794,Total,95251,Total,100362,Total
6,Município,2,%,78.06,2409803,Pedro Velho - RN,2513,Taxa de alfabetização das pessoas de 15 anos ou mais de idade,2022,2022,6794,Total,95251,Total,100362,Total
6,Município,2,%,82.48,2409902,Pendências - RN,2513,Taxa de alfabetização das pessoas de 15 anos ou mais de idade,2022,2022,6794,Total,95251,Total,100362,Total
6,Município,2,%,78.69,2410009,Pilões - RN,2513,Taxa de alfabetização das pessoas de 15 anos ou mais de idade,2022,2022,6794,Total,95251,Total,100362,Total
6,Município,2,%,76.94,2410108,Poço Branco - RN,2513,Taxa de alfabetização das pessoas de 15 anos ou mais de idade,2022,2022,6794,Total,95251,Total,100362,Total
6,Município,2,%,81.03,2410207,Portalegre - RN,2513,Taxa de alfabetização das pessoas de 15 anos ou mais de idade,2022,2022,6794,Total,95251,Total,100362,Total
6,Município,2,%,76.11,2410256,Porto do Mangue - RN,2513,Taxa de alfabetização das pessoas de 15 anos ou mais de idade,2022,2022,6794,Total,95251,Total,100362,Total
6,Município,2,%,76.17,2410306,Serra Caiada - RN,2513,Taxa de alfabetização das pessoas de 15 anos ou mais de idade,2022,2022,6794,Total,95251,Total,100362,Total
6,Município,2,%,77.61,2410405,Pureza - RN,2513,Taxa de alfabetização das pessoas de 15 anos ou mais de idade,2022,2022,6794,Total,95251,Total,100362,Total
6,Município,2,%,80.76,2410504,Rafael Fernandes - RN,2513,Taxa de alfabetização das pessoas de 15 anos ou mais de idade,2022,2022,6794,Total,95251,Total,100362,Total
6,Município,2,%,80.21,2410603,Rafael Godeiro - RN,2513,Taxa de alfabetização das pessoas de 15 anos ou mais de idade,2022,2022,6794,Total,95251,Total,100362,Total
6,Município,2,%,74.4,2410702,Riacho da Cruz - RN,2513,Taxa de alfabetização das pessoas de 15 anos ou mais de idade,2022,2022,6794,Total,95251,Total,100362,Total
6,Município,2,%,79.67,2410801,Riacho de Santana - RN,2513,Taxa de alfabetização das pessoas de 15 anos ou mais de idade,2022,2022,6794,Total,95251,Total,100362,Total
6,Município,2,%,79.5,2410900,Riachuelo - RN,2513,Taxa de alfabetização das pessoas de 15 anos ou mais de idade,2022,2022,6794,Total,95251,Total,100362,Total
6,Município,2,%,77.61,2411007,Rodolfo Fernandes - RN,2513,Taxa de alfabetização das pessoas de 15 anos ou mais de idade,2022,2022,6794,Total,95251,Total,100362,Total
6,Município,2,%,86.67,2411056,Tibau - RN,2513,Taxa de alfabetização das pessoas de 15 anos ou mais de idade,2022,2022,6794,Total,95251,Total,100362,Total
6,Município,2,%,77.53,2411106,Ruy Barbosa - RN,2513,Taxa de alfabetização das pessoas de 15 anos ou mais de idade,2022,2022,6794,Total,95251,Total,100362,Total
6,Município,2,%,81.72,2411205,Santa Cruz - RN,2513,Taxa de alfabetização das pessoas de 15 anos ou mais de idade,2022,2022,6794,Total,95251,Total,100362,Total
6,Município,2,%,74.36,2411403,Santana do Matos - RN,2513,Taxa de alfabetização das pessoas de 15 anos ou mais de idade,2022,2022,6794,Total,95251,Total,100362,Total
6,Município,2,%,86.09,2411429,Santana do Seridó - RN,2513,Taxa de alfabetização das pessoas de 15 anos ou mais de idade,2022,2022,6794,Total,95251,Total,100362,Total
6,Município,2,%,76.85,2411502,Santo Antônio - RN,2513,Taxa de alfabetização das pessoas de 15 anos ou mais de idade,2022,2022,6794,Total,95251,Total,100362,Total
6,Município,2,%,80.63,2411601,São Bento do Norte - RN,2513,Taxa de alfabetização das pessoas de 15 anos ou mais de idade,2022,2022,6794,Total,95251,Total,100362,Total
6,Município,2,%,76.12,2411700,São Bento do Trairí - RN,2513,Taxa de alfabetização das pessoas de 15 anos ou mais de idade,2022,2022,6794,Total,95251,Total,100362,Total
6,Município,2,%,78.96,2411809,São Fernando - RN,2513,Taxa de alfabetização das pessoas de 15 anos ou mais de idade,2022,2022,6794,Total,95251,Total,100362,Total
6,Município,2,%,78.37,2411908,São Francisco do Oeste - RN,2513,Taxa de alfabetização das pessoas de 15 anos ou mais de idade,2022,2022,6794,Total,95251,Total,100362,Total
6,Município,2,%,89.82,2412005,São Gonçalo do Amarante - RN,2513,Taxa de alfabetização das pessoas de 15 anos ou mais de idade,2022,2022,6794,Total,95251,Total,100362,Total
6,Município,2,%,85.02,2412104,São João do Sabugi - RN,2513,Taxa de alfabetização das pessoas de 15 anos ou mais de idade,2022,2022,6794,Total,95251,Total,100362,Total
6,Município,2,%,83.61,2412203,São José de Mipibu - RN,2513,Taxa de alfabetização das pessoas de 15 anos ou mais de idade,2022,2022,6794,Total,95251,Total,100362,Total
6,Município,2,%,77.5,2412302,São José do Campestre - RN,2513,Taxa de alfabetização das pessoas de 15 anos ou mais de idade,2022,2022,6794,Total,95251,Total,100362,Total
6,Município,2,%,88.88,2412401,São José do Seridó - RN,2513,Taxa de alfabetização das pessoas de 15 anos ou mais de idade,2022,2022,6794,Total,95251,Total,100362,Total
6,Município,2,%,76.13,2412500,São Miguel - RN,2513,Taxa de alfabetização das pessoas de 15 anos ou mais de idade,2022,2022,6794,Total,95251,Total,100362,Total
6,Município,2,%,80.87,2412559,São Miguel do Gostoso - RN,2513,Taxa de alfabetização das pessoas de 15 anos ou mais de idade,2022,2022,6794,Total,95251,Total,100362,Total
6,Município,2,%,81.12,2412609,São Paulo do Potengi - RN,2513,Taxa de alfabetização das pessoas de 15 anos ou mais de idade,2022,2022,6794,Total,95251,Total,100362,Total
6,Município,2,%,79.28,2412708,São Pedro - RN,2513,Taxa de alfabetização das pessoas de 15 anos ou mais de idade,2022,2022,6794,Total,95251,Total,100362,Total
6,Município,2,%,78.5,2412807,São Rafael - RN,2513,Taxa de alfabetização das pessoas de 15 anos ou mais de idade,2022,2022,6794,Total,95251,Total,100362,Total
6,Município,2,%,77.75,2412906,São Tomé - RN,2513,Taxa de alfabetização das pessoas de 15 anos ou mais de idade,2022,2022,6794,Total,95251,Total,100362,Total
6,Município,2,%,82.88,2413003,São Vicente - RN,2513,Taxa de alfabetização das pessoas de 15 anos ou mais de idade,2022,2022,6794,Total,95251,Total,100362,Total
6,Município,2,%,75.07,2413102,Senador Elói de Souza - RN,2513,Taxa de alfabetização das pessoas de 15 anos ou mais de idade,2022,2022,6794,Total,95251,Total,100362,Total
6,Município,2,%,82.15,2413201,Senador Georgino Avelino - RN,2513,Taxa de alfabetização das pessoas de 15 anos ou mais de idade,2022,2022,6794,Total,95251,Total,100362,Total
6,Município,2,%,72.96,2413300,Serra de São Bento - RN,2513,Taxa de alfabetização das pessoas de 15 anos ou mais de idade,2022,2022,6794,Total,95251,Total,100362,Total
6,Município,2,%,81.58,2413359,Serra do Mel - RN,2513,Taxa de alfabetização das pessoas de 15 anos ou mais de idade,2022,2022,6794,Total,95251,Total,100362,Total
6,Município,2,%,78.85,2413409,Serra Negra do Norte - RN,2513,Taxa de alfabetização das pessoas de 15 anos ou mais de idade,2022,2022,6794,Total,95251,Total,100362,Total
6,Município,2,%,74.03,2413508,Serrinha - RN,2513,Taxa de alfabetização das pessoas de 15 anos ou mais de idade,2022,2022,6794,Total,95251,Total,100362,Total
6,Município,2,%,79.38,2413557,Serrinha dos Pintos - RN,2513,Taxa de alfabetização das pessoas de 15 anos ou mais de idade,2022,2022,6794,Total,95251,Total,100362,Total
6,Município,2,%,78.12,2413607,Severiano Melo - RN,2513,Taxa de alfabetização das pessoas de 15 anos ou mais de idade,2022,2022,6794,Total,95251,Total,100362,Total
6,Município,2,%,76.05,2413706,Sítio Novo - RN,2513,Taxa de alfabetização das pessoas de 15 anos ou mais de idade,2022,2022,6794,Total,95251,Total,100362,Total
6,Município,2,%,83.19,2413805,Taboleiro Grande - RN,2513,Taxa de alfabetização das pessoas de 15 anos ou mais de idade,2022,2022,6794,Total,95251,Total,100362,Total
6,Município,2,%,74.57,2413904,Taipu - RN,2513,Taxa de alfabetização das pessoas de 15 anos ou mais de idade,2022,2022,6794,Total,95251,Total,100362,Total
6,Município,2,%,79.61,2414001,Tangará - RN,2513,Taxa de alfabetização das pessoas de 15 anos ou mais de idade,2022,2022,6794,Total,95251,Total,100362,Total
6,Município,2,%,77.85,2414100,Tenente Ananias - RN,2513,Taxa de alfabetização das pessoas de 15 anos ou mais de idade,2022,2022,6794,Total,95251,Total,100362,Total
6,Município,2,%,81.76,2414159,Tenente Laurentino Cruz - RN,2513,Taxa de alfabetização das pessoas de 15 anos ou mais de idade,2022,2022,6794,Total,95251,Total,100362,Total
6,Município,2,%,88.14,2414209,Tibau do Sul - RN,2513,Taxa de alfabetização das pessoas de 15 anos ou mais de idade,2022,2022,6794,Total,95251,Total,100362,Total
6,Município,2,%,82.97,2414308,Timbaúba dos Batistas - RN,2513,Taxa de alfabetização das pessoas de 15 anos ou mais de idade,2022,2022,6794,Total,95251,Total,100362,Total
6,Município,2,%,77.92,2414407,Touros - RN,2513,Taxa de alfabetização das pessoas de 15 anos ou mais de idade,2022,2022,6794,Total,95251,Total,100362,Total
6,Município,2,%,74.69,2414456,Triunfo Potiguar - RN,2513,Taxa de alfabetização das pessoas de 15 anos ou mais de idade,2022,2022,6794,Total,95251,Total,100362,Total
6,Município,2,%,82.12,2414506,Umarizal - RN,2513,Taxa de alfabetização das pessoas de 15 anos ou mais de idade,2022,2022,6794,Total,95251,Total,100362,Total
6,Município,2,%,77.77,2414605,Upanema - RN,2513,Taxa de alfabetização das pessoas de 15 anos ou mais de idade,2022,2022,6794,Total,95251,Total,100362,Total
6,Município,2,%,76.85,2414704,Várzea - RN,2513,Taxa de alfabetização das pessoas de 15 anos ou mais de idade,2022,2022,6794,Total,95251,Total,100362,Total
6,Município,2,%,70.81,2414753,Venha-Ver - RN,2513,Taxa de alfabetização das pessoas de 15 anos ou mais de idade,2022,2022,6794,Total,95251,Total,100362,Total
6,Município,2,%,76.6,2414803,Vera Cruz - RN,2513,Taxa de alfabetização das pessoas de 15 anos ou mais de idade,2022,2022,6794,Total,95251,Total,100362,Total
6,Município,2,%,80.75,2414902,Viçosa - RN,2513,Taxa de alfabetização das pessoas de 15 anos ou mais de idade,2022,2022,6794,Total,95251,Total,100362,Total
6,Município,2,%,79.54,2415008,Vila Flor - RN,2513,Taxa de alfabetização das pessoas de 15 anos ou mais de idade,2022,2022,6794,Total,95251,Total,100362,Total
6,Município,2,%,81.32,2500106,Água Branca - PB,2513,Taxa de alfabetização das pessoas de 15 anos ou mais de idade,2022,2022,6794,Total,95251,Total,100362,Total
6,Município,2,%,69.5,2500205,Aguiar - PB,2513,Taxa de alfabetização das pessoas de 15 anos ou mais de idade,2022,2022,6794,Total,95251,Total,100362,Total
6,Município,2,%,72.55,2500304,Alagoa Grande - PB,2513,Taxa de alfabetização das pessoas de 15 anos ou mais de idade,2022,2022,6794,Total,95251,Total,100362,Total
6,Município,2,%,78.21,2500403,Alagoa Nova - PB,2513,Taxa de alfabetização das pessoas de 15 anos ou mais de idade,2022,2022,6794,Total,95251,Total,100362,Total
6,Município,2,%,73.45,2500502,Alagoinha - PB,2513,Taxa de alfabetização das pessoas de 15 anos ou mais de idade,2022,2022,6794,Total,95251,Total,100362,Total
6,Município,2,%,80.22,2500536,Alcantil - PB,2513,Taxa de alfabetização das pessoas de 15 anos ou mais de idade,2022,2022,6794,Total,95251,Total,100362,Total
6,Município,2,%,70.37,2500577,Algodão de Jandaíra - PB,2513,Taxa de alfabetização das pessoas de 15 anos ou mais de idade,2022,2022,6794,Total,95251,Total,100362,Total
6,Município,2,%,82.42,2500601,Alhandra - PB,2513,Taxa de alfabetização das pessoas de 15 anos ou mais de idade,2022,2022,6794,Total,95251,Total,100362,Total
6,Município,2,%,78.6,2500700,São João do Rio do Peixe - PB,2513,Taxa de alfabetização das pessoas de 15 anos ou mais de idade,2022,2022,6794,Total,95251,Total,100362,Total
6,Município,2,%,80.06,2500734,Amparo - PB,2513,Taxa de alfabetização das pessoas de 15 anos ou mais de idade,2022,2022,6794,Total,95251,Total,100362,Total
6,Município,2,%,77,2500775,Aparecida - PB,2513,Taxa de alfabetização das pessoas de 15 anos ou mais de idade,2022,2022,6794,Total,95251,Total,100362,Total
6,Município,2,%,71.51,2500809,Araçagi - PB,2513,Taxa de alfabetização das pessoas de 15 anos ou mais de idade,2022,2022,6794,Total,95251,Total,100362,Total
6,Município,2,%,72.46,2500908,Arara - PB,2513,Taxa de alfabetização das pessoas de 15 anos ou mais de idade,2022,2022,6794,Total,95251,Total,100362,Total
6,Município,2,%,70,2501005,Araruna - PB,2513,Taxa de alfabetização das pessoas de 15 anos ou mais de idade,2022,2022,6794,Total,95251,Total,100362,Total
6,Município,2,%,78.23,2501104,Areia - PB,2513,Taxa de alfabetização das pessoas de 15 anos ou mais de idade,2022,2022,6794,Total,95251,Total,100362,Total
6,Município,2,%,76.31,2501153,Areia de Baraúnas - PB,2513,Taxa de alfabetização das pessoas de 15 anos ou mais de idade,2022,2022,6794,Total,95251,Total,100362,Total
6,Município,2,%,81.62,2501203,Areial - PB,2513,Taxa de alfabetização das pessoas de 15 anos ou mais de idade,2022,2022,6794,Total,95251,Total,100362,Total
6,Município,2,%,73.75,2501302,Aroeiras - PB,2513,Taxa de alfabetização das pessoas de 15 anos ou mais de idade,2022,2022,6794,Total,95251,Total,100362,Total
6,Município,2,%,81.01,2501351,Assunção - PB,2513,Taxa de alfabetização das pessoas de 15 anos ou mais de idade,2022,2022,6794,Total,95251,Total,100362,Total
6,Município,2,%,82.28,2501401,Baía da Traição - PB,2513,Taxa de alfabetização das pessoas de 15 anos ou mais de idade,2022,2022,6794,Total,95251,Total,100362,Total
6,Município,2,%,75.04,2501500,Bananeiras - PB,2513,Taxa de alfabetização das pessoas de 15 anos ou mais de idade,2022,2022,6794,Total,95251,Total,100362,Total
6,Município,2,%,77.01,2501534,Baraúna - PB,2513,Taxa de alfabetização das pessoas de 15 anos ou mais de idade,2022,2022,6794,Total,95251,Total,100362,Total
6,Município,2,%,75.13,2501575,Barra de Santana - PB,2513,Taxa de alfabetização das pessoas de 15 anos ou mais de idade,2022,2022,6794,Total,95251,Total,100362,Total
6,Município,2,%,72.43,2501609,Barra de Santa Rosa - PB,2513,Taxa de alfabetização das pessoas de 15 anos ou mais de idade,2022,2022,6794,Total,95251,Total,100362,Total
6,Município,2,%,79.52,2501708,Barra de São Miguel - PB,2513,Taxa de alfabetização das pessoas de 15 anos ou mais de idade,2022,2022,6794,Total,95251,Total,100362,Total
6,Município,2,%,87.22,2501807,Bayeux - PB,2513,Taxa de alfabetização das pessoas de 15 anos ou mais de idade,2022,2022,6794,Total,95251,Total,100362,Total
6,Município,2,%,75.74,2501906,Belém - PB,2513,Taxa de alfabetização das pessoas de 15 anos ou mais de idade,2022,2022,6794,Total,95251,Total,100362,Total
6,Município,2,%,71.36,2502003,Belém do Brejo do Cruz - PB,2513,Taxa de alfabetização das pessoas de 15 anos ou mais de idade,2022,2022,6794,Total,95251,Total,100362,Total
6,Município,2,%,75.63,2502052,Bernardino Batista - PB,2513,Taxa de alfabetização das pessoas de 15 anos ou mais de idade,2022,2022,6794,Total,95251,Total,100362,Total
6,Município,2,%,75.78,2502102,Boa Ventura - PB,2513,Taxa de alfabetização das pessoas de 15 anos ou mais de idade,2022,2022,6794,Total,95251,Total,100362,Total
6,Município,2,%,87.19,2502151,Boa Vista - PB,2513,Taxa de alfabetização das pessoas de 15 anos ou mais de idade,2022,2022,6794,Total,95251,Total,100362,Total
6,Município,2,%,78.81,2502201,Bom Jesus - PB,2513,Taxa de alfabetização das pessoas de 15 anos ou mais de idade,2022,2022,6794,Total,95251,Total,100362,Total
6,Município,2,%,74.83,2502300,Bom Sucesso - PB,2513,Taxa de alfabetização das pessoas de 15 anos ou mais de idade,2022,2022,6794,Total,95251,Total,100362,Total
6,Município,2,%,79.43,2502409,Bonito de Santa Fé - PB,2513,Taxa de alfabetização das pessoas de 15 anos ou mais de idade,2022,2022,6794,Total,95251,Total,100362,Total
6,Município,2,%,81.56,2502508,Boqueirão - PB,2513,Taxa de alfabetização das pessoas de 15 anos ou mais de idade,2022,2022,6794,Total,95251,Total,100362,Total
6,Município,2,%,75.3,2502607,Igaracy - PB,2513,Taxa de alfabetização das pessoas de 15 anos ou mais de idade,2022,2022,6794,Total,95251,Total,100362,Total
6,Município,2,%,75.64,2502706,Borborema - PB,2513,Taxa de alfabetização das pessoas de 15 anos ou mais de idade,2022,2022,6794,Total,95251,Total,100362,Total
6,Município,2,%,76.92,2502805,Brejo do Cruz - PB,2513,Taxa de alfabetização das pessoas de 15 anos ou mais de idade,2022,2022,6794,Total,95251,Total,100362,Total
6,Município,2,%,79.54,2502904,Brejo dos Santos - PB,2513,Taxa de alfabetização das pessoas de 15 anos ou mais de idade,2022,2022,6794,Total,95251,Total,100362,Total
6,Município,2,%,81.43,2503001,Caaporã - PB,2513,Taxa de alfabetização das pessoas de 15 anos ou mais de idade,2022,2022,6794,Total,95251,Total,100362,Total
6,Município,2,%,90.71,2503100,Cabaceiras - PB,2513,Taxa de alfabetização das pessoas de 15 anos ou mais de idade,2022,2022,6794,Total,95251,Total,100362,Total
6,Município,2,%,91.48,2503209,Cabedelo - PB,2513,Taxa de alfabetização das pessoas de 15 anos ou mais de idade,2022,2022,6794,Total,95251,Total,100362,Total
6,Município,2,%,78.2,2503308,Cachoeira dos Índios - PB,2513,Taxa de alfabetização das pessoas de 15 anos ou mais de idade,2022,2022,6794,Total,95251,Total,100362,Total
6,Município,2,%,79.84,2503407,Cacimba de Areia - PB,2513,Taxa de alfabetização das pessoas de 15 anos ou mais de idade,2022,2022,6794,Total,95251,Total,100362,Total
6,Município,2,%,70.05,2503506,Cacimba de Dentro - PB,2513,Taxa de alfabetização das pessoas de 15 anos ou mais de idade,2022,2022,6794,Total,95251,Total,100362,Total
6,Município,2,%,75.26,2503555,Cacimbas - PB,2513,Taxa de alfabetização das pessoas de 15 anos ou mais de idade,2022,2022,6794,Total,95251,Total,100362,Total
6,Município,2,%,75.03,2503605,Caiçara - PB,2513,Taxa de alfabetização das pessoas de 15 anos ou mais de idade,2022,2022,6794,Total,95251,Total,100362,Total
6,Município,2,%,86.28,2503704,Cajazeiras - PB,2513,Taxa de alfabetização das pessoas de 15 anos ou mais de idade,2022,2022,6794,Total,95251,Total,100362,Total
6,Município,2,%,71.19,2503753,Cajazeirinhas - PB,2513,Taxa de alfabetização das pessoas de 15 anos ou mais de idade,2022,2022,6794,Total,95251,Total,100362,Total
6,Município,2,%,73.66,2503803,Caldas Brandão - PB,2513,Taxa de alfabetização das pessoas de 15 anos ou mais de idade,2022,2022,6794,Total,95251,Total,100362,Total
6,Município,2,%,76.37,2503902,Camalaú - PB,2513,Taxa de alfabetização das pessoas de 15 anos ou mais de idade,2022,2022,6794,Total,95251,Total,100362,Total
6,Município,2,%,91.97,2504009,Campina Grande - PB,2513,Taxa de alfabetização das pessoas de 15 anos ou mais de idade,2022,2022,6794,Total,95251,Total,100362,Total
6,Município,2,%,71.53,2504033,Capim - PB,2513,Taxa de alfabetização das pessoas de 15 anos ou mais de idade,2022,2022,6794,Total,95251,Total,100362,Total
6,Município,2,%,80.62,2504074,Caraúbas - PB,2513,Taxa de alfabetização das pessoas de 15 anos ou mais de idade,2022,2022,6794,Total,95251,Total,100362,Total
6,Município,2,%,78.5,2504108,Carrapateira - PB,2513,Taxa de alfabetização das pessoas de 15 anos ou mais de idade,2022,2022,6794,Total,95251,Total,100362,Total
6,Município,2,%,67.96,2504157,Casserengue - PB,2513,Taxa de alfabetização das pessoas de 15 anos ou mais de idade,2022,2022,6794,Total,95251,Total,100362,Total
6,Município,2,%,74.5,2504207,Catingueira - PB,2513,Taxa de alfabetização das pessoas de 15 anos ou mais de idade,2022,2022,6794,Total,95251,Total,100362,Total
6,Município,2,%,83.35,2504306,Catolé do Rocha - PB,2513,Taxa de alfabetização das pessoas de 15 anos ou mais de idade,2022,2022,6794,Total,95251,Total,100362,Total
6,Município,2,%,83.64,2504355,Caturité - PB,2513,Taxa de alfabetização das pessoas de 15 anos ou mais de idade,2022,2022,6794,Total,95251,Total,100362,Total
6,Município,2,%,73.43,2504405,Conceição - PB,2513,Taxa de alfabetização das pessoas de 15 anos ou mais de idade,2022,2022,6794,Total,95251,Total,100362,Total
6,Município,2,%,77.83,2504504,Condado - PB,2513,Taxa de alfabetização das pessoas de 15 anos ou mais de idade,2022,2022,6794,Total,95251,Total,100362,Total
6,Município,2,%,84.09,2504603,Conde - PB,2513,Taxa de alfabetização das pessoas de 15 anos ou mais de idade,2022,2022,6794,Total,95251,Total,100362,Total
6,Município,2,%,77.63,2504702,Congo - PB,2513,Taxa de alfabetização das pessoas de 15 anos ou mais de idade,2022,2022,6794,Total,95251,Total,100362,Total
6,Município,2,%,74.24,2504801,Coremas - PB,2513,Taxa de alfabetização das pessoas de 15 anos ou mais de idade,2022,2022,6794,Total,95251,Total,100362,Total
6,Município,2,%,82.96,2504850,Coxixola - PB,2513,Taxa de alfabetização das pessoas de 15 anos ou mais de idade,2022,2022,6794,Total,95251,Total,100362,Total
6,Município,2,%,73.76,2504900,Cruz do Espírito Santo - PB,2513,Taxa de alfabetização das pessoas de 15 anos ou mais de idade,2022,2022,6794,Total,95251,Total,100362,Total
6,Município,2,%,80.58,2505006,Cubati - PB,2513,Taxa de alfabetização das pessoas de 15 anos ou mais de idade,2022,2022,6794,Total,95251,Total,100362,Total
6,Município,2,%,77.13,2505105,Cuité - PB,2513,Taxa de alfabetização das pessoas de 15 anos ou mais de idade,2022,2022,6794,Total,95251,Total,100362,Total
6,Município,2,%,75.7,2505204,Cuitegi - PB,2513,Taxa de alfabetização das pessoas de 15 anos ou mais de idade,2022,2022,6794,Total,95251,Total,100362,Total
6,Município,2,%,69.4,2505238,Cuité de Mamanguape - PB,2513,Taxa de alfabetização das pessoas de 15 anos ou mais de idade,2022,2022,6794,Total,95251,Total,100362,Total
6,Município,2,%,68.6,2505279,Curral de Cima - PB,2513,Taxa de alfabetização das pessoas de 15 anos ou mais de idade,2022,2022,6794,Total,95251,Total,100362,Total
6,Município,2,%,77.18,2505303,Curral Velho - PB,2513,Taxa de alfabetização das pessoas de 15 anos ou mais de idade,2022,2022,6794,Total,95251,Total,100362,Total
6,Município,2,%,67.27,2505352,Damião - PB,2513,Taxa de alfabetização das pessoas de 15 anos ou mais de idade,2022,2022,6794,Total,95251,Total,100362,Total
6,Município,2,%,79.97,2505402,Desterro - PB,2513,Taxa de alfabetização das pessoas de 15 anos ou mais de idade,2022,2022,6794,Total,95251,Total,100362,Total
6,Município,2,%,79.09,2505501,Vista Serrana - PB,2513,Taxa de alfabetização das pessoas de 15 anos ou mais de idade,2022,2022,6794,Total,95251,Total,100362,Total
6,Município,2,%,75.1,2505600,Diamante - PB,2513,Taxa de alfabetização das pessoas de 15 anos ou mais de idade,2022,2022,6794,Total,95251,Total,100362,Total
6,Município,2,%,71.87,2505709,Dona Inês - PB,2513,Taxa de alfabetização das pessoas de 15 anos ou mais de idade,2022,2022,6794,Total,95251,Total,100362,Total
6,Município,2,%,79.38,2505808,Duas Estradas - PB,2513,Taxa de alfabetização das pessoas de 15 anos ou mais de idade,2022,2022,6794,Total,95251,Total,100362,Total
6,Município,2,%,73.96,2505907,Emas - PB,2513,Taxa de alfabetização das pessoas de 15 anos ou mais de idade,2022,2022,6794,Total,95251,Total,100362,Total
6,Município,2,%,81.84,2506004,Esperança - PB,2513,Taxa de alfabetização das pessoas de 15 anos ou mais de idade,2022,2022,6794,Total,95251,Total,100362,Total
6,Município,2,%,74.81,2506103,Fagundes - PB,2513,Taxa de alfabetização das pessoas de 15 anos ou mais de idade,2022,2022,6794,Total,95251,Total,100362,Total
6,Município,2,%,81.83,2506202,Frei Martinho - PB,2513,Taxa de alfabetização das pessoas de 15 anos ou mais de idade,2022,2022,6794,Total,95251,Total,100362,Total
6,Município,2,%,74.85,2506251,Gado Bravo - PB,2513,Taxa de alfabetização das pessoas de 15 anos ou mais de idade,2022,2022,6794,Total,95251,Total,100362,Total
6,Município,2,%,85.25,2506301,Guarabira - PB,2513,Taxa de alfabetização das pessoas de 15 anos ou mais de idade,2022,2022,6794,Total,95251,Total,100362,Total
6,Município,2,%,70.92,2506400,Gurinhém - PB,2513,Taxa de alfabetização das pessoas de 15 anos ou mais de idade,2022,2022,6794,Total,95251,Total,100362,Total
6,Município,2,%,83.48,2506509,Gurjão - PB,2513,Taxa de alfabetização das pessoas de 15 anos ou mais de idade,2022,2022,6794,Total,95251,Total,100362,Total
6,Município,2,%,70.06,2506608,Ibiara - PB,2513,Taxa de alfabetização das pessoas de 15 anos ou mais de idade,2022,2022,6794,Total,95251,Total,100362,Total
6,Município,2,%,78.72,2506707,Imaculada - PB,2513,Taxa de alfabetização das pessoas de 15 anos ou mais de idade,2022,2022,6794,Total,95251,Total,100362,Total
6,Município,2,%,74.79,2506806,Ingá - PB,2513,Taxa de alfabetização das pessoas de 15 anos ou mais de idade,2022,2022,6794,Total,95251,Total,100362,Total
6,Município,2,%,78.4,2506905,Itabaiana - PB,2513,Taxa de alfabetização das pessoas de 15 anos ou mais de idade,2022,2022,6794,Total,95251,Total,100362,Total
6,Município,2,%,83.07,2507002,Itaporanga - PB,2513,Taxa de alfabetização das pessoas de 15 anos ou mais de idade,2022,2022,6794,Total,95251,Total,100362,Total
6,Município,2,%,72.79,2507101,Itapororoca - PB,2513,Taxa de alfabetização das pessoas de 15 anos ou mais de idade,2022,2022,6794,Total,95251,Total,100362,Total
6,Município,2,%,72.19,2507200,Itatuba - PB,2513,Taxa de alfabetização das pessoas de 15 anos ou mais de idade,2022,2022,6794,Total,95251,Total,100362,Total
6,Município,2,%,74.97,2507309,Jacaraú - PB,2513,Taxa de alfabetização das pessoas de 15 anos ou mais de idade,2022,2022,6794,Total,95251,Total,100362,Total
6,Município,2,%,78.9,2507408,Jericó - PB,2513,Taxa de alfabetização das pessoas de 15 anos ou mais de idade,2022,2022,6794,Total,95251,Total,100362,Total
6,Município,2,%,93.87,2507507,João Pessoa - PB,2513,Taxa de alfabetização das pessoas de 15 anos ou mais de idade,2022,2022,6794,Total,95251,Total,100362,Total
6,Município,2,%,71.96,2507606,Juarez Távora - PB,2513,Taxa de alfabetização das pessoas de 15 anos ou mais de idade,2022,2022,6794,Total,95251,Total,100362,Total
6,Município,2,%,82.33,2507705,Juazeirinho - PB,2513,Taxa de alfabetização das pessoas de 15 anos ou mais de idade,2022,2022,6794,Total,95251,Total,100362,Total
6,Município,2,%,81.34,2507804,Junco do Seridó - PB,2513,Taxa de alfabetização das pessoas de 15 anos ou mais de idade,2022,2022,6794,Total,95251,Total,100362,Total
6,Município,2,%,72.9,2507903,Juripiranga - PB,2513,Taxa de alfabetização das pessoas de 15 anos ou mais de idade,2022,2022,6794,Total,95251,Total,100362,Total
6,Município,2,%,75.29,2508000,Juru - PB,2513,Taxa de alfabetização das pessoas de 15 anos ou mais de idade,2022,2022,6794,Total,95251,Total,100362,Total
6,Município,2,%,73.44,2508109,Lagoa - PB,2513,Taxa de alfabetização das pessoas de 15 anos ou mais de idade,2022,2022,6794,Total,95251,Total,100362,Total
6,Município,2,%,74.94,2508208,Lagoa de Dentro - PB,2513,Taxa de alfabetização das pessoas de 15 anos ou mais de idade,2022,2022,6794,Total,95251,Total,100362,Total
6,Município,2,%,84.58,2508307,Lagoa Seca - PB,2513,Taxa de alfabetização das pessoas de 15 anos ou mais de idade,2022,2022,6794,Total,95251,Total,100362,Total
6,Município,2,%,72.73,2508406,Lastro - PB,2513,Taxa de alfabetização das pessoas de 15 anos ou mais de idade,2022,2022,6794,Total,95251,Total,100362,Total
6,Município,2,%,82.03,2508505,Livramento - PB,2513,Taxa de alfabetização das pessoas de 15 anos ou mais de idade,2022,2022,6794,Total,95251,Total,100362,Total
6,Município,2,%,77.24,2508554,Logradouro - PB,2513,Taxa de alfabetização das pessoas de 15 anos ou mais de idade,2022,2022,6794,Total,95251,Total,100362,Total
6,Município,2,%,82.6,2508604,Lucena - PB,2513,Taxa de alfabetização das pessoas de 15 anos ou mais de idade,2022,2022,6794,Total,95251,Total,100362,Total
6,Município,2,%,76.66,2508703,Mãe d'Água - PB,2513,Taxa de alfabetização das pessoas de 15 anos ou mais de idade,2022,2022,6794,Total,95251,Total,100362,Total
6,Município,2,%,77.42,2508802,Malta - PB,2513,Taxa de alfabetização das pessoas de 15 anos ou mais de idade,2022,2022,6794,Total,95251,Total,100362,Total
6,Município,2,%,78.52,2508901,Mamanguape - PB,2513,Taxa de alfabetização das pessoas de 15 anos ou mais de idade,2022,2022,6794,Total,95251,Total,100362,Total
6,Município,2,%,73.37,2509008,Manaíra - PB,2513,Taxa de alfabetização das pessoas de 15 anos ou mais de idade,2022,2022,6794,Total,95251,Total,100362,Total
6,Município,2,%,76.66,2509057,Marcação - PB,2513,Taxa de alfabetização das pessoas de 15 anos ou mais de idade,2022,2022,6794,Total,95251,Total,100362,Total
6,Município,2,%,74.04,2509107,Mari - PB,2513,Taxa de alfabetização das pessoas de 15 anos ou mais de idade,2022,2022,6794,Total,95251,Total,100362,Total
6,Município,2,%,80.79,2509156,Marizópolis - PB,2513,Taxa de alfabetização das pessoas de 15 anos ou mais de idade,2022,2022,6794,Total,95251,Total,100362,Total
6,Município,2,%,78.12,2509206,Massaranduba - PB,2513,Taxa de alfabetização das pessoas de 15 anos ou mais de idade,2022,2022,6794,Total,95251,Total,100362,Total
6,Município,2,%,79.82,2509305,Mataraca - PB,2513,Taxa de alfabetização das pessoas de 15 anos ou mais de idade,2022,2022,6794,Total,95251,Total,100362,Total
6,Município,2,%,76.54,2509339,Matinhas - PB,2513,Taxa de alfabetização das pessoas de 15 anos ou mais de idade,2022,2022,6794,Total,95251,Total,100362,Total
6,Município,2,%,67.55,2509370,Mato Grosso - PB,2513,Taxa de alfabetização das pessoas de 15 anos ou mais de idade,2022,2022,6794,Total,95251,Total,100362,Total
6,Município,2,%,79.83,2509396,Maturéia - PB,2513,Taxa de alfabetização das pessoas de 15 anos ou mais de idade,2022,2022,6794,Total,95251,Total,100362,Total
6,Município,2,%,74.58,2509404,Mogeiro - PB,2513,Taxa de alfabetização das pessoas de 15 anos ou mais de idade,2022,2022,6794,Total,95251,Total,100362,Total
6,Município,2,%,83.19,2509503,Montadas - PB,2513,Taxa de alfabetização das pessoas de 15 anos ou mais de idade,2022,2022,6794,Total,95251,Total,100362,Total
6,Município,2,%,77.31,2509602,Monte Horebe - PB,2513,Taxa de alfabetização das pessoas de 15 anos ou mais de idade,2022,2022,6794,Total,95251,Total,100362,Total
6,Município,2,%,81.5,2509701,Monteiro - PB,2513,Taxa de alfabetização das pessoas de 15 anos ou mais de idade,2022,2022,6794,Total,95251,Total,100362,Total
6,Município,2,%,75.3,2509800,Mulungu - PB,2513,Taxa de alfabetização das pessoas de 15 anos ou mais de idade,2022,2022,6794,Total,95251,Total,100362,Total
6,Município,2,%,70,2509909,Natuba - PB,2513,Taxa de alfabetização das pessoas de 15 anos ou mais de idade,2022,2022,6794,Total,95251,Total,100362,Total
6,Município,2,%,74.25,2510006,Nazarezinho - PB,2513,Taxa de alfabetização das pessoas de 15 anos ou mais de idade,2022,2022,6794,Total,95251,Total,100362,Total
6,Município,2,%,80.1,2510105,Nova Floresta - PB,2513,Taxa de alfabetização das pessoas de 15 anos ou mais de idade,2022,2022,6794,Total,95251,Total,100362,Total
6,Município,2,%,75.38,2510204,Nova Olinda - PB,2513,Taxa de alfabetização das pessoas de 15 anos ou mais de idade,2022,2022,6794,Total,95251,Total,100362,Total
6,Município,2,%,80.21,2510303,Nova Palmeira - PB,2513,Taxa de alfabetização das pessoas de 15 anos ou mais de idade,2022,2022,6794,Total,95251,Total,100362,Total
6,Município,2,%,71.28,2510402,Olho d'Água - PB,2513,Taxa de alfabetização das pessoas de 15 anos ou mais de idade,2022,2022,6794,Total,95251,Total,100362,Total
6,Município,2,%,80.73,2510501,Olivedos - PB,2513,Taxa de alfabetização das pessoas de 15 anos ou mais de idade,2022,2022,6794,Total,95251,Total,100362,Total
6,Município,2,%,76.84,2510600,Ouro Velho - PB,2513,Taxa de alfabetização das pessoas de 15 anos ou mais de idade,2022,2022,6794,Total,95251,Total,100362,Total
6,Município,2,%,81.98,2510659,Parari - PB,2513,Taxa de alfabetização das pessoas de 15 anos ou mais de idade,2022,2022,6794,Total,95251,Total,100362,Total
6,Município,2,%,79.64,2510709,Passagem - PB,2513,Taxa de alfabetização das pessoas de 15 anos ou mais de idade,2022,2022,6794,Total,95251,Total,100362,Total
6,Município,2,%,87.18,2510808,Patos - PB,2513,Taxa de alfabetização das pessoas de 15 anos ou mais de idade,2022,2022,6794,Total,95251,Total,100362,Total
6,Município,2,%,76.5,2510907,Paulista - PB,2513,Taxa de alfabetização das pessoas de 15 anos ou mais de idade,2022,2022,6794,Total,95251,Total,100362,Total
6,Município,2,%,78.16,2511004,Pedra Branca - PB,2513,Taxa de alfabetização das pessoas de 15 anos ou mais de idade,2022,2022,6794,Total,95251,Total,100362,Total
6,Município,2,%,79.97,2511103,Pedra Lavrada - PB,2513,Taxa de alfabetização das pessoas de 15 anos ou mais de idade,2022,2022,6794,Total,95251,Total,100362,Total
6,Município,2,%,76.74,2511202,Pedras de Fogo - PB,2513,Taxa de alfabetização das pessoas de 15 anos ou mais de idade,2022,2022,6794,Total,95251,Total,100362,Total
6,Município,2,%,80.45,2511301,Piancó - PB,2513,Taxa de alfabetização das pessoas de 15 anos ou mais de idade,2022,2022,6794,Total,95251,Total,100362,Total
6,Município,2,%,81.7,2511400,Picuí - PB,2513,Taxa de alfabetização das pessoas de 15 anos ou mais de idade,2022,2022,6794,Total,95251,Total,100362,Total
6,Município,2,%,73.69,2511509,Pilar - PB,2513,Taxa de alfabetização das pessoas de 15 anos ou mais de idade,2022,2022,6794,Total,95251,Total,100362,Total
6,Município,2,%,71.48,2511608,Pilões - PB,2513,Taxa de alfabetização das pessoas de 15 anos ou mais de idade,2022,2022,6794,Total,95251,Total,100362,Total
6,Município,2,%,73.28,2511707,Pilõezinhos - PB,2513,Taxa de alfabetização das pessoas de 15 anos ou mais de idade,2022,2022,6794,Total,95251,Total,100362,Total
6,Município,2,%,78.74,2511806,Pirpirituba - PB,2513,Taxa de alfabetização das pessoas de 15 anos ou mais de idade,2022,2022,6794,Total,95251,Total,100362,Total
6,Município,2,%,81.68,2511905,Pitimbu - PB,2513,Taxa de alfabetização das pessoas de 15 anos ou mais de idade,2022,2022,6794,Total,95251,Total,100362,Total
6,Município,2,%,81.49,2512002,Pocinhos - PB,2513,Taxa de alfabetização das pessoas de 15 anos ou mais de idade,2022,2022,6794,Total,95251,Total,100362,Total
6,Município,2,%,70.52,2512036,Poço Dantas - PB,2513,Taxa de alfabetização das pessoas de 15 anos ou mais de idade,2022,2022,6794,Total,95251,Total,100362,Total
6,Município,2,%,80.96,2512077,Poço de José de Moura - PB,2513,Taxa de alfabetização das pessoas de 15 anos ou mais de idade,2022,2022,6794,Total,95251,Total,100362,Total
6,Município,2,%,81.01,2512101,Pombal - PB,2513,Taxa de alfabetização das pessoas de 15 anos ou mais de idade,2022,2022,6794,Total,95251,Total,100362,Total
6,Município,2,%,80.15,2512200,Prata - PB,2513,Taxa de alfabetização das pessoas de 15 anos ou mais de idade,2022,2022,6794,Total,95251,Total,100362,Total
6,Município,2,%,82.13,2512309,Princesa Isabel - PB,2513,Taxa de alfabetização das pessoas de 15 anos ou mais de idade,2022,2022,6794,Total,95251,Total,100362,Total
6,Município,2,%,85.25,2512408,Puxinanã - PB,2513,Taxa de alfabetização das pessoas de 15 anos ou mais de idade,2022,2022,6794,Total,95251,Total,100362,Total
6,Município,2,%,84.2,2512507,Queimadas - PB,2513,Taxa de alfabetização das pessoas de 15 anos ou mais de idade,2022,2022,6794,Total,95251,Total,100362,Total
6,Município,2,%,82.35,2512606,Quixaba - PB,2513,Taxa de alfabetização das pessoas de 15 anos ou mais de idade,2022,2022,6794,Total,95251,Total,100362,Total
6,Município,2,%,78.84,2512705,Remígio - PB,2513,Taxa de alfabetização das pessoas de 15 anos ou mais de idade,2022,2022,6794,Total,95251,Total,100362,Total
6,Município,2,%,74.45,2512721,Pedro Régis - PB,2513,Taxa de alfabetização das pessoas de 15 anos ou mais de idade,2022,2022,6794,Total,95251,Total,100362,Total
6,Município,2,%,73.6,2512747,Riachão - PB,2513,Taxa de alfabetização das pessoas de 15 anos ou mais de idade,2022,2022,6794,Total,95251,Total,100362,Total
6,Município,2,%,77.07,2512754,Riachão do Bacamarte - PB,2513,Taxa de alfabetização das pessoas de 15 anos ou mais de idade,2022,2022,6794,Total,95251,Total,100362,Total
6,Município,2,%,70.76,2512762,Riachão do Poço - PB,2513,Taxa de alfabetização das pessoas de 15 anos ou mais de idade,2022,2022,6794,Total,95251,Total,100362,Total
6,Município,2,%,78.98,2512788,Riacho de Santo Antônio - PB,2513,Taxa de alfabetização das pessoas de 15 anos ou mais de idade,2022,2022,6794,Total,95251,Total,100362,Total
6,Município,2,%,78.66,2512804,Riacho dos Cavalos - PB,2513,Taxa de alfabetização das pessoas de 15 anos ou mais de idade,2022,2022,6794,Total,95251,Total,100362,Total
6,Município,2,%,80.43,2512903,Rio Tinto - PB,2513,Taxa de alfabetização das pessoas de 15 anos ou mais de idade,2022,2022,6794,Total,95251,Total,100362,Total
6,Município,2,%,75.22,2513000,Salgadinho - PB,2513,Taxa de alfabetização das pessoas de 15 anos ou mais de idade,2022,2022,6794,Total,95251,Total,100362,Total
6,Município,2,%,70.36,2513109,Salgado de São Félix - PB,2513,Taxa de alfabetização das pessoas de 15 anos ou mais de idade,2022,2022,6794,Total,95251,Total,100362,Total
6,Município,2,%,74.38,2513158,Santa Cecília - PB,2513,Taxa de alfabetização das pessoas de 15 anos ou mais de idade,2022,2022,6794,Total,95251,Total,100362,Total
6,Município,2,%,75.99,2513208,Santa Cruz - PB,2513,Taxa de alfabetização das pessoas de 15 anos ou mais de idade,2022,2022,6794,Total,95251,Total,100362,Total
6,Município,2,%,78.16,2513307,Santa Helena - PB,2513,Taxa de alfabetização das pessoas de 15 anos ou mais de idade,2022,2022,6794,Total,95251,Total,100362,Total
6,Município,2,%,73.02,2513356,Santa Inês - PB,2513,Taxa de alfabetização das pessoas de 15 anos ou mais de idade,2022,2022,6794,Total,95251,Total,100362,Total
6,Município,2,%,85.09,2513406,Santa Luzia - PB,2513,Taxa de alfabetização das pessoas de 15 anos ou mais de idade,2022,2022,6794,Total,95251,Total,100362,Total
6,Município,2,%,72.86,2513505,Santana de Mangueira - PB,2513,Taxa de alfabetização das pessoas de 15 anos ou mais de idade,2022,2022,6794,Total,95251,Total,100362,Total
6,Município,2,%,70.23,2513604,Santana dos Garrotes - PB,2513,Taxa de alfabetização das pessoas de 15 anos ou mais de idade,2022,2022,6794,Total,95251,Total,100362,Total
6,Município,2,%,80.94,2513653,Joca Claudino - PB,2513,Taxa de alfabetização das pessoas de 15 anos ou mais de idade,2022,2022,6794,Total,95251,Total,100362,Total
6,Município,2,%,85.62,2513703,Santa Rita - PB,2513,Taxa de alfabetização das pessoas de 15 anos ou mais de idade,2022,2022,6794,Total,95251,Total,100362,Total
6,Município,2,%,77.96,2513802,Santa Teresinha - PB,2513,Taxa de alfabetização das pessoas de 15 anos ou mais de idade,2022,2022,6794,Total,95251,Total,100362,Total
6,Município,2,%,80.67,2513851,Santo André - PB,2513,Taxa de alfabetização das pessoas de 15 anos ou mais de idade,2022,2022,6794,Total,95251,Total,100362,Total
6,Município,2,%,76.85,2513901,São Bento - PB,2513,Taxa de alfabetização das pessoas de 15 anos ou mais de idade,2022,2022,6794,Total,95251,Total,100362,Total
6,Município,2,%,76.28,2513927,São Bentinho - PB,2513,Taxa de alfabetização das pessoas de 15 anos ou mais de idade,2022,2022,6794,Total,95251,Total,100362,Total
6,Município,2,%,83.73,2513943,São Domingos do Cariri - PB,2513,Taxa de alfabetização das pessoas de 15 anos ou mais de idade,2022,2022,6794,Total,95251,Total,100362,Total
6,Município,2,%,66.23,2513968,São Domingos - PB,2513,Taxa de alfabetização das pessoas de 15 anos ou mais de idade,2022,2022,6794,Total,95251,Total,100362,Total
6,Município,2,%,73.89,2513984,São Francisco - PB,2513,Taxa de alfabetização das pessoas de 15 anos ou mais de idade,2022,2022,6794,Total,95251,Total,100362,Total
6,Município,2,%,82.83,2514008,São João do Cariri - PB,2513,Taxa de alfabetização das pessoas de 15 anos ou mais de idade,2022,2022,6794,Total,95251,Total,100362,Total
6,Município,2,%,72.29,2514107,São João do Tigre - PB,2513,Taxa de alfabetização das pessoas de 15 anos ou mais de idade,2022,2022,6794,Total,95251,Total,100362,Total
6,Município,2,%,69.37,2514206,São José da Lagoa Tapada - PB,2513,Taxa de alfabetização das pessoas de 15 anos ou mais de idade,2022,2022,6794,Total,95251,Total,100362,Total
6,Município,2,%,73.88,2514305,São José de Caiana - PB,2513,Taxa de alfabetização das pessoas de 15 anos ou mais de idade,2022,2022,6794,Total,95251,Total,100362,Total
6,Município,2,%,79.05,2514404,São José de Espinharas - PB,2513,Taxa de alfabetização das pessoas de 15 anos ou mais de idade,2022,2022,6794,Total,95251,Total,100362,Total
6,Município,2,%,69.28,2514453,São José dos Ramos - PB,2513,Taxa de alfabetização das pessoas de 15 anos ou mais de idade,2022,2022,6794,Total,95251,Total,100362,Total
6,Município,2,%,78.75,2514503,São José de Piranhas - PB,2513,Taxa de alfabetização das pessoas de 15 anos ou mais de idade,2022,2022,6794,Total,95251,Total,100362,Total
6,Município,2,%,76.78,2514552,São José de Princesa - PB,2513,Taxa de alfabetização das pessoas de 15 anos ou mais de idade,2022,2022,6794,Total,95251,Total,100362,Total
6,Município,2,%,79.51,2514602,São José do Bonfim - PB,2513,Taxa de alfabetização das pessoas de 15 anos ou mais de idade,2022,2022,6794,Total,95251,Total,100362,Total
6,Município,2,%,78.5,2514651,São José do Brejo do Cruz - PB,2513,Taxa de alfabetização das pessoas de 15 anos ou mais de idade,2022,2022,6794,Total,95251,Total,100362,Total
6,Município,2,%,82.36,2514701,São José do Sabugi - PB,2513,Taxa de alfabetização das pessoas de 15 anos ou mais de idade,2022,2022,6794,Total,95251,Total,100362,Total
6,Município,2,%,82.15,2514800,São José dos Cordeiros - PB,2513,Taxa de alfabetização das pessoas de 15 anos ou mais de idade,2022,2022,6794,Total,95251,Total,100362,Total
6,Município,2,%,82.41,2514909,São Mamede - PB,2513,Taxa de alfabetização das pessoas de 15 anos ou mais de idade,2022,2022,6794,Total,95251,Total,100362,Total
6,Município,2,%,74.72,2515005,São Miguel de Taipu - PB,2513,Taxa de alfabetização das pessoas de 15 anos ou mais de idade,2022,2022,6794,Total,95251,Total,100362,Total
6,Município,2,%,81.43,2515104,São Sebastião de Lagoa de Roça - PB,2513,Taxa de alfabetização das pessoas de 15 anos ou mais de idade,2022,2022,6794,Total,95251,Total,100362,Total
6,Município,2,%,78.46,2515203,São Sebastião do Umbuzeiro - PB,2513,Taxa de alfabetização das pessoas de 15 anos ou mais de idade,2022,2022,6794,Total,95251,Total,100362,Total
6,Município,2,%,76.35,2515302,Sapé - PB,2513,Taxa de alfabetização das pessoas de 15 anos ou mais de idade,2022,2022,6794,Total,95251,Total,100362,Total
6,Município,2,%,82.34,2515401,São Vicente do Seridó - PB,2513,Taxa de alfabetização das pessoas de 15 anos ou mais de idade,2022,2022,6794,Total,95251,Total,100362,Total
6,Município,2,%,84.61,2515500,Serra Branca - PB,2513,Taxa de alfabetização das pessoas de 15 anos ou mais de idade,2022,2022,6794,Total,95251,Total,100362,Total
6,Município,2,%,74.66,2515609,Serra da Raiz - PB,2513,Taxa de alfabetização das pessoas de 15 anos ou mais de idade,2022,2022,6794,Total,95251,Total,100362,Total
6,Município,2,%,81.32,2515708,Serra Grande - PB,2513,Taxa de alfabetização das pessoas de 15 anos ou mais de idade,2022,2022,6794,Total,95251,Total,100362,Total
6,Município,2,%,78.35,2515807,Serra Redonda - PB,2513,Taxa de alfabetização das pessoas de 15 anos ou mais de idade,2022,2022,6794,Total,95251,Total,100362,Total
6,Município,2,%,72.01,2515906,Serraria - PB,2513,Taxa de alfabetização das pessoas de 15 anos ou mais de idade,2022,2022,6794,Total,95251,Total,100362,Total
6,Município,2,%,82.34,2515930,Sertãozinho - PB,2513,Taxa de alfabetização das pessoas de 15 anos ou mais de idade,2022,2022,6794,Total,95251,Total,100362,Total
6,Município,2,%,75.06,2515971,Sobrado - PB,2513,Taxa de alfabetização das pessoas de 15 anos ou mais de idade,2022,2022,6794,Total,95251,Total,100362,Total
6,Município,2,%,76.75,2516003,Solânea - PB,2513,Taxa de alfabetização das pessoas de 15 anos ou mais de idade,2022,2022,6794,Total,95251,Total,100362,Total
6,Município,2,%,86.29,2516102,Soledade - PB,2513,Taxa de alfabetização das pessoas de 15 anos ou mais de idade,2022,2022,6794,Total,95251,Total,100362,Total
6,Município,2,%,75.94,2516151,Sossêgo - PB,2513,Taxa de alfabetização das pessoas de 15 anos ou mais de idade,2022,2022,6794,Total,95251,Total,100362,Total
6,Município,2,%,83.33,2516201,Sousa - PB,2513,Taxa de alfabetização das pessoas de 15 anos ou mais de idade,2022,2022,6794,Total,95251,Total,100362,Total
6,Município,2,%,82.82,2516300,Sumé - PB,2513,Taxa de alfabetização das pessoas de 15 anos ou mais de idade,2022,2022,6794,Total,95251,Total,100362,Total
6,Município,2,%,71.86,2516409,Tacima - PB,2513,Taxa de alfabetização das pessoas de 15 anos ou mais de idade,2022,2022,6794,Total,95251,Total,100362,Total
6,Município,2,%,80.79,2516508,Taperoá - PB,2513,Taxa de alfabetização das pessoas de 15 anos ou mais de idade,2022,2022,6794,Total,95251,Total,100362,Total
6,Município,2,%,75.94,2516607,Tavares - PB,2513,Taxa de alfabetização das pessoas de 15 anos ou mais de idade,2022,2022,6794,Total,95251,Total,100362,Total
6,Município,2,%,83.02,2516706,Teixeira - PB,2513,Taxa de alfabetização das pessoas de 15 anos ou mais de idade,2022,2022,6794,Total,95251,Total,100362,Total
6,Município,2,%,78.89,2516755,Tenório - PB,2513,Taxa de alfabetização das pessoas de 15 anos ou mais de idade,2022,2022,6794,Total,95251,Total,100362,Total
6,Município,2,%,80.79,2516805,Triunfo - PB,2513,Taxa de alfabetização das pessoas de 15 anos ou mais de idade,2022,2022,6794,Total,95251,Total,100362,Total
6,Município,2,%,78.6,2516904,Uiraúna - PB,2513,Taxa de alfabetização das pessoas de 15 anos ou mais de idade,2022,2022,6794,Total,95251,Total,100362,Total
6,Município,2,%,71.19,2517001,Umbuzeiro - PB,2513,Taxa de alfabetização das pessoas de 15 anos ou mais de idade,2022,2022,6794,Total,95251,Total,100362,Total
6,Município,2,%,89.4,2517100,Várzea - PB,2513,Taxa de alfabetização das pessoas de 15 anos ou mais de idade,2022,2022,6794,Total,95251,Total,100362,Total
6,Município,2,%,67.1,2517209,Vieirópolis - PB,2513,Taxa de alfabetização das pessoas de 15 anos ou mais de idade,2022,2022,6794,Total,95251,Total,100362,Total
6,Município,2,%,80.6,2517407,Zabelê - PB,2513,Taxa de alfabetização das pessoas de 15 anos ou mais de idade,2022,2022,6794,Total,95251,Total,100362,Total
6,Município,2,%,91.45,2600054,Abreu e Lima - PE,2513,Taxa de alfabetização das pessoas de 15 anos ou mais de idade,2022,2022,6794,Total,95251,Total,100362,Total
6,Município,2,%,84.89,2600104,Afogados da Ingazeira - PE,2513,Taxa de alfabetização das pessoas de 15 anos ou mais de idade,2022,2022,6794,Total,95251,Total,100362,Total
6,Município,2,%,81.88,2600203,Afrânio - PE,2513,Taxa de alfabetização das pessoas de 15 anos ou mais de idade,2022,2022,6794,Total,95251,Total,100362,Total
6,Município,2,%,76.74,2600302,Agrestina - PE,2513,Taxa de alfabetização das pessoas de 15 anos ou mais de idade,2022,2022,6794,Total,95251,Total,100362,Total
6,Município,2,%,76.62,2600401,Água Preta - PE,2513,Taxa de alfabetização das pessoas de 15 anos ou mais de idade,2022,2022,6794,Total,95251,Total,100362,Total
6,Município,2,%,70.22,2600500,Águas Belas - PE,2513,Taxa de alfabetização das pessoas de 15 anos ou mais de idade,2022,2022,6794,Total,95251,Total,100362,Total
6,Município,2,%,79,2600609,Alagoinha - PE,2513,Taxa de alfabetização das pessoas de 15 anos ou mais de idade,2022,2022,6794,Total,95251,Total,100362,Total
6,Município,2,%,78.28,2600708,Aliança - PE,2513,Taxa de alfabetização das pessoas de 15 anos ou mais de idade,2022,2022,6794,Total,95251,Total,100362,Total
6,Município,2,%,74.53,2600807,Altinho - PE,2513,Taxa de alfabetização das pessoas de 15 anos ou mais de idade,2022,2022,6794,Total,95251,Total,100362,Total
6,Município,2,%,78.27,2600906,Amaraji - PE,2513,Taxa de alfabetização das pessoas de 15 anos ou mais de idade,2022,2022,6794,Total,95251,Total,100362,Total
6,Município,2,%,76.82,2601003,Angelim - PE,2513,Taxa de alfabetização das pessoas de 15 anos ou mais de idade,2022,2022,6794,Total,95251,Total,100362,Total
6,Município,2,%,80.86,2601052,Araçoiaba - PE,2513,Taxa de alfabetização das pessoas de 15 anos ou mais de idade,2022,2022,6794,Total,95251,Total,100362,Total
6,Município,2,%,81.24,2601102,Araripina - PE,2513,Taxa de alfabetização das pessoas de 15 anos ou mais de idade,2022,2022,6794,Total,95251,Total,100362,Total
6,Município,2,%,87.67,2601201,Arcoverde - PE,2513,Taxa de alfabetização das pessoas de 15 anos ou mais de idade,2022,2022,6794,Total,95251,Total,100362,Total
6,Município,2,%,74.96,2601300,Barra de Guabiraba - PE,2513,Taxa de alfabetização das pessoas de 15 anos ou mais de idade,2022,2022,6794,Total,95251,Total,100362,Total
6,Município,2,%,81.44,2601409,Barreiros - PE,2513,Taxa de alfabetização das pessoas de 15 anos ou mais de idade,2022,2022,6794,Total,95251,Total,100362,Total
6,Município,2,%,74.27,2601508,Belém de Maria - PE,2513,Taxa de alfabetização das pessoas de 15 anos ou mais de idade,2022,2022,6794,Total,95251,Total,100362,Total
6,Município,2,%,82.93,2601607,Belém do São Francisco - PE,2513,Taxa de alfabetização das pessoas de 15 anos ou mais de idade,2022,2022,6794,Total,95251,Total,100362,Total
6,Município,2,%,82.07,2601706,Belo Jardim - PE,2513,Taxa de alfabetização das pessoas de 15 anos ou mais de idade,2022,2022,6794,Total,95251,Total,100362,Total
6,Município,2,%,74.18,2601805,Betânia - PE,2513,Taxa de alfabetização das pessoas de 15 anos ou mais de idade,2022,2022,6794,Total,95251,Total,100362,Total
6,Município,2,%,79.61,2601904,Bezerros - PE,2513,Taxa de alfabetização das pessoas de 15 anos ou mais de idade,2022,2022,6794,Total,95251,Total,100362,Total
6,Município,2,%,76.98,2602001,Bodocó - PE,2513,Taxa de alfabetização das pessoas de 15 anos ou mais de idade,2022,2022,6794,Total,95251,Total,100362,Total
6,Município,2,%,74.45,2602100,Bom Conselho - PE,2513,Taxa de alfabetização das pessoas de 15 anos ou mais de idade,2022,2022,6794,Total,95251,Total,100362,Total
6,Município,2,%,77.41,2602209,Bom Jardim - PE,2513,Taxa de alfabetização das pessoas de 15 anos ou mais de idade,2022,2022,6794,Total,95251,Total,100362,Total
6,Município,2,%,78.79,2602308,Bonito - PE,2513,Taxa de alfabetização das pessoas de 15 anos ou mais de idade,2022,2022,6794,Total,95251,Total,100362,Total
6,Município,2,%,75.99,2602407,Brejão - PE,2513,Taxa de alfabetização das pessoas de 15 anos ou mais de idade,2022,2022,6794,Total,95251,Total,100362,Total
6,Município,2,%,80.56,2602506,Brejinho - PE,2513,Taxa de alfabetização das pessoas de 15 anos ou mais de idade,2022,2022,6794,Total,95251,Total,100362,Total
6,Município,2,%,77.2,2602605,Brejo da Madre de Deus - PE,2513,Taxa de alfabetização das pessoas de 15 anos ou mais de idade,2022,2022,6794,Total,95251,Total,100362,Total
6,Município,2,%,77.06,2602704,Buenos Aires - PE,2513,Taxa de alfabetização das pessoas de 15 anos ou mais de idade,2022,2022,6794,Total,95251,Total,100362,Total
6,Município,2,%,71.22,2602803,Buíque - PE,2513,Taxa de alfabetização das pessoas de 15 anos ou mais de idade,2022,2022,6794,Total,95251,Total,100362,Total
6,Município,2,%,89.81,2602902,Cabo de Santo Agostinho - PE,2513,Taxa de alfabetização das pessoas de 15 anos ou mais de idade,2022,2022,6794,Total,95251,Total,100362,Total
6,Município,2,%,83.03,2603009,Cabrobó - PE,2513,Taxa de alfabetização das pessoas de 15 anos ou mais de idade,2022,2022,6794,Total,95251,Total,100362,Total
6,Município,2,%,80.7,2603108,Cachoeirinha - PE,2513,Taxa de alfabetização das pessoas de 15 anos ou mais de idade,2022,2022,6794,Total,95251,Total,100362,Total
6,Município,2,%,74.01,2603207,Caetés - PE,2513,Taxa de alfabetização das pessoas de 15 anos ou mais de idade,2022,2022,6794,Total,95251,Total,100362,Total
6,Município,2,%,76.05,2603306,Calçado - PE,2513,Taxa de alfabetização das pessoas de 15 anos ou mais de idade,2022,2022,6794,Total,95251,Total,100362,Total
6,Município,2,%,77.52,2603405,Calumbi - PE,2513,Taxa de alfabetização das pessoas de 15 anos ou mais de idade,2022,2022,6794,Total,95251,Total,100362,Total
6,Município,2,%,92.34,2603454,Camaragibe - PE,2513,Taxa de alfabetização das pessoas de 15 anos ou mais de idade,2022,2022,6794,Total,95251,Total,100362,Total
6,Município,2,%,77.17,2603504,Camocim de São Félix - PE,2513,Taxa de alfabetização das pessoas de 15 anos ou mais de idade,2022,2022,6794,Total,95251,Total,100362,Total
6,Município,2,%,79.67,2603603,Camutanga - PE,2513,Taxa de alfabetização das pessoas de 15 anos ou mais de idade,2022,2022,6794,Total,95251,Total,100362,Total
6,Município,2,%,75.41,2603702,Canhotinho - PE,2513,Taxa de alfabetização das pessoas de 15 anos ou mais de idade,2022,2022,6794,Total,95251,Total,100362,Total
6,Município,2,%,75.47,2603801,Capoeiras - PE,2513,Taxa de alfabetização das pessoas de 15 anos ou mais de idade,2022,2022,6794,Total,95251,Total,100362,Total
6,Município,2,%,79.78,2603900,Carnaíba - PE,2513,Taxa de alfabetização das pessoas de 15 anos ou mais de idade,2022,2022,6794,Total,95251,Total,100362,Total
6,Município,2,%,81.44,2603926,Carnaubeira da Penha - PE,2513,Taxa de alfabetização das pessoas de 15 anos ou mais de idade,2022,2022,6794,Total,95251,Total,100362,Total
6,Município,2,%,87.72,2604007,Carpina - PE,2513,Taxa de alfabetização das pessoas de 15 anos ou mais de idade,2022,2022,6794,Total,95251,Total,100362,Total
6,Município,2,%,89.19,2604106,Caruaru - PE,2513,Taxa de alfabetização das pessoas de 15 anos ou mais de idade,2022,2022,6794,Total,95251,Total,100362,Total
6,Município,2,%,75.3,2604155,Casinhas - PE,2513,Taxa de alfabetização das pessoas de 15 anos ou mais de idade,2022,2022,6794,Total,95251,Total,100362,Total
6,Município,2,%,78.7,2604205,Catende - PE,2513,Taxa de alfabetização das pessoas de 15 anos ou mais de idade,2022,2022,6794,Total,95251,Total,100362,Total
6,Município,2,%,83.09,2604304,Cedro - PE,2513,Taxa de alfabetização das pessoas de 15 anos ou mais de idade,2022,2022,6794,Total,95251,Total,100362,Total
6,Município,2,%,81.28,2604403,Chã de Alegria - PE,2513,Taxa de alfabetização das pessoas de 15 anos ou mais de idade,2022,2022,6794,Total,95251,Total,100362,Total
6,Município,2,%,77.05,2604502,Chã Grande - PE,2513,Taxa de alfabetização das pessoas de 15 anos ou mais de idade,2022,2022,6794,Total,95251,Total,100362,Total
6,Município,2,%,80.94,2604601,Condado - PE,2513,Taxa de alfabetização das pessoas de 15 anos ou mais de idade,2022,2022,6794,Total,95251,Total,100362,Total
6,Município,2,%,76.29,2604700,Correntes - PE,2513,Taxa de alfabetização das pessoas de 15 anos ou mais de idade,2022,2022,6794,Total,95251,Total,100362,Total
6,Município,2,%,75.97,2604809,Cortês - PE,2513,Taxa de alfabetização das pessoas de 15 anos ou mais de idade,2022,2022,6794,Total,95251,Total,100362,Total
6,Município,2,%,75.6,2604908,Cumaru - PE,2513,Taxa de alfabetização das pessoas de 15 anos ou mais de idade,2022,2022,6794,Total,95251,Total,100362,Total
6,Município,2,%,80.56,2605004,Cupira - PE,2513,Taxa de alfabetização das pessoas de 15 anos ou mais de idade,2022,2022,6794,Total,95251,Total,100362,Total
6,Município,2,%,79.11,2605103,Custódia - PE,2513,Taxa de alfabetização das pessoas de 15 anos ou mais de idade,2022,2022,6794,Total,95251,Total,100362,Total
6,Município,2,%,80.32,2605152,Dormentes - PE,2513,Taxa de alfabetização das pessoas de 15 anos ou mais de idade,2022,2022,6794,Total,95251,Total,100362,Total
6,Município,2,%,83.98,2605202,Escada - PE,2513,Taxa de alfabetização das pessoas de 15 anos ou mais de idade,2022,2022,6794,Total,95251,Total,100362,Total
6,Município,2,%,79.08,2605301,Exu - PE,2513,Taxa de alfabetização das pessoas de 15 anos ou mais de idade,2022,2022,6794,Total,95251,Total,100362,Total
6,Município,2,%,78.25,2605400,Feira Nova - PE,2513,Taxa de alfabetização das pessoas de 15 anos ou mais de idade,2022,2022,6794,Total,95251,Total,100362,Total
6,Município,2,%,96.49,2605459,Fernando de Noronha - PE,2513,Taxa de alfabetização das pessoas de 15 anos ou mais de idade,2022,2022,6794,Total,95251,Total,100362,Total
6,Município,2,%,79.85,2605509,Ferreiros - PE,2513,Taxa de alfabetização das pessoas de 15 anos ou mais de idade,2022,2022,6794,Total,95251,Total,100362,Total
6,Município,2,%,75.09,2605608,Flores - PE,2513,Taxa de alfabetização das pessoas de 15 anos ou mais de idade,2022,2022,6794,Total,95251,Total,100362,Total
6,Município,2,%,86.7,2605707,Floresta - PE,2513,Taxa de alfabetização das pessoas de 15 anos ou mais de idade,2022,2022,6794,Total,95251,Total,100362,Total
6,Município,2,%,75.77,2605806,Frei Miguelinho - PE,2513,Taxa de alfabetização das pessoas de 15 anos ou mais de idade,2022,2022,6794,Total,95251,Total,100362,Total
6,Município,2,%,76.25,2605905,Gameleira - PE,2513,Taxa de alfabetização das pessoas de 15 anos ou mais de idade,2022,2022,6794,Total,95251,Total,100362,Total
6,Município,2,%,87.84,2606002,Garanhuns - PE,2513,Taxa de alfabetização das pessoas de 15 anos ou mais de idade,2022,2022,6794,Total,95251,Total,100362,Total
6,Município,2,%,77.9,2606101,Glória do Goitá - PE,2513,Taxa de alfabetização das pessoas de 15 anos ou mais de idade,2022,2022,6794,Total,95251,Total,100362,Total
6,Município,2,%,86.25,2606200,Goiana - PE,2513,Taxa de alfabetização das pessoas de 15 anos ou mais de idade,2022,2022,6794,Total,95251,Total,100362,Total
6,Município,2,%,79.92,2606309,Granito - PE,2513,Taxa de alfabetização das pessoas de 15 anos ou mais de idade,2022,2022,6794,Total,95251,Total,100362,Total
6,Município,2,%,83.27,2606408,Gravatá - PE,2513,Taxa de alfabetização das pessoas de 15 anos ou mais de idade,2022,2022,6794,Total,95251,Total,100362,Total
6,Município,2,%,70.26,2606507,Iati - PE,2513,Taxa de alfabetização das pessoas de 15 anos ou mais de idade,2022,2022,6794,Total,95251,Total,100362,Total
6,Município,2,%,75.6,2606606,Ibimirim - PE,2513,Taxa de alfabetização das pessoas de 15 anos ou mais de idade,2022,2022,6794,Total,95251,Total,100362,Total
6,Município,2,%,74.44,2606705,Ibirajuba - PE,2513,Taxa de alfabetização das pessoas de 15 anos ou mais de idade,2022,2022,6794,Total,95251,Total,100362,Total
6,Município,2,%,89.89,2606804,Igarassu - PE,2513,Taxa de alfabetização das pessoas de 15 anos ou mais de idade,2022,2022,6794,Total,95251,Total,100362,Total
6,Município,2,%,78.72,2606903,Iguaracy - PE,2513,Taxa de alfabetização das pessoas de 15 anos ou mais de idade,2022,2022,6794,Total,95251,Total,100362,Total
6,Município,2,%,75.87,2607000,Inajá - PE,2513,Taxa de alfabetização das pessoas de 15 anos ou mais de idade,2022,2022,6794,Total,95251,Total,100362,Total
6,Município,2,%,79.65,2607109,Ingazeira - PE,2513,Taxa de alfabetização das pessoas de 15 anos ou mais de idade,2022,2022,6794,Total,95251,Total,100362,Total
6,Município,2,%,87.64,2607208,Ipojuca - PE,2513,Taxa de alfabetização das pessoas de 15 anos ou mais de idade,2022,2022,6794,Total,95251,Total,100362,Total
6,Município,2,%,78.76,2607307,Ipubi - PE,2513,Taxa de alfabetização das pessoas de 15 anos ou mais de idade,2022,2022,6794,Total,95251,Total,100362,Total
6,Município,2,%,87.32,2607406,Itacuruba - PE,2513,Taxa de alfabetização das pessoas de 15 anos ou mais de idade,2022,2022,6794,Total,95251,Total,100362,Total
6,Município,2,%,70.34,2607505,Itaíba - PE,2513,Taxa de alfabetização das pessoas de 15 anos ou mais de idade,2022,2022,6794,Total,95251,Total,100362,Total
6,Município,2,%,89.2,2607604,Ilha de Itamaracá - PE,2513,Taxa de alfabetização das pessoas de 15 anos ou mais de idade,2022,2022,6794,Total,95251,Total,100362,Total
6,Município,2,%,75.22,2607653,Itambé - PE,2513,Taxa de alfabetização das pessoas de 15 anos ou mais de idade,2022,2022,6794,Total,95251,Total,100362,Total
6,Município,2,%,81.94,2607703,Itapetim - PE,2513,Taxa de alfabetização das pessoas de 15 anos ou mais de idade,2022,2022,6794,Total,95251,Total,100362,Total
6,Município,2,%,88.27,2607752,Itapissuma - PE,2513,Taxa de alfabetização das pessoas de 15 anos ou mais de idade,2022,2022,6794,Total,95251,Total,100362,Total
6,Município,2,%,78.35,2607802,Itaquitinga - PE,2513,Taxa de alfabetização das pessoas de 15 anos ou mais de idade,2022,2022,6794,Total,95251,Total,100362,Total
6,Município,2,%,92.79,2607901,Jaboatão dos Guararapes - PE,2513,Taxa de alfabetização das pessoas de 15 anos ou mais de idade,2022,2022,6794,Total,95251,Total,100362,Total
6,Município,2,%,77.16,2607950,Jaqueira - PE,2513,Taxa de alfabetização das pessoas de 15 anos ou mais de idade,2022,2022,6794,Total,95251,Total,100362,Total
6,Município,2,%,74.66,2608008,Jataúba - PE,2513,Taxa de alfabetização das pessoas de 15 anos ou mais de idade,2022,2022,6794,Total,95251,Total,100362,Total
6,Município,2,%,82.63,2608057,Jatobá - PE,2513,Taxa de alfabetização das pessoas de 15 anos ou mais de idade,2022,2022,6794,Total,95251,Total,100362,Total
6,Município,2,%,74.28,2608107,João Alfredo - PE,2513,Taxa de alfabetização das pessoas de 15 anos ou mais de idade,2022,2022,6794,Total,95251,Total,100362,Total
6,Município,2,%,78.31,2608206,Joaquim Nabuco - PE,2513,Taxa de alfabetização das pessoas de 15 anos ou mais de idade,2022,2022,6794,Total,95251,Total,100362,Total
6,Município,2,%,77.06,2608255,Jucati - PE,2513,Taxa de alfabetização das pessoas de 15 anos ou mais de idade,2022,2022,6794,Total,95251,Total,100362,Total
6,Município,2,%,78.29,2608305,Jupi - PE,2513,Taxa de alfabetização das pessoas de 15 anos ou mais de idade,2022,2022,6794,Total,95251,Total,100362,Total
6,Município,2,%,72.8,2608404,Jurema - PE,2513,Taxa de alfabetização das pessoas de 15 anos ou mais de idade,2022,2022,6794,Total,95251,Total,100362,Total
6,Município,2,%,81.19,2608453,Lagoa do Carro - PE,2513,Taxa de alfabetização das pessoas de 15 anos ou mais de idade,2022,2022,6794,Total,95251,Total,100362,Total
6,Município,2,%,78.52,2608503,Lagoa de Itaenga - PE,2513,Taxa de alfabetização das pessoas de 15 anos ou mais de idade,2022,2022,6794,Total,95251,Total,100362,Total
6,Município,2,%,72.4,2608602,Lagoa do Ouro - PE,2513,Taxa de alfabetização das pessoas de 15 anos ou mais de idade,2022,2022,6794,Total,95251,Total,100362,Total
6,Município,2,%,70.89,2608701,Lagoa dos Gatos - PE,2513,Taxa de alfabetização das pessoas de 15 anos ou mais de idade,2022,2022,6794,Total,95251,Total,100362,Total
6,Município,2,%,81.74,2608750,Lagoa Grande - PE,2513,Taxa de alfabetização das pessoas de 15 anos ou mais de idade,2022,2022,6794,Total,95251,Total,100362,Total
6,Município,2,%,81.95,2608800,Lajedo - PE,2513,Taxa de alfabetização das pessoas de 15 anos ou mais de idade,2022,2022,6794,Total,95251,Total,100362,Total
6,Município,2,%,84.81,2608909,Limoeiro - PE,2513,Taxa de alfabetização das pessoas de 15 anos ou mais de idade,2022,2022,6794,Total,95251,Total,100362,Total
6,Município,2,%,77.67,2609006,Macaparana - PE,2513,Taxa de alfabetização das pessoas de 15 anos ou mais de idade,2022,2022,6794,Total,95251,Total,100362,Total
6,Município,2,%,78.68,2609105,Machados - PE,2513,Taxa de alfabetização das pessoas de 15 anos ou mais de idade,2022,2022,6794,Total,95251,Total,100362,Total
6,Município,2,%,69.83,2609154,Manari - PE,2513,Taxa de alfabetização das pessoas de 15 anos ou mais de idade,2022,2022,6794,Total,95251,Total,100362,Total
6,Município,2,%,72.26,2609204,Maraial - PE,2513,Taxa de alfabetização das pessoas de 15 anos ou mais de idade,2022,2022,6794,Total,95251,Total,100362,Total
6,Município,2,%,82.93,2609303,Mirandiba - PE,2513,Taxa de alfabetização das pessoas de 15 anos ou mais de idade,2022,2022,6794,Total,95251,Total,100362,Total
6,Município,2,%,86.16,2609402,Moreno - PE,2513,Taxa de alfabetização das pessoas de 15 anos ou mais de idade,2022,2022,6794,Total,95251,Total,100362,Total
6,Município,2,%,83.54,2609501,Nazaré da Mata - PE,2513,Taxa de alfabetização das pessoas de 15 anos ou mais de idade,2022,2022,6794,Total,95251,Total,100362,Total
6,Município,2,%,93.96,2609600,Olinda - PE,2513,Taxa de alfabetização das pessoas de 15 anos ou mais de idade,2022,2022,6794,Total,95251,Total,100362,Total
6,Município,2,%,77.1,2609709,Orobó - PE,2513,Taxa de alfabetização das pessoas de 15 anos ou mais de idade,2022,2022,6794,Total,95251,Total,100362,Total
6,Município,2,%,83.18,2609808,Orocó - PE,2513,Taxa de alfabetização das pessoas de 15 anos ou mais de idade,2022,2022,6794,Total,95251,Total,100362,Total
6,Município,2,%,78.05,2609907,Ouricuri - PE,2513,Taxa de alfabetização das pessoas de 15 anos ou mais de idade,2022,2022,6794,Total,95251,Total,100362,Total
6,Município,2,%,83.82,2610004,Palmares - PE,2513,Taxa de alfabetização das pessoas de 15 anos ou mais de idade,2022,2022,6794,Total,95251,Total,100362,Total
6,Município,2,%,75.1,2610103,Palmeirina - PE,2513,Taxa de alfabetização das pessoas de 15 anos ou mais de idade,2022,2022,6794,Total,95251,Total,100362,Total
6,Município,2,%,70.63,2610202,Panelas - PE,2513,Taxa de alfabetização das pessoas de 15 anos ou mais de idade,2022,2022,6794,Total,95251,Total,100362,Total
6,Município,2,%,75.99,2610301,Paranatama - PE,2513,Taxa de alfabetização das pessoas de 15 anos ou mais de idade,2022,2022,6794,Total,95251,Total,100362,Total
6,Município,2,%,78.21,2610400,Parnamirim - PE,2513,Taxa de alfabetização das pessoas de 15 anos ou mais de idade,2022,2022,6794,Total,95251,Total,100362,Total
6,Município,2,%,76.24,2610509,Passira - PE,2513,Taxa de alfabetização das pessoas de 15 anos ou mais de idade,2022,2022,6794,Total,95251,Total,100362,Total
6,Município,2,%,83.72,2610608,Paudalho - PE,2513,Taxa de alfabetização das pessoas de 15 anos ou mais de idade,2022,2022,6794,Total,95251,Total,100362,Total
6,Município,2,%,95.2,2610707,Paulista - PE,2513,Taxa de alfabetização das pessoas de 15 anos ou mais de idade,2022,2022,6794,Total,95251,Total,100362,Total
6,Município,2,%,75.58,2610806,Pedra - PE,2513,Taxa de alfabetização das pessoas de 15 anos ou mais de idade,2022,2022,6794,Total,95251,Total,100362,Total
6,Município,2,%,81.78,2610905,Pesqueira - PE,2513,Taxa de alfabetização das pessoas de 15 anos ou mais de idade,2022,2022,6794,Total,95251,Total,100362,Total
6,Município,2,%,86.29,2611002,Petrolândia - PE,2513,Taxa de alfabetização das pessoas de 15 anos ou mais de idade,2022,2022,6794,Total,95251,Total,100362,Total
6,Município,2,%,91.57,2611101,Petrolina - PE,2513,Taxa de alfabetização das pessoas de 15 anos ou mais de idade,2022,2022,6794,Total,95251,Total,100362,Total
6,Município,2,%,75.84,2611200,Poção - PE,2513,Taxa de alfabetização das pessoas de 15 anos ou mais de idade,2022,2022,6794,Total,95251,Total,100362,Total
6,Município,2,%,79.42,2611309,Pombos - PE,2513,Taxa de alfabetização das pessoas de 15 anos ou mais de idade,2022,2022,6794,Total,95251,Total,100362,Total
6,Município,2,%,81.13,2611408,Primavera - PE,2513,Taxa de alfabetização das pessoas de 15 anos ou mais de idade,2022,2022,6794,Total,95251,Total,100362,Total
6,Município,2,%,72.04,2611507,Quipapá - PE,2513,Taxa de alfabetização das pessoas de 15 anos ou mais de idade,2022,2022,6794,Total,95251,Total,100362,Total
6,Município,2,%,78.57,2611533,Quixaba - PE,2513,Taxa de alfabetização das pessoas de 15 anos ou mais de idade,2022,2022,6794,Total,95251,Total,100362,Total
6,Município,2,%,94.52,2611606,Recife - PE,2513,Taxa de alfabetização das pessoas de 15 anos ou mais de idade,2022,2022,6794,Total,95251,Total,100362,Total
6,Município,2,%,75.74,2611705,Riacho das Almas - PE,2513,Taxa de alfabetização das pessoas de 15 anos ou mais de idade,2022,2022,6794,Total,95251,Total,100362,Total
6,Município,2,%,81.48,2611804,Ribeirão - PE,2513,Taxa de alfabetização das pessoas de 15 anos ou mais de idade,2022,2022,6794,Total,95251,Total,100362,Total
6,Município,2,%,82.42,2611903,Rio Formoso - PE,2513,Taxa de alfabetização das pessoas de 15 anos ou mais de idade,2022,2022,6794,Total,95251,Total,100362,Total
6,Município,2,%,76.45,2612000,Sairé - PE,2513,Taxa de alfabetização das pessoas de 15 anos ou mais de idade,2022,2022,6794,Total,95251,Total,100362,Total
6,Município,2,%,69.64,2612109,Salgadinho - PE,2513,Taxa de alfabetização das pessoas de 15 anos ou mais de idade,2022,2022,6794,Total,95251,Total,100362,Total
6,Município,2,%,88.03,2612208,Salgueiro - PE,2513,Taxa de alfabetização das pessoas de 15 anos ou mais de idade,2022,2022,6794,Total,95251,Total,100362,Total
6,Município,2,%,74.21,2612307,Saloá - PE,2513,Taxa de alfabetização das pessoas de 15 anos ou mais de idade,2022,2022,6794,Total,95251,Total,100362,Total
6,Município,2,%,79.23,2612406,Sanharó - PE,2513,Taxa de alfabetização das pessoas de 15 anos ou mais de idade,2022,2022,6794,Total,95251,Total,100362,Total
6,Município,2,%,79.1,2612455,Santa Cruz - PE,2513,Taxa de alfabetização das pessoas de 15 anos ou mais de idade,2022,2022,6794,Total,95251,Total,100362,Total
6,Município,2,%,82.47,2612471,Santa Cruz da Baixa Verde - PE,2513,Taxa de alfabetização das pessoas de 15 anos ou mais de idade,2022,2022,6794,Total,95251,Total,100362,Total
6,Município,2,%,88.24,2612505,Santa Cruz do Capibaribe - PE,2513,Taxa de alfabetização das pessoas de 15 anos ou mais de idade,2022,2022,6794,Total,95251,Total,100362,Total
6,Município,2,%,75.77,2612554,Santa Filomena - PE,2513,Taxa de alfabetização das pessoas de 15 anos ou mais de idade,2022,2022,6794,Total,95251,Total,100362,Total
6,Município,2,%,83.18,2612604,Santa Maria da Boa Vista - PE,2513,Taxa de alfabetização das pessoas de 15 anos ou mais de idade,2022,2022,6794,Total,95251,Total,100362,Total
6,Município,2,%,75.23,2612703,Santa Maria do Cambucá - PE,2513,Taxa de alfabetização das pessoas de 15 anos ou mais de idade,2022,2022,6794,Total,95251,Total,100362,Total
6,Município,2,%,80.58,2612802,Santa Terezinha - PE,2513,Taxa de alfabetização das pessoas de 15 anos ou mais de idade,2022,2022,6794,Total,95251,Total,100362,Total
6,Município,2,%,69.17,2612901,São Benedito do Sul - PE,2513,Taxa de alfabetização das pessoas de 15 anos ou mais de idade,2022,2022,6794,Total,95251,Total,100362,Total
6,Município,2,%,78.08,2613008,São Bento do Una - PE,2513,Taxa de alfabetização das pessoas de 15 anos ou mais de idade,2022,2022,6794,Total,95251,Total,100362,Total
6,Município,2,%,77.06,2613107,São Caitano - PE,2513,Taxa de alfabetização das pessoas de 15 anos ou mais de idade,2022,2022,6794,Total,95251,Total,100362,Total
6,Município,2,%,77.39,2613206,São João - PE,2513,Taxa de alfabetização das pessoas de 15 anos ou mais de idade,2022,2022,6794,Total,95251,Total,100362,Total
6,Município,2,%,72.33,2613305,São Joaquim do Monte - PE,2513,Taxa de alfabetização das pessoas de 15 anos ou mais de idade,2022,2022,6794,Total,95251,Total,100362,Total
6,Município,2,%,85.1,2613404,São José da Coroa Grande - PE,2513,Taxa de alfabetização das pessoas de 15 anos ou mais de idade,2022,2022,6794,Total,95251,Total,100362,Total
6,Município,2,%,80.23,2613503,São José do Belmonte - PE,2513,Taxa de alfabetização das pessoas de 15 anos ou mais de idade,2022,2022,6794,Total,95251,Total,100362,Total
6,Município,2,%,83.49,2613602,São José do Egito - PE,2513,Taxa de alfabetização das pessoas de 15 anos ou mais de idade,2022,2022,6794,Total,95251,Total,100362,Total
6,Município,2,%,88.23,2613701,São Lourenço da Mata - PE,2513,Taxa de alfabetização das pessoas de 15 anos ou mais de idade,2022,2022,6794,Total,95251,Total,100362,Total
6,Município,2,%,76.9,2613800,São Vicente Férrer - PE,2513,Taxa de alfabetização das pessoas de 15 anos ou mais de idade,2022,2022,6794,Total,95251,Total,100362,Total
6,Município,2,%,84.54,2613909,Serra Talhada - PE,2513,Taxa de alfabetização das pessoas de 15 anos ou mais de idade,2022,2022,6794,Total,95251,Total,100362,Total
6,Município,2,%,79.37,2614006,Serrita - PE,2513,Taxa de alfabetização das pessoas de 15 anos ou mais de idade,2022,2022,6794,Total,95251,Total,100362,Total
6,Município,2,%,80.41,2614105,Sertânia - PE,2513,Taxa de alfabetização das pessoas de 15 anos ou mais de idade,2022,2022,6794,Total,95251,Total,100362,Total
6,Município,2,%,81.75,2614204,Sirinhaém - PE,2513,Taxa de alfabetização das pessoas de 15 anos ou mais de idade,2022,2022,6794,Total,95251,Total,100362,Total
6,Município,2,%,80.82,2614303,Moreilândia - PE,2513,Taxa de alfabetização das pessoas de 15 anos ou mais de idade,2022,2022,6794,Total,95251,Total,100362,Total
6,Município,2,%,79.48,2614402,Solidão - PE,2513,Taxa de alfabetização das pessoas de 15 anos ou mais de idade,2022,2022,6794,Total,95251,Total,100362,Total
6,Município,2,%,82.08,2614501,Surubim - PE,2513,Taxa de alfabetização das pessoas de 15 anos ou mais de idade,2022,2022,6794,Total,95251,Total,100362,Total
6,Município,2,%,83.37,2614600,Tabira - PE,2513,Taxa de alfabetização das pessoas de 15 anos ou mais de idade,2022,2022,6794,Total,95251,Total,100362,Total
6,Município,2,%,73.33,2614709,Tacaimbó - PE,2513,Taxa de alfabetização das pessoas de 15 anos ou mais de idade,2022,2022,6794,Total,95251,Total,100362,Total
6,Município,2,%,80.86,2614808,Tacaratu - PE,2513,Taxa de alfabetização das pessoas de 15 anos ou mais de idade,2022,2022,6794,Total,95251,Total,100362,Total
6,Município,2,%,85.61,2614857,Tamandaré - PE,2513,Taxa de alfabetização das pessoas de 15 anos ou mais de idade,2022,2022,6794,Total,95251,Total,100362,Total
6,Município,2,%,83.69,2615003,Taquaritinga do Norte - PE,2513,Taxa de alfabetização das pessoas de 15 anos ou mais de idade,2022,2022,6794,Total,95251,Total,100362,Total
6,Município,2,%,72.02,2615102,Terezinha - PE,2513,Taxa de alfabetização das pessoas de 15 anos ou mais de idade,2022,2022,6794,Total,95251,Total,100362,Total
6,Município,2,%,84.51,2615201,Terra Nova - PE,2513,Taxa de alfabetização das pessoas de 15 anos ou mais de idade,2022,2022,6794,Total,95251,Total,100362,Total
6,Município,2,%,82.9,2615300,Timbaúba - PE,2513,Taxa de alfabetização das pessoas de 15 anos ou mais de idade,2022,2022,6794,Total,95251,Total,100362,Total
6,Município,2,%,84.86,2615409,Toritama - PE,2513,Taxa de alfabetização das pessoas de 15 anos ou mais de idade,2022,2022,6794,Total,95251,Total,100362,Total
6,Município,2,%,80.6,2615508,Tracunhaém - PE,2513,Taxa de alfabetização das pessoas de 15 anos ou mais de idade,2022,2022,6794,Total,95251,Total,100362,Total
6,Município,2,%,81.76,2615607,Trindade - PE,2513,Taxa de alfabetização das pessoas de 15 anos ou mais de idade,2022,2022,6794,Total,95251,Total,100362,Total
6,Município,2,%,87.21,2615706,Triunfo - PE,2513,Taxa de alfabetização das pessoas de 15 anos ou mais de idade,2022,2022,6794,Total,95251,Total,100362,Total
6,Município,2,%,74.06,2615805,Tupanatinga - PE,2513,Taxa de alfabetização das pessoas de 15 anos ou mais de idade,2022,2022,6794,Total,95251,Total,100362,Total
6,Município,2,%,82.75,2615904,Tuparetama - PE,2513,Taxa de alfabetização das pessoas de 15 anos ou mais de idade,2022,2022,6794,Total,95251,Total,100362,Total
6,Município,2,%,80.09,2616001,Venturosa - PE,2513,Taxa de alfabetização das pessoas de 15 anos ou mais de idade,2022,2022,6794,Total,95251,Total,100362,Total
6,Município,2,%,81.08,2616100,Verdejante - PE,2513,Taxa de alfabetização das pessoas de 15 anos ou mais de idade,2022,2022,6794,Total,95251,Total,100362,Total
6,Município,2,%,72.45,2616183,Vertente do Lério - PE,2513,Taxa de alfabetização das pessoas de 15 anos ou mais de idade,2022,2022,6794,Total,95251,Total,100362,Total
6,Município,2,%,80.58,2616209,Vertentes - PE,2513,Taxa de alfabetização das pessoas de 15 anos ou mais de idade,2022,2022,6794,Total,95251,Total,100362,Total
6,Município,2,%,79.94,2616308,Vicência - PE,2513,Taxa de alfabetização das pessoas de 15 anos ou mais de idade,2022,2022,6794,Total,95251,Total,100362,Total
6,Município,2,%,84.65,2616407,Vitória de Santo Antão - PE,2513,Taxa de alfabetização das pessoas de 15 anos ou mais de idade,2022,2022,6794,Total,95251,Total,100362,Total
6,Município,2,%,74.17,2616506,Xexéu - PE,2513,Taxa de alfabetização das pessoas de 15 anos ou mais de idade,2022,2022,6794,Total,95251,Total,100362,Total
6,Município,2,%,77.11,2700102,Água Branca - AL,2513,Taxa de alfabetização das pessoas de 15 anos ou mais de idade,2022,2022,6794,Total,95251,Total,100362,Total
6,Município,2,%,71.28,2700201,Anadia - AL,2513,Taxa de alfabetização das pessoas de 15 anos ou mais de idade,2022,2022,6794,Total,95251,Total,100362,Total
6,Município,2,%,84.74,2700300,Arapiraca - AL,2513,Taxa de alfabetização das pessoas de 15 anos ou mais de idade,2022,2022,6794,Total,95251,Total,100362,Total
6,Município,2,%,75.52,2700409,Atalaia - AL,2513,Taxa de alfabetização das pessoas de 15 anos ou mais de idade,2022,2022,6794,Total,95251,Total,100362,Total
6,Município,2,%,78.71,2700508,Barra de Santo Antônio - AL,2513,Taxa de alfabetização das pessoas de 15 anos ou mais de idade,2022,2022,6794,Total,95251,Total,100362,Total
6,Município,2,%,85.45,2700607,Barra de São Miguel - AL,2513,Taxa de alfabetização das pessoas de 15 anos ou mais de idade,2022,2022,6794,Total,95251,Total,100362,Total
6,Município,2,%,76.7,2700706,Batalha - AL,2513,Taxa de alfabetização das pessoas de 15 anos ou mais de idade,2022,2022,6794,Total,95251,Total,100362,Total
6,Município,2,%,76.03,2700805,Belém - AL,2513,Taxa de alfabetização das pessoas de 15 anos ou mais de idade,2022,2022,6794,Total,95251,Total,100362,Total
6,Município,2,%,72.95,2700904,Belo Monte - AL,2513,Taxa de alfabetização das pessoas de 15 anos ou mais de idade,2022,2022,6794,Total,95251,Total,100362,Total
6,Município,2,%,77.08,2701001,Boca da Mata - AL,2513,Taxa de alfabetização das pessoas de 15 anos ou mais de idade,2022,2022,6794,Total,95251,Total,100362,Total
6,Município,2,%,67.1,2701100,Branquinha - AL,2513,Taxa de alfabetização das pessoas de 15 anos ou mais de idade,2022,2022,6794,Total,95251,Total,100362,Total
6,Município,2,%,70.03,2701209,Cacimbinhas - AL,2513,Taxa de alfabetização das pessoas de 15 anos ou mais de idade,2022,2022,6794,Total,95251,Total,100362,Total
6,Município,2,%,72.56,2701308,Cajueiro - AL,2513,Taxa de alfabetização das pessoas de 15 anos ou mais de idade,2022,2022,6794,Total,95251,Total,100362,Total
6,Município,2,%,76.71,2701357,Campestre - AL,2513,Taxa de alfabetização das pessoas de 15 anos ou mais de idade,2022,2022,6794,Total,95251,Total,100362,Total
6,Município,2,%,78.44,2701407,Campo Alegre - AL,2513,Taxa de alfabetização das pessoas de 15 anos ou mais de idade,2022,2022,6794,Total,95251,Total,100362,Total
6,Município,2,%,67.42,2701506,Campo Grande - AL,2513,Taxa de alfabetização das pessoas de 15 anos ou mais de idade,2022,2022,6794,Total,95251,Total,100362,Total
6,Município,2,%,70.1,2701605,Canapi - AL,2513,Taxa de alfabetização das pessoas de 15 anos ou mais de idade,2022,2022,6794,Total,95251,Total,100362,Total
6,Município,2,%,76.2,2701704,Capela - AL,2513,Taxa de alfabetização das pessoas de 15 anos ou mais de idade,2022,2022,6794,Total,95251,Total,100362,Total
6,Município,2,%,77.73,2701803,Carneiros - AL,2513,Taxa de alfabetização das pessoas de 15 anos ou mais de idade,2022,2022,6794,Total,95251,Total,100362,Total
6,Município,2,%,72.94,2701902,Chã Preta - AL,2513,Taxa de alfabetização das pessoas de 15 anos ou mais de idade,2022,2022,6794,Total,95251,Total,100362,Total
6,Município,2,%,71.66,2702009,Coité do Nóia - AL,2513,Taxa de alfabetização das pessoas de 15 anos ou mais de idade,2022,2022,6794,Total,95251,Total,100362,Total
6,Município,2,%,74.12,2702108,Colônia Leopoldina - AL,2513,Taxa de alfabetização das pessoas de 15 anos ou mais de idade,2022,2022,6794,Total,95251,Total,100362,Total
6,Município,2,%,81.46,2702207,Coqueiro Seco - AL,2513,Taxa de alfabetização das pessoas de 15 anos ou mais de idade,2022,2022,6794,Total,95251,Total,100362,Total
6,Município,2,%,81.77,2702306,Coruripe - AL,2513,Taxa de alfabetização das pessoas de 15 anos ou mais de idade,2022,2022,6794,Total,95251,Total,100362,Total
6,Município,2,%,71.09,2702355,Craíbas - AL,2513,Taxa de alfabetização das pessoas de 15 anos ou mais de idade,2022,2022,6794,Total,95251,Total,100362,Total
6,Município,2,%,82.52,2702405,Delmiro Gouveia - AL,2513,Taxa de alfabetização das pessoas de 15 anos ou mais de idade,2022,2022,6794,Total,95251,Total,100362,Total
6,Município,2,%,72.73,2702504,Dois Riachos - AL,2513,Taxa de alfabetização das pessoas de 15 anos ou mais de idade,2022,2022,6794,Total,95251,Total,100362,Total
6,Município,2,%,65.8,2702553,Estrela de Alagoas - AL,2513,Taxa de alfabetização das pessoas de 15 anos ou mais de idade,2022,2022,6794,Total,95251,Total,100362,Total
6,Município,2,%,69.56,2702603,Feira Grande - AL,2513,Taxa de alfabetização das pessoas de 15 anos ou mais de idade,2022,2022,6794,Total,95251,Total,100362,Total
6,Município,2,%,75.63,2702702,Feliz Deserto - AL,2513,Taxa de alfabetização das pessoas de 15 anos ou mais de idade,2022,2022,6794,Total,95251,Total,100362,Total
6,Município,2,%,74.77,2702801,Flexeiras - AL,2513,Taxa de alfabetização das pessoas de 15 anos ou mais de idade,2022,2022,6794,Total,95251,Total,100362,Total
6,Município,2,%,69.76,2702900,Girau do Ponciano - AL,2513,Taxa de alfabetização das pessoas de 15 anos ou mais de idade,2022,2022,6794,Total,95251,Total,100362,Total
6,Município,2,%,70.22,2703007,Ibateguara - AL,2513,Taxa de alfabetização das pessoas de 15 anos ou mais de idade,2022,2022,6794,Total,95251,Total,100362,Total
6,Município,2,%,71.01,2703106,Igaci - AL,2513,Taxa de alfabetização das pessoas de 15 anos ou mais de idade,2022,2022,6794,Total,95251,Total,100362,Total
6,Município,2,%,72.01,2703205,Igreja Nova - AL,2513,Taxa de alfabetização das pessoas de 15 anos ou mais de idade,2022,2022,6794,Total,95251,Total,100362,Total
6,Município,2,%,71.31,2703304,Inhapi - AL,2513,Taxa de alfabetização das pessoas de 15 anos ou mais de idade,2022,2022,6794,Total,95251,Total,100362,Total
6,Município,2,%,76.23,2703403,Jacaré dos Homens - AL,2513,Taxa de alfabetização das pessoas de 15 anos ou mais de idade,2022,2022,6794,Total,95251,Total,100362,Total
6,Município,2,%,75.88,2703502,Jacuípe - AL,2513,Taxa de alfabetização das pessoas de 15 anos ou mais de idade,2022,2022,6794,Total,95251,Total,100362,Total
6,Município,2,%,80.06,2703601,Japaratinga - AL,2513,Taxa de alfabetização das pessoas de 15 anos ou mais de idade,2022,2022,6794,Total,95251,Total,100362,Total
6,Município,2,%,68.76,2703700,Jaramataia - AL,2513,Taxa de alfabetização das pessoas de 15 anos ou mais de idade,2022,2022,6794,Total,95251,Total,100362,Total
6,Município,2,%,79.26,2703759,Jequiá da Praia - AL,2513,Taxa de alfabetização das pessoas de 15 anos ou mais de idade,2022,2022,6794,Total,95251,Total,100362,Total
6,Município,2,%,69.39,2703809,Joaquim Gomes - AL,2513,Taxa de alfabetização das pessoas de 15 anos ou mais de idade,2022,2022,6794,Total,95251,Total,100362,Total
6,Município,2,%,72.3,2703908,Jundiá - AL,2513,Taxa de alfabetização das pessoas de 15 anos ou mais de idade,2022,2022,6794,Total,95251,Total,100362,Total
6,Município,2,%,74.9,2704005,Junqueiro - AL,2513,Taxa de alfabetização das pessoas de 15 anos ou mais de idade,2022,2022,6794,Total,95251,Total,100362,Total
6,Município,2,%,72.44,2704104,Lagoa da Canoa - AL,2513,Taxa de alfabetização das pessoas de 15 anos ou mais de idade,2022,2022,6794,Total,95251,Total,100362,Total
6,Município,2,%,73.79,2704203,Limoeiro de Anadia - AL,2513,Taxa de alfabetização das pessoas de 15 anos ou mais de idade,2022,2022,6794,Total,95251,Total,100362,Total
6,Município,2,%,91.58,2704302,Maceió - AL,2513,Taxa de alfabetização das pessoas de 15 anos ou mais de idade,2022,2022,6794,Total,95251,Total,100362,Total
6,Município,2,%,72.45,2704401,Major Isidoro - AL,2513,Taxa de alfabetização das pessoas de 15 anos ou mais de idade,2022,2022,6794,Total,95251,Total,100362,Total
6,Município,2,%,81.12,2704500,Maragogi - AL,2513,Taxa de alfabetização das pessoas de 15 anos ou mais de idade,2022,2022,6794,Total,95251,Total,100362,Total
6,Município,2,%,72.13,2704609,Maravilha - AL,2513,Taxa de alfabetização das pessoas de 15 anos ou mais de idade,2022,2022,6794,Total,95251,Total,100362,Total
6,Município,2,%,86.53,2704708,Marechal Deodoro - AL,2513,Taxa de alfabetização das pessoas de 15 anos ou mais de idade,2022,2022,6794,Total,95251,Total,100362,Total
6,Município,2,%,77.4,2704807,Maribondo - AL,2513,Taxa de alfabetização das pessoas de 15 anos ou mais de idade,2022,2022,6794,Total,95251,Total,100362,Total
6,Município,2,%,79.24,2704906,Mar Vermelho - AL,2513,Taxa de alfabetização das pessoas de 15 anos ou mais de idade,2022,2022,6794,Total,95251,Total,100362,Total
6,Município,2,%,68.92,2705002,Mata Grande - AL,2513,Taxa de alfabetização das pessoas de 15 anos ou mais de idade,2022,2022,6794,Total,95251,Total,100362,Total
6,Município,2,%,76.66,2705101,Matriz de Camaragibe - AL,2513,Taxa de alfabetização das pessoas de 15 anos ou mais de idade,2022,2022,6794,Total,95251,Total,100362,Total
6,Município,2,%,79,2705200,Messias - AL,2513,Taxa de alfabetização das pessoas de 15 anos ou mais de idade,2022,2022,6794,Total,95251,Total,100362,Total
6,Município,2,%,67.48,2705309,Minador do Negrão - AL,2513,Taxa de alfabetização das pessoas de 15 anos ou mais de idade,2022,2022,6794,Total,95251,Total,100362,Total
6,Município,2,%,73.54,2705408,Monteirópolis - AL,2513,Taxa de alfabetização das pessoas de 15 anos ou mais de idade,2022,2022,6794,Total,95251,Total,100362,Total
6,Município,2,%,76.35,2705507,Murici - AL,2513,Taxa de alfabetização das pessoas de 15 anos ou mais de idade,2022,2022,6794,Total,95251,Total,100362,Total
6,Município,2,%,73.33,2705606,Novo Lino - AL,2513,Taxa de alfabetização das pessoas de 15 anos ou mais de idade,2022,2022,6794,Total,95251,Total,100362,Total
6,Município,2,%,79.95,2705705,Olho d'Água das Flores - AL,2513,Taxa de alfabetização das pessoas de 15 anos ou mais de idade,2022,2022,6794,Total,95251,Total,100362,Total
6,Município,2,%,75.24,2705804,Olho d'Água do Casado - AL,2513,Taxa de alfabetização das pessoas de 15 anos ou mais de idade,2022,2022,6794,Total,95251,Total,100362,Total
6,Município,2,%,67.88,2705903,Olho d'Água Grande - AL,2513,Taxa de alfabetização das pessoas de 15 anos ou mais de idade,2022,2022,6794,Total,95251,Total,100362,Total
6,Município,2,%,72.68,2706000,Olivença - AL,2513,Taxa de alfabetização das pessoas de 15 anos ou mais de idade,2022,2022,6794,Total,95251,Total,100362,Total
6,Município,2,%,76.55,2706109,Ouro Branco - AL,2513,Taxa de alfabetização das pessoas de 15 anos ou mais de idade,2022,2022,6794,Total,95251,Total,100362,Total
6,Município,2,%,78.08,2706208,Palestina - AL,2513,Taxa de alfabetização das pessoas de 15 anos ou mais de idade,2022,2022,6794,Total,95251,Total,100362,Total
6,Município,2,%,81.17,2706307,Palmeira dos Índios - AL,2513,Taxa de alfabetização das pessoas de 15 anos ou mais de idade,2022,2022,6794,Total,95251,Total,100362,Total
6,Município,2,%,75.88,2706406,Pão de Açúcar - AL,2513,Taxa de alfabetização das pessoas de 15 anos ou mais de idade,2022,2022,6794,Total,95251,Total,100362,Total
6,Município,2,%,77.76,2706422,Pariconha - AL,2513,Taxa de alfabetização das pessoas de 15 anos ou mais de idade,2022,2022,6794,Total,95251,Total,100362,Total
6,Município,2,%,84.48,2706448,Paripueira - AL,2513,Taxa de alfabetização das pessoas de 15 anos ou mais de idade,2022,2022,6794,Total,95251,Total,100362,Total
6,Município,2,%,76.25,2706505,Passo de Camaragibe - AL,2513,Taxa de alfabetização das pessoas de 15 anos ou mais de idade,2022,2022,6794,Total,95251,Total,100362,Total
6,Município,2,%,74.89,2706604,Paulo Jacinto - AL,2513,Taxa de alfabetização das pessoas de 15 anos ou mais de idade,2022,2022,6794,Total,95251,Total,100362,Total
6,Município,2,%,82.05,2706703,Penedo - AL,2513,Taxa de alfabetização das pessoas de 15 anos ou mais de idade,2022,2022,6794,Total,95251,Total,100362,Total
6,Município,2,%,77.17,2706802,Piaçabuçu - AL,2513,Taxa de alfabetização das pessoas de 15 anos ou mais de idade,2022,2022,6794,Total,95251,Total,100362,Total
6,Município,2,%,82.51,2706901,Pilar - AL,2513,Taxa de alfabetização das pessoas de 15 anos ou mais de idade,2022,2022,6794,Total,95251,Total,100362,Total
6,Município,2,%,76.64,2707008,Pindoba - AL,2513,Taxa de alfabetização das pessoas de 15 anos ou mais de idade,2022,2022,6794,Total,95251,Total,100362,Total
6,Município,2,%,79.24,2707107,Piranhas - AL,2513,Taxa de alfabetização das pessoas de 15 anos ou mais de idade,2022,2022,6794,Total,95251,Total,100362,Total
6,Município,2,%,73.27,2707206,Poço das Trincheiras - AL,2513,Taxa de alfabetização das pessoas de 15 anos ou mais de idade,2022,2022,6794,Total,95251,Total,100362,Total
6,Município,2,%,78.87,2707305,Porto Calvo - AL,2513,Taxa de alfabetização das pessoas de 15 anos ou mais de idade,2022,2022,6794,Total,95251,Total,100362,Total
6,Município,2,%,77.92,2707404,Porto de Pedras - AL,2513,Taxa de alfabetização das pessoas de 15 anos ou mais de idade,2022,2022,6794,Total,95251,Total,100362,Total
6,Município,2,%,72.69,2707503,Porto Real do Colégio - AL,2513,Taxa de alfabetização das pessoas de 15 anos ou mais de idade,2022,2022,6794,Total,95251,Total,100362,Total
6,Município,2,%,74.89,2707602,Quebrangulo - AL,2513,Taxa de alfabetização das pessoas de 15 anos ou mais de idade,2022,2022,6794,Total,95251,Total,100362,Total
6,Município,2,%,86.86,2707701,Rio Largo - AL,2513,Taxa de alfabetização das pessoas de 15 anos ou mais de idade,2022,2022,6794,Total,95251,Total,100362,Total
6,Município,2,%,74.97,2707800,Roteiro - AL,2513,Taxa de alfabetização das pessoas de 15 anos ou mais de idade,2022,2022,6794,Total,95251,Total,100362,Total
6,Município,2,%,85.3,2707909,Santa Luzia do Norte - AL,2513,Taxa de alfabetização das pessoas de 15 anos ou mais de idade,2022,2022,6794,Total,95251,Total,100362,Total
6,Município,2,%,79.03,2708006,Santana do Ipanema - AL,2513,Taxa de alfabetização das pessoas de 15 anos ou mais de idade,2022,2022,6794,Total,95251,Total,100362,Total
6,Município,2,%,72.17,2708105,Santana do Mundaú - AL,2513,Taxa de alfabetização das pessoas de 15 anos ou mais de idade,2022,2022,6794,Total,95251,Total,100362,Total
6,Município,2,%,74.66,2708204,São Brás - AL,2513,Taxa de alfabetização das pessoas de 15 anos ou mais de idade,2022,2022,6794,Total,95251,Total,100362,Total
6,Município,2,%,74.58,2708303,São José da Laje - AL,2513,Taxa de alfabetização das pessoas de 15 anos ou mais de idade,2022,2022,6794,Total,95251,Total,100362,Total
6,Município,2,%,73.01,2708402,São José da Tapera - AL,2513,Taxa de alfabetização das pessoas de 15 anos ou mais de idade,2022,2022,6794,Total,95251,Total,100362,Total
6,Município,2,%,75.28,2708501,São Luís do Quitunde - AL,2513,Taxa de alfabetização das pessoas de 15 anos ou mais de idade,2022,2022,6794,Total,95251,Total,100362,Total
6,Município,2,%,84.12,2708600,São Miguel dos Campos - AL,2513,Taxa de alfabetização das pessoas de 15 anos ou mais de idade,2022,2022,6794,Total,95251,Total,100362,Total
6,Município,2,%,81.99,2708709,São Miguel dos Milagres - AL,2513,Taxa de alfabetização das pessoas de 15 anos ou mais de idade,2022,2022,6794,Total,95251,Total,100362,Total
6,Município,2,%,71.97,2708808,São Sebastião - AL,2513,Taxa de alfabetização das pessoas de 15 anos ou mais de idade,2022,2022,6794,Total,95251,Total,100362,Total
6,Município,2,%,90.42,2708907,Satuba - AL,2513,Taxa de alfabetização das pessoas de 15 anos ou mais de idade,2022,2022,6794,Total,95251,Total,100362,Total
6,Município,2,%,74.42,2708956,Senador Rui Palmeira - AL,2513,Taxa de alfabetização das pessoas de 15 anos ou mais de idade,2022,2022,6794,Total,95251,Total,100362,Total
6,Município,2,%,70.26,2709004,Tanque d'Arca - AL,2513,Taxa de alfabetização das pessoas de 15 anos ou mais de idade,2022,2022,6794,Total,95251,Total,100362,Total
6,Município,2,%,74.1,2709103,Taquarana - AL,2513,Taxa de alfabetização das pessoas de 15 anos ou mais de idade,2022,2022,6794,Total,95251,Total,100362,Total
6,Município,2,%,78.41,2709152,Teotônio Vilela - AL,2513,Taxa de alfabetização das pessoas de 15 anos ou mais de idade,2022,2022,6794,Total,95251,Total,100362,Total
6,Município,2,%,67.31,2709202,Traipu - AL,2513,Taxa de alfabetização das pessoas de 15 anos ou mais de idade,2022,2022,6794,Total,95251,Total,100362,Total
6,Município,2,%,76.77,2709301,União dos Palmares - AL,2513,Taxa de alfabetização das pessoas de 15 anos ou mais de idade,2022,2022,6794,Total,95251,Total,100362,Total
6,Município,2,%,75.14,2709400,Viçosa - AL,2513,Taxa de alfabetização das pessoas de 15 anos ou mais de idade,2022,2022,6794,Total,95251,Total,100362,Total
6,Município,2,%,81.27,2800100,Amparo do São Francisco - SE,2513,Taxa de alfabetização das pessoas de 15 anos ou mais de idade,2022,2022,6794,Total,95251,Total,100362,Total
6,Município,2,%,77.69,2800209,Aquidabã - SE,2513,Taxa de alfabetização das pessoas de 15 anos ou mais de idade,2022,2022,6794,Total,95251,Total,100362,Total
6,Município,2,%,94.78,2800308,Aracaju - SE,2513,Taxa de alfabetização das pessoas de 15 anos ou mais de idade,2022,2022,6794,Total,95251,Total,100362,Total
6,Município,2,%,75.99,2800407,Arauá - SE,2513,Taxa de alfabetização das pessoas de 15 anos ou mais de idade,2022,2022,6794,Total,95251,Total,100362,Total
6,Município,2,%,81.2,2800506,Areia Branca - SE,2513,Taxa de alfabetização das pessoas de 15 anos ou mais de idade,2022,2022,6794,Total,95251,Total,100362,Total
6,Município,2,%,93.94,2800605,Barra dos Coqueiros - SE,2513,Taxa de alfabetização das pessoas de 15 anos ou mais de idade,2022,2022,6794,Total,95251,Total,100362,Total
6,Município,2,%,80.47,2800670,Boquim - SE,2513,Taxa de alfabetização das pessoas de 15 anos ou mais de idade,2022,2022,6794,Total,95251,Total,100362,Total
6,Município,2,%,75.75,2800704,Brejo Grande - SE,2513,Taxa de alfabetização das pessoas de 15 anos ou mais de idade,2022,2022,6794,Total,95251,Total,100362,Total
6,Município,2,%,79.48,2801009,Campo do Brito - SE,2513,Taxa de alfabetização das pessoas de 15 anos ou mais de idade,2022,2022,6794,Total,95251,Total,100362,Total
6,Município,2,%,76.03,2801108,Canhoba - SE,2513,Taxa de alfabetização das pessoas de 15 anos ou mais de idade,2022,2022,6794,Total,95251,Total,100362,Total
6,Município,2,%,77.63,2801207,Canindé de São Francisco - SE,2513,Taxa de alfabetização das pessoas de 15 anos ou mais de idade,2022,2022,6794,Total,95251,Total,100362,Total
6,Município,2,%,79.76,2801306,Capela - SE,2513,Taxa de alfabetização das pessoas de 15 anos ou mais de idade,2022,2022,6794,Total,95251,Total,100362,Total
6,Município,2,%,74.83,2801405,Carira - SE,2513,Taxa de alfabetização das pessoas de 15 anos ou mais de idade,2022,2022,6794,Total,95251,Total,100362,Total
6,Município,2,%,87.99,2801504,Carmópolis - SE,2513,Taxa de alfabetização das pessoas de 15 anos ou mais de idade,2022,2022,6794,Total,95251,Total,100362,Total
6,Município,2,%,84.35,2801603,Cedro de São João - SE,2513,Taxa de alfabetização das pessoas de 15 anos ou mais de idade,2022,2022,6794,Total,95251,Total,100362,Total
6,Município,2,%,77.53,2801702,Cristinápolis - SE,2513,Taxa de alfabetização das pessoas de 15 anos ou mais de idade,2022,2022,6794,Total,95251,Total,100362,Total
6,Município,2,%,78.09,2801900,Cumbe - SE,2513,Taxa de alfabetização das pessoas de 15 anos ou mais de idade,2022,2022,6794,Total,95251,Total,100362,Total
6,Município,2,%,82.65,2802007,Divina Pastora - SE,2513,Taxa de alfabetização das pessoas de 15 anos ou mais de idade,2022,2022,6794,Total,95251,Total,100362,Total
6,Município,2,%,86.08,2802106,Estância - SE,2513,Taxa de alfabetização das pessoas de 15 anos ou mais de idade,2022,2022,6794,Total,95251,Total,100362,Total
6,Município,2,%,76.71,2802205,Feira Nova - SE,2513,Taxa de alfabetização das pessoas de 15 anos ou mais de idade,2022,2022,6794,Total,95251,Total,100362,Total
6,Município,2,%,79.69,2802304,Frei Paulo - SE,2513,Taxa de alfabetização das pessoas de 15 anos ou mais de idade,2022,2022,6794,Total,95251,Total,100362,Total
6,Município,2,%,72.33,2802403,Gararu - SE,2513,Taxa de alfabetização das pessoas de 15 anos ou mais de idade,2022,2022,6794,Total,95251,Total,100362,Total
6,Município,2,%,85.64,2802502,General Maynard - SE,2513,Taxa de alfabetização das pessoas de 15 anos ou mais de idade,2022,2022,6794,Total,95251,Total,100362,Total
6,Município,2,%,76.86,2802601,Graccho Cardoso - SE,2513,Taxa de alfabetização das pessoas de 15 anos ou mais de idade,2022,2022,6794,Total,95251,Total,100362,Total
6,Município,2,%,80.63,2802700,Ilha das Flores - SE,2513,Taxa de alfabetização das pessoas de 15 anos ou mais de idade,2022,2022,6794,Total,95251,Total,100362,Total
6,Município,2,%,79.56,2802809,Indiaroba - SE,2513,Taxa de alfabetização das pessoas de 15 anos ou mais de idade,2022,2022,6794,Total,95251,Total,100362,Total
6,Município,2,%,84,2802908,Itabaiana - SE,2513,Taxa de alfabetização das pessoas de 15 anos ou mais de idade,2022,2022,6794,Total,95251,Total,100362,Total
6,Município,2,%,78.16,2803005,Itabaianinha - SE,2513,Taxa de alfabetização das pessoas de 15 anos ou mais de idade,2022,2022,6794,Total,95251,Total,100362,Total
6,Município,2,%,74.71,2803104,Itabi - SE,2513,Taxa de alfabetização das pessoas de 15 anos ou mais de idade,2022,2022,6794,Total,95251,Total,100362,Total
6,Município,2,%,82.22,2803203,Itaporanga d'Ajuda - SE,2513,Taxa de alfabetização das pessoas de 15 anos ou mais de idade,2022,2022,6794,Total,95251,Total,100362,Total
6,Município,2,%,84.72,2803302,Japaratuba - SE,2513,Taxa de alfabetização das pessoas de 15 anos ou mais de idade,2022,2022,6794,Total,95251,Total,100362,Total
6,Município,2,%,76.94,2803401,Japoatã - SE,2513,Taxa de alfabetização das pessoas de 15 anos ou mais de idade,2022,2022,6794,Total,95251,Total,100362,Total
6,Município,2,%,81.56,2803500,Lagarto - SE,2513,Taxa de alfabetização das pessoas de 15 anos ou mais de idade,2022,2022,6794,Total,95251,Total,100362,Total
6,Município,2,%,87.09,2803609,Laranjeiras - SE,2513,Taxa de alfabetização das pessoas de 15 anos ou mais de idade,2022,2022,6794,Total,95251,Total,100362,Total
6,Município,2,%,80.5,2803708,Macambira - SE,2513,Taxa de alfabetização das pessoas de 15 anos ou mais de idade,2022,2022,6794,Total,95251,Total,100362,Total
6,Município,2,%,82.81,2803807,Malhada dos Bois - SE,2513,Taxa de alfabetização das pessoas de 15 anos ou mais de idade,2022,2022,6794,Total,95251,Total,100362,Total
6,Município,2,%,79.31,2803906,Malhador - SE,2513,Taxa de alfabetização das pessoas de 15 anos ou mais de idade,2022,2022,6794,Total,95251,Total,100362,Total
6,Município,2,%,87.28,2804003,Maruim - SE,2513,Taxa de alfabetização das pessoas de 15 anos ou mais de idade,2022,2022,6794,Total,95251,Total,100362,Total
6,Município,2,%,80.79,2804102,Moita Bonita - SE,2513,Taxa de alfabetização das pessoas de 15 anos ou mais de idade,2022,2022,6794,Total,95251,Total,100362,Total
6,Município,2,%,74.54,2804201,Monte Alegre de Sergipe - SE,2513,Taxa de alfabetização das pessoas de 15 anos ou mais de idade,2022,2022,6794,Total,95251,Total,100362,Total
6,Município,2,%,79.9,2804300,Muribeca - SE,2513,Taxa de alfabetização das pessoas de 15 anos ou mais de idade,2022,2022,6794,Total,95251,Total,100362,Total
6,Município,2,%,80.61,2804409,Neópolis - SE,2513,Taxa de alfabetização das pessoas de 15 anos ou mais de idade,2022,2022,6794,Total,95251,Total,100362,Total
6,Município,2,%,74.51,2804458,Nossa Senhora Aparecida - SE,2513,Taxa de alfabetização das pessoas de 15 anos ou mais de idade,2022,2022,6794,Total,95251,Total,100362,Total
6,Município,2,%,80.75,2804508,Nossa Senhora da Glória - SE,2513,Taxa de alfabetização das pessoas de 15 anos ou mais de idade,2022,2022,6794,Total,95251,Total,100362,Total
6,Município,2,%,79.11,2804607,Nossa Senhora das Dores - SE,2513,Taxa de alfabetização das pessoas de 15 anos ou mais de idade,2022,2022,6794,Total,95251,Total,100362,Total
6,Município,2,%,77.22,2804706,Nossa Senhora de Lourdes - SE,2513,Taxa de alfabetização das pessoas de 15 anos ou mais de idade,2022,2022,6794,Total,95251,Total,100362,Total
6,Município,2,%,91.83,2804805,Nossa Senhora do Socorro - SE,2513,Taxa de alfabetização das pessoas de 15 anos ou mais de idade,2022,2022,6794,Total,95251,Total,100362,Total
6,Município,2,%,75.52,2804904,Pacatuba - SE,2513,Taxa de alfabetização das pessoas de 15 anos ou mais de idade,2022,2022,6794,Total,95251,Total,100362,Total
6,Município,2,%,82.06,2805000,Pedra Mole - SE,2513,Taxa de alfabetização das pessoas de 15 anos ou mais de idade,2022,2022,6794,Total,95251,Total,100362,Total
6,Município,2,%,76.75,2805109,Pedrinhas - SE,2513,Taxa de alfabetização das pessoas de 15 anos ou mais de idade,2022,2022,6794,Total,95251,Total,100362,Total
6,Município,2,%,78.95,2805208,Pinhão - SE,2513,Taxa de alfabetização das pessoas de 15 anos ou mais de idade,2022,2022,6794,Total,95251,Total,100362,Total
6,Município,2,%,86.63,2805307,Pirambu - SE,2513,Taxa de alfabetização das pessoas de 15 anos ou mais de idade,2022,2022,6794,Total,95251,Total,100362,Total
6,Município,2,%,73.39,2805406,Poço Redondo - SE,2513,Taxa de alfabetização das pessoas de 15 anos ou mais de idade,2022,2022,6794,Total,95251,Total,100362,Total
6,Município,2,%,78.07,2805505,Poço Verde - SE,2513,Taxa de alfabetização das pessoas de 15 anos ou mais de idade,2022,2022,6794,Total,95251,Total,100362,Total
6,Município,2,%,77.66,2805604,Porto da Folha - SE,2513,Taxa de alfabetização das pessoas de 15 anos ou mais de idade,2022,2022,6794,Total,95251,Total,100362,Total
6,Município,2,%,85.34,2805703,Propriá - SE,2513,Taxa de alfabetização das pessoas de 15 anos ou mais de idade,2022,2022,6794,Total,95251,Total,100362,Total
6,Município,2,%,73.91,2805802,Riachão do Dantas - SE,2513,Taxa de alfabetização das pessoas de 15 anos ou mais de idade,2022,2022,6794,Total,95251,Total,100362,Total
6,Município,2,%,87.22,2805901,Riachuelo - SE,2513,Taxa de alfabetização das pessoas de 15 anos ou mais de idade,2022,2022,6794,Total,95251,Total,100362,Total
6,Município,2,%,79.11,2806008,Ribeirópolis - SE,2513,Taxa de alfabetização das pessoas de 15 anos ou mais de idade,2022,2022,6794,Total,95251,Total,100362,Total
6,Município,2,%,86.97,2806107,Rosário do Catete - SE,2513,Taxa de alfabetização das pessoas de 15 anos ou mais de idade,2022,2022,6794,Total,95251,Total,100362,Total
6,Município,2,%,80.43,2806206,Salgado - SE,2513,Taxa de alfabetização das pessoas de 15 anos ou mais de idade,2022,2022,6794,Total,95251,Total,100362,Total
6,Município,2,%,75.59,2806305,Santa Luzia do Itanhy - SE,2513,Taxa de alfabetização das pessoas de 15 anos ou mais de idade,2022,2022,6794,Total,95251,Total,100362,Total
6,Município,2,%,82.73,2806404,Santana do São Francisco - SE,2513,Taxa de alfabetização das pessoas de 15 anos ou mais de idade,2022,2022,6794,Total,95251,Total,100362,Total
6,Município,2,%,78.69,2806503,Santa Rosa de Lima - SE,2513,Taxa de alfabetização das pessoas de 15 anos ou mais de idade,2022,2022,6794,Total,95251,Total,100362,Total
6,Município,2,%,83.86,2806602,Santo Amaro das Brotas - SE,2513,Taxa de alfabetização das pessoas de 15 anos ou mais de idade,2022,2022,6794,Total,95251,Total,100362,Total
6,Município,2,%,91.09,2806701,São Cristóvão - SE,2513,Taxa de alfabetização das pessoas de 15 anos ou mais de idade,2022,2022,6794,Total,95251,Total,100362,Total
6,Município,2,%,79.67,2806800,São Domingos - SE,2513,Taxa de alfabetização das pessoas de 15 anos ou mais de idade,2022,2022,6794,Total,95251,Total,100362,Total
6,Município,2,%,78.98,2806909,São Francisco - SE,2513,Taxa de alfabetização das pessoas de 15 anos ou mais de idade,2022,2022,6794,Total,95251,Total,100362,Total
6,Município,2,%,73.97,2807006,São Miguel do Aleixo - SE,2513,Taxa de alfabetização das pessoas de 15 anos ou mais de idade,2022,2022,6794,Total,95251,Total,100362,Total
6,Município,2,%,80.65,2807105,Simão Dias - SE,2513,Taxa de alfabetização das pessoas de 15 anos ou mais de idade,2022,2022,6794,Total,95251,Total,100362,Total
6,Município,2,%,82.21,2807204,Siriri - SE,2513,Taxa de alfabetização das pessoas de 15 anos ou mais de idade,2022,2022,6794,Total,95251,Total,100362,Total
6,Município,2,%,78.59,2807303,Telha - SE,2513,Taxa de alfabetização das pessoas de 15 anos ou mais de idade,2022,2022,6794,Total,95251,Total,100362,Total
6,Município,2,%,79.92,2807402,Tobias Barreto - SE,2513,Taxa de alfabetização das pessoas de 15 anos ou mais de idade,2022,2022,6794,Total,95251,Total,100362,Total
6,Município,2,%,74.03,2807501,Tomar do Geru - SE,2513,Taxa de alfabetização das pessoas de 15 anos ou mais de idade,2022,2022,6794,Total,95251,Total,100362,Total
6,Município,2,%,81.87,2807600,Umbaúba - SE,2513,Taxa de alfabetização das pessoas de 15 anos ou mais de idade,2022,2022,6794,Total,95251,Total,100362,Total
6,Município,2,%,81.16,2900108,Abaíra - BA,2513,Taxa de alfabetização das pessoas de 15 anos ou mais de idade,2022,2022,6794,Total,95251,Total,100362,Total
6,Município,2,%,80.06,2900207,Abaré - BA,2513,Taxa de alfabetização das pessoas de 15 anos ou mais de idade,2022,2022,6794,Total,95251,Total,100362,Total
6,Município,2,%,81.61,2900306,Acajutiba - BA,2513,Taxa de alfabetização das pessoas de 15 anos ou mais de idade,2022,2022,6794,Total,95251,Total,100362,Total
6,Município,2,%,72.08,2900355,Adustina - BA,2513,Taxa de alfabetização das pessoas de 15 anos ou mais de idade,2022,2022,6794,Total,95251,Total,100362,Total
6,Município,2,%,79.98,2900405,Água Fria - BA,2513,Taxa de alfabetização das pessoas de 15 anos ou mais de idade,2022,2022,6794,Total,95251,Total,100362,Total
6,Município,2,%,75.83,2900504,Érico Cardoso - BA,2513,Taxa de alfabetização das pessoas de 15 anos ou mais de idade,2022,2022,6794,Total,95251,Total,100362,Total
6,Município,2,%,79.56,2900603,Aiquara - BA,2513,Taxa de alfabetização das pessoas de 15 anos ou mais de idade,2022,2022,6794,Total,95251,Total,100362,Total
6,Município,2,%,92.47,2900702,Alagoinhas - BA,2513,Taxa de alfabetização das pessoas de 15 anos ou mais de idade,2022,2022,6794,Total,95251,Total,100362,Total
6,Município,2,%,83.37,2900801,Alcobaça - BA,2513,Taxa de alfabetização das pessoas de 15 anos ou mais de idade,2022,2022,6794,Total,95251,Total,100362,Total
6,Município,2,%,76.95,2900900,Almadina - BA,2513,Taxa de alfabetização das pessoas de 15 anos ou mais de idade,2022,2022,6794,Total,95251,Total,100362,Total
6,Município,2,%,84.76,2901007,Amargosa - BA,2513,Taxa de alfabetização das pessoas de 15 anos ou mais de idade,2022,2022,6794,Total,95251,Total,100362,Total
6,Município,2,%,90.26,2901106,Amélia Rodrigues - BA,2513,Taxa de alfabetização das pessoas de 15 anos ou mais de idade,2022,2022,6794,Total,95251,Total,100362,Total
6,Município,2,%,82.51,2901155,América Dourada - BA,2513,Taxa de alfabetização das pessoas de 15 anos ou mais de idade,2022,2022,6794,Total,95251,Total,100362,Total
6,Município,2,%,74.18,2901205,Anagé - BA,2513,Taxa de alfabetização das pessoas de 15 anos ou mais de idade,2022,2022,6794,Total,95251,Total,100362,Total
6,Município,2,%,81.09,2901304,Andaraí - BA,2513,Taxa de alfabetização das pessoas de 15 anos ou mais de idade,2022,2022,6794,Total,95251,Total,100362,Total
6,Município,2,%,80.78,2901353,Andorinha - BA,2513,Taxa de alfabetização das pessoas de 15 anos ou mais de idade,2022,2022,6794,Total,95251,Total,100362,Total
6,Município,2,%,81.15,2901403,Angical - BA,2513,Taxa de alfabetização das pessoas de 15 anos ou mais de idade,2022,2022,6794,Total,95251,Total,100362,Total
6,Município,2,%,85.22,2901502,Anguera - BA,2513,Taxa de alfabetização das pessoas de 15 anos ou mais de idade,2022,2022,6794,Total,95251,Total,100362,Total
6,Município,2,%,81.69,2901601,Antas - BA,2513,Taxa de alfabetização das pessoas de 15 anos ou mais de idade,2022,2022,6794,Total,95251,Total,100362,Total
6,Município,2,%,79.4,2901700,Antônio Cardoso - BA,2513,Taxa de alfabetização das pessoas de 15 anos ou mais de idade,2022,2022,6794,Total,95251,Total,100362,Total
6,Município,2,%,83.68,2901809,Antônio Gonçalves - BA,2513,Taxa de alfabetização das pessoas de 15 anos ou mais de idade,2022,2022,6794,Total,95251,Total,100362,Total
6,Município,2,%,78.47,2901908,Aporá - BA,2513,Taxa de alfabetização das pessoas de 15 anos ou mais de idade,2022,2022,6794,Total,95251,Total,100362,Total
6,Município,2,%,76.12,2901957,Apuarema - BA,2513,Taxa de alfabetização das pessoas de 15 anos ou mais de idade,2022,2022,6794,Total,95251,Total,100362,Total
6,Município,2,%,77.47,2902005,Aracatu - BA,2513,Taxa de alfabetização das pessoas de 15 anos ou mais de idade,2022,2022,6794,Total,95251,Total,100362,Total
6,Município,2,%,83.03,2902054,Araçás - BA,2513,Taxa de alfabetização das pessoas de 15 anos ou mais de idade,2022,2022,6794,Total,95251,Total,100362,Total
6,Município,2,%,73.16,2902104,Araci - BA,2513,Taxa de alfabetização das pessoas de 15 anos ou mais de idade,2022,2022,6794,Total,95251,Total,100362,Total
6,Município,2,%,83.53,2902203,Aramari - BA,2513,Taxa de alfabetização das pessoas de 15 anos ou mais de idade,2022,2022,6794,Total,95251,Total,100362,Total
6,Município,2,%,75.54,2902252,Arataca - BA,2513,Taxa de alfabetização das pessoas de 15 anos ou mais de idade,2022,2022,6794,Total,95251,Total,100362,Total
6,Município,2,%,81.58,2902302,Aratuípe - BA,2513,Taxa de alfabetização das pessoas de 15 anos ou mais de idade,2022,2022,6794,Total,95251,Total,100362,Total
6,Município,2,%,79.36,2902401,Aurelino Leal - BA,2513,Taxa de alfabetização das pessoas de 15 anos ou mais de idade,2022,2022,6794,Total,95251,Total,100362,Total
6,Município,2,%,77.44,2902500,Baianópolis - BA,2513,Taxa de alfabetização das pessoas de 15 anos ou mais de idade,2022,2022,6794,Total,95251,Total,100362,Total
6,Município,2,%,80.72,2902609,Baixa Grande - BA,2513,Taxa de alfabetização das pessoas de 15 anos ou mais de idade,2022,2022,6794,Total,95251,Total,100362,Total
6,Município,2,%,79.17,2902658,Banzaê - BA,2513,Taxa de alfabetização das pessoas de 15 anos ou mais de idade,2022,2022,6794,Total,95251,Total,100362,Total
6,Município,2,%,79.88,2902708,Barra - BA,2513,Taxa de alfabetização das pessoas de 15 anos ou mais de idade,2022,2022,6794,Total,95251,Total,100362,Total
6,Município,2,%,86.27,2902807,Barra da Estiva - BA,2513,Taxa de alfabetização das pessoas de 15 anos ou mais de idade,2022,2022,6794,Total,95251,Total,100362,Total
6,Município,2,%,77.71,2902906,Barra do Choça - BA,2513,Taxa de alfabetização das pessoas de 15 anos ou mais de idade,2022,2022,6794,Total,95251,Total,100362,Total
6,Município,2,%,88.82,2903003,Barra do Mendes - BA,2513,Taxa de alfabetização das pessoas de 15 anos ou mais de idade,2022,2022,6794,Total,95251,Total,100362,Total
6,Município,2,%,73.78,2903102,Barra do Rocha - BA,2513,Taxa de alfabetização das pessoas de 15 anos ou mais de idade,2022,2022,6794,Total,95251,Total,100362,Total
6,Município,2,%,92.49,2903201,Barreiras - BA,2513,Taxa de alfabetização das pessoas de 15 anos ou mais de idade,2022,2022,6794,Total,95251,Total,100362,Total
6,Município,2,%,88.5,2903235,Barro Alto - BA,2513,Taxa de alfabetização das pessoas de 15 anos ou mais de idade,2022,2022,6794,Total,95251,Total,100362,Total
6,Município,2,%,83.42,2903276,Barrocas - BA,2513,Taxa de alfabetização das pessoas de 15 anos ou mais de idade,2022,2022,6794,Total,95251,Total,100362,Total
6,Município,2,%,80.47,2903300,Barro Preto - BA,2513,Taxa de alfabetização das pessoas de 15 anos ou mais de idade,2022,2022,6794,Total,95251,Total,100362,Total
6,Município,2,%,82.36,2903409,Belmonte - BA,2513,Taxa de alfabetização das pessoas de 15 anos ou mais de idade,2022,2022,6794,Total,95251,Total,100362,Total
6,Município,2,%,79.99,2903508,Belo Campo - BA,2513,Taxa de alfabetização das pessoas de 15 anos ou mais de idade,2022,2022,6794,Total,95251,Total,100362,Total
6,Município,2,%,78.08,2903607,Biritinga - BA,2513,Taxa de alfabetização das pessoas de 15 anos ou mais de idade,2022,2022,6794,Total,95251,Total,100362,Total
6,Município,2,%,72.87,2903706,Boa Nova - BA,2513,Taxa de alfabetização das pessoas de 15 anos ou mais de idade,2022,2022,6794,Total,95251,Total,100362,Total
6,Município,2,%,75.99,2903805,Boa Vista do Tupim - BA,2513,Taxa de alfabetização das pessoas de 15 anos ou mais de idade,2022,2022,6794,Total,95251,Total,100362,Total
6,Município,2,%,86.3,2903904,Bom Jesus da Lapa - BA,2513,Taxa de alfabetização das pessoas de 15 anos ou mais de idade,2022,2022,6794,Total,95251,Total,100362,Total
6,Município,2,%,77.57,2903953,Bom Jesus da Serra - BA,2513,Taxa de alfabetização das pessoas de 15 anos ou mais de idade,2022,2022,6794,Total,95251,Total,100362,Total
6,Município,2,%,85.33,2904001,Boninal - BA,2513,Taxa de alfabetização das pessoas de 15 anos ou mais de idade,2022,2022,6794,Total,95251,Total,100362,Total
6,Município,2,%,86.02,2904050,Bonito - BA,2513,Taxa de alfabetização das pessoas de 15 anos ou mais de idade,2022,2022,6794,Total,95251,Total,100362,Total
6,Município,2,%,79.45,2904100,Boquira - BA,2513,Taxa de alfabetização das pessoas de 15 anos ou mais de idade,2022,2022,6794,Total,95251,Total,100362,Total
6,Município,2,%,77.24,2904209,Botuporã - BA,2513,Taxa de alfabetização das pessoas de 15 anos ou mais de idade,2022,2022,6794,Total,95251,Total,100362,Total
6,Município,2,%,79.2,2904308,Brejões - BA,2513,Taxa de alfabetização das pessoas de 15 anos ou mais de idade,2022,2022,6794,Total,95251,Total,100362,Total
6,Município,2,%,79.52,2904407,Brejolândia - BA,2513,Taxa de alfabetização das pessoas de 15 anos ou mais de idade,2022,2022,6794,Total,95251,Total,100362,Total
6,Município,2,%,88.24,2904506,Brotas de Macaúbas - BA,2513,Taxa de alfabetização das pessoas de 15 anos ou mais de idade,2022,2022,6794,Total,95251,Total,100362,Total
6,Município,2,%,88.07,2904605,Brumado - BA,2513,Taxa de alfabetização das pessoas de 15 anos ou mais de idade,2022,2022,6794,Total,95251,Total,100362,Total
6,Município,2,%,82.62,2904704,Buerarema - BA,2513,Taxa de alfabetização das pessoas de 15 anos ou mais de idade,2022,2022,6794,Total,95251,Total,100362,Total
6,Município,2,%,78.08,2904753,Buritirama - BA,2513,Taxa de alfabetização das pessoas de 15 anos ou mais de idade,2022,2022,6794,Total,95251,Total,100362,Total
6,Município,2,%,77.75,2904803,Caatiba - BA,2513,Taxa de alfabetização das pessoas de 15 anos ou mais de idade,2022,2022,6794,Total,95251,Total,100362,Total
6,Município,2,%,79.5,2904852,Cabaceiras do Paraguaçu - BA,2513,Taxa de alfabetização das pessoas de 15 anos ou mais de idade,2022,2022,6794,Total,95251,Total,100362,Total
6,Município,2,%,86.81,2904902,Cachoeira - BA,2513,Taxa de alfabetização das pessoas de 15 anos ou mais de idade,2022,2022,6794,Total,95251,Total,100362,Total
6,Município,2,%,85.95,2905008,Caculé - BA,2513,Taxa de alfabetização das pessoas de 15 anos ou mais de idade,2022,2022,6794,Total,95251,Total,100362,Total
6,Município,2,%,79.75,2905107,Caém - BA,2513,Taxa de alfabetização das pessoas de 15 anos ou mais de idade,2022,2022,6794,Total,95251,Total,100362,Total
6,Município,2,%,75.91,2905156,Caetanos - BA,2513,Taxa de alfabetização das pessoas de 15 anos ou mais de idade,2022,2022,6794,Total,95251,Total,100362,Total
6,Município,2,%,84.55,2905206,Caetité - BA,2513,Taxa de alfabetização das pessoas de 15 anos ou mais de idade,2022,2022,6794,Total,95251,Total,100362,Total
6,Município,2,%,83.58,2905305,Cafarnaum - BA,2513,Taxa de alfabetização das pessoas de 15 anos ou mais de idade,2022,2022,6794,Total,95251,Total,100362,Total
6,Município,2,%,89.02,2905404,Cairu - BA,2513,Taxa de alfabetização das pessoas de 15 anos ou mais de idade,2022,2022,6794,Total,95251,Total,100362,Total
6,Município,2,%,78.89,2905503,Caldeirão Grande - BA,2513,Taxa de alfabetização das pessoas de 15 anos ou mais de idade,2022,2022,6794,Total,95251,Total,100362,Total
6,Município,2,%,83.88,2905602,Camacan - BA,2513,Taxa de alfabetização das pessoas de 15 anos ou mais de idade,2022,2022,6794,Total,95251,Total,100362,Total
6,Município,2,%,94.6,2905701,Camaçari - BA,2513,Taxa de alfabetização das pessoas de 15 anos ou mais de idade,2022,2022,6794,Total,95251,Total,100362,Total
6,Município,2,%,79.89,2905800,Camamu - BA,2513,Taxa de alfabetização das pessoas de 15 anos ou mais de idade,2022,2022,6794,Total,95251,Total,100362,Total
6,Município,2,%,79.36,2905909,Campo Alegre de Lourdes - BA,2513,Taxa de alfabetização das pessoas de 15 anos ou mais de idade,2022,2022,6794,Total,95251,Total,100362,Total
6,Município,2,%,81.53,2906006,Campo Formoso - BA,2513,Taxa de alfabetização das pessoas de 15 anos ou mais de idade,2022,2022,6794,Total,95251,Total,100362,Total
6,Município,2,%,77.64,2906105,Canápolis - BA,2513,Taxa de alfabetização das pessoas de 15 anos ou mais de idade,2022,2022,6794,Total,95251,Total,100362,Total
6,Município,2,%,86.9,2906204,Canarana - BA,2513,Taxa de alfabetização das pessoas de 15 anos ou mais de idade,2022,2022,6794,Total,95251,Total,100362,Total
6,Município,2,%,83.63,2906303,Canavieiras - BA,2513,Taxa de alfabetização das pessoas de 15 anos ou mais de idade,2022,2022,6794,Total,95251,Total,100362,Total
6,Município,2,%,81.08,2906402,Candeal - BA,2513,Taxa de alfabetização das pessoas de 15 anos ou mais de idade,2022,2022,6794,Total,95251,Total,100362,Total
6,Município,2,%,92.81,2906501,Candeias - BA,2513,Taxa de alfabetização das pessoas de 15 anos ou mais de idade,2022,2022,6794,Total,95251,Total,100362,Total
6,Município,2,%,81,2906600,Candiba - BA,2513,Taxa de alfabetização das pessoas de 15 anos ou mais de idade,2022,2022,6794,Total,95251,Total,100362,Total
6,Município,2,%,79.96,2906709,Cândido Sales - BA,2513,Taxa de alfabetização das pessoas de 15 anos ou mais de idade,2022,2022,6794,Total,95251,Total,100362,Total
6,Município,2,%,79.81,2906808,Cansanção - BA,2513,Taxa de alfabetização das pessoas de 15 anos ou mais de idade,2022,2022,6794,Total,95251,Total,100362,Total
6,Município,2,%,81.83,2906824,Canudos - BA,2513,Taxa de alfabetização das pessoas de 15 anos ou mais de idade,2022,2022,6794,Total,95251,Total,100362,Total
6,Município,2,%,77.61,2906857,Capela do Alto Alegre - BA,2513,Taxa de alfabetização das pessoas de 15 anos ou mais de idade,2022,2022,6794,Total,95251,Total,100362,Total
6,Município,2,%,85.15,2906873,Capim Grosso - BA,2513,Taxa de alfabetização das pessoas de 15 anos ou mais de idade,2022,2022,6794,Total,95251,Total,100362,Total
6,Município,2,%,72.91,2906899,Caraíbas - BA,2513,Taxa de alfabetização das pessoas de 15 anos ou mais de idade,2022,2022,6794,Total,95251,Total,100362,Total
6,Município,2,%,82.69,2906907,Caravelas - BA,2513,Taxa de alfabetização das pessoas de 15 anos ou mais de idade,2022,2022,6794,Total,95251,Total,100362,Total
6,Município,2,%,83.27,2907004,Cardeal da Silva - BA,2513,Taxa de alfabetização das pessoas de 15 anos ou mais de idade,2022,2022,6794,Total,95251,Total,100362,Total
6,Município,2,%,81.37,2907103,Carinhanha - BA,2513,Taxa de alfabetização das pessoas de 15 anos ou mais de idade,2022,2022,6794,Total,95251,Total,100362,Total
6,Município,2,%,84.07,2907202,Casa Nova - BA,2513,Taxa de alfabetização das pessoas de 15 anos ou mais de idade,2022,2022,6794,Total,95251,Total,100362,Total
6,Município,2,%,82.53,2907301,Castro Alves - BA,2513,Taxa de alfabetização das pessoas de 15 anos ou mais de idade,2022,2022,6794,Total,95251,Total,100362,Total
6,Município,2,%,79.47,2907400,Catolândia - BA,2513,Taxa de alfabetização das pessoas de 15 anos ou mais de idade,2022,2022,6794,Total,95251,Total,100362,Total
6,Município,2,%,91.2,2907509,Catu - BA,2513,Taxa de alfabetização das pessoas de 15 anos ou mais de idade,2022,2022,6794,Total,95251,Total,100362,Total
6,Município,2,%,75.89,2907558,Caturama - BA,2513,Taxa de alfabetização das pessoas de 15 anos ou mais de idade,2022,2022,6794,Total,95251,Total,100362,Total
6,Município,2,%,85.19,2907608,Central - BA,2513,Taxa de alfabetização das pessoas de 15 anos ou mais de idade,2022,2022,6794,Total,95251,Total,100362,Total
6,Município,2,%,82.01,2907707,Chorrochó - BA,2513,Taxa de alfabetização das pessoas de 15 anos ou mais de idade,2022,2022,6794,Total,95251,Total,100362,Total
6,Município,2,%,75.98,2907806,Cícero Dantas - BA,2513,Taxa de alfabetização das pessoas de 15 anos ou mais de idade,2022,2022,6794,Total,95251,Total,100362,Total
6,Município,2,%,81.78,2907905,Cipó - BA,2513,Taxa de alfabetização das pessoas de 15 anos ou mais de idade,2022,2022,6794,Total,95251,Total,100362,Total
6,Município,2,%,81.82,2908002,Coaraci - BA,2513,Taxa de alfabetização das pessoas de 15 anos ou mais de idade,2022,2022,6794,Total,95251,Total,100362,Total
6,Município,2,%,79.04,2908101,Cocos - BA,2513,Taxa de alfabetização das pessoas de 15 anos ou mais de idade,2022,2022,6794,Total,95251,Total,100362,Total
6,Município,2,%,88.61,2908200,Conceição da Feira - BA,2513,Taxa de alfabetização das pessoas de 15 anos ou mais de idade,2022,2022,6794,Total,95251,Total,100362,Total
6,Município,2,%,85.13,2908309,Conceição do Almeida - BA,2513,Taxa de alfabetização das pessoas de 15 anos ou mais de idade,2022,2022,6794,Total,95251,Total,100362,Total
6,Município,2,%,85.83,2908408,Conceição do Coité - BA,2513,Taxa de alfabetização das pessoas de 15 anos ou mais de idade,2022,2022,6794,Total,95251,Total,100362,Total
6,Município,2,%,91.09,2908507,Conceição do Jacuípe - BA,2513,Taxa de alfabetização das pessoas de 15 anos ou mais de idade,2022,2022,6794,Total,95251,Total,100362,Total
6,Município,2,%,83.98,2908606,Conde - BA,2513,Taxa de alfabetização das pessoas de 15 anos ou mais de idade,2022,2022,6794,Total,95251,Total,100362,Total
6,Município,2,%,81.68,2908705,Condeúba - BA,2513,Taxa de alfabetização das pessoas de 15 anos ou mais de idade,2022,2022,6794,Total,95251,Total,100362,Total
6,Município,2,%,82.87,2908804,Contendas do Sincorá - BA,2513,Taxa de alfabetização das pessoas de 15 anos ou mais de idade,2022,2022,6794,Total,95251,Total,100362,Total
6,Município,2,%,84.3,2908903,Coração de Maria - BA,2513,Taxa de alfabetização das pessoas de 15 anos ou mais de idade,2022,2022,6794,Total,95251,Total,100362,Total
6,Município,2,%,76.01,2909000,Cordeiros - BA,2513,Taxa de alfabetização das pessoas de 15 anos ou mais de idade,2022,2022,6794,Total,95251,Total,100362,Total
6,Município,2,%,79.18,2909109,Coribe - BA,2513,Taxa de alfabetização das pessoas de 15 anos ou mais de idade,2022,2022,6794,Total,95251,Total,100362,Total
6,Município,2,%,68.29,2909208,Coronel João Sá - BA,2513,Taxa de alfabetização das pessoas de 15 anos ou mais de idade,2022,2022,6794,Total,95251,Total,100362,Total
6,Município,2,%,81.2,2909307,Correntina - BA,2513,Taxa de alfabetização das pessoas de 15 anos ou mais de idade,2022,2022,6794,Total,95251,Total,100362,Total
6,Município,2,%,76.68,2909406,Cotegipe - BA,2513,Taxa de alfabetização das pessoas de 15 anos ou mais de idade,2022,2022,6794,Total,95251,Total,100362,Total
6,Município,2,%,80.84,2909505,Cravolândia - BA,2513,Taxa de alfabetização das pessoas de 15 anos ou mais de idade,2022,2022,6794,Total,95251,Total,100362,Total
6,Município,2,%,77.16,2909604,Crisópolis - BA,2513,Taxa de alfabetização das pessoas de 15 anos ou mais de idade,2022,2022,6794,Total,95251,Total,100362,Total
6,Município,2,%,77.79,2909703,Cristópolis - BA,2513,Taxa de alfabetização das pessoas de 15 anos ou mais de idade,2022,2022,6794,Total,95251,Total,100362,Total
6,Município,2,%,91.31,2909802,Cruz das Almas - BA,2513,Taxa de alfabetização das pessoas de 15 anos ou mais de idade,2022,2022,6794,Total,95251,Total,100362,Total
6,Município,2,%,83.43,2909901,Curaçá - BA,2513,Taxa de alfabetização das pessoas de 15 anos ou mais de idade,2022,2022,6794,Total,95251,Total,100362,Total
6,Município,2,%,74.2,2910008,Dário Meira - BA,2513,Taxa de alfabetização das pessoas de 15 anos ou mais de idade,2022,2022,6794,Total,95251,Total,100362,Total
6,Município,2,%,93.47,2910057,Dias d'Ávila - BA,2513,Taxa de alfabetização das pessoas de 15 anos ou mais de idade,2022,2022,6794,Total,95251,Total,100362,Total
6,Município,2,%,81.37,2910107,Dom Basílio - BA,2513,Taxa de alfabetização das pessoas de 15 anos ou mais de idade,2022,2022,6794,Total,95251,Total,100362,Total
6,Município,2,%,84.77,2910206,Dom Macedo Costa - BA,2513,Taxa de alfabetização das pessoas de 15 anos ou mais de idade,2022,2022,6794,Total,95251,Total,100362,Total
6,Município,2,%,82.99,2910305,Elísio Medrado - BA,2513,Taxa de alfabetização das pessoas de 15 anos ou mais de idade,2022,2022,6794,Total,95251,Total,100362,Total
6,Município,2,%,74.11,2910404,Encruzilhada - BA,2513,Taxa de alfabetização das pessoas de 15 anos ou mais de idade,2022,2022,6794,Total,95251,Total,100362,Total
6,Município,2,%,87.62,2910503,Entre Rios - BA,2513,Taxa de alfabetização das pessoas de 15 anos ou mais de idade,2022,2022,6794,Total,95251,Total,100362,Total
6,Município,2,%,84.7,2910602,Esplanada - BA,2513,Taxa de alfabetização das pessoas de 15 anos ou mais de idade,2022,2022,6794,Total,95251,Total,100362,Total
6,Município,2,%,78.36,2910701,Euclides da Cunha - BA,2513,Taxa de alfabetização das pessoas de 15 anos ou mais de idade,2022,2022,6794,Total,95251,Total,100362,Total
6,Município,2,%,89.55,2910727,Eunápolis - BA,2513,Taxa de alfabetização das pessoas de 15 anos ou mais de idade,2022,2022,6794,Total,95251,Total,100362,Total
6,Município,2,%,75.06,2910750,Fátima - BA,2513,Taxa de alfabetização das pessoas de 15 anos ou mais de idade,2022,2022,6794,Total,95251,Total,100362,Total
6,Município,2,%,79.59,2910776,Feira da Mata - BA,2513,Taxa de alfabetização das pessoas de 15 anos ou mais de idade,2022,2022,6794,Total,95251,Total,100362,Total
6,Município,2,%,93.4,2910800,Feira de Santana - BA,2513,Taxa de alfabetização das pessoas de 15 anos ou mais de idade,2022,2022,6794,Total,95251,Total,100362,Total
6,Município,2,%,82.32,2910859,Filadélfia - BA,2513,Taxa de alfabetização das pessoas de 15 anos ou mais de idade,2022,2022,6794,Total,95251,Total,100362,Total
6,Município,2,%,83.87,2910909,Firmino Alves - BA,2513,Taxa de alfabetização das pessoas de 15 anos ou mais de idade,2022,2022,6794,Total,95251,Total,100362,Total
6,Município,2,%,78.06,2911006,Floresta Azul - BA,2513,Taxa de alfabetização das pessoas de 15 anos ou mais de idade,2022,2022,6794,Total,95251,Total,100362,Total
6,Município,2,%,81.64,2911105,Formosa do Rio Preto - BA,2513,Taxa de alfabetização das pessoas de 15 anos ou mais de idade,2022,2022,6794,Total,95251,Total,100362,Total
6,Município,2,%,85.5,2911204,Gandu - BA,2513,Taxa de alfabetização das pessoas de 15 anos ou mais de idade,2022,2022,6794,Total,95251,Total,100362,Total
6,Município,2,%,81.62,2911253,Gavião - BA,2513,Taxa de alfabetização das pessoas de 15 anos ou mais de idade,2022,2022,6794,Total,95251,Total,100362,Total
6,Município,2,%,81.85,2911303,Gentio do Ouro - BA,2513,Taxa de alfabetização das pessoas de 15 anos ou mais de idade,2022,2022,6794,Total,95251,Total,100362,Total
6,Município,2,%,78.22,2911402,Glória - BA,2513,Taxa de alfabetização das pessoas de 15 anos ou mais de idade,2022,2022,6794,Total,95251,Total,100362,Total
6,Município,2,%,80.26,2911501,Gongogi - BA,2513,Taxa de alfabetização das pessoas de 15 anos ou mais de idade,2022,2022,6794,Total,95251,Total,100362,Total
6,Município,2,%,84.77,2911600,Governador Mangabeira - BA,2513,Taxa de alfabetização das pessoas de 15 anos ou mais de idade,2022,2022,6794,Total,95251,Total,100362,Total
6,Município,2,%,78.26,2911659,Guajeru - BA,2513,Taxa de alfabetização das pessoas de 15 anos ou mais de idade,2022,2022,6794,Total,95251,Total,100362,Total
6,Município,2,%,88.16,2911709,Guanambi - BA,2513,Taxa de alfabetização das pessoas de 15 anos ou mais de idade,2022,2022,6794,Total,95251,Total,100362,Total
6,Município,2,%,72.41,2911808,Guaratinga - BA,2513,Taxa de alfabetização das pessoas de 15 anos ou mais de idade,2022,2022,6794,Total,95251,Total,100362,Total
6,Município,2,%,73.72,2911857,Heliópolis - BA,2513,Taxa de alfabetização das pessoas de 15 anos ou mais de idade,2022,2022,6794,Total,95251,Total,100362,Total
6,Município,2,%,78.08,2911907,Iaçu - BA,2513,Taxa de alfabetização das pessoas de 15 anos ou mais de idade,2022,2022,6794,Total,95251,Total,100362,Total
6,Município,2,%,82.59,2912004,Ibiassucê - BA,2513,Taxa de alfabetização das pessoas de 15 anos ou mais de idade,2022,2022,6794,Total,95251,Total,100362,Total
6,Município,2,%,82.81,2912103,Ibicaraí - BA,2513,Taxa de alfabetização das pessoas de 15 anos ou mais de idade,2022,2022,6794,Total,95251,Total,100362,Total
6,Município,2,%,87.23,2912202,Ibicoara - BA,2513,Taxa de alfabetização das pessoas de 15 anos ou mais de idade,2022,2022,6794,Total,95251,Total,100362,Total
6,Município,2,%,80.89,2912301,Ibicuí - BA,2513,Taxa de alfabetização das pessoas de 15 anos ou mais de idade,2022,2022,6794,Total,95251,Total,100362,Total
6,Município,2,%,84.22,2912400,Ibipeba - BA,2513,Taxa de alfabetização das pessoas de 15 anos ou mais de idade,2022,2022,6794,Total,95251,Total,100362,Total
6,Município,2,%,77.1,2912509,Ibipitanga - BA,2513,Taxa de alfabetização das pessoas de 15 anos ou mais de idade,2022,2022,6794,Total,95251,Total,100362,Total
6,Município,2,%,81.35,2912608,Ibiquera - BA,2513,Taxa de alfabetização das pessoas de 15 anos ou mais de idade,2022,2022,6794,Total,95251,Total,100362,Total
6,Município,2,%,79.03,2912707,Ibirapitanga - BA,2513,Taxa de alfabetização das pessoas de 15 anos ou mais de idade,2022,2022,6794,Total,95251,Total,100362,Total
6,Município,2,%,84.3,2912806,Ibirapuã - BA,2513,Taxa de alfabetização das pessoas de 15 anos ou mais de idade,2022,2022,6794,Total,95251,Total,100362,Total
6,Município,2,%,77.84,2912905,Ibirataia - BA,2513,Taxa de alfabetização das pessoas de 15 anos ou mais de idade,2022,2022,6794,Total,95251,Total,100362,Total
6,Município,2,%,81.05,2913002,Ibitiara - BA,2513,Taxa de alfabetização das pessoas de 15 anos ou mais de idade,2022,2022,6794,Total,95251,Total,100362,Total
6,Município,2,%,85.16,2913101,Ibititá - BA,2513,Taxa de alfabetização das pessoas de 15 anos ou mais de idade,2022,2022,6794,Total,95251,Total,100362,Total
6,Município,2,%,86.82,2913200,Ibotirama - BA,2513,Taxa de alfabetização das pessoas de 15 anos ou mais de idade,2022,2022,6794,Total,95251,Total,100362,Total
6,Município,2,%,88.95,2913309,Ichu - BA,2513,Taxa de alfabetização das pessoas de 15 anos ou mais de idade,2022,2022,6794,Total,95251,Total,100362,Total
6,Município,2,%,81.64,2913408,Igaporã - BA,2513,Taxa de alfabetização das pessoas de 15 anos ou mais de idade,2022,2022,6794,Total,95251,Total,100362,Total
6,Município,2,%,80.61,2913457,Igrapiúna - BA,2513,Taxa de alfabetização das pessoas de 15 anos ou mais de idade,2022,2022,6794,Total,95251,Total,100362,Total
6,Município,2,%,75.94,2913507,Iguaí - BA,2513,Taxa de alfabetização das pessoas de 15 anos ou mais de idade,2022,2022,6794,Total,95251,Total,100362,Total
6,Município,2,%,90.86,2913606,Ilhéus - BA,2513,Taxa de alfabetização das pessoas de 15 anos ou mais de idade,2022,2022,6794,Total,95251,Total,100362,Total
6,Município,2,%,79.28,2913705,Inhambupe - BA,2513,Taxa de alfabetização das pessoas de 15 anos ou mais de idade,2022,2022,6794,Total,95251,Total,100362,Total
6,Município,2,%,78.84,2913804,Ipecaetá - BA,2513,Taxa de alfabetização das pessoas de 15 anos ou mais de idade,2022,2022,6794,Total,95251,Total,100362,Total
6,Município,2,%,85.2,2913903,Ipiaú - BA,2513,Taxa de alfabetização das pessoas de 15 anos ou mais de idade,2022,2022,6794,Total,95251,Total,100362,Total
6,Município,2,%,77.45,2914000,Ipirá - BA,2513,Taxa de alfabetização das pessoas de 15 anos ou mais de idade,2022,2022,6794,Total,95251,Total,100362,Total
6,Município,2,%,87.4,2914109,Ipupiara - BA,2513,Taxa de alfabetização das pessoas de 15 anos ou mais de idade,2022,2022,6794,Total,95251,Total,100362,Total
6,Município,2,%,77.45,2914208,Irajuba - BA,2513,Taxa de alfabetização das pessoas de 15 anos ou mais de idade,2022,2022,6794,Total,95251,Total,100362,Total
6,Município,2,%,83.23,2914307,Iramaia - BA,2513,Taxa de alfabetização das pessoas de 15 anos ou mais de idade,2022,2022,6794,Total,95251,Total,100362,Total
6,Município,2,%,88.48,2914406,Iraquara - BA,2513,Taxa de alfabetização das pessoas de 15 anos ou mais de idade,2022,2022,6794,Total,95251,Total,100362,Total
6,Município,2,%,83.86,2914505,Irará - BA,2513,Taxa de alfabetização das pessoas de 15 anos ou mais de idade,2022,2022,6794,Total,95251,Total,100362,Total
6,Município,2,%,91.69,2914604,Irecê - BA,2513,Taxa de alfabetização das pessoas de 15 anos ou mais de idade,2022,2022,6794,Total,95251,Total,100362,Total
6,Município,2,%,82,2914653,Itabela - BA,2513,Taxa de alfabetização das pessoas de 15 anos ou mais de idade,2022,2022,6794,Total,95251,Total,100362,Total
6,Município,2,%,87.87,2914703,Itaberaba - BA,2513,Taxa de alfabetização das pessoas de 15 anos ou mais de idade,2022,2022,6794,Total,95251,Total,100362,Total
6,Município,2,%,91.8,2914802,Itabuna - BA,2513,Taxa de alfabetização das pessoas de 15 anos ou mais de idade,2022,2022,6794,Total,95251,Total,100362,Total
6,Município,2,%,86.28,2914901,Itacaré - BA,2513,Taxa de alfabetização das pessoas de 15 anos ou mais de idade,2022,2022,6794,Total,95251,Total,100362,Total
6,Município,2,%,78.99,2915007,Itaeté - BA,2513,Taxa de alfabetização das pessoas de 15 anos ou mais de idade,2022,2022,6794,Total,95251,Total,100362,Total
6,Município,2,%,79.51,2915106,Itagi - BA,2513,Taxa de alfabetização das pessoas de 15 anos ou mais de idade,2022,2022,6794,Total,95251,Total,100362,Total
6,Município,2,%,81.04,2915205,Itagibá - BA,2513,Taxa de alfabetização das pessoas de 15 anos ou mais de idade,2022,2022,6794,Total,95251,Total,100362,Total
6,Município,2,%,77.64,2915304,Itagimirim - BA,2513,Taxa de alfabetização das pessoas de 15 anos ou mais de idade,2022,2022,6794,Total,95251,Total,100362,Total
6,Município,2,%,80.96,2915353,Itaguaçu da Bahia - BA,2513,Taxa de alfabetização das pessoas de 15 anos ou mais de idade,2022,2022,6794,Total,95251,Total,100362,Total
6,Município,2,%,80.35,2915403,Itaju do Colônia - BA,2513,Taxa de alfabetização das pessoas de 15 anos ou mais de idade,2022,2022,6794,Total,95251,Total,100362,Total
6,Município,2,%,81.14,2915502,Itajuípe - BA,2513,Taxa de alfabetização das pessoas de 15 anos ou mais de idade,2022,2022,6794,Total,95251,Total,100362,Total
6,Município,2,%,84.3,2915601,Itamaraju - BA,2513,Taxa de alfabetização das pessoas de 15 anos ou mais de idade,2022,2022,6794,Total,95251,Total,100362,Total
6,Município,2,%,77.35,2915700,Itamari - BA,2513,Taxa de alfabetização das pessoas de 15 anos ou mais de idade,2022,2022,6794,Total,95251,Total,100362,Total
6,Município,2,%,79.94,2915809,Itambé - BA,2513,Taxa de alfabetização das pessoas de 15 anos ou mais de idade,2022,2022,6794,Total,95251,Total,100362,Total
6,Município,2,%,82.03,2915908,Itanagra - BA,2513,Taxa de alfabetização das pessoas de 15 anos ou mais de idade,2022,2022,6794,Total,95251,Total,100362,Total
6,Município,2,%,81.6,2916005,Itanhém - BA,2513,Taxa de alfabetização das pessoas de 15 anos ou mais de idade,2022,2022,6794,Total,95251,Total,100362,Total
6,Município,2,%,92.54,2916104,Itaparica - BA,2513,Taxa de alfabetização das pessoas de 15 anos ou mais de idade,2022,2022,6794,Total,95251,Total,100362,Total
6,Município,2,%,81.56,2916203,Itapé - BA,2513,Taxa de alfabetização das pessoas de 15 anos ou mais de idade,2022,2022,6794,Total,95251,Total,100362,Total
6,Município,2,%,77.2,2916302,Itapebi - BA,2513,Taxa de alfabetização das pessoas de 15 anos ou mais de idade,2022,2022,6794,Total,95251,Total,100362,Total
6,Município,2,%,89.08,2916401,Itapetinga - BA,2513,Taxa de alfabetização das pessoas de 15 anos ou mais de idade,2022,2022,6794,Total,95251,Total,100362,Total
6,Município,2,%,71.18,2916500,Itapicuru - BA,2513,Taxa de alfabetização das pessoas de 15 anos ou mais de idade,2022,2022,6794,Total,95251,Total,100362,Total
6,Município,2,%,80.88,2916609,Itapitanga - BA,2513,Taxa de alfabetização das pessoas de 15 anos ou mais de idade,2022,2022,6794,Total,95251,Total,100362,Total
6,Município,2,%,78.57,2916708,Itaquara - BA,2513,Taxa de alfabetização das pessoas de 15 anos ou mais de idade,2022,2022,6794,Total,95251,Total,100362,Total
6,Município,2,%,83.28,2916807,Itarantim - BA,2513,Taxa de alfabetização das pessoas de 15 anos ou mais de idade,2022,2022,6794,Total,95251,Total,100362,Total
6,Município,2,%,83.35,2916856,Itatim - BA,2513,Taxa de alfabetização das pessoas de 15 anos ou mais de idade,2022,2022,6794,Total,95251,Total,100362,Total
6,Município,2,%,79.47,2916906,Itiruçu - BA,2513,Taxa de alfabetização das pessoas de 15 anos ou mais de idade,2022,2022,6794,Total,95251,Total,100362,Total
6,Município,2,%,80.34,2917003,Itiúba - BA,2513,Taxa de alfabetização das pessoas de 15 anos ou mais de idade,2022,2022,6794,Total,95251,Total,100362,Total
6,Município,2,%,79.13,2917102,Itororó - BA,2513,Taxa de alfabetização das pessoas de 15 anos ou mais de idade,2022,2022,6794,Total,95251,Total,100362,Total
6,Município,2,%,78.52,2917201,Ituaçu - BA,2513,Taxa de alfabetização das pessoas de 15 anos ou mais de idade,2022,2022,6794,Total,95251,Total,100362,Total
6,Município,2,%,83.53,2917300,Ituberá - BA,2513,Taxa de alfabetização das pessoas de 15 anos ou mais de idade,2022,2022,6794,Total,95251,Total,100362,Total
6,Município,2,%,80.03,2917334,Iuiu - BA,2513,Taxa de alfabetização das pessoas de 15 anos ou mais de idade,2022,2022,6794,Total,95251,Total,100362,Total
6,Município,2,%,80.08,2917359,Jaborandi - BA,2513,Taxa de alfabetização das pessoas de 15 anos ou mais de idade,2022,2022,6794,Total,95251,Total,100362,Total
6,Município,2,%,81.4,2917409,Jacaraci - BA,2513,Taxa de alfabetização das pessoas de 15 anos ou mais de idade,2022,2022,6794,Total,95251,Total,100362,Total
6,Município,2,%,87.3,2917508,Jacobina - BA,2513,Taxa de alfabetização das pessoas de 15 anos ou mais de idade,2022,2022,6794,Total,95251,Total,100362,Total
6,Município,2,%,80.73,2917607,Jaguaquara - BA,2513,Taxa de alfabetização das pessoas de 15 anos ou mais de idade,2022,2022,6794,Total,95251,Total,100362,Total
6,Município,2,%,84.32,2917706,Jaguarari - BA,2513,Taxa de alfabetização das pessoas de 15 anos ou mais de idade,2022,2022,6794,Total,95251,Total,100362,Total
6,Município,2,%,80.83,2917805,Jaguaripe - BA,2513,Taxa de alfabetização das pessoas de 15 anos ou mais de idade,2022,2022,6794,Total,95251,Total,100362,Total
6,Município,2,%,81.18,2917904,Jandaíra - BA,2513,Taxa de alfabetização das pessoas de 15 anos ou mais de idade,2022,2022,6794,Total,95251,Total,100362,Total
6,Município,2,%,88.19,2918001,Jequié - BA,2513,Taxa de alfabetização das pessoas de 15 anos ou mais de idade,2022,2022,6794,Total,95251,Total,100362,Total
6,Município,2,%,73.77,2918100,Jeremoabo - BA,2513,Taxa de alfabetização das pessoas de 15 anos ou mais de idade,2022,2022,6794,Total,95251,Total,100362,Total
6,Município,2,%,80.51,2918209,Jiquiriçá - BA,2513,Taxa de alfabetização das pessoas de 15 anos ou mais de idade,2022,2022,6794,Total,95251,Total,100362,Total
6,Município,2,%,76.89,2918308,Jitaúna - BA,2513,Taxa de alfabetização das pessoas de 15 anos ou mais de idade,2022,2022,6794,Total,95251,Total,100362,Total
6,Município,2,%,84.41,2918357,João Dourado - BA,2513,Taxa de alfabetização das pessoas de 15 anos ou mais de idade,2022,2022,6794,Total,95251,Total,100362,Total
6,Município,2,%,90.33,2918407,Juazeiro - BA,2513,Taxa de alfabetização das pessoas de 15 anos ou mais de idade,2022,2022,6794,Total,95251,Total,100362,Total
6,Município,2,%,72.98,2918456,Jucuruçu - BA,2513,Taxa de alfabetização das pessoas de 15 anos ou mais de idade,2022,2022,6794,Total,95251,Total,100362,Total
6,Município,2,%,79.22,2918506,Jussara - BA,2513,Taxa de alfabetização das pessoas de 15 anos ou mais de idade,2022,2022,6794,Total,95251,Total,100362,Total
6,Município,2,%,81.84,2918555,Jussari - BA,2513,Taxa de alfabetização das pessoas de 15 anos ou mais de idade,2022,2022,6794,Total,95251,Total,100362,Total
6,Município,2,%,82.57,2918605,Jussiape - BA,2513,Taxa de alfabetização das pessoas de 15 anos ou mais de idade,2022,2022,6794,Total,95251,Total,100362,Total
6,Município,2,%,75.29,2918704,Lafaiete Coutinho - BA,2513,Taxa de alfabetização das pessoas de 15 anos ou mais de idade,2022,2022,6794,Total,95251,Total,100362,Total
6,Município,2,%,78.92,2918753,Lagoa Real - BA,2513,Taxa de alfabetização das pessoas de 15 anos ou mais de idade,2022,2022,6794,Total,95251,Total,100362,Total
6,Município,2,%,79.08,2918803,Laje - BA,2513,Taxa de alfabetização das pessoas de 15 anos ou mais de idade,2022,2022,6794,Total,95251,Total,100362,Total
6,Município,2,%,81.35,2918902,Lajedão - BA,2513,Taxa de alfabetização das pessoas de 15 anos ou mais de idade,2022,2022,6794,Total,95251,Total,100362,Total
6,Município,2,%,81.81,2919009,Lajedinho - BA,2513,Taxa de alfabetização das pessoas de 15 anos ou mais de idade,2022,2022,6794,Total,95251,Total,100362,Total
6,Município,2,%,81.77,2919058,Lajedo do Tabocal - BA,2513,Taxa de alfabetização das pessoas de 15 anos ou mais de idade,2022,2022,6794,Total,95251,Total,100362,Total
6,Município,2,%,74.72,2919108,Lamarão - BA,2513,Taxa de alfabetização das pessoas de 15 anos ou mais de idade,2022,2022,6794,Total,95251,Total,100362,Total
6,Município,2,%,83.54,2919157,Lapão - BA,2513,Taxa de alfabetização das pessoas de 15 anos ou mais de idade,2022,2022,6794,Total,95251,Total,100362,Total
6,Município,2,%,96.32,2919207,Lauro de Freitas - BA,2513,Taxa de alfabetização das pessoas de 15 anos ou mais de idade,2022,2022,6794,Total,95251,Total,100362,Total
6,Município,2,%,89.33,2919306,Lençóis - BA,2513,Taxa de alfabetização das pessoas de 15 anos ou mais de idade,2022,2022,6794,Total,95251,Total,100362,Total
6,Município,2,%,84.05,2919405,Licínio de Almeida - BA,2513,Taxa de alfabetização das pessoas de 15 anos ou mais de idade,2022,2022,6794,Total,95251,Total,100362,Total
6,Município,2,%,82.8,2919504,Livramento de Nossa Senhora - BA,2513,Taxa de alfabetização das pessoas de 15 anos ou mais de idade,2022,2022,6794,Total,95251,Total,100362,Total
6,Município,2,%,95.32,2919553,Luís Eduardo Magalhães - BA,2513,Taxa de alfabetização das pessoas de 15 anos ou mais de idade,2022,2022,6794,Total,95251,Total,100362,Total
6,Município,2,%,78.45,2919603,Macajuba - BA,2513,Taxa de alfabetização das pessoas de 15 anos ou mais de idade,2022,2022,6794,Total,95251,Total,100362,Total
6,Município,2,%,79.61,2919702,Macarani - BA,2513,Taxa de alfabetização das pessoas de 15 anos ou mais de idade,2022,2022,6794,Total,95251,Total,100362,Total
6,Município,2,%,80.15,2919801,Macaúbas - BA,2513,Taxa de alfabetização das pessoas de 15 anos ou mais de idade,2022,2022,6794,Total,95251,Total,100362,Total
6,Município,2,%,77.87,2919900,Macururé - BA,2513,Taxa de alfabetização das pessoas de 15 anos ou mais de idade,2022,2022,6794,Total,95251,Total,100362,Total
6,Município,2,%,95.57,2919926,Madre de Deus - BA,2513,Taxa de alfabetização das pessoas de 15 anos ou mais de idade,2022,2022,6794,Total,95251,Total,100362,Total
6,Município,2,%,76.57,2919959,Maetinga - BA,2513,Taxa de alfabetização das pessoas de 15 anos ou mais de idade,2022,2022,6794,Total,95251,Total,100362,Total
6,Município,2,%,83.01,2920007,Maiquinique - BA,2513,Taxa de alfabetização das pessoas de 15 anos ou mais de idade,2022,2022,6794,Total,95251,Total,100362,Total
6,Município,2,%,80.34,2920106,Mairi - BA,2513,Taxa de alfabetização das pessoas de 15 anos ou mais de idade,2022,2022,6794,Total,95251,Total,100362,Total
6,Município,2,%,79.65,2920205,Malhada - BA,2513,Taxa de alfabetização das pessoas de 15 anos ou mais de idade,2022,2022,6794,Total,95251,Total,100362,Total
6,Município,2,%,80.36,2920304,Malhada de Pedras - BA,2513,Taxa de alfabetização das pessoas de 15 anos ou mais de idade,2022,2022,6794,Total,95251,Total,100362,Total
6,Município,2,%,76.2,2920403,Manoel Vitorino - BA,2513,Taxa de alfabetização das pessoas de 15 anos ou mais de idade,2022,2022,6794,Total,95251,Total,100362,Total
6,Município,2,%,88.6,2920452,Mansidão - BA,2513,Taxa de alfabetização das pessoas de 15 anos ou mais de idade,2022,2022,6794,Total,95251,Total,100362,Total
6,Município,2,%,81.72,2920502,Maracás - BA,2513,Taxa de alfabetização das pessoas de 15 anos ou mais de idade,2022,2022,6794,Total,95251,Total,100362,Total
6,Município,2,%,82.4,2920601,Maragogipe - BA,2513,Taxa de alfabetização das pessoas de 15 anos ou mais de idade,2022,2022,6794,Total,95251,Total,100362,Total
6,Município,2,%,84.14,2920700,Maraú - BA,2513,Taxa de alfabetização das pessoas de 15 anos ou mais de idade,2022,2022,6794,Total,95251,Total,100362,Total
6,Município,2,%,78.4,2920809,Marcionílio Souza - BA,2513,Taxa de alfabetização das pessoas de 15 anos ou mais de idade,2022,2022,6794,Total,95251,Total,100362,Total
6,Município,2,%,79.47,2920908,Mascote - BA,2513,Taxa de alfabetização das pessoas de 15 anos ou mais de idade,2022,2022,6794,Total,95251,Total,100362,Total
6,Município,2,%,91.05,2921005,Mata de São João - BA,2513,Taxa de alfabetização das pessoas de 15 anos ou mais de idade,2022,2022,6794,Total,95251,Total,100362,Total
6,Município,2,%,75.02,2921054,Matina - BA,2513,Taxa de alfabetização das pessoas de 15 anos ou mais de idade,2022,2022,6794,Total,95251,Total,100362,Total
6,Município,2,%,83.19,2921104,Medeiros Neto - BA,2513,Taxa de alfabetização das pessoas de 15 anos ou mais de idade,2022,2022,6794,Total,95251,Total,100362,Total
6,Município,2,%,83.51,2921203,Miguel Calmon - BA,2513,Taxa de alfabetização das pessoas de 15 anos ou mais de idade,2022,2022,6794,Total,95251,Total,100362,Total
6,Município,2,%,81.88,2921302,Milagres - BA,2513,Taxa de alfabetização das pessoas de 15 anos ou mais de idade,2022,2022,6794,Total,95251,Total,100362,Total
6,Município,2,%,80.88,2921401,Mirangaba - BA,2513,Taxa de alfabetização das pessoas de 15 anos ou mais de idade,2022,2022,6794,Total,95251,Total,100362,Total
6,Município,2,%,75.89,2921450,Mirante - BA,2513,Taxa de alfabetização das pessoas de 15 anos ou mais de idade,2022,2022,6794,Total,95251,Total,100362,Total
6,Município,2,%,72.34,2921500,Monte Santo - BA,2513,Taxa de alfabetização das pessoas de 15 anos ou mais de idade,2022,2022,6794,Total,95251,Total,100362,Total
6,Município,2,%,81.07,2921609,Morpará - BA,2513,Taxa de alfabetização das pessoas de 15 anos ou mais de idade,2022,2022,6794,Total,95251,Total,100362,Total
6,Município,2,%,83.93,2921708,Morro do Chapéu - BA,2513,Taxa de alfabetização das pessoas de 15 anos ou mais de idade,2022,2022,6794,Total,95251,Total,100362,Total
6,Município,2,%,84.63,2921807,Mortugaba - BA,2513,Taxa de alfabetização das pessoas de 15 anos ou mais de idade,2022,2022,6794,Total,95251,Total,100362,Total
6,Município,2,%,84.75,2921906,Mucugê - BA,2513,Taxa de alfabetização das pessoas de 15 anos ou mais de idade,2022,2022,6794,Total,95251,Total,100362,Total
6,Município,2,%,87.21,2922003,Mucuri - BA,2513,Taxa de alfabetização das pessoas de 15 anos ou mais de idade,2022,2022,6794,Total,95251,Total,100362,Total
6,Município,2,%,84.1,2922052,Mulungu do Morro - BA,2513,Taxa de alfabetização das pessoas de 15 anos ou mais de idade,2022,2022,6794,Total,95251,Total,100362,Total
6,Município,2,%,81.67,2922102,Mundo Novo - BA,2513,Taxa de alfabetização das pessoas de 15 anos ou mais de idade,2022,2022,6794,Total,95251,Total,100362,Total
6,Município,2,%,82.57,2922201,Muniz Ferreira - BA,2513,Taxa de alfabetização das pessoas de 15 anos ou mais de idade,2022,2022,6794,Total,95251,Total,100362,Total
6,Município,2,%,81.01,2922250,Muquém do São Francisco - BA,2513,Taxa de alfabetização das pessoas de 15 anos ou mais de idade,2022,2022,6794,Total,95251,Total,100362,Total
6,Município,2,%,88.2,2922300,Muritiba - BA,2513,Taxa de alfabetização das pessoas de 15 anos ou mais de idade,2022,2022,6794,Total,95251,Total,100362,Total
6,Município,2,%,82.19,2922409,Mutuípe - BA,2513,Taxa de alfabetização das pessoas de 15 anos ou mais de idade,2022,2022,6794,Total,95251,Total,100362,Total
6,Município,2,%,84.94,2922508,Nazaré - BA,2513,Taxa de alfabetização das pessoas de 15 anos ou mais de idade,2022,2022,6794,Total,95251,Total,100362,Total
6,Município,2,%,78.53,2922607,Nilo Peçanha - BA,2513,Taxa de alfabetização das pessoas de 15 anos ou mais de idade,2022,2022,6794,Total,95251,Total,100362,Total
6,Município,2,%,78.46,2922656,Nordestina - BA,2513,Taxa de alfabetização das pessoas de 15 anos ou mais de idade,2022,2022,6794,Total,95251,Total,100362,Total
6,Município,2,%,76.18,2922706,Nova Canaã - BA,2513,Taxa de alfabetização das pessoas de 15 anos ou mais de idade,2022,2022,6794,Total,95251,Total,100362,Total
6,Município,2,%,83.24,2922730,Nova Fátima - BA,2513,Taxa de alfabetização das pessoas de 15 anos ou mais de idade,2022,2022,6794,Total,95251,Total,100362,Total
6,Município,2,%,78.48,2922755,Nova Ibiá - BA,2513,Taxa de alfabetização das pessoas de 15 anos ou mais de idade,2022,2022,6794,Total,95251,Total,100362,Total
6,Município,2,%,79.76,2922805,Nova Itarana - BA,2513,Taxa de alfabetização das pessoas de 15 anos ou mais de idade,2022,2022,6794,Total,95251,Total,100362,Total
6,Município,2,%,82.01,2922854,Nova Redenção - BA,2513,Taxa de alfabetização das pessoas de 15 anos ou mais de idade,2022,2022,6794,Total,95251,Total,100362,Total
6,Município,2,%,77.07,2922904,Nova Soure - BA,2513,Taxa de alfabetização das pessoas de 15 anos ou mais de idade,2022,2022,6794,Total,95251,Total,100362,Total
6,Município,2,%,86.53,2923001,Nova Viçosa - BA,2513,Taxa de alfabetização das pessoas de 15 anos ou mais de idade,2022,2022,6794,Total,95251,Total,100362,Total
6,Município,2,%,88.01,2923035,Novo Horizonte - BA,2513,Taxa de alfabetização das pessoas de 15 anos ou mais de idade,2022,2022,6794,Total,95251,Total,100362,Total
6,Município,2,%,78.88,2923050,Novo Triunfo - BA,2513,Taxa de alfabetização das pessoas de 15 anos ou mais de idade,2022,2022,6794,Total,95251,Total,100362,Total
6,Município,2,%,77.76,2923100,Olindina - BA,2513,Taxa de alfabetização das pessoas de 15 anos ou mais de idade,2022,2022,6794,Total,95251,Total,100362,Total
6,Município,2,%,85.2,2923209,Oliveira dos Brejinhos - BA,2513,Taxa de alfabetização das pessoas de 15 anos ou mais de idade,2022,2022,6794,Total,95251,Total,100362,Total
6,Município,2,%,80.26,2923308,Ouriçangas - BA,2513,Taxa de alfabetização das pessoas de 15 anos ou mais de idade,2022,2022,6794,Total,95251,Total,100362,Total
6,Município,2,%,78.43,2923357,Ourolândia - BA,2513,Taxa de alfabetização das pessoas de 15 anos ou mais de idade,2022,2022,6794,Total,95251,Total,100362,Total
6,Município,2,%,77.2,2923407,Palmas de Monte Alto - BA,2513,Taxa de alfabetização das pessoas de 15 anos ou mais de idade,2022,2022,6794,Total,95251,Total,100362,Total
6,Município,2,%,91.15,2923506,Palmeiras - BA,2513,Taxa de alfabetização das pessoas de 15 anos ou mais de idade,2022,2022,6794,Total,95251,Total,100362,Total
6,Município,2,%,82.6,2923605,Paramirim - BA,2513,Taxa de alfabetização das pessoas de 15 anos ou mais de idade,2022,2022,6794,Total,95251,Total,100362,Total
6,Município,2,%,81.32,2923704,Paratinga - BA,2513,Taxa de alfabetização das pessoas de 15 anos ou mais de idade,2022,2022,6794,Total,95251,Total,100362,Total
6,Município,2,%,77.1,2923803,Paripiranga - BA,2513,Taxa de alfabetização das pessoas de 15 anos ou mais de idade,2022,2022,6794,Total,95251,Total,100362,Total
6,Município,2,%,82.17,2923902,Pau Brasil - BA,2513,Taxa de alfabetização das pessoas de 15 anos ou mais de idade,2022,2022,6794,Total,95251,Total,100362,Total
6,Município,2,%,87.62,2924009,Paulo Afonso - BA,2513,Taxa de alfabetização das pessoas de 15 anos ou mais de idade,2022,2022,6794,Total,95251,Total,100362,Total
6,Município,2,%,79.88,2924058,Pé de Serra - BA,2513,Taxa de alfabetização das pessoas de 15 anos ou mais de idade,2022,2022,6794,Total,95251,Total,100362,Total
6,Município,2,%,84.74,2924108,Pedrão - BA,2513,Taxa de alfabetização das pessoas de 15 anos ou mais de idade,2022,2022,6794,Total,95251,Total,100362,Total
6,Município,2,%,68.1,2924207,Pedro Alexandre - BA,2513,Taxa de alfabetização das pessoas de 15 anos ou mais de idade,2022,2022,6794,Total,95251,Total,100362,Total
6,Município,2,%,83.6,2924306,Piatã - BA,2513,Taxa de alfabetização das pessoas de 15 anos ou mais de idade,2022,2022,6794,Total,95251,Total,100362,Total
6,Município,2,%,74.92,2924405,Pilão Arcado - BA,2513,Taxa de alfabetização das pessoas de 15 anos ou mais de idade,2022,2022,6794,Total,95251,Total,100362,Total
6,Município,2,%,80.68,2924504,Pindaí - BA,2513,Taxa de alfabetização das pessoas de 15 anos ou mais de idade,2022,2022,6794,Total,95251,Total,100362,Total
6,Município,2,%,82.48,2924603,Pindobaçu - BA,2513,Taxa de alfabetização das pessoas de 15 anos ou mais de idade,2022,2022,6794,Total,95251,Total,100362,Total
6,Município,2,%,80.26,2924652,Pintadas - BA,2513,Taxa de alfabetização das pessoas de 15 anos ou mais de idade,2022,2022,6794,Total,95251,Total,100362,Total
6,Município,2,%,81.49,2924678,Piraí do Norte - BA,2513,Taxa de alfabetização das pessoas de 15 anos ou mais de idade,2022,2022,6794,Total,95251,Total,100362,Total
6,Município,2,%,77.78,2924702,Piripá - BA,2513,Taxa de alfabetização das pessoas de 15 anos ou mais de idade,2022,2022,6794,Total,95251,Total,100362,Total
6,Município,2,%,83.38,2924801,Piritiba - BA,2513,Taxa de alfabetização das pessoas de 15 anos ou mais de idade,2022,2022,6794,Total,95251,Total,100362,Total
6,Município,2,%,73.81,2924900,Planaltino - BA,2513,Taxa de alfabetização das pessoas de 15 anos ou mais de idade,2022,2022,6794,Total,95251,Total,100362,Total
6,Município,2,%,77.92,2925006,Planalto - BA,2513,Taxa de alfabetização das pessoas de 15 anos ou mais de idade,2022,2022,6794,Total,95251,Total,100362,Total
6,Município,2,%,80.91,2925105,Poções - BA,2513,Taxa de alfabetização das pessoas de 15 anos ou mais de idade,2022,2022,6794,Total,95251,Total,100362,Total
6,Município,2,%,91.31,2925204,Pojuca - BA,2513,Taxa de alfabetização das pessoas de 15 anos ou mais de idade,2022,2022,6794,Total,95251,Total,100362,Total
6,Município,2,%,80.75,2925253,Ponto Novo - BA,2513,Taxa de alfabetização das pessoas de 15 anos ou mais de idade,2022,2022,6794,Total,95251,Total,100362,Total
6,Município,2,%,91.53,2925303,Porto Seguro - BA,2513,Taxa de alfabetização das pessoas de 15 anos ou mais de idade,2022,2022,6794,Total,95251,Total,100362,Total
6,Município,2,%,85.36,2925402,Potiraguá - BA,2513,Taxa de alfabetização das pessoas de 15 anos ou mais de idade,2022,2022,6794,Total,95251,Total,100362,Total
6,Município,2,%,86.21,2925501,Prado - BA,2513,Taxa de alfabetização das pessoas de 15 anos ou mais de idade,2022,2022,6794,Total,95251,Total,100362,Total
6,Município,2,%,86.32,2925600,Presidente Dutra - BA,2513,Taxa de alfabetização das pessoas de 15 anos ou mais de idade,2022,2022,6794,Total,95251,Total,100362,Total
6,Município,2,%,74.95,2925709,Presidente Jânio Quadros - BA,2513,Taxa de alfabetização das pessoas de 15 anos ou mais de idade,2022,2022,6794,Total,95251,Total,100362,Total
6,Município,2,%,80.42,2925758,Presidente Tancredo Neves - BA,2513,Taxa de alfabetização das pessoas de 15 anos ou mais de idade,2022,2022,6794,Total,95251,Total,100362,Total
6,Município,2,%,82.14,2925808,Queimadas - BA,2513,Taxa de alfabetização das pessoas de 15 anos ou mais de idade,2022,2022,6794,Total,95251,Total,100362,Total
6,Município,2,%,71.22,2925907,Quijingue - BA,2513,Taxa de alfabetização das pessoas de 15 anos ou mais de idade,2022,2022,6794,Total,95251,Total,100362,Total
6,Município,2,%,81.97,2925931,Quixabeira - BA,2513,Taxa de alfabetização das pessoas de 15 anos ou mais de idade,2022,2022,6794,Total,95251,Total,100362,Total
6,Município,2,%,76.17,2925956,Rafael Jambeiro - BA,2513,Taxa de alfabetização das pessoas de 15 anos ou mais de idade,2022,2022,6794,Total,95251,Total,100362,Total
6,Município,2,%,79.55,2926004,Remanso - BA,2513,Taxa de alfabetização das pessoas de 15 anos ou mais de idade,2022,2022,6794,Total,95251,Total,100362,Total
6,Município,2,%,86.36,2926103,Retirolândia - BA,2513,Taxa de alfabetização das pessoas de 15 anos ou mais de idade,2022,2022,6794,Total,95251,Total,100362,Total
6,Município,2,%,77.97,2926202,Riachão das Neves - BA,2513,Taxa de alfabetização das pessoas de 15 anos ou mais de idade,2022,2022,6794,Total,95251,Total,100362,Total
6,Município,2,%,85.1,2926301,Riachão do Jacuípe - BA,2513,Taxa de alfabetização das pessoas de 15 anos ou mais de idade,2022,2022,6794,Total,95251,Total,100362,Total
6,Município,2,%,78.52,2926400,Riacho de Santana - BA,2513,Taxa de alfabetização das pessoas de 15 anos ou mais de idade,2022,2022,6794,Total,95251,Total,100362,Total
6,Município,2,%,69.27,2926509,Ribeira do Amparo - BA,2513,Taxa de alfabetização das pessoas de 15 anos ou mais de idade,2022,2022,6794,Total,95251,Total,100362,Total
6,Município,2,%,81.99,2926608,Ribeira do Pombal - BA,2513,Taxa de alfabetização das pessoas de 15 anos ou mais de idade,2022,2022,6794,Total,95251,Total,100362,Total
6,Município,2,%,73.99,2926657,Ribeirão do Largo - BA,2513,Taxa de alfabetização das pessoas de 15 anos ou mais de idade,2022,2022,6794,Total,95251,Total,100362,Total
6,Município,2,%,81.82,2926707,Rio de Contas - BA,2513,Taxa de alfabetização das pessoas de 15 anos ou mais de idade,2022,2022,6794,Total,95251,Total,100362,Total
6,Município,2,%,75.31,2926806,Rio do Antônio - BA,2513,Taxa de alfabetização das pessoas de 15 anos ou mais de idade,2022,2022,6794,Total,95251,Total,100362,Total
6,Município,2,%,82.26,2926905,Rio do Pires - BA,2513,Taxa de alfabetização das pessoas de 15 anos ou mais de idade,2022,2022,6794,Total,95251,Total,100362,Total
6,Município,2,%,81.29,2927002,Rio Real - BA,2513,Taxa de alfabetização das pessoas de 15 anos ou mais de idade,2022,2022,6794,Total,95251,Total,100362,Total
6,Município,2,%,87.44,2927101,Rodelas - BA,2513,Taxa de alfabetização das pessoas de 15 anos ou mais de idade,2022,2022,6794,Total,95251,Total,100362,Total
6,Município,2,%,81.98,2927200,Ruy Barbosa - BA,2513,Taxa de alfabetização das pessoas de 15 anos ou mais de idade,2022,2022,6794,Total,95251,Total,100362,Total
6,Município,2,%,91.26,2927309,Salinas da Margarida - BA,2513,Taxa de alfabetização das pessoas de 15 anos ou mais de idade,2022,2022,6794,Total,95251,Total,100362,Total
6,Município,2,%,96.55,2927408,Salvador - BA,2513,Taxa de alfabetização das pessoas de 15 anos ou mais de idade,2022,2022,6794,Total,95251,Total,100362,Total
6,Município,2,%,81.94,2927507,Santa Bárbara - BA,2513,Taxa de alfabetização das pessoas de 15 anos ou mais de idade,2022,2022,6794,Total,95251,Total,100362,Total
6,Município,2,%,71.68,2927606,Santa Brígida - BA,2513,Taxa de alfabetização das pessoas de 15 anos ou mais de idade,2022,2022,6794,Total,95251,Total,100362,Total
6,Município,2,%,88.81,2927705,Santa Cruz Cabrália - BA,2513,Taxa de alfabetização das pessoas de 15 anos ou mais de idade,2022,2022,6794,Total,95251,Total,100362,Total
6,Município,2,%,79.01,2927804,Santa Cruz da Vitória - BA,2513,Taxa de alfabetização das pessoas de 15 anos ou mais de idade,2022,2022,6794,Total,95251,Total,100362,Total
6,Município,2,%,78.96,2927903,Santa Inês - BA,2513,Taxa de alfabetização das pessoas de 15 anos ou mais de idade,2022,2022,6794,Total,95251,Total,100362,Total
6,Município,2,%,82.93,2928000,Santaluz - BA,2513,Taxa de alfabetização das pessoas de 15 anos ou mais de idade,2022,2022,6794,Total,95251,Total,100362,Total
6,Município,2,%,79.98,2928059,Santa Luzia - BA,2513,Taxa de alfabetização das pessoas de 15 anos ou mais de idade,2022,2022,6794,Total,95251,Total,100362,Total
6,Município,2,%,81.65,2928109,Santa Maria da Vitória - BA,2513,Taxa de alfabetização das pessoas de 15 anos ou mais de idade,2022,2022,6794,Total,95251,Total,100362,Total
6,Município,2,%,83.26,2928208,Santana - BA,2513,Taxa de alfabetização das pessoas de 15 anos ou mais de idade,2022,2022,6794,Total,95251,Total,100362,Total
6,Município,2,%,81.57,2928307,Santanópolis - BA,2513,Taxa de alfabetização das pessoas de 15 anos ou mais de idade,2022,2022,6794,Total,95251,Total,100362,Total
6,Município,2,%,83.93,2928406,Santa Rita de Cássia - BA,2513,Taxa de alfabetização das pessoas de 15 anos ou mais de idade,2022,2022,6794,Total,95251,Total,100362,Total
6,Município,2,%,79.06,2928505,Santa Terezinha - BA,2513,Taxa de alfabetização das pessoas de 15 anos ou mais de idade,2022,2022,6794,Total,95251,Total,100362,Total
6,Município,2,%,89.68,2928604,Santo Amaro - BA,2513,Taxa de alfabetização das pessoas de 15 anos ou mais de idade,2022,2022,6794,Total,95251,Total,100362,Total
6,Município,2,%,91.76,2928703,Santo Antônio de Jesus - BA,2513,Taxa de alfabetização das pessoas de 15 anos ou mais de idade,2022,2022,6794,Total,95251,Total,100362,Total
6,Município,2,%,84.87,2928802,Santo Estêvão - BA,2513,Taxa de alfabetização das pessoas de 15 anos ou mais de idade,2022,2022,6794,Total,95251,Total,100362,Total
6,Município,2,%,82.12,2928901,São Desidério - BA,2513,Taxa de alfabetização das pessoas de 15 anos ou mais de idade,2022,2022,6794,Total,95251,Total,100362,Total
6,Município,2,%,82.76,2928950,São Domingos - BA,2513,Taxa de alfabetização das pessoas de 15 anos ou mais de idade,2022,2022,6794,Total,95251,Total,100362,Total
6,Município,2,%,87.22,2929008,São Félix - BA,2513,Taxa de alfabetização das pessoas de 15 anos ou mais de idade,2022,2022,6794,Total,95251,Total,100362,Total
6,Município,2,%,85.72,2929057,São Félix do Coribe - BA,2513,Taxa de alfabetização das pessoas de 15 anos ou mais de idade,2022,2022,6794,Total,95251,Total,100362,Total
6,Município,2,%,83.51,2929107,São Felipe - BA,2513,Taxa de alfabetização das pessoas de 15 anos ou mais de idade,2022,2022,6794,Total,95251,Total,100362,Total
6,Município,2,%,91.79,2929206,São Francisco do Conde - BA,2513,Taxa de alfabetização das pessoas de 15 anos ou mais de idade,2022,2022,6794,Total,95251,Total,100362,Total
6,Município,2,%,84.97,2929255,São Gabriel - BA,2513,Taxa de alfabetização das pessoas de 15 anos ou mais de idade,2022,2022,6794,Total,95251,Total,100362,Total
6,Município,2,%,90.03,2929305,São Gonçalo dos Campos - BA,2513,Taxa de alfabetização das pessoas de 15 anos ou mais de idade,2022,2022,6794,Total,95251,Total,100362,Total
6,Município,2,%,78.3,2929354,São José da Vitória - BA,2513,Taxa de alfabetização das pessoas de 15 anos ou mais de idade,2022,2022,6794,Total,95251,Total,100362,Total
6,Município,2,%,78.32,2929370,São José do Jacuípe - BA,2513,Taxa de alfabetização das pessoas de 15 anos ou mais de idade,2022,2022,6794,Total,95251,Total,100362,Total
6,Município,2,%,81.84,2929404,São Miguel das Matas - BA,2513,Taxa de alfabetização das pessoas de 15 anos ou mais de idade,2022,2022,6794,Total,95251,Total,100362,Total
6,Município,2,%,89.13,2929503,São Sebastião do Passé - BA,2513,Taxa de alfabetização das pessoas de 15 anos ou mais de idade,2022,2022,6794,Total,95251,Total,100362,Total
6,Município,2,%,87.04,2929602,Sapeaçu - BA,2513,Taxa de alfabetização das pessoas de 15 anos ou mais de idade,2022,2022,6794,Total,95251,Total,100362,Total
6,Município,2,%,78.74,2929701,Sátiro Dias - BA,2513,Taxa de alfabetização das pessoas de 15 anos ou mais de idade,2022,2022,6794,Total,95251,Total,100362,Total
6,Município,2,%,88.77,2929750,Saubara - BA,2513,Taxa de alfabetização das pessoas de 15 anos ou mais de idade,2022,2022,6794,Total,95251,Total,100362,Total
6,Município,2,%,81.51,2929800,Saúde - BA,2513,Taxa de alfabetização das pessoas de 15 anos ou mais de idade,2022,2022,6794,Total,95251,Total,100362,Total
6,Município,2,%,89.17,2929909,Seabra - BA,2513,Taxa de alfabetização das pessoas de 15 anos ou mais de idade,2022,2022,6794,Total,95251,Total,100362,Total
6,Município,2,%,78.4,2930006,Sebastião Laranjeiras - BA,2513,Taxa de alfabetização das pessoas de 15 anos ou mais de idade,2022,2022,6794,Total,95251,Total,100362,Total
6,Município,2,%,87.45,2930105,Senhor do Bonfim - BA,2513,Taxa de alfabetização das pessoas de 15 anos ou mais de idade,2022,2022,6794,Total,95251,Total,100362,Total
6,Município,2,%,82.19,2930154,Serra do Ramalho - BA,2513,Taxa de alfabetização das pessoas de 15 anos ou mais de idade,2022,2022,6794,Total,95251,Total,100362,Total
6,Município,2,%,81.93,2930204,Sento Sé - BA,2513,Taxa de alfabetização das pessoas de 15 anos ou mais de idade,2022,2022,6794,Total,95251,Total,100362,Total
6,Município,2,%,80.58,2930303,Serra Dourada - BA,2513,Taxa de alfabetização das pessoas de 15 anos ou mais de idade,2022,2022,6794,Total,95251,Total,100362,Total
6,Município,2,%,79.78,2930402,Serra Preta - BA,2513,Taxa de alfabetização das pessoas de 15 anos ou mais de idade,2022,2022,6794,Total,95251,Total,100362,Total
6,Município,2,%,87.38,2930501,Serrinha - BA,2513,Taxa de alfabetização das pessoas de 15 anos ou mais de idade,2022,2022,6794,Total,95251,Total,100362,Total
6,Município,2,%,79.43,2930600,Serrolândia - BA,2513,Taxa de alfabetização das pessoas de 15 anos ou mais de idade,2022,2022,6794,Total,95251,Total,100362,Total
6,Município,2,%,94.36,2930709,Simões Filho - BA,2513,Taxa de alfabetização das pessoas de 15 anos ou mais de idade,2022,2022,6794,Total,95251,Total,100362,Total
6,Município,2,%,83.87,2930758,Sítio do Mato - BA,2513,Taxa de alfabetização das pessoas de 15 anos ou mais de idade,2022,2022,6794,Total,95251,Total,100362,Total
6,Município,2,%,71.81,2930766,Sítio do Quinto - BA,2513,Taxa de alfabetização das pessoas de 15 anos ou mais de idade,2022,2022,6794,Total,95251,Total,100362,Total
6,Município,2,%,86.84,2930774,Sobradinho - BA,2513,Taxa de alfabetização das pessoas de 15 anos ou mais de idade,2022,2022,6794,Total,95251,Total,100362,Total
6,Município,2,%,85.85,2930808,Souto Soares - BA,2513,Taxa de alfabetização das pessoas de 15 anos ou mais de idade,2022,2022,6794,Total,95251,Total,100362,Total
6,Município,2,%,78.12,2930907,Tabocas do Brejo Velho - BA,2513,Taxa de alfabetização das pessoas de 15 anos ou mais de idade,2022,2022,6794,Total,95251,Total,100362,Total
6,Município,2,%,78.83,2931004,Tanhaçu - BA,2513,Taxa de alfabetização das pessoas de 15 anos ou mais de idade,2022,2022,6794,Total,95251,Total,100362,Total
6,Município,2,%,81.16,2931053,Tanque Novo - BA,2513,Taxa de alfabetização das pessoas de 15 anos ou mais de idade,2022,2022,6794,Total,95251,Total,100362,Total
6,Município,2,%,86.5,2931103,Tanquinho - BA,2513,Taxa de alfabetização das pessoas de 15 anos ou mais de idade,2022,2022,6794,Total,95251,Total,100362,Total
6,Município,2,%,80.53,2931202,Taperoá - BA,2513,Taxa de alfabetização das pessoas de 15 anos ou mais de idade,2022,2022,6794,Total,95251,Total,100362,Total
6,Município,2,%,82.47,2931301,Tapiramutá - BA,2513,Taxa de alfabetização das pessoas de 15 anos ou mais de idade,2022,2022,6794,Total,95251,Total,100362,Total
6,Município,2,%,89.68,2931350,Teixeira de Freitas - BA,2513,Taxa de alfabetização das pessoas de 15 anos ou mais de idade,2022,2022,6794,Total,95251,Total,100362,Total
6,Município,2,%,84.62,2931400,Teodoro Sampaio - BA,2513,Taxa de alfabetização das pessoas de 15 anos ou mais de idade,2022,2022,6794,Total,95251,Total,100362,Total
6,Município,2,%,81.12,2931509,Teofilândia - BA,2513,Taxa de alfabetização das pessoas de 15 anos ou mais de idade,2022,2022,6794,Total,95251,Total,100362,Total
6,Município,2,%,77.34,2931608,Teolândia - BA,2513,Taxa de alfabetização das pessoas de 15 anos ou mais de idade,2022,2022,6794,Total,95251,Total,100362,Total
6,Município,2,%,89.61,2931707,Terra Nova - BA,2513,Taxa de alfabetização das pessoas de 15 anos ou mais de idade,2022,2022,6794,Total,95251,Total,100362,Total
6,Município,2,%,73.14,2931806,Tremedal - BA,2513,Taxa de alfabetização das pessoas de 15 anos ou mais de idade,2022,2022,6794,Total,95251,Total,100362,Total
6,Município,2,%,76.96,2931905,Tucano - BA,2513,Taxa de alfabetização das pessoas de 15 anos ou mais de idade,2022,2022,6794,Total,95251,Total,100362,Total
6,Município,2,%,80.05,2932002,Uauá - BA,2513,Taxa de alfabetização das pessoas de 15 anos ou mais de idade,2022,2022,6794,Total,95251,Total,100362,Total
6,Município,2,%,76.42,2932101,Ubaíra - BA,2513,Taxa de alfabetização das pessoas de 15 anos ou mais de idade,2022,2022,6794,Total,95251,Total,100362,Total
6,Município,2,%,84.08,2932200,Ubaitaba - BA,2513,Taxa de alfabetização das pessoas de 15 anos ou mais de idade,2022,2022,6794,Total,95251,Total,100362,Total
6,Município,2,%,83.43,2932309,Ubatã - BA,2513,Taxa de alfabetização das pessoas de 15 anos ou mais de idade,2022,2022,6794,Total,95251,Total,100362,Total
6,Município,2,%,88.11,2932408,Uibaí - BA,2513,Taxa de alfabetização das pessoas de 15 anos ou mais de idade,2022,2022,6794,Total,95251,Total,100362,Total
6,Município,2,%,79.23,2932457,Umburanas - BA,2513,Taxa de alfabetização das pessoas de 15 anos ou mais de idade,2022,2022,6794,Total,95251,Total,100362,Total
6,Município,2,%,82.1,2932507,Una - BA,2513,Taxa de alfabetização das pessoas de 15 anos ou mais de idade,2022,2022,6794,Total,95251,Total,100362,Total
6,Município,2,%,82.73,2932606,Urandi - BA,2513,Taxa de alfabetização das pessoas de 15 anos ou mais de idade,2022,2022,6794,Total,95251,Total,100362,Total
6,Município,2,%,81.42,2932705,Uruçuca - BA,2513,Taxa de alfabetização das pessoas de 15 anos ou mais de idade,2022,2022,6794,Total,95251,Total,100362,Total
6,Município,2,%,83.34,2932804,Utinga - BA,2513,Taxa de alfabetização das pessoas de 15 anos ou mais de idade,2022,2022,6794,Total,95251,Total,100362,Total
6,Município,2,%,85.17,2932903,Valença - BA,2513,Taxa de alfabetização das pessoas de 15 anos ou mais de idade,2022,2022,6794,Total,95251,Total,100362,Total
6,Município,2,%,85.09,2933000,Valente - BA,2513,Taxa de alfabetização das pessoas de 15 anos ou mais de idade,2022,2022,6794,Total,95251,Total,100362,Total
6,Município,2,%,76.79,2933059,Várzea da Roça - BA,2513,Taxa de alfabetização das pessoas de 15 anos ou mais de idade,2022,2022,6794,Total,95251,Total,100362,Total
6,Município,2,%,81.76,2933109,Várzea do Poço - BA,2513,Taxa de alfabetização das pessoas de 15 anos ou mais de idade,2022,2022,6794,Total,95251,Total,100362,Total
6,Município,2,%,80.39,2933158,Várzea Nova - BA,2513,Taxa de alfabetização das pessoas de 15 anos ou mais de idade,2022,2022,6794,Total,95251,Total,100362,Total
6,Município,2,%,80.57,2933174,Varzedo - BA,2513,Taxa de alfabetização das pessoas de 15 anos ou mais de idade,2022,2022,6794,Total,95251,Total,100362,Total
6,Município,2,%,91.86,2933208,Vera Cruz - BA,2513,Taxa de alfabetização das pessoas de 15 anos ou mais de idade,2022,2022,6794,Total,95251,Total,100362,Total
6,Município,2,%,79.41,2933257,Vereda - BA,2513,Taxa de alfabetização das pessoas de 15 anos ou mais de idade,2022,2022,6794,Total,95251,Total,100362,Total
6,Município,2,%,90.9,2933307,Vitória da Conquista - BA,2513,Taxa de alfabetização das pessoas de 15 anos ou mais de idade,2022,2022,6794,Total,95251,Total,100362,Total
6,Município,2,%,84.47,2933406,Wagner - BA,2513,Taxa de alfabetização das pessoas de 15 anos ou mais de idade,2022,2022,6794,Total,95251,Total,100362,Total
6,Município,2,%,82.75,2933455,Wanderley - BA,2513,Taxa de alfabetização das pessoas de 15 anos ou mais de idade,2022,2022,6794,Total,95251,Total,100362,Total
6,Município,2,%,75.07,2933505,Wenceslau Guimarães - BA,2513,Taxa de alfabetização das pessoas de 15 anos ou mais de idade,2022,2022,6794,Total,95251,Total,100362,Total
6,Município,2,%,83.19,2933604,Xique-Xique - BA,2513,Taxa de alfabetização das pessoas de 15 anos ou mais de idade,2022,2022,6794,Total,95251,Total,100362,Total
6,Município,2,%,93.52,3100104,Abadia dos Dourados - MG,2513,Taxa de alfabetização das pessoas de 15 anos ou mais de idade,2022,2022,6794,Total,95251,Total,100362,Total
6,Município,2,%,93.71,3100203,Abaeté - MG,2513,Taxa de alfabetização das pessoas de 15 anos ou mais de idade,2022,2022,6794,Total,95251,Total,100362,Total
6,Município,2,%,92.86,3100302,Abre Campo - MG,2513,Taxa de alfabetização das pessoas de 15 anos ou mais de idade,2022,2022,6794,Total,95251,Total,100362,Total
6,Município,2,%,89.9,3100401,Acaiaca - MG,2513,Taxa de alfabetização das pessoas de 15 anos ou mais de idade,2022,2022,6794,Total,95251,Total,100362,Total
6,Município,2,%,85.19,3100500,Açucena - MG,2513,Taxa de alfabetização das pessoas de 15 anos ou mais de idade,2022,2022,6794,Total,95251,Total,100362,Total
6,Município,2,%,77.6,3100609,Água Boa - MG,2513,Taxa de alfabetização das pessoas de 15 anos ou mais de idade,2022,2022,6794,Total,95251,Total,100362,Total
6,Município,2,%,93.21,3100708,Água Comprida - MG,2513,Taxa de alfabetização das pessoas de 15 anos ou mais de idade,2022,2022,6794,Total,95251,Total,100362,Total
6,Município,2,%,92.19,3100807,Aguanil - MG,2513,Taxa de alfabetização das pessoas de 15 anos ou mais de idade,2022,2022,6794,Total,95251,Total,100362,Total
6,Município,2,%,83.32,3100906,Águas Formosas - MG,2513,Taxa de alfabetização das pessoas de 15 anos ou mais de idade,2022,2022,6794,Total,95251,Total,100362,Total
6,Município,2,%,81.43,3101003,Águas Vermelhas - MG,2513,Taxa de alfabetização das pessoas de 15 anos ou mais de idade,2022,2022,6794,Total,95251,Total,100362,Total
6,Município,2,%,90.04,3101102,Aimorés - MG,2513,Taxa de alfabetização das pessoas de 15 anos ou mais de idade,2022,2022,6794,Total,95251,Total,100362,Total
6,Município,2,%,90.89,3101201,Aiuruoca - MG,2513,Taxa de alfabetização das pessoas de 15 anos ou mais de idade,2022,2022,6794,Total,95251,Total,100362,Total
6,Município,2,%,90.5,3101300,Alagoa - MG,2513,Taxa de alfabetização das pessoas de 15 anos ou mais de idade,2022,2022,6794,Total,95251,Total,100362,Total
6,Município,2,%,90.79,3101409,Albertina - MG,2513,Taxa de alfabetização das pessoas de 15 anos ou mais de idade,2022,2022,6794,Total,95251,Total,100362,Total
6,Município,2,%,94.94,3101508,Além Paraíba - MG,2513,Taxa de alfabetização das pessoas de 15 anos ou mais de idade,2022,2022,6794,Total,95251,Total,100362,Total
6,Município,2,%,95.78,3101607,Alfenas - MG,2513,Taxa de alfabetização das pessoas de 15 anos ou mais de idade,2022,2022,6794,Total,95251,Total,100362,Total
6,Município,2,%,94.28,3101631,Alfredo Vasconcelos - MG,2513,Taxa de alfabetização das pessoas de 15 anos ou mais de idade,2022,2022,6794,Total,95251,Total,100362,Total
6,Município,2,%,83.61,3101706,Almenara - MG,2513,Taxa de alfabetização das pessoas de 15 anos ou mais de idade,2022,2022,6794,Total,95251,Total,100362,Total
6,Município,2,%,86.92,3101805,Alpercata - MG,2513,Taxa de alfabetização das pessoas de 15 anos ou mais de idade,2022,2022,6794,Total,95251,Total,100362,Total
6,Município,2,%,94.43,3101904,Alpinópolis - MG,2513,Taxa de alfabetização das pessoas de 15 anos ou mais de idade,2022,2022,6794,Total,95251,Total,100362,Total
6,Município,2,%,93.81,3102001,Alterosa - MG,2513,Taxa de alfabetização das pessoas de 15 anos ou mais de idade,2022,2022,6794,Total,95251,Total,100362,Total
6,Município,2,%,91,3102050,Alto Caparaó - MG,2513,Taxa de alfabetização das pessoas de 15 anos ou mais de idade,2022,2022,6794,Total,95251,Total,100362,Total
6,Município,2,%,89.86,3102100,Alto Rio Doce - MG,2513,Taxa de alfabetização das pessoas de 15 anos ou mais de idade,2022,2022,6794,Total,95251,Total,100362,Total
6,Município,2,%,84.23,3102209,Alvarenga - MG,2513,Taxa de alfabetização das pessoas de 15 anos ou mais de idade,2022,2022,6794,Total,95251,Total,100362,Total
6,Município,2,%,92.96,3102308,Alvinópolis - MG,2513,Taxa de alfabetização das pessoas de 15 anos ou mais de idade,2022,2022,6794,Total,95251,Total,100362,Total
6,Município,2,%,86.96,3102407,Alvorada de Minas - MG,2513,Taxa de alfabetização das pessoas de 15 anos ou mais de idade,2022,2022,6794,Total,95251,Total,100362,Total
6,Município,2,%,87.99,3102506,Amparo do Serra - MG,2513,Taxa de alfabetização das pessoas de 15 anos ou mais de idade,2022,2022,6794,Total,95251,Total,100362,Total
6,Município,2,%,93.76,3102605,Andradas - MG,2513,Taxa de alfabetização das pessoas de 15 anos ou mais de idade,2022,2022,6794,Total,95251,Total,100362,Total
6,Município,2,%,82.73,3102704,Cachoeira de Pajeú - MG,2513,Taxa de alfabetização das pessoas de 15 anos ou mais de idade,2022,2022,6794,Total,95251,Total,100362,Total
6,Município,2,%,91.84,3102803,Andrelândia - MG,2513,Taxa de alfabetização das pessoas de 15 anos ou mais de idade,2022,2022,6794,Total,95251,Total,100362,Total
6,Município,2,%,81.35,3102852,Angelândia - MG,2513,Taxa de alfabetização das pessoas de 15 anos ou mais de idade,2022,2022,6794,Total,95251,Total,100362,Total
6,Município,2,%,92.31,3102902,Antônio Carlos - MG,2513,Taxa de alfabetização das pessoas de 15 anos ou mais de idade,2022,2022,6794,Total,95251,Total,100362,Total
6,Município,2,%,90.28,3103009,Antônio Dias - MG,2513,Taxa de alfabetização das pessoas de 15 anos ou mais de idade,2022,2022,6794,Total,95251,Total,100362,Total
6,Município,2,%,91.82,3103108,Antônio Prado de Minas - MG,2513,Taxa de alfabetização das pessoas de 15 anos ou mais de idade,2022,2022,6794,Total,95251,Total,100362,Total
6,Município,2,%,93.19,3103207,Araçaí - MG,2513,Taxa de alfabetização das pessoas de 15 anos ou mais de idade,2022,2022,6794,Total,95251,Total,100362,Total
6,Município,2,%,88.31,3103306,Aracitaba - MG,2513,Taxa de alfabetização das pessoas de 15 anos ou mais de idade,2022,2022,6794,Total,95251,Total,100362,Total
6,Município,2,%,87.82,3103405,Araçuaí - MG,2513,Taxa de alfabetização das pessoas de 15 anos ou mais de idade,2022,2022,6794,Total,95251,Total,100362,Total
6,Município,2,%,96.34,3103504,Araguari - MG,2513,Taxa de alfabetização das pessoas de 15 anos ou mais de idade,2022,2022,6794,Total,95251,Total,100362,Total
6,Município,2,%,93.26,3103603,Arantina - MG,2513,Taxa de alfabetização das pessoas de 15 anos ou mais de idade,2022,2022,6794,Total,95251,Total,100362,Total
6,Município,2,%,86.73,3103702,Araponga - MG,2513,Taxa de alfabetização das pessoas de 15 anos ou mais de idade,2022,2022,6794,Total,95251,Total,100362,Total
6,Município,2,%,94.71,3103751,Araporã - MG,2513,Taxa de alfabetização das pessoas de 15 anos ou mais de idade,2022,2022,6794,Total,95251,Total,100362,Total
6,Município,2,%,93.16,3103801,Arapuá - MG,2513,Taxa de alfabetização das pessoas de 15 anos ou mais de idade,2022,2022,6794,Total,95251,Total,100362,Total
6,Município,2,%,94.62,3103900,Araújos - MG,2513,Taxa de alfabetização das pessoas de 15 anos ou mais de idade,2022,2022,6794,Total,95251,Total,100362,Total
6,Município,2,%,96.79,3104007,Araxá - MG,2513,Taxa de alfabetização das pessoas de 15 anos ou mais de idade,2022,2022,6794,Total,95251,Total,100362,Total
6,Município,2,%,92.55,3104106,Arceburgo - MG,2513,Taxa de alfabetização das pessoas de 15 anos ou mais de idade,2022,2022,6794,Total,95251,Total,100362,Total
6,Município,2,%,96.66,3104205,Arcos - MG,2513,Taxa de alfabetização das pessoas de 15 anos ou mais de idade,2022,2022,6794,Total,95251,Total,100362,Total
6,Município,2,%,94.54,3104304,Areado - MG,2513,Taxa de alfabetização das pessoas de 15 anos ou mais de idade,2022,2022,6794,Total,95251,Total,100362,Total
6,Município,2,%,92.92,3104403,Argirita - MG,2513,Taxa de alfabetização das pessoas de 15 anos ou mais de idade,2022,2022,6794,Total,95251,Total,100362,Total
6,Município,2,%,84.18,3104452,Aricanduva - MG,2513,Taxa de alfabetização das pessoas de 15 anos ou mais de idade,2022,2022,6794,Total,95251,Total,100362,Total
6,Município,2,%,89.51,3104502,Arinos - MG,2513,Taxa de alfabetização das pessoas de 15 anos ou mais de idade,2022,2022,6794,Total,95251,Total,100362,Total
6,Município,2,%,94.79,3104601,Astolfo Dutra - MG,2513,Taxa de alfabetização das pessoas de 15 anos ou mais de idade,2022,2022,6794,Total,95251,Total,100362,Total
6,Município,2,%,80.01,3104700,Ataléia - MG,2513,Taxa de alfabetização das pessoas de 15 anos ou mais de idade,2022,2022,6794,Total,95251,Total,100362,Total
6,Município,2,%,90.22,3104809,Augusto de Lima - MG,2513,Taxa de alfabetização das pessoas de 15 anos ou mais de idade,2022,2022,6794,Total,95251,Total,100362,Total
6,Município,2,%,92.07,3104908,Baependi - MG,2513,Taxa de alfabetização das pessoas de 15 anos ou mais de idade,2022,2022,6794,Total,95251,Total,100362,Total
6,Município,2,%,92.38,3105004,Baldim - MG,2513,Taxa de alfabetização das pessoas de 15 anos ou mais de idade,2022,2022,6794,Total,95251,Total,100362,Total
6,Município,2,%,94.23,3105103,Bambuí - MG,2513,Taxa de alfabetização das pessoas de 15 anos ou mais de idade,2022,2022,6794,Total,95251,Total,100362,Total
6,Município,2,%,78.59,3105202,Bandeira - MG,2513,Taxa de alfabetização das pessoas de 15 anos ou mais de idade,2022,2022,6794,Total,95251,Total,100362,Total
6,Município,2,%,92.19,3105301,Bandeira do Sul - MG,2513,Taxa de alfabetização das pessoas de 15 anos ou mais de idade,2022,2022,6794,Total,95251,Total,100362,Total
6,Município,2,%,95.71,3105400,Barão de Cocais - MG,2513,Taxa de alfabetização das pessoas de 15 anos ou mais de idade,2022,2022,6794,Total,95251,Total,100362,Total
6,Município,2,%,88.2,3105509,Barão do Monte Alto - MG,2513,Taxa de alfabetização das pessoas de 15 anos ou mais de idade,2022,2022,6794,Total,95251,Total,100362,Total
6,Município,2,%,96.17,3105608,Barbacena - MG,2513,Taxa de alfabetização das pessoas de 15 anos ou mais de idade,2022,2022,6794,Total,95251,Total,100362,Total
6,Município,2,%,87.44,3105707,Barra Longa - MG,2513,Taxa de alfabetização das pessoas de 15 anos ou mais de idade,2022,2022,6794,Total,95251,Total,100362,Total
6,Município,2,%,95.52,3105905,Barroso - MG,2513,Taxa de alfabetização das pessoas de 15 anos ou mais de idade,2022,2022,6794,Total,95251,Total,100362,Total
6,Município,2,%,95.26,3106002,Bela Vista de Minas - MG,2513,Taxa de alfabetização das pessoas de 15 anos ou mais de idade,2022,2022,6794,Total,95251,Total,100362,Total
6,Município,2,%,89.21,3106101,Belmiro Braga - MG,2513,Taxa de alfabetização das pessoas de 15 anos ou mais de idade,2022,2022,6794,Total,95251,Total,100362,Total
6,Município,2,%,97.78,3106200,Belo Horizonte - MG,2513,Taxa de alfabetização das pessoas de 15 anos ou mais de idade,2022,2022,6794,Total,95251,Total,100362,Total
6,Município,2,%,92.25,3106309,Belo Oriente - MG,2513,Taxa de alfabetização das pessoas de 15 anos ou mais de idade,2022,2022,6794,Total,95251,Total,100362,Total
6,Município,2,%,94.35,3106408,Belo Vale - MG,2513,Taxa de alfabetização das pessoas de 15 anos ou mais de idade,2022,2022,6794,Total,95251,Total,100362,Total
6,Município,2,%,83.53,3106507,Berilo - MG,2513,Taxa de alfabetização das pessoas de 15 anos ou mais de idade,2022,2022,6794,Total,95251,Total,100362,Total
6,Município,2,%,77.43,3106606,Bertópolis - MG,2513,Taxa de alfabetização das pessoas de 15 anos ou mais de idade,2022,2022,6794,Total,95251,Total,100362,Total
6,Município,2,%,82.58,3106655,Berizal - MG,2513,Taxa de alfabetização das pessoas de 15 anos ou mais de idade,2022,2022,6794,Total,95251,Total,100362,Total
6,Município,2,%,96.38,3106705,Betim - MG,2513,Taxa de alfabetização das pessoas de 15 anos ou mais de idade,2022,2022,6794,Total,95251,Total,100362,Total
6,Município,2,%,88.39,3106804,Bias Fortes - MG,2513,Taxa de alfabetização das pessoas de 15 anos ou mais de idade,2022,2022,6794,Total,95251,Total,100362,Total
6,Município,2,%,95.75,3106903,Bicas - MG,2513,Taxa de alfabetização das pessoas de 15 anos ou mais de idade,2022,2022,6794,Total,95251,Total,100362,Total
6,Município,2,%,90.64,3107000,Biquinhas - MG,2513,Taxa de alfabetização das pessoas de 15 anos ou mais de idade,2022,2022,6794,Total,95251,Total,100362,Total
6,Município,2,%,95.11,3107109,Boa Esperança - MG,2513,Taxa de alfabetização das pessoas de 15 anos ou mais de idade,2022,2022,6794,Total,95251,Total,100362,Total
6,Município,2,%,88.84,3107208,Bocaina de Minas - MG,2513,Taxa de alfabetização das pessoas de 15 anos ou mais de idade,2022,2022,6794,Total,95251,Total,100362,Total
6,Município,2,%,91.94,3107307,Bocaiúva - MG,2513,Taxa de alfabetização das pessoas de 15 anos ou mais de idade,2022,2022,6794,Total,95251,Total,100362,Total
6,Município,2,%,95.78,3107406,Bom Despacho - MG,2513,Taxa de alfabetização das pessoas de 15 anos ou mais de idade,2022,2022,6794,Total,95251,Total,100362,Total
6,Município,2,%,91.73,3107505,Bom Jardim de Minas - MG,2513,Taxa de alfabetização das pessoas de 15 anos ou mais de idade,2022,2022,6794,Total,95251,Total,100362,Total
6,Município,2,%,92.27,3107604,Bom Jesus da Penha - MG,2513,Taxa de alfabetização das pessoas de 15 anos ou mais de idade,2022,2022,6794,Total,95251,Total,100362,Total
6,Município,2,%,94.62,3107703,Bom Jesus do Amparo - MG,2513,Taxa de alfabetização das pessoas de 15 anos ou mais de idade,2022,2022,6794,Total,95251,Total,100362,Total
6,Município,2,%,85.72,3107802,Bom Jesus do Galho - MG,2513,Taxa de alfabetização das pessoas de 15 anos ou mais de idade,2022,2022,6794,Total,95251,Total,100362,Total
6,Município,2,%,92.83,3107901,Bom Repouso - MG,2513,Taxa de alfabetização das pessoas de 15 anos ou mais de idade,2022,2022,6794,Total,95251,Total,100362,Total
6,Município,2,%,91.06,3108008,Bom Sucesso - MG,2513,Taxa de alfabetização das pessoas de 15 anos ou mais de idade,2022,2022,6794,Total,95251,Total,100362,Total
6,Município,2,%,92.85,3108107,Bonfim - MG,2513,Taxa de alfabetização das pessoas de 15 anos ou mais de idade,2022,2022,6794,Total,95251,Total,100362,Total
6,Município,2,%,90.74,3108206,Bonfinópolis de Minas - MG,2513,Taxa de alfabetização das pessoas de 15 anos ou mais de idade,2022,2022,6794,Total,95251,Total,100362,Total
6,Município,2,%,82.53,3108255,Bonito de Minas - MG,2513,Taxa de alfabetização das pessoas de 15 anos ou mais de idade,2022,2022,6794,Total,95251,Total,100362,Total
6,Município,2,%,95.07,3108305,Borda da Mata - MG,2513,Taxa de alfabetização das pessoas de 15 anos ou mais de idade,2022,2022,6794,Total,95251,Total,100362,Total
6,Município,2,%,93.28,3108404,Botelhos - MG,2513,Taxa de alfabetização das pessoas de 15 anos ou mais de idade,2022,2022,6794,Total,95251,Total,100362,Total
6,Município,2,%,86.67,3108503,Botumirim - MG,2513,Taxa de alfabetização das pessoas de 15 anos ou mais de idade,2022,2022,6794,Total,95251,Total,100362,Total
6,Município,2,%,92.77,3108552,Brasilândia de Minas - MG,2513,Taxa de alfabetização das pessoas de 15 anos ou mais de idade,2022,2022,6794,Total,95251,Total,100362,Total
6,Município,2,%,88.99,3108602,Brasília de Minas - MG,2513,Taxa de alfabetização das pessoas de 15 anos ou mais de idade,2022,2022,6794,Total,95251,Total,100362,Total
6,Município,2,%,91.47,3108701,Brás Pires - MG,2513,Taxa de alfabetização das pessoas de 15 anos ou mais de idade,2022,2022,6794,Total,95251,Total,100362,Total
6,Município,2,%,89.19,3108800,Braúnas - MG,2513,Taxa de alfabetização das pessoas de 15 anos ou mais de idade,2022,2022,6794,Total,95251,Total,100362,Total
6,Município,2,%,92.82,3108909,Brazópolis - MG,2513,Taxa de alfabetização das pessoas de 15 anos ou mais de idade,2022,2022,6794,Total,95251,Total,100362,Total
6,Município,2,%,95.88,3109006,Brumadinho - MG,2513,Taxa de alfabetização das pessoas de 15 anos ou mais de idade,2022,2022,6794,Total,95251,Total,100362,Total
6,Município,2,%,92.58,3109105,Bueno Brandão - MG,2513,Taxa de alfabetização das pessoas de 15 anos ou mais de idade,2022,2022,6794,Total,95251,Total,100362,Total
6,Município,2,%,88.13,3109204,Buenópolis - MG,2513,Taxa de alfabetização das pessoas de 15 anos ou mais de idade,2022,2022,6794,Total,95251,Total,100362,Total
6,Município,2,%,85.09,3109253,Bugre - MG,2513,Taxa de alfabetização das pessoas de 15 anos ou mais de idade,2022,2022,6794,Total,95251,Total,100362,Total
6,Município,2,%,90.07,3109303,Buritis - MG,2513,Taxa de alfabetização das pessoas de 15 anos ou mais de idade,2022,2022,6794,Total,95251,Total,100362,Total
6,Município,2,%,88.74,3109402,Buritizeiro - MG,2513,Taxa de alfabetização das pessoas de 15 anos ou mais de idade,2022,2022,6794,Total,95251,Total,100362,Total
6,Município,2,%,90.3,3109451,Cabeceira Grande - MG,2513,Taxa de alfabetização das pessoas de 15 anos ou mais de idade,2022,2022,6794,Total,95251,Total,100362,Total
6,Município,2,%,92.1,3109501,Cabo Verde - MG,2513,Taxa de alfabetização das pessoas de 15 anos ou mais de idade,2022,2022,6794,Total,95251,Total,100362,Total
6,Município,2,%,96.99,3109600,Cachoeira da Prata - MG,2513,Taxa de alfabetização das pessoas de 15 anos ou mais de idade,2022,2022,6794,Total,95251,Total,100362,Total
6,Município,2,%,93.66,3109709,Cachoeira de Minas - MG,2513,Taxa de alfabetização das pessoas de 15 anos ou mais de idade,2022,2022,6794,Total,95251,Total,100362,Total
6,Município,2,%,92.65,3109808,Cachoeira Dourada - MG,2513,Taxa de alfabetização das pessoas de 15 anos ou mais de idade,2022,2022,6794,Total,95251,Total,100362,Total
6,Município,2,%,95.35,3109907,Caetanópolis - MG,2513,Taxa de alfabetização das pessoas de 15 anos ou mais de idade,2022,2022,6794,Total,95251,Total,100362,Total
6,Município,2,%,96.45,3110004,Caeté - MG,2513,Taxa de alfabetização das pessoas de 15 anos ou mais de idade,2022,2022,6794,Total,95251,Total,100362,Total
6,Município,2,%,91.36,3110103,Caiana - MG,2513,Taxa de alfabetização das pessoas de 15 anos ou mais de idade,2022,2022,6794,Total,95251,Total,100362,Total
6,Município,2,%,91.1,3110202,Cajuri - MG,2513,Taxa de alfabetização das pessoas de 15 anos ou mais de idade,2022,2022,6794,Total,95251,Total,100362,Total
6,Município,2,%,94,3110301,Caldas - MG,2513,Taxa de alfabetização das pessoas de 15 anos ou mais de idade,2022,2022,6794,Total,95251,Total,100362,Total
6,Município,2,%,87.03,3110400,Camacho - MG,2513,Taxa de alfabetização das pessoas de 15 anos ou mais de idade,2022,2022,6794,Total,95251,Total,100362,Total
6,Município,2,%,92.98,3110509,Camanducaia - MG,2513,Taxa de alfabetização das pessoas de 15 anos ou mais de idade,2022,2022,6794,Total,95251,Total,100362,Total
6,Município,2,%,94.79,3110608,Cambuí - MG,2513,Taxa de alfabetização das pessoas de 15 anos ou mais de idade,2022,2022,6794,Total,95251,Total,100362,Total
6,Município,2,%,92.11,3110707,Cambuquira - MG,2513,Taxa de alfabetização das pessoas de 15 anos ou mais de idade,2022,2022,6794,Total,95251,Total,100362,Total
6,Município,2,%,83.46,3110806,Campanário - MG,2513,Taxa de alfabetização das pessoas de 15 anos ou mais de idade,2022,2022,6794,Total,95251,Total,100362,Total
6,Município,2,%,94.51,3110905,Campanha - MG,2513,Taxa de alfabetização das pessoas de 15 anos ou mais de idade,2022,2022,6794,Total,95251,Total,100362,Total
6,Município,2,%,93.79,3111002,Campestre - MG,2513,Taxa de alfabetização das pessoas de 15 anos ou mais de idade,2022,2022,6794,Total,95251,Total,100362,Total
6,Município,2,%,92.97,3111101,Campina Verde - MG,2513,Taxa de alfabetização das pessoas de 15 anos ou mais de idade,2022,2022,6794,Total,95251,Total,100362,Total
6,Município,2,%,84.02,3111150,Campo Azul - MG,2513,Taxa de alfabetização das pessoas de 15 anos ou mais de idade,2022,2022,6794,Total,95251,Total,100362,Total
6,Município,2,%,94.25,3111200,Campo Belo - MG,2513,Taxa de alfabetização das pessoas de 15 anos ou mais de idade,2022,2022,6794,Total,95251,Total,100362,Total
6,Município,2,%,93.26,3111309,Campo do Meio - MG,2513,Taxa de alfabetização das pessoas de 15 anos ou mais de idade,2022,2022,6794,Total,95251,Total,100362,Total
6,Município,2,%,92.51,3111408,Campo Florido - MG,2513,Taxa de alfabetização das pessoas de 15 anos ou mais de idade,2022,2022,6794,Total,95251,Total,100362,Total
6,Município,2,%,91.57,3111507,Campos Altos - MG,2513,Taxa de alfabetização das pessoas de 15 anos ou mais de idade,2022,2022,6794,Total,95251,Total,100362,Total
6,Município,2,%,91.42,3111606,Campos Gerais - MG,2513,Taxa de alfabetização das pessoas de 15 anos ou mais de idade,2022,2022,6794,Total,95251,Total,100362,Total
6,Município,2,%,88.35,3111705,Canaã - MG,2513,Taxa de alfabetização das pessoas de 15 anos ou mais de idade,2022,2022,6794,Total,95251,Total,100362,Total
6,Município,2,%,92.02,3111804,Canápolis - MG,2513,Taxa de alfabetização das pessoas de 15 anos ou mais de idade,2022,2022,6794,Total,95251,Total,100362,Total
6,Município,2,%,90.71,3111903,Cana Verde - MG,2513,Taxa de alfabetização das pessoas de 15 anos ou mais de idade,2022,2022,6794,Total,95251,Total,100362,Total
6,Município,2,%,89.69,3112000,Candeias - MG,2513,Taxa de alfabetização das pessoas de 15 anos ou mais de idade,2022,2022,6794,Total,95251,Total,100362,Total
6,Município,2,%,87.79,3112059,Cantagalo - MG,2513,Taxa de alfabetização das pessoas de 15 anos ou mais de idade,2022,2022,6794,Total,95251,Total,100362,Total
6,Município,2,%,90.41,3112109,Caparaó - MG,2513,Taxa de alfabetização das pessoas de 15 anos ou mais de idade,2022,2022,6794,Total,95251,Total,100362,Total
6,Município,2,%,91.52,3112208,Capela Nova - MG,2513,Taxa de alfabetização das pessoas de 15 anos ou mais de idade,2022,2022,6794,Total,95251,Total,100362,Total
6,Município,2,%,87.5,3112307,Capelinha - MG,2513,Taxa de alfabetização das pessoas de 15 anos ou mais de idade,2022,2022,6794,Total,95251,Total,100362,Total
6,Município,2,%,92.09,3112406,Capetinga - MG,2513,Taxa de alfabetização das pessoas de 15 anos ou mais de idade,2022,2022,6794,Total,95251,Total,100362,Total
6,Município,2,%,95.04,3112505,Capim Branco - MG,2513,Taxa de alfabetização das pessoas de 15 anos ou mais de idade,2022,2022,6794,Total,95251,Total,100362,Total
6,Município,2,%,90.79,3112604,Capinópolis - MG,2513,Taxa de alfabetização das pessoas de 15 anos ou mais de idade,2022,2022,6794,Total,95251,Total,100362,Total
6,Município,2,%,85.49,3112653,Capitão Andrade - MG,2513,Taxa de alfabetização das pessoas de 15 anos ou mais de idade,2022,2022,6794,Total,95251,Total,100362,Total
6,Município,2,%,86.93,3112703,Capitão Enéas - MG,2513,Taxa de alfabetização das pessoas de 15 anos ou mais de idade,2022,2022,6794,Total,95251,Total,100362,Total
6,Município,2,%,97.13,3112802,Capitólio - MG,2513,Taxa de alfabetização das pessoas de 15 anos ou mais de idade,2022,2022,6794,Total,95251,Total,100362,Total
6,Município,2,%,89.75,3112901,Caputira - MG,2513,Taxa de alfabetização das pessoas de 15 anos ou mais de idade,2022,2022,6794,Total,95251,Total,100362,Total
6,Município,2,%,80.55,3113008,Caraí - MG,2513,Taxa de alfabetização das pessoas de 15 anos ou mais de idade,2022,2022,6794,Total,95251,Total,100362,Total
6,Município,2,%,92.22,3113107,Caranaíba - MG,2513,Taxa de alfabetização das pessoas de 15 anos ou mais de idade,2022,2022,6794,Total,95251,Total,100362,Total
6,Município,2,%,95.47,3113206,Carandaí - MG,2513,Taxa de alfabetização das pessoas de 15 anos ou mais de idade,2022,2022,6794,Total,95251,Total,100362,Total
6,Município,2,%,93.16,3113305,Carangola - MG,2513,Taxa de alfabetização das pessoas de 15 anos ou mais de idade,2022,2022,6794,Total,95251,Total,100362,Total
6,Município,2,%,93.51,3113404,Caratinga - MG,2513,Taxa de alfabetização das pessoas de 15 anos ou mais de idade,2022,2022,6794,Total,95251,Total,100362,Total
6,Município,2,%,86.52,3113503,Carbonita - MG,2513,Taxa de alfabetização das pessoas de 15 anos ou mais de idade,2022,2022,6794,Total,95251,Total,100362,Total
6,Município,2,%,93.15,3113602,Careaçu - MG,2513,Taxa de alfabetização das pessoas de 15 anos ou mais de idade,2022,2022,6794,Total,95251,Total,100362,Total
6,Município,2,%,83.7,3113701,Carlos Chagas - MG,2513,Taxa de alfabetização das pessoas de 15 anos ou mais de idade,2022,2022,6794,Total,95251,Total,100362,Total
6,Município,2,%,89.06,3113800,Carmésia - MG,2513,Taxa de alfabetização das pessoas de 15 anos ou mais de idade,2022,2022,6794,Total,95251,Total,100362,Total
6,Município,2,%,92,3113909,Carmo da Cachoeira - MG,2513,Taxa de alfabetização das pessoas de 15 anos ou mais de idade,2022,2022,6794,Total,95251,Total,100362,Total
6,Município,2,%,94.78,3114006,Carmo da Mata - MG,2513,Taxa de alfabetização das pessoas de 15 anos ou mais de idade,2022,2022,6794,Total,95251,Total,100362,Total
6,Município,2,%,92.24,3114105,Carmo de Minas - MG,2513,Taxa de alfabetização das pessoas de 15 anos ou mais de idade,2022,2022,6794,Total,95251,Total,100362,Total
6,Município,2,%,95.23,3114204,Carmo do Cajuru - MG,2513,Taxa de alfabetização das pessoas de 15 anos ou mais de idade,2022,2022,6794,Total,95251,Total,100362,Total
6,Município,2,%,94.49,3114303,Carmo do Paranaíba - MG,2513,Taxa de alfabetização das pessoas de 15 anos ou mais de idade,2022,2022,6794,Total,95251,Total,100362,Total
6,Município,2,%,94.11,3114402,Carmo do Rio Claro - MG,2513,Taxa de alfabetização das pessoas de 15 anos ou mais de idade,2022,2022,6794,Total,95251,Total,100362,Total
6,Município,2,%,94.89,3114501,Carmópolis de Minas - MG,2513,Taxa de alfabetização das pessoas de 15 anos ou mais de idade,2022,2022,6794,Total,95251,Total,100362,Total
6,Município,2,%,90.7,3114550,Carneirinho - MG,2513,Taxa de alfabetização das pessoas de 15 anos ou mais de idade,2022,2022,6794,Total,95251,Total,100362,Total
6,Município,2,%,94.48,3114600,Carrancas - MG,2513,Taxa de alfabetização das pessoas de 15 anos ou mais de idade,2022,2022,6794,Total,95251,Total,100362,Total
6,Município,2,%,93.15,3114709,Carvalhópolis - MG,2513,Taxa de alfabetização das pessoas de 15 anos ou mais de idade,2022,2022,6794,Total,95251,Total,100362,Total
6,Município,2,%,89.36,3114808,Carvalhos - MG,2513,Taxa de alfabetização das pessoas de 15 anos ou mais de idade,2022,2022,6794,Total,95251,Total,100362,Total
6,Município,2,%,94.83,3114907,Casa Grande - MG,2513,Taxa de alfabetização das pessoas de 15 anos ou mais de idade,2022,2022,6794,Total,95251,Total,100362,Total
6,Município,2,%,96.57,3115003,Cascalho Rico - MG,2513,Taxa de alfabetização das pessoas de 15 anos ou mais de idade,2022,2022,6794,Total,95251,Total,100362,Total
6,Município,2,%,92.89,3115102,Cássia - MG,2513,Taxa de alfabetização das pessoas de 15 anos ou mais de idade,2022,2022,6794,Total,95251,Total,100362,Total
6,Município,2,%,93.02,3115201,Conceição da Barra de Minas - MG,2513,Taxa de alfabetização das pessoas de 15 anos ou mais de idade,2022,2022,6794,Total,95251,Total,100362,Total
6,Município,2,%,96.03,3115300,Cataguases - MG,2513,Taxa de alfabetização das pessoas de 15 anos ou mais de idade,2022,2022,6794,Total,95251,Total,100362,Total
6,Município,2,%,92.24,3115359,Catas Altas - MG,2513,Taxa de alfabetização das pessoas de 15 anos ou mais de idade,2022,2022,6794,Total,95251,Total,100362,Total
6,Município,2,%,90.61,3115409,Catas Altas da Noruega - MG,2513,Taxa de alfabetização das pessoas de 15 anos ou mais de idade,2022,2022,6794,Total,95251,Total,100362,Total
6,Município,2,%,81.34,3115458,Catuji - MG,2513,Taxa de alfabetização das pessoas de 15 anos ou mais de idade,2022,2022,6794,Total,95251,Total,100362,Total
6,Município,2,%,77.97,3115474,Catuti - MG,2513,Taxa de alfabetização das pessoas de 15 anos ou mais de idade,2022,2022,6794,Total,95251,Total,100362,Total
6,Município,2,%,95.55,3115508,Caxambu - MG,2513,Taxa de alfabetização das pessoas de 15 anos ou mais de idade,2022,2022,6794,Total,95251,Total,100362,Total
6,Município,2,%,88.58,3115607,Cedro do Abaeté - MG,2513,Taxa de alfabetização das pessoas de 15 anos ou mais de idade,2022,2022,6794,Total,95251,Total,100362,Total
6,Município,2,%,84.23,3115706,Central de Minas - MG,2513,Taxa de alfabetização das pessoas de 15 anos ou mais de idade,2022,2022,6794,Total,95251,Total,100362,Total
6,Município,2,%,91.49,3115805,Centralina - MG,2513,Taxa de alfabetização das pessoas de 15 anos ou mais de idade,2022,2022,6794,Total,95251,Total,100362,Total
6,Município,2,%,90.74,3115904,Chácara - MG,2513,Taxa de alfabetização das pessoas de 15 anos ou mais de idade,2022,2022,6794,Total,95251,Total,100362,Total
6,Município,2,%,90.09,3116001,Chalé - MG,2513,Taxa de alfabetização das pessoas de 15 anos ou mais de idade,2022,2022,6794,Total,95251,Total,100362,Total
6,Município,2,%,77.14,3116100,Chapada do Norte - MG,2513,Taxa de alfabetização das pessoas de 15 anos ou mais de idade,2022,2022,6794,Total,95251,Total,100362,Total
6,Município,2,%,87.82,3116159,Chapada Gaúcha - MG,2513,Taxa de alfabetização das pessoas de 15 anos ou mais de idade,2022,2022,6794,Total,95251,Total,100362,Total
6,Município,2,%,94.22,3116209,Chiador - MG,2513,Taxa de alfabetização das pessoas de 15 anos ou mais de idade,2022,2022,6794,Total,95251,Total,100362,Total
6,Município,2,%,88.93,3116308,Cipotânea - MG,2513,Taxa de alfabetização das pessoas de 15 anos ou mais de idade,2022,2022,6794,Total,95251,Total,100362,Total
6,Município,2,%,93.65,3116407,Claraval - MG,2513,Taxa de alfabetização das pessoas de 15 anos ou mais de idade,2022,2022,6794,Total,95251,Total,100362,Total
6,Município,2,%,87.2,3116506,Claro dos Poções - MG,2513,Taxa de alfabetização das pessoas de 15 anos ou mais de idade,2022,2022,6794,Total,95251,Total,100362,Total
6,Município,2,%,96.26,3116605,Cláudio - MG,2513,Taxa de alfabetização das pessoas de 15 anos ou mais de idade,2022,2022,6794,Total,95251,Total,100362,Total
6,Município,2,%,92.83,3116704,Coimbra - MG,2513,Taxa de alfabetização das pessoas de 15 anos ou mais de idade,2022,2022,6794,Total,95251,Total,100362,Total
6,Município,2,%,84.16,3116803,Coluna - MG,2513,Taxa de alfabetização das pessoas de 15 anos ou mais de idade,2022,2022,6794,Total,95251,Total,100362,Total
6,Município,2,%,90.13,3116902,Comendador Gomes - MG,2513,Taxa de alfabetização das pessoas de 15 anos ou mais de idade,2022,2022,6794,Total,95251,Total,100362,Total
6,Município,2,%,78.78,3117009,Comercinho - MG,2513,Taxa de alfabetização das pessoas de 15 anos ou mais de idade,2022,2022,6794,Total,95251,Total,100362,Total
6,Município,2,%,94.26,3117108,Conceição da Aparecida - MG,2513,Taxa de alfabetização das pessoas de 15 anos ou mais de idade,2022,2022,6794,Total,95251,Total,100362,Total
6,Município,2,%,92.36,3117207,Conceição das Pedras - MG,2513,Taxa de alfabetização das pessoas de 15 anos ou mais de idade,2022,2022,6794,Total,95251,Total,100362,Total
6,Município,2,%,93.58,3117306,Conceição das Alagoas - MG,2513,Taxa de alfabetização das pessoas de 15 anos ou mais de idade,2022,2022,6794,Total,95251,Total,100362,Total
6,Município,2,%,87.81,3117405,Conceição de Ipanema - MG,2513,Taxa de alfabetização das pessoas de 15 anos ou mais de idade,2022,2022,6794,Total,95251,Total,100362,Total
6,Município,2,%,90.66,3117504,Conceição do Mato Dentro - MG,2513,Taxa de alfabetização das pessoas de 15 anos ou mais de idade,2022,2022,6794,Total,95251,Total,100362,Total
6,Município,2,%,93.04,3117603,Conceição do Pará - MG,2513,Taxa de alfabetização das pessoas de 15 anos ou mais de idade,2022,2022,6794,Total,95251,Total,100362,Total
6,Município,2,%,90.86,3117702,Conceição do Rio Verde - MG,2513,Taxa de alfabetização das pessoas de 15 anos ou mais de idade,2022,2022,6794,Total,95251,Total,100362,Total
6,Município,2,%,94.36,3117801,Conceição dos Ouros - MG,2513,Taxa de alfabetização das pessoas de 15 anos ou mais de idade,2022,2022,6794,Total,95251,Total,100362,Total
6,Município,2,%,83.95,3117836,Cônego Marinho - MG,2513,Taxa de alfabetização das pessoas de 15 anos ou mais de idade,2022,2022,6794,Total,95251,Total,100362,Total
6,Município,2,%,96.09,3117876,Confins - MG,2513,Taxa de alfabetização das pessoas de 15 anos ou mais de idade,2022,2022,6794,Total,95251,Total,100362,Total
6,Município,2,%,93.19,3117900,Congonhal - MG,2513,Taxa de alfabetização das pessoas de 15 anos ou mais de idade,2022,2022,6794,Total,95251,Total,100362,Total
6,Município,2,%,96.8,3118007,Congonhas - MG,2513,Taxa de alfabetização das pessoas de 15 anos ou mais de idade,2022,2022,6794,Total,95251,Total,100362,Total
6,Município,2,%,84.97,3118106,Congonhas do Norte - MG,2513,Taxa de alfabetização das pessoas de 15 anos ou mais de idade,2022,2022,6794,Total,95251,Total,100362,Total
6,Município,2,%,92.7,3118205,Conquista - MG,2513,Taxa de alfabetização das pessoas de 15 anos ou mais de idade,2022,2022,6794,Total,95251,Total,100362,Total
6,Município,2,%,97.27,3118304,Conselheiro Lafaiete - MG,2513,Taxa de alfabetização das pessoas de 15 anos ou mais de idade,2022,2022,6794,Total,95251,Total,100362,Total
6,Município,2,%,89.3,3118403,Conselheiro Pena - MG,2513,Taxa de alfabetização das pessoas de 15 anos ou mais de idade,2022,2022,6794,Total,95251,Total,100362,Total
6,Município,2,%,89.24,3118502,Consolação - MG,2513,Taxa de alfabetização das pessoas de 15 anos ou mais de idade,2022,2022,6794,Total,95251,Total,100362,Total
6,Município,2,%,97.29,3118601,Contagem - MG,2513,Taxa de alfabetização das pessoas de 15 anos ou mais de idade,2022,2022,6794,Total,95251,Total,100362,Total
6,Município,2,%,94.02,3118700,Coqueiral - MG,2513,Taxa de alfabetização das pessoas de 15 anos ou mais de idade,2022,2022,6794,Total,95251,Total,100362,Total
6,Município,2,%,87,3118809,Coração de Jesus - MG,2513,Taxa de alfabetização das pessoas de 15 anos ou mais de idade,2022,2022,6794,Total,95251,Total,100362,Total
6,Município,2,%,92.02,3118908,Cordisburgo - MG,2513,Taxa de alfabetização das pessoas de 15 anos ou mais de idade,2022,2022,6794,Total,95251,Total,100362,Total
6,Município,2,%,90.29,3119005,Cordislândia - MG,2513,Taxa de alfabetização das pessoas de 15 anos ou mais de idade,2022,2022,6794,Total,95251,Total,100362,Total
6,Município,2,%,91.84,3119104,Corinto - MG,2513,Taxa de alfabetização das pessoas de 15 anos ou mais de idade,2022,2022,6794,Total,95251,Total,100362,Total
6,Município,2,%,90.5,3119203,Coroaci - MG,2513,Taxa de alfabetização das pessoas de 15 anos ou mais de idade,2022,2022,6794,Total,95251,Total,100362,Total
6,Município,2,%,94.09,3119302,Coromandel - MG,2513,Taxa de alfabetização das pessoas de 15 anos ou mais de idade,2022,2022,6794,Total,95251,Total,100362,Total
6,Município,2,%,95.67,3119401,Coronel Fabriciano - MG,2513,Taxa de alfabetização das pessoas de 15 anos ou mais de idade,2022,2022,6794,Total,95251,Total,100362,Total
6,Município,2,%,84.6,3119500,Coronel Murta - MG,2513,Taxa de alfabetização das pessoas de 15 anos ou mais de idade,2022,2022,6794,Total,95251,Total,100362,Total
6,Município,2,%,93.93,3119609,Coronel Pacheco - MG,2513,Taxa de alfabetização das pessoas de 15 anos ou mais de idade,2022,2022,6794,Total,95251,Total,100362,Total
6,Município,2,%,95.64,3119708,Coronel Xavier Chaves - MG,2513,Taxa de alfabetização das pessoas de 15 anos ou mais de idade,2022,2022,6794,Total,95251,Total,100362,Total
6,Município,2,%,92.04,3119807,Córrego Danta - MG,2513,Taxa de alfabetização das pessoas de 15 anos ou mais de idade,2022,2022,6794,Total,95251,Total,100362,Total
6,Município,2,%,93.27,3119906,Córrego do Bom Jesus - MG,2513,Taxa de alfabetização das pessoas de 15 anos ou mais de idade,2022,2022,6794,Total,95251,Total,100362,Total
6,Município,2,%,92.09,3119955,Córrego Fundo - MG,2513,Taxa de alfabetização das pessoas de 15 anos ou mais de idade,2022,2022,6794,Total,95251,Total,100362,Total
6,Município,2,%,85.17,3120003,Córrego Novo - MG,2513,Taxa de alfabetização das pessoas de 15 anos ou mais de idade,2022,2022,6794,Total,95251,Total,100362,Total
6,Município,2,%,90.02,3120102,Couto de Magalhães de Minas - MG,2513,Taxa de alfabetização das pessoas de 15 anos ou mais de idade,2022,2022,6794,Total,95251,Total,100362,Total
6,Município,2,%,76.48,3120151,Crisólita - MG,2513,Taxa de alfabetização das pessoas de 15 anos ou mais de idade,2022,2022,6794,Total,95251,Total,100362,Total
6,Município,2,%,93.33,3120201,Cristais - MG,2513,Taxa de alfabetização das pessoas de 15 anos ou mais de idade,2022,2022,6794,Total,95251,Total,100362,Total
6,Município,2,%,87.2,3120300,Cristália - MG,2513,Taxa de alfabetização das pessoas de 15 anos ou mais de idade,2022,2022,6794,Total,95251,Total,100362,Total
6,Município,2,%,95.03,3120409,Cristiano Otoni - MG,2513,Taxa de alfabetização das pessoas de 15 anos ou mais de idade,2022,2022,6794,Total,95251,Total,100362,Total
6,Município,2,%,93.84,3120508,Cristina - MG,2513,Taxa de alfabetização das pessoas de 15 anos ou mais de idade,2022,2022,6794,Total,95251,Total,100362,Total
6,Município,2,%,90.75,3120607,Crucilândia - MG,2513,Taxa de alfabetização das pessoas de 15 anos ou mais de idade,2022,2022,6794,Total,95251,Total,100362,Total
6,Município,2,%,94.15,3120706,Cruzeiro da Fortaleza - MG,2513,Taxa de alfabetização das pessoas de 15 anos ou mais de idade,2022,2022,6794,Total,95251,Total,100362,Total
6,Município,2,%,92.98,3120805,Cruzília - MG,2513,Taxa de alfabetização das pessoas de 15 anos ou mais de idade,2022,2022,6794,Total,95251,Total,100362,Total
6,Município,2,%,85.71,3120839,Cuparaque - MG,2513,Taxa de alfabetização das pessoas de 15 anos ou mais de idade,2022,2022,6794,Total,95251,Total,100362,Total
6,Município,2,%,82.66,3120870,Curral de Dentro - MG,2513,Taxa de alfabetização das pessoas de 15 anos ou mais de idade,2022,2022,6794,Total,95251,Total,100362,Total
6,Município,2,%,94.8,3120904,Curvelo - MG,2513,Taxa de alfabetização das pessoas de 15 anos ou mais de idade,2022,2022,6794,Total,95251,Total,100362,Total
6,Município,2,%,92.35,3121001,Datas - MG,2513,Taxa de alfabetização das pessoas de 15 anos ou mais de idade,2022,2022,6794,Total,95251,Total,100362,Total
6,Município,2,%,94.01,3121100,Delfim Moreira - MG,2513,Taxa de alfabetização das pessoas de 15 anos ou mais de idade,2022,2022,6794,Total,95251,Total,100362,Total
6,Município,2,%,92.5,3121209,Delfinópolis - MG,2513,Taxa de alfabetização das pessoas de 15 anos ou mais de idade,2022,2022,6794,Total,95251,Total,100362,Total
6,Município,2,%,91.03,3121258,Delta - MG,2513,Taxa de alfabetização das pessoas de 15 anos ou mais de idade,2022,2022,6794,Total,95251,Total,100362,Total
6,Município,2,%,92.22,3121308,Descoberto - MG,2513,Taxa de alfabetização das pessoas de 15 anos ou mais de idade,2022,2022,6794,Total,95251,Total,100362,Total
6,Município,2,%,90.58,3121407,Desterro de Entre Rios - MG,2513,Taxa de alfabetização das pessoas de 15 anos ou mais de idade,2022,2022,6794,Total,95251,Total,100362,Total
6,Município,2,%,89.38,3121506,Desterro do Melo - MG,2513,Taxa de alfabetização das pessoas de 15 anos ou mais de idade,2022,2022,6794,Total,95251,Total,100362,Total
6,Município,2,%,93.5,3121605,Diamantina - MG,2513,Taxa de alfabetização das pessoas de 15 anos ou mais de idade,2022,2022,6794,Total,95251,Total,100362,Total
6,Município,2,%,83.03,3121704,Diogo de Vasconcelos - MG,2513,Taxa de alfabetização das pessoas de 15 anos ou mais de idade,2022,2022,6794,Total,95251,Total,100362,Total
6,Município,2,%,90.93,3121803,Dionísio - MG,2513,Taxa de alfabetização das pessoas de 15 anos ou mais de idade,2022,2022,6794,Total,95251,Total,100362,Total
6,Município,2,%,93.41,3121902,Divinésia - MG,2513,Taxa de alfabetização das pessoas de 15 anos ou mais de idade,2022,2022,6794,Total,95251,Total,100362,Total
6,Município,2,%,88.58,3122009,Divino - MG,2513,Taxa de alfabetização das pessoas de 15 anos ou mais de idade,2022,2022,6794,Total,95251,Total,100362,Total
6,Município,2,%,85.75,3122108,Divino das Laranjeiras - MG,2513,Taxa de alfabetização das pessoas de 15 anos ou mais de idade,2022,2022,6794,Total,95251,Total,100362,Total
6,Município,2,%,89.2,3122207,Divinolândia de Minas - MG,2513,Taxa de alfabetização das pessoas de 15 anos ou mais de idade,2022,2022,6794,Total,95251,Total,100362,Total
6,Município,2,%,97.13,3122306,Divinópolis - MG,2513,Taxa de alfabetização das pessoas de 15 anos ou mais de idade,2022,2022,6794,Total,95251,Total,100362,Total
6,Município,2,%,83.47,3122355,Divisa Alegre - MG,2513,Taxa de alfabetização das pessoas de 15 anos ou mais de idade,2022,2022,6794,Total,95251,Total,100362,Total
6,Município,2,%,91.15,3122405,Divisa Nova - MG,2513,Taxa de alfabetização das pessoas de 15 anos ou mais de idade,2022,2022,6794,Total,95251,Total,100362,Total
6,Município,2,%,81.07,3122454,Divisópolis - MG,2513,Taxa de alfabetização das pessoas de 15 anos ou mais de idade,2022,2022,6794,Total,95251,Total,100362,Total
6,Município,2,%,91.49,3122470,Dom Bosco - MG,2513,Taxa de alfabetização das pessoas de 15 anos ou mais de idade,2022,2022,6794,Total,95251,Total,100362,Total
6,Município,2,%,90.79,3122504,Dom Cavati - MG,2513,Taxa de alfabetização das pessoas de 15 anos ou mais de idade,2022,2022,6794,Total,95251,Total,100362,Total
6,Município,2,%,88.97,3122603,Dom Joaquim - MG,2513,Taxa de alfabetização das pessoas de 15 anos ou mais de idade,2022,2022,6794,Total,95251,Total,100362,Total
6,Município,2,%,93.08,3122702,Dom Silvério - MG,2513,Taxa de alfabetização das pessoas de 15 anos ou mais de idade,2022,2022,6794,Total,95251,Total,100362,Total
6,Município,2,%,93.14,3122801,Dom Viçoso - MG,2513,Taxa de alfabetização das pessoas de 15 anos ou mais de idade,2022,2022,6794,Total,95251,Total,100362,Total
6,Município,2,%,93.41,3122900,Dona Euzébia - MG,2513,Taxa de alfabetização das pessoas de 15 anos ou mais de idade,2022,2022,6794,Total,95251,Total,100362,Total
6,Município,2,%,95.23,3123007,Dores de Campos - MG,2513,Taxa de alfabetização das pessoas de 15 anos ou mais de idade,2022,2022,6794,Total,95251,Total,100362,Total
6,Município,2,%,85.68,3123106,Dores de Guanhães - MG,2513,Taxa de alfabetização das pessoas de 15 anos ou mais de idade,2022,2022,6794,Total,95251,Total,100362,Total
6,Município,2,%,91.85,3123205,Dores do Indaiá - MG,2513,Taxa de alfabetização das pessoas de 15 anos ou mais de idade,2022,2022,6794,Total,95251,Total,100362,Total
6,Município,2,%,89.5,3123304,Dores do Turvo - MG,2513,Taxa de alfabetização das pessoas de 15 anos ou mais de idade,2022,2022,6794,Total,95251,Total,100362,Total
6,Município,2,%,94.15,3123403,Doresópolis - MG,2513,Taxa de alfabetização das pessoas de 15 anos ou mais de idade,2022,2022,6794,Total,95251,Total,100362,Total
6,Município,2,%,93.69,3123502,Douradoquara - MG,2513,Taxa de alfabetização das pessoas de 15 anos ou mais de idade,2022,2022,6794,Total,95251,Total,100362,Total
6,Município,2,%,88.5,3123528,Durandé - MG,2513,Taxa de alfabetização das pessoas de 15 anos ou mais de idade,2022,2022,6794,Total,95251,Total,100362,Total
6,Município,2,%,92.36,3123601,Elói Mendes - MG,2513,Taxa de alfabetização das pessoas de 15 anos ou mais de idade,2022,2022,6794,Total,95251,Total,100362,Total
6,Município,2,%,87.9,3123700,Engenheiro Caldas - MG,2513,Taxa de alfabetização das pessoas de 15 anos ou mais de idade,2022,2022,6794,Total,95251,Total,100362,Total
6,Município,2,%,85.78,3123809,Engenheiro Navarro - MG,2513,Taxa de alfabetização das pessoas de 15 anos ou mais de idade,2022,2022,6794,Total,95251,Total,100362,Total
6,Município,2,%,89.03,3123858,Entre Folhas - MG,2513,Taxa de alfabetização das pessoas de 15 anos ou mais de idade,2022,2022,6794,Total,95251,Total,100362,Total
6,Município,2,%,93.81,3123908,Entre Rios de Minas - MG,2513,Taxa de alfabetização das pessoas de 15 anos ou mais de idade,2022,2022,6794,Total,95251,Total,100362,Total
6,Município,2,%,88.76,3124005,Ervália - MG,2513,Taxa de alfabetização das pessoas de 15 anos ou mais de idade,2022,2022,6794,Total,95251,Total,100362,Total
6,Município,2,%,94.84,3124104,Esmeraldas - MG,2513,Taxa de alfabetização das pessoas de 15 anos ou mais de idade,2022,2022,6794,Total,95251,Total,100362,Total
6,Município,2,%,90.71,3124203,Espera Feliz - MG,2513,Taxa de alfabetização das pessoas de 15 anos ou mais de idade,2022,2022,6794,Total,95251,Total,100362,Total
6,Município,2,%,82.43,3124302,Espinosa - MG,2513,Taxa de alfabetização das pessoas de 15 anos ou mais de idade,2022,2022,6794,Total,95251,Total,100362,Total
6,Município,2,%,91.46,3124401,Espírito Santo do Dourado - MG,2513,Taxa de alfabetização das pessoas de 15 anos ou mais de idade,2022,2022,6794,Total,95251,Total,100362,Total
6,Município,2,%,91.42,3124500,Estiva - MG,2513,Taxa de alfabetização das pessoas de 15 anos ou mais de idade,2022,2022,6794,Total,95251,Total,100362,Total
6,Município,2,%,88.83,3124609,Estrela Dalva - MG,2513,Taxa de alfabetização das pessoas de 15 anos ou mais de idade,2022,2022,6794,Total,95251,Total,100362,Total
6,Município,2,%,91.16,3124708,Estrela do Indaiá - MG,2513,Taxa de alfabetização das pessoas de 15 anos ou mais de idade,2022,2022,6794,Total,95251,Total,100362,Total
6,Município,2,%,91.48,3124807,Estrela do Sul - MG,2513,Taxa de alfabetização das pessoas de 15 anos ou mais de idade,2022,2022,6794,Total,95251,Total,100362,Total
6,Município,2,%,91.33,3124906,Eugenópolis - MG,2513,Taxa de alfabetização das pessoas de 15 anos ou mais de idade,2022,2022,6794,Total,95251,Total,100362,Total
6,Município,2,%,94.43,3125002,Ewbank da Câmara - MG,2513,Taxa de alfabetização das pessoas de 15 anos ou mais de idade,2022,2022,6794,Total,95251,Total,100362,Total
6,Município,2,%,96.38,3125101,Extrema - MG,2513,Taxa de alfabetização das pessoas de 15 anos ou mais de idade,2022,2022,6794,Total,95251,Total,100362,Total
6,Município,2,%,93.36,3125200,Fama - MG,2513,Taxa de alfabetização das pessoas de 15 anos ou mais de idade,2022,2022,6794,Total,95251,Total,100362,Total
6,Município,2,%,91.5,3125309,Faria Lemos - MG,2513,Taxa de alfabetização das pessoas de 15 anos ou mais de idade,2022,2022,6794,Total,95251,Total,100362,Total
6,Município,2,%,87.46,3125408,Felício dos Santos - MG,2513,Taxa de alfabetização das pessoas de 15 anos ou mais de idade,2022,2022,6794,Total,95251,Total,100362,Total
6,Município,2,%,87.46,3125507,São Gonçalo do Rio Preto - MG,2513,Taxa de alfabetização das pessoas de 15 anos ou mais de idade,2022,2022,6794,Total,95251,Total,100362,Total
6,Município,2,%,81.3,3125606,Felisburgo - MG,2513,Taxa de alfabetização das pessoas de 15 anos ou mais de idade,2022,2022,6794,Total,95251,Total,100362,Total
6,Município,2,%,93.09,3125705,Felixlândia - MG,2513,Taxa de alfabetização das pessoas de 15 anos ou mais de idade,2022,2022,6794,Total,95251,Total,100362,Total
6,Município,2,%,83.13,3125804,Fernandes Tourinho - MG,2513,Taxa de alfabetização das pessoas de 15 anos ou mais de idade,2022,2022,6794,Total,95251,Total,100362,Total
6,Município,2,%,85,3125903,Ferros - MG,2513,Taxa de alfabetização das pessoas de 15 anos ou mais de idade,2022,2022,6794,Total,95251,Total,100362,Total
6,Município,2,%,87.89,3125952,Fervedouro - MG,2513,Taxa de alfabetização das pessoas de 15 anos ou mais de idade,2022,2022,6794,Total,95251,Total,100362,Total
6,Município,2,%,96.22,3126000,Florestal - MG,2513,Taxa de alfabetização das pessoas de 15 anos ou mais de idade,2022,2022,6794,Total,95251,Total,100362,Total
6,Município,2,%,95.32,3126109,Formiga - MG,2513,Taxa de alfabetização das pessoas de 15 anos ou mais de idade,2022,2022,6794,Total,95251,Total,100362,Total
6,Município,2,%,85.68,3126208,Formoso - MG,2513,Taxa de alfabetização das pessoas de 15 anos ou mais de idade,2022,2022,6794,Total,95251,Total,100362,Total
6,Município,2,%,92.12,3126307,Fortaleza de Minas - MG,2513,Taxa de alfabetização das pessoas de 15 anos ou mais de idade,2022,2022,6794,Total,95251,Total,100362,Total
6,Município,2,%,95.16,3126406,Fortuna de Minas - MG,2513,Taxa de alfabetização das pessoas de 15 anos ou mais de idade,2022,2022,6794,Total,95251,Total,100362,Total
6,Município,2,%,82.87,3126505,Francisco Badaró - MG,2513,Taxa de alfabetização das pessoas de 15 anos ou mais de idade,2022,2022,6794,Total,95251,Total,100362,Total
6,Município,2,%,86.45,3126604,Francisco Dumont - MG,2513,Taxa de alfabetização das pessoas de 15 anos ou mais de idade,2022,2022,6794,Total,95251,Total,100362,Total
6,Município,2,%,84.56,3126703,Francisco Sá - MG,2513,Taxa de alfabetização das pessoas de 15 anos ou mais de idade,2022,2022,6794,Total,95251,Total,100362,Total
6,Município,2,%,78.9,3126752,Franciscópolis - MG,2513,Taxa de alfabetização das pessoas de 15 anos ou mais de idade,2022,2022,6794,Total,95251,Total,100362,Total
6,Município,2,%,80.44,3126802,Frei Gaspar - MG,2513,Taxa de alfabetização das pessoas de 15 anos ou mais de idade,2022,2022,6794,Total,95251,Total,100362,Total
6,Município,2,%,87.27,3126901,Frei Inocêncio - MG,2513,Taxa de alfabetização das pessoas de 15 anos ou mais de idade,2022,2022,6794,Total,95251,Total,100362,Total
6,Município,2,%,83.14,3126950,Frei Lagonegro - MG,2513,Taxa de alfabetização das pessoas de 15 anos ou mais de idade,2022,2022,6794,Total,95251,Total,100362,Total
6,Município,2,%,91.94,3127008,Fronteira - MG,2513,Taxa de alfabetização das pessoas de 15 anos ou mais de idade,2022,2022,6794,Total,95251,Total,100362,Total
6,Município,2,%,78.98,3127057,Fronteira dos Vales - MG,2513,Taxa de alfabetização das pessoas de 15 anos ou mais de idade,2022,2022,6794,Total,95251,Total,100362,Total
6,Município,2,%,72.72,3127073,Fruta de Leite - MG,2513,Taxa de alfabetização das pessoas de 15 anos ou mais de idade,2022,2022,6794,Total,95251,Total,100362,Total
6,Município,2,%,95.4,3127107,Frutal - MG,2513,Taxa de alfabetização das pessoas de 15 anos ou mais de idade,2022,2022,6794,Total,95251,Total,100362,Total
6,Município,2,%,93.76,3127206,Funilândia - MG,2513,Taxa de alfabetização das pessoas de 15 anos ou mais de idade,2022,2022,6794,Total,95251,Total,100362,Total
6,Município,2,%,87.24,3127305,Galiléia - MG,2513,Taxa de alfabetização das pessoas de 15 anos ou mais de idade,2022,2022,6794,Total,95251,Total,100362,Total
6,Município,2,%,79.94,3127339,Gameleiras - MG,2513,Taxa de alfabetização das pessoas de 15 anos ou mais de idade,2022,2022,6794,Total,95251,Total,100362,Total
6,Município,2,%,90.13,3127354,Glaucilândia - MG,2513,Taxa de alfabetização das pessoas de 15 anos ou mais de idade,2022,2022,6794,Total,95251,Total,100362,Total
6,Município,2,%,84.26,3127370,Goiabeira - MG,2513,Taxa de alfabetização das pessoas de 15 anos ou mais de idade,2022,2022,6794,Total,95251,Total,100362,Total
6,Município,2,%,93.71,3127388,Goianá - MG,2513,Taxa de alfabetização das pessoas de 15 anos ou mais de idade,2022,2022,6794,Total,95251,Total,100362,Total
6,Município,2,%,92.67,3127404,Gonçalves - MG,2513,Taxa de alfabetização das pessoas de 15 anos ou mais de idade,2022,2022,6794,Total,95251,Total,100362,Total
6,Município,2,%,85.19,3127503,Gonzaga - MG,2513,Taxa de alfabetização das pessoas de 15 anos ou mais de idade,2022,2022,6794,Total,95251,Total,100362,Total
6,Município,2,%,93.42,3127602,Gouveia - MG,2513,Taxa de alfabetização das pessoas de 15 anos ou mais de idade,2022,2022,6794,Total,95251,Total,100362,Total
6,Município,2,%,94.95,3127701,Governador Valadares - MG,2513,Taxa de alfabetização das pessoas de 15 anos ou mais de idade,2022,2022,6794,Total,95251,Total,100362,Total
6,Município,2,%,83.91,3127800,Grão Mogol - MG,2513,Taxa de alfabetização das pessoas de 15 anos ou mais de idade,2022,2022,6794,Total,95251,Total,100362,Total
6,Município,2,%,93.93,3127909,Grupiara - MG,2513,Taxa de alfabetização das pessoas de 15 anos ou mais de idade,2022,2022,6794,Total,95251,Total,100362,Total
6,Município,2,%,92.12,3128006,Guanhães - MG,2513,Taxa de alfabetização das pessoas de 15 anos ou mais de idade,2022,2022,6794,Total,95251,Total,100362,Total
6,Município,2,%,93.77,3128105,Guapé - MG,2513,Taxa de alfabetização das pessoas de 15 anos ou mais de idade,2022,2022,6794,Total,95251,Total,100362,Total
6,Município,2,%,87.56,3128204,Guaraciaba - MG,2513,Taxa de alfabetização das pessoas de 15 anos ou mais de idade,2022,2022,6794,Total,95251,Total,100362,Total
6,Município,2,%,87.77,3128253,Guaraciama - MG,2513,Taxa de alfabetização das pessoas de 15 anos ou mais de idade,2022,2022,6794,Total,95251,Total,100362,Total
6,Município,2,%,92.8,3128303,Guaranésia - MG,2513,Taxa de alfabetização das pessoas de 15 anos ou mais de idade,2022,2022,6794,Total,95251,Total,100362,Total
6,Município,2,%,92.42,3128402,Guarani - MG,2513,Taxa de alfabetização das pessoas de 15 anos ou mais de idade,2022,2022,6794,Total,95251,Total,100362,Total
6,Município,2,%,93.31,3128501,Guarará - MG,2513,Taxa de alfabetização das pessoas de 15 anos ou mais de idade,2022,2022,6794,Total,95251,Total,100362,Total
6,Município,2,%,93.3,3128600,Guarda-Mor - MG,2513,Taxa de alfabetização das pessoas de 15 anos ou mais de idade,2022,2022,6794,Total,95251,Total,100362,Total
6,Município,2,%,95.25,3128709,Guaxupé - MG,2513,Taxa de alfabetização das pessoas de 15 anos ou mais de idade,2022,2022,6794,Total,95251,Total,100362,Total
6,Município,2,%,92.11,3128808,Guidoval - MG,2513,Taxa de alfabetização das pessoas de 15 anos ou mais de idade,2022,2022,6794,Total,95251,Total,100362,Total
6,Município,2,%,93.73,3128907,Guimarânia - MG,2513,Taxa de alfabetização das pessoas de 15 anos ou mais de idade,2022,2022,6794,Total,95251,Total,100362,Total
6,Município,2,%,90.77,3129004,Guiricema - MG,2513,Taxa de alfabetização das pessoas de 15 anos ou mais de idade,2022,2022,6794,Total,95251,Total,100362,Total
6,Município,2,%,88.84,3129103,Gurinhatã - MG,2513,Taxa de alfabetização das pessoas de 15 anos ou mais de idade,2022,2022,6794,Total,95251,Total,100362,Total
6,Município,2,%,89.76,3129202,Heliodora - MG,2513,Taxa de alfabetização das pessoas de 15 anos ou mais de idade,2022,2022,6794,Total,95251,Total,100362,Total
6,Município,2,%,89.81,3129301,Iapu - MG,2513,Taxa de alfabetização das pessoas de 15 anos ou mais de idade,2022,2022,6794,Total,95251,Total,100362,Total
6,Município,2,%,89.01,3129400,Ibertioga - MG,2513,Taxa de alfabetização das pessoas de 15 anos ou mais de idade,2022,2022,6794,Total,95251,Total,100362,Total
6,Município,2,%,94.44,3129509,Ibiá - MG,2513,Taxa de alfabetização das pessoas de 15 anos ou mais de idade,2022,2022,6794,Total,95251,Total,100362,Total
6,Município,2,%,87.89,3129608,Ibiaí - MG,2513,Taxa de alfabetização das pessoas de 15 anos ou mais de idade,2022,2022,6794,Total,95251,Total,100362,Total
6,Município,2,%,79.25,3129657,Ibiracatu - MG,2513,Taxa de alfabetização das pessoas de 15 anos ou mais de idade,2022,2022,6794,Total,95251,Total,100362,Total
6,Município,2,%,92.71,3129707,Ibiraci - MG,2513,Taxa de alfabetização das pessoas de 15 anos ou mais de idade,2022,2022,6794,Total,95251,Total,100362,Total
6,Município,2,%,95.75,3129806,Ibirité - MG,2513,Taxa de alfabetização das pessoas de 15 anos ou mais de idade,2022,2022,6794,Total,95251,Total,100362,Total
6,Município,2,%,91.75,3129905,Ibitiúra de Minas - MG,2513,Taxa de alfabetização das pessoas de 15 anos ou mais de idade,2022,2022,6794,Total,95251,Total,100362,Total
6,Município,2,%,93.07,3130002,Ibituruna - MG,2513,Taxa de alfabetização das pessoas de 15 anos ou mais de idade,2022,2022,6794,Total,95251,Total,100362,Total
6,Município,2,%,87.57,3130051,Icaraí de Minas - MG,2513,Taxa de alfabetização das pessoas de 15 anos ou mais de idade,2022,2022,6794,Total,95251,Total,100362,Total
6,Município,2,%,95.21,3130101,Igarapé - MG,2513,Taxa de alfabetização das pessoas de 15 anos ou mais de idade,2022,2022,6794,Total,95251,Total,100362,Total
6,Município,2,%,93.94,3130200,Igaratinga - MG,2513,Taxa de alfabetização das pessoas de 15 anos ou mais de idade,2022,2022,6794,Total,95251,Total,100362,Total
6,Município,2,%,95.7,3130309,Iguatama - MG,2513,Taxa de alfabetização das pessoas de 15 anos ou mais de idade,2022,2022,6794,Total,95251,Total,100362,Total
6,Município,2,%,94.42,3130408,Ijaci - MG,2513,Taxa de alfabetização das pessoas de 15 anos ou mais de idade,2022,2022,6794,Total,95251,Total,100362,Total
6,Município,2,%,93.54,3130507,Ilicínea - MG,2513,Taxa de alfabetização das pessoas de 15 anos ou mais de idade,2022,2022,6794,Total,95251,Total,100362,Total
6,Município,2,%,87.07,3130556,Imbé de Minas - MG,2513,Taxa de alfabetização das pessoas de 15 anos ou mais de idade,2022,2022,6794,Total,95251,Total,100362,Total
6,Município,2,%,94.41,3130606,Inconfidentes - MG,2513,Taxa de alfabetização das pessoas de 15 anos ou mais de idade,2022,2022,6794,Total,95251,Total,100362,Total
6,Município,2,%,74.21,3130655,Indaiabira - MG,2513,Taxa de alfabetização das pessoas de 15 anos ou mais de idade,2022,2022,6794,Total,95251,Total,100362,Total
6,Município,2,%,91.14,3130705,Indianópolis - MG,2513,Taxa de alfabetização das pessoas de 15 anos ou mais de idade,2022,2022,6794,Total,95251,Total,100362,Total
6,Município,2,%,93.74,3130804,Ingaí - MG,2513,Taxa de alfabetização das pessoas de 15 anos ou mais de idade,2022,2022,6794,Total,95251,Total,100362,Total
6,Município,2,%,89.92,3130903,Inhapim - MG,2513,Taxa de alfabetização das pessoas de 15 anos ou mais de idade,2022,2022,6794,Total,95251,Total,100362,Total
6,Município,2,%,94.39,3131000,Inhaúma - MG,2513,Taxa de alfabetização das pessoas de 15 anos ou mais de idade,2022,2022,6794,Total,95251,Total,100362,Total
6,Município,2,%,90.73,3131109,Inimutaba - MG,2513,Taxa de alfabetização das pessoas de 15 anos ou mais de idade,2022,2022,6794,Total,95251,Total,100362,Total
6,Município,2,%,91.6,3131158,Ipaba - MG,2513,Taxa de alfabetização das pessoas de 15 anos ou mais de idade,2022,2022,6794,Total,95251,Total,100362,Total
6,Município,2,%,89.79,3131208,Ipanema - MG,2513,Taxa de alfabetização das pessoas de 15 anos ou mais de idade,2022,2022,6794,Total,95251,Total,100362,Total
6,Município,2,%,96.4,3131307,Ipatinga - MG,2513,Taxa de alfabetização das pessoas de 15 anos ou mais de idade,2022,2022,6794,Total,95251,Total,100362,Total
6,Município,2,%,89.61,3131406,Ipiaçu - MG,2513,Taxa de alfabetização das pessoas de 15 anos ou mais de idade,2022,2022,6794,Total,95251,Total,100362,Total
6,Município,2,%,91.53,3131505,Ipuiúna - MG,2513,Taxa de alfabetização das pessoas de 15 anos ou mais de idade,2022,2022,6794,Total,95251,Total,100362,Total
6,Município,2,%,94.22,3131604,Iraí de Minas - MG,2513,Taxa de alfabetização das pessoas de 15 anos ou mais de idade,2022,2022,6794,Total,95251,Total,100362,Total
6,Município,2,%,95.38,3131703,Itabira - MG,2513,Taxa de alfabetização das pessoas de 15 anos ou mais de idade,2022,2022,6794,Total,95251,Total,100362,Total
6,Município,2,%,87.71,3131802,Itabirinha - MG,2513,Taxa de alfabetização das pessoas de 15 anos ou mais de idade,2022,2022,6794,Total,95251,Total,100362,Total
6,Município,2,%,96.97,3131901,Itabirito - MG,2513,Taxa de alfabetização das pessoas de 15 anos ou mais de idade,2022,2022,6794,Total,95251,Total,100362,Total
6,Município,2,%,88.52,3132008,Itacambira - MG,2513,Taxa de alfabetização das pessoas de 15 anos ou mais de idade,2022,2022,6794,Total,95251,Total,100362,Total
6,Município,2,%,85.08,3132107,Itacarambi - MG,2513,Taxa de alfabetização das pessoas de 15 anos ou mais de idade,2022,2022,6794,Total,95251,Total,100362,Total
6,Município,2,%,94.57,3132206,Itaguara - MG,2513,Taxa de alfabetização das pessoas de 15 anos ou mais de idade,2022,2022,6794,Total,95251,Total,100362,Total
6,Município,2,%,79.76,3132305,Itaipé - MG,2513,Taxa de alfabetização das pessoas de 15 anos ou mais de idade,2022,2022,6794,Total,95251,Total,100362,Total
6,Município,2,%,97.29,3132404,Itajubá - MG,2513,Taxa de alfabetização das pessoas de 15 anos ou mais de idade,2022,2022,6794,Total,95251,Total,100362,Total
6,Município,2,%,86.11,3132503,Itamarandiba - MG,2513,Taxa de alfabetização das pessoas de 15 anos ou mais de idade,2022,2022,6794,Total,95251,Total,100362,Total
6,Município,2,%,93.05,3132602,Itamarati de Minas - MG,2513,Taxa de alfabetização das pessoas de 15 anos ou mais de idade,2022,2022,6794,Total,95251,Total,100362,Total
6,Município,2,%,83.8,3132701,Itambacuri - MG,2513,Taxa de alfabetização das pessoas de 15 anos ou mais de idade,2022,2022,6794,Total,95251,Total,100362,Total
6,Município,2,%,86.33,3132800,Itambé do Mato Dentro - MG,2513,Taxa de alfabetização das pessoas de 15 anos ou mais de idade,2022,2022,6794,Total,95251,Total,100362,Total
6,Município,2,%,94.27,3132909,Itamogi - MG,2513,Taxa de alfabetização das pessoas de 15 anos ou mais de idade,2022,2022,6794,Total,95251,Total,100362,Total
6,Município,2,%,96.87,3133006,Itamonte - MG,2513,Taxa de alfabetização das pessoas de 15 anos ou mais de idade,2022,2022,6794,Total,95251,Total,100362,Total
6,Município,2,%,96.39,3133105,Itanhandu - MG,2513,Taxa de alfabetização das pessoas de 15 anos ou mais de idade,2022,2022,6794,Total,95251,Total,100362,Total
6,Município,2,%,88.12,3133204,Itanhomi - MG,2513,Taxa de alfabetização das pessoas de 15 anos ou mais de idade,2022,2022,6794,Total,95251,Total,100362,Total
6,Município,2,%,84.26,3133303,Itaobim - MG,2513,Taxa de alfabetização das pessoas de 15 anos ou mais de idade,2022,2022,6794,Total,95251,Total,100362,Total
6,Município,2,%,94.39,3133402,Itapagipe - MG,2513,Taxa de alfabetização das pessoas de 15 anos ou mais de idade,2022,2022,6794,Total,95251,Total,100362,Total
6,Município,2,%,93.1,3133501,Itapecerica - MG,2513,Taxa de alfabetização das pessoas de 15 anos ou mais de idade,2022,2022,6794,Total,95251,Total,100362,Total
6,Município,2,%,94.05,3133600,Itapeva - MG,2513,Taxa de alfabetização das pessoas de 15 anos ou mais de idade,2022,2022,6794,Total,95251,Total,100362,Total
6,Município,2,%,94.13,3133709,Itatiaiuçu - MG,2513,Taxa de alfabetização das pessoas de 15 anos ou mais de idade,2022,2022,6794,Total,95251,Total,100362,Total
6,Município,2,%,96.92,3133758,Itaú de Minas - MG,2513,Taxa de alfabetização das pessoas de 15 anos ou mais de idade,2022,2022,6794,Total,95251,Total,100362,Total
6,Município,2,%,97.32,3133808,Itaúna - MG,2513,Taxa de alfabetização das pessoas de 15 anos ou mais de idade,2022,2022,6794,Total,95251,Total,100362,Total
6,Município,2,%,87.77,3133907,Itaverava - MG,2513,Taxa de alfabetização das pessoas de 15 anos ou mais de idade,2022,2022,6794,Total,95251,Total,100362,Total
6,Município,2,%,83.82,3134004,Itinga - MG,2513,Taxa de alfabetização das pessoas de 15 anos ou mais de idade,2022,2022,6794,Total,95251,Total,100362,Total
6,Município,2,%,88.06,3134103,Itueta - MG,2513,Taxa de alfabetização das pessoas de 15 anos ou mais de idade,2022,2022,6794,Total,95251,Total,100362,Total
6,Município,2,%,94.1,3134202,Ituiutaba - MG,2513,Taxa de alfabetização das pessoas de 15 anos ou mais de idade,2022,2022,6794,Total,95251,Total,100362,Total
6,Município,2,%,95,3134301,Itumirim - MG,2513,Taxa de alfabetização das pessoas de 15 anos ou mais de idade,2022,2022,6794,Total,95251,Total,100362,Total
6,Município,2,%,93.56,3134400,Iturama - MG,2513,Taxa de alfabetização das pessoas de 15 anos ou mais de idade,2022,2022,6794,Total,95251,Total,100362,Total
6,Município,2,%,93.87,3134509,Itutinga - MG,2513,Taxa de alfabetização das pessoas de 15 anos ou mais de idade,2022,2022,6794,Total,95251,Total,100362,Total
6,Município,2,%,92.9,3134608,Jaboticatubas - MG,2513,Taxa de alfabetização das pessoas de 15 anos ou mais de idade,2022,2022,6794,Total,95251,Total,100362,Total
6,Município,2,%,81.4,3134707,Jacinto - MG,2513,Taxa de alfabetização das pessoas de 15 anos ou mais de idade,2022,2022,6794,Total,95251,Total,100362,Total
6,Município,2,%,92.09,3134806,Jacuí - MG,2513,Taxa de alfabetização das pessoas de 15 anos ou mais de idade,2022,2022,6794,Total,95251,Total,100362,Total
6,Município,2,%,95.53,3134905,Jacutinga - MG,2513,Taxa de alfabetização das pessoas de 15 anos ou mais de idade,2022,2022,6794,Total,95251,Total,100362,Total
6,Município,2,%,91.45,3135001,Jaguaraçu - MG,2513,Taxa de alfabetização das pessoas de 15 anos ou mais de idade,2022,2022,6794,Total,95251,Total,100362,Total
6,Município,2,%,87.57,3135050,Jaíba - MG,2513,Taxa de alfabetização das pessoas de 15 anos ou mais de idade,2022,2022,6794,Total,95251,Total,100362,Total
6,Município,2,%,82.65,3135076,Jampruca - MG,2513,Taxa de alfabetização das pessoas de 15 anos ou mais de idade,2022,2022,6794,Total,95251,Total,100362,Total
6,Município,2,%,90.65,3135100,Janaúba - MG,2513,Taxa de alfabetização das pessoas de 15 anos ou mais de idade,2022,2022,6794,Total,95251,Total,100362,Total
6,Município,2,%,88.39,3135209,Januária - MG,2513,Taxa de alfabetização das pessoas de 15 anos ou mais de idade,2022,2022,6794,Total,95251,Total,100362,Total
6,Município,2,%,95.28,3135308,Japaraíba - MG,2513,Taxa de alfabetização das pessoas de 15 anos ou mais de idade,2022,2022,6794,Total,95251,Total,100362,Total
6,Município,2,%,82.73,3135357,Japonvar - MG,2513,Taxa de alfabetização das pessoas de 15 anos ou mais de idade,2022,2022,6794,Total,95251,Total,100362,Total
6,Município,2,%,93.81,3135407,Jeceaba - MG,2513,Taxa de alfabetização das pessoas de 15 anos ou mais de idade,2022,2022,6794,Total,95251,Total,100362,Total
6,Município,2,%,81.67,3135456,Jenipapo de Minas - MG,2513,Taxa de alfabetização das pessoas de 15 anos ou mais de idade,2022,2022,6794,Total,95251,Total,100362,Total
6,Município,2,%,87.97,3135506,Jequeri - MG,2513,Taxa de alfabetização das pessoas de 15 anos ou mais de idade,2022,2022,6794,Total,95251,Total,100362,Total
6,Município,2,%,86.04,3135605,Jequitaí - MG,2513,Taxa de alfabetização das pessoas de 15 anos ou mais de idade,2022,2022,6794,Total,95251,Total,100362,Total
6,Município,2,%,92.18,3135704,Jequitibá - MG,2513,Taxa de alfabetização das pessoas de 15 anos ou mais de idade,2022,2022,6794,Total,95251,Total,100362,Total
6,Município,2,%,82.59,3135803,Jequitinhonha - MG,2513,Taxa de alfabetização das pessoas de 15 anos ou mais de idade,2022,2022,6794,Total,95251,Total,100362,Total
6,Município,2,%,90.89,3135902,Jesuânia - MG,2513,Taxa de alfabetização das pessoas de 15 anos ou mais de idade,2022,2022,6794,Total,95251,Total,100362,Total
6,Município,2,%,78.9,3136009,Joaíma - MG,2513,Taxa de alfabetização das pessoas de 15 anos ou mais de idade,2022,2022,6794,Total,95251,Total,100362,Total
6,Município,2,%,87.68,3136108,Joanésia - MG,2513,Taxa de alfabetização das pessoas de 15 anos ou mais de idade,2022,2022,6794,Total,95251,Total,100362,Total
6,Município,2,%,97.14,3136207,João Monlevade - MG,2513,Taxa de alfabetização das pessoas de 15 anos ou mais de idade,2022,2022,6794,Total,95251,Total,100362,Total
6,Município,2,%,92.78,3136306,João Pinheiro - MG,2513,Taxa de alfabetização das pessoas de 15 anos ou mais de idade,2022,2022,6794,Total,95251,Total,100362,Total
6,Município,2,%,86.91,3136405,Joaquim Felício - MG,2513,Taxa de alfabetização das pessoas de 15 anos ou mais de idade,2022,2022,6794,Total,95251,Total,100362,Total
6,Município,2,%,84,3136504,Jordânia - MG,2513,Taxa de alfabetização das pessoas de 15 anos ou mais de idade,2022,2022,6794,Total,95251,Total,100362,Total
6,Município,2,%,86.89,3136520,José Gonçalves de Minas - MG,2513,Taxa de alfabetização das pessoas de 15 anos ou mais de idade,2022,2022,6794,Total,95251,Total,100362,Total
6,Município,2,%,85.43,3136553,José Raydan - MG,2513,Taxa de alfabetização das pessoas de 15 anos ou mais de idade,2022,2022,6794,Total,95251,Total,100362,Total
6,Município,2,%,81.69,3136579,Josenópolis - MG,2513,Taxa de alfabetização das pessoas de 15 anos ou mais de idade,2022,2022,6794,Total,95251,Total,100362,Total
6,Município,2,%,90.68,3136603,Nova União - MG,2513,Taxa de alfabetização das pessoas de 15 anos ou mais de idade,2022,2022,6794,Total,95251,Total,100362,Total
6,Município,2,%,94.9,3136652,Juatuba - MG,2513,Taxa de alfabetização das pessoas de 15 anos ou mais de idade,2022,2022,6794,Total,95251,Total,100362,Total
6,Município,2,%,97.77,3136702,Juiz de Fora - MG,2513,Taxa de alfabetização das pessoas de 15 anos ou mais de idade,2022,2022,6794,Total,95251,Total,100362,Total
6,Município,2,%,87.97,3136801,Juramento - MG,2513,Taxa de alfabetização das pessoas de 15 anos ou mais de idade,2022,2022,6794,Total,95251,Total,100362,Total
6,Município,2,%,95.37,3136900,Juruaia - MG,2513,Taxa de alfabetização das pessoas de 15 anos ou mais de idade,2022,2022,6794,Total,95251,Total,100362,Total
6,Município,2,%,84.58,3136959,Juvenília - MG,2513,Taxa de alfabetização das pessoas de 15 anos ou mais de idade,2022,2022,6794,Total,95251,Total,100362,Total
6,Município,2,%,78.08,3137007,Ladainha - MG,2513,Taxa de alfabetização das pessoas de 15 anos ou mais de idade,2022,2022,6794,Total,95251,Total,100362,Total
6,Município,2,%,91.76,3137106,Lagamar - MG,2513,Taxa de alfabetização das pessoas de 15 anos ou mais de idade,2022,2022,6794,Total,95251,Total,100362,Total
6,Município,2,%,95.42,3137205,Lagoa da Prata - MG,2513,Taxa de alfabetização das pessoas de 15 anos ou mais de idade,2022,2022,6794,Total,95251,Total,100362,Total
6,Município,2,%,87.63,3137304,Lagoa dos Patos - MG,2513,Taxa de alfabetização das pessoas de 15 anos ou mais de idade,2022,2022,6794,Total,95251,Total,100362,Total
6,Município,2,%,95.29,3137403,Lagoa Dourada - MG,2513,Taxa de alfabetização das pessoas de 15 anos ou mais de idade,2022,2022,6794,Total,95251,Total,100362,Total
6,Município,2,%,93.97,3137502,Lagoa Formosa - MG,2513,Taxa de alfabetização das pessoas de 15 anos ou mais de idade,2022,2022,6794,Total,95251,Total,100362,Total
6,Município,2,%,91.7,3137536,Lagoa Grande - MG,2513,Taxa de alfabetização das pessoas de 15 anos ou mais de idade,2022,2022,6794,Total,95251,Total,100362,Total
6,Município,2,%,97.57,3137601,Lagoa Santa - MG,2513,Taxa de alfabetização das pessoas de 15 anos ou mais de idade,2022,2022,6794,Total,95251,Total,100362,Total
6,Município,2,%,89.09,3137700,Lajinha - MG,2513,Taxa de alfabetização das pessoas de 15 anos ou mais de idade,2022,2022,6794,Total,95251,Total,100362,Total
6,Município,2,%,95.75,3137809,Lambari - MG,2513,Taxa de alfabetização das pessoas de 15 anos ou mais de idade,2022,2022,6794,Total,95251,Total,100362,Total
6,Município,2,%,91.97,3137908,Lamim - MG,2513,Taxa de alfabetização das pessoas de 15 anos ou mais de idade,2022,2022,6794,Total,95251,Total,100362,Total
6,Município,2,%,96.19,3138005,Laranjal - MG,2513,Taxa de alfabetização das pessoas de 15 anos ou mais de idade,2022,2022,6794,Total,95251,Total,100362,Total
6,Município,2,%,89.48,3138104,Lassance - MG,2513,Taxa de alfabetização das pessoas de 15 anos ou mais de idade,2022,2022,6794,Total,95251,Total,100362,Total
6,Município,2,%,97.46,3138203,Lavras - MG,2513,Taxa de alfabetização das pessoas de 15 anos ou mais de idade,2022,2022,6794,Total,95251,Total,100362,Total
6,Município,2,%,90.08,3138302,Leandro Ferreira - MG,2513,Taxa de alfabetização das pessoas de 15 anos ou mais de idade,2022,2022,6794,Total,95251,Total,100362,Total
6,Município,2,%,87.1,3138351,Leme do Prado - MG,2513,Taxa de alfabetização das pessoas de 15 anos ou mais de idade,2022,2022,6794,Total,95251,Total,100362,Total
6,Município,2,%,95.16,3138401,Leopoldina - MG,2513,Taxa de alfabetização das pessoas de 15 anos ou mais de idade,2022,2022,6794,Total,95251,Total,100362,Total
6,Município,2,%,89.22,3138500,Liberdade - MG,2513,Taxa de alfabetização das pessoas de 15 anos ou mais de idade,2022,2022,6794,Total,95251,Total,100362,Total
6,Município,2,%,93.33,3138609,Lima Duarte - MG,2513,Taxa de alfabetização das pessoas de 15 anos ou mais de idade,2022,2022,6794,Total,95251,Total,100362,Total
6,Município,2,%,93.97,3138625,Limeira do Oeste - MG,2513,Taxa de alfabetização das pessoas de 15 anos ou mais de idade,2022,2022,6794,Total,95251,Total,100362,Total
6,Município,2,%,83.92,3138658,Lontra - MG,2513,Taxa de alfabetização das pessoas de 15 anos ou mais de idade,2022,2022,6794,Total,95251,Total,100362,Total
6,Município,2,%,89.84,3138674,Luisburgo - MG,2513,Taxa de alfabetização das pessoas de 15 anos ou mais de idade,2022,2022,6794,Total,95251,Total,100362,Total
6,Município,2,%,87.47,3138682,Luislândia - MG,2513,Taxa de alfabetização das pessoas de 15 anos ou mais de idade,2022,2022,6794,Total,95251,Total,100362,Total
6,Município,2,%,93.76,3138708,Luminárias - MG,2513,Taxa de alfabetização das pessoas de 15 anos ou mais de idade,2022,2022,6794,Total,95251,Total,100362,Total
6,Município,2,%,94.52,3138807,Luz - MG,2513,Taxa de alfabetização das pessoas de 15 anos ou mais de idade,2022,2022,6794,Total,95251,Total,100362,Total
6,Município,2,%,84.43,3138906,Machacalis - MG,2513,Taxa de alfabetização das pessoas de 15 anos ou mais de idade,2022,2022,6794,Total,95251,Total,100362,Total
6,Município,2,%,94.34,3139003,Machado - MG,2513,Taxa de alfabetização das pessoas de 15 anos ou mais de idade,2022,2022,6794,Total,95251,Total,100362,Total
6,Município,2,%,92.73,3139102,Madre de Deus de Minas - MG,2513,Taxa de alfabetização das pessoas de 15 anos ou mais de idade,2022,2022,6794,Total,95251,Total,100362,Total
6,Município,2,%,82.38,3139201,Malacacheta - MG,2513,Taxa de alfabetização das pessoas de 15 anos ou mais de idade,2022,2022,6794,Total,95251,Total,100362,Total
6,Município,2,%,77.74,3139250,Mamonas - MG,2513,Taxa de alfabetização das pessoas de 15 anos ou mais de idade,2022,2022,6794,Total,95251,Total,100362,Total
6,Município,2,%,83.84,3139300,Manga - MG,2513,Taxa de alfabetização das pessoas de 15 anos ou mais de idade,2022,2022,6794,Total,95251,Total,100362,Total
6,Município,2,%,94.88,3139409,Manhuaçu - MG,2513,Taxa de alfabetização das pessoas de 15 anos ou mais de idade,2022,2022,6794,Total,95251,Total,100362,Total
6,Município,2,%,91.88,3139508,Manhumirim - MG,2513,Taxa de alfabetização das pessoas de 15 anos ou mais de idade,2022,2022,6794,Total,95251,Total,100362,Total
6,Município,2,%,88.48,3139607,Mantena - MG,2513,Taxa de alfabetização das pessoas de 15 anos ou mais de idade,2022,2022,6794,Total,95251,Total,100362,Total
6,Município,2,%,94.25,3139706,Maravilhas - MG,2513,Taxa de alfabetização das pessoas de 15 anos ou mais de idade,2022,2022,6794,Total,95251,Total,100362,Total
6,Município,2,%,94.17,3139805,Mar de Espanha - MG,2513,Taxa de alfabetização das pessoas de 15 anos ou mais de idade,2022,2022,6794,Total,95251,Total,100362,Total
6,Município,2,%,94.15,3139904,Maria da Fé - MG,2513,Taxa de alfabetização das pessoas de 15 anos ou mais de idade,2022,2022,6794,Total,95251,Total,100362,Total
6,Município,2,%,95.47,3140001,Mariana - MG,2513,Taxa de alfabetização das pessoas de 15 anos ou mais de idade,2022,2022,6794,Total,95251,Total,100362,Total
6,Município,2,%,86.95,3140100,Marilac - MG,2513,Taxa de alfabetização das pessoas de 15 anos ou mais de idade,2022,2022,6794,Total,95251,Total,100362,Total
6,Município,2,%,95.22,3140159,Mário Campos - MG,2513,Taxa de alfabetização das pessoas de 15 anos ou mais de idade,2022,2022,6794,Total,95251,Total,100362,Total
6,Município,2,%,91.17,3140209,Maripá de Minas - MG,2513,Taxa de alfabetização das pessoas de 15 anos ou mais de idade,2022,2022,6794,Total,95251,Total,100362,Total
6,Município,2,%,90.62,3140308,Marliéria - MG,2513,Taxa de alfabetização das pessoas de 15 anos ou mais de idade,2022,2022,6794,Total,95251,Total,100362,Total
6,Município,2,%,93.02,3140407,Marmelópolis - MG,2513,Taxa de alfabetização das pessoas de 15 anos ou mais de idade,2022,2022,6794,Total,95251,Total,100362,Total
6,Município,2,%,93.54,3140506,Martinho Campos - MG,2513,Taxa de alfabetização das pessoas de 15 anos ou mais de idade,2022,2022,6794,Total,95251,Total,100362,Total
6,Município,2,%,88.98,3140530,Martins Soares - MG,2513,Taxa de alfabetização das pessoas de 15 anos ou mais de idade,2022,2022,6794,Total,95251,Total,100362,Total
6,Município,2,%,81.1,3140555,Mata Verde - MG,2513,Taxa de alfabetização das pessoas de 15 anos ou mais de idade,2022,2022,6794,Total,95251,Total,100362,Total
6,Município,2,%,82.41,3140605,Materlândia - MG,2513,Taxa de alfabetização das pessoas de 15 anos ou mais de idade,2022,2022,6794,Total,95251,Total,100362,Total
6,Município,2,%,94.57,3140704,Mateus Leme - MG,2513,Taxa de alfabetização das pessoas de 15 anos ou mais de idade,2022,2022,6794,Total,95251,Total,100362,Total
6,Município,2,%,95.52,3140803,Matias Barbosa - MG,2513,Taxa de alfabetização das pessoas de 15 anos ou mais de idade,2022,2022,6794,Total,95251,Total,100362,Total
6,Município,2,%,80.55,3140852,Matias Cardoso - MG,2513,Taxa de alfabetização das pessoas de 15 anos ou mais de idade,2022,2022,6794,Total,95251,Total,100362,Total
6,Município,2,%,87.97,3140902,Matipó - MG,2513,Taxa de alfabetização das pessoas de 15 anos ou mais de idade,2022,2022,6794,Total,95251,Total,100362,Total
6,Município,2,%,82.79,3141009,Mato Verde - MG,2513,Taxa de alfabetização das pessoas de 15 anos ou mais de idade,2022,2022,6794,Total,95251,Total,100362,Total
6,Município,2,%,95.95,3141108,Matozinhos - MG,2513,Taxa de alfabetização das pessoas de 15 anos ou mais de idade,2022,2022,6794,Total,95251,Total,100362,Total
6,Município,2,%,89.62,3141207,Matutina - MG,2513,Taxa de alfabetização das pessoas de 15 anos ou mais de idade,2022,2022,6794,Total,95251,Total,100362,Total
6,Município,2,%,95.07,3141306,Medeiros - MG,2513,Taxa de alfabetização das pessoas de 15 anos ou mais de idade,2022,2022,6794,Total,95251,Total,100362,Total
6,Município,2,%,84.6,3141405,Medina - MG,2513,Taxa de alfabetização das pessoas de 15 anos ou mais de idade,2022,2022,6794,Total,95251,Total,100362,Total
6,Município,2,%,83.21,3141504,Mendes Pimentel - MG,2513,Taxa de alfabetização das pessoas de 15 anos ou mais de idade,2022,2022,6794,Total,95251,Total,100362,Total
6,Município,2,%,89.96,3141603,Mercês - MG,2513,Taxa de alfabetização das pessoas de 15 anos ou mais de idade,2022,2022,6794,Total,95251,Total,100362,Total
6,Município,2,%,87.82,3141702,Mesquita - MG,2513,Taxa de alfabetização das pessoas de 15 anos ou mais de idade,2022,2022,6794,Total,95251,Total,100362,Total
6,Município,2,%,81.23,3141801,Minas Novas - MG,2513,Taxa de alfabetização das pessoas de 15 anos ou mais de idade,2022,2022,6794,Total,95251,Total,100362,Total
6,Município,2,%,93.31,3141900,Minduri - MG,2513,Taxa de alfabetização das pessoas de 15 anos ou mais de idade,2022,2022,6794,Total,95251,Total,100362,Total
6,Município,2,%,87.49,3142007,Mirabela - MG,2513,Taxa de alfabetização das pessoas de 15 anos ou mais de idade,2022,2022,6794,Total,95251,Total,100362,Total
6,Município,2,%,88.18,3142106,Miradouro - MG,2513,Taxa de alfabetização das pessoas de 15 anos ou mais de idade,2022,2022,6794,Total,95251,Total,100362,Total
6,Município,2,%,94.17,3142205,Miraí - MG,2513,Taxa de alfabetização das pessoas de 15 anos ou mais de idade,2022,2022,6794,Total,95251,Total,100362,Total
6,Município,2,%,79.59,3142254,Miravânia - MG,2513,Taxa de alfabetização das pessoas de 15 anos ou mais de idade,2022,2022,6794,Total,95251,Total,100362,Total
6,Município,2,%,94.07,3142304,Moeda - MG,2513,Taxa de alfabetização das pessoas de 15 anos ou mais de idade,2022,2022,6794,Total,95251,Total,100362,Total
6,Município,2,%,94.75,3142403,Moema - MG,2513,Taxa de alfabetização das pessoas de 15 anos ou mais de idade,2022,2022,6794,Total,95251,Total,100362,Total
6,Município,2,%,86.54,3142502,Monjolos - MG,2513,Taxa de alfabetização das pessoas de 15 anos ou mais de idade,2022,2022,6794,Total,95251,Total,100362,Total
6,Município,2,%,91.76,3142601,Monsenhor Paulo - MG,2513,Taxa de alfabetização das pessoas de 15 anos ou mais de idade,2022,2022,6794,Total,95251,Total,100362,Total
6,Município,2,%,82.86,3142700,Montalvânia - MG,2513,Taxa de alfabetização das pessoas de 15 anos ou mais de idade,2022,2022,6794,Total,95251,Total,100362,Total
6,Município,2,%,91.77,3142809,Monte Alegre de Minas - MG,2513,Taxa de alfabetização das pessoas de 15 anos ou mais de idade,2022,2022,6794,Total,95251,Total,100362,Total
6,Município,2,%,81.85,3142908,Monte Azul - MG,2513,Taxa de alfabetização das pessoas de 15 anos ou mais de idade,2022,2022,6794,Total,95251,Total,100362,Total
6,Município,2,%,93.1,3143005,Monte Belo - MG,2513,Taxa de alfabetização das pessoas de 15 anos ou mais de idade,2022,2022,6794,Total,95251,Total,100362,Total
6,Município,2,%,93.74,3143104,Monte Carmelo - MG,2513,Taxa de alfabetização das pessoas de 15 anos ou mais de idade,2022,2022,6794,Total,95251,Total,100362,Total
6,Município,2,%,79.84,3143153,Monte Formoso - MG,2513,Taxa de alfabetização das pessoas de 15 anos ou mais de idade,2022,2022,6794,Total,95251,Total,100362,Total
6,Município,2,%,92.05,3143203,Monte Santo de Minas - MG,2513,Taxa de alfabetização das pessoas de 15 anos ou mais de idade,2022,2022,6794,Total,95251,Total,100362,Total
6,Município,2,%,95.67,3143302,Montes Claros - MG,2513,Taxa de alfabetização das pessoas de 15 anos ou mais de idade,2022,2022,6794,Total,95251,Total,100362,Total
6,Município,2,%,95.35,3143401,Monte Sião - MG,2513,Taxa de alfabetização das pessoas de 15 anos ou mais de idade,2022,2022,6794,Total,95251,Total,100362,Total
6,Município,2,%,82.19,3143450,Montezuma - MG,2513,Taxa de alfabetização das pessoas de 15 anos ou mais de idade,2022,2022,6794,Total,95251,Total,100362,Total
6,Município,2,%,94.04,3143500,Morada Nova de Minas - MG,2513,Taxa de alfabetização das pessoas de 15 anos ou mais de idade,2022,2022,6794,Total,95251,Total,100362,Total
6,Município,2,%,89.36,3143609,Morro da Garça - MG,2513,Taxa de alfabetização das pessoas de 15 anos ou mais de idade,2022,2022,6794,Total,95251,Total,100362,Total
6,Município,2,%,84.61,3143708,Morro do Pilar - MG,2513,Taxa de alfabetização das pessoas de 15 anos ou mais de idade,2022,2022,6794,Total,95251,Total,100362,Total
6,Município,2,%,92.23,3143807,Munhoz - MG,2513,Taxa de alfabetização das pessoas de 15 anos ou mais de idade,2022,2022,6794,Total,95251,Total,100362,Total
6,Município,2,%,95.14,3143906,Muriaé - MG,2513,Taxa de alfabetização das pessoas de 15 anos ou mais de idade,2022,2022,6794,Total,95251,Total,100362,Total
6,Município,2,%,87.75,3144003,Mutum - MG,2513,Taxa de alfabetização das pessoas de 15 anos ou mais de idade,2022,2022,6794,Total,95251,Total,100362,Total
6,Município,2,%,95.81,3144102,Muzambinho - MG,2513,Taxa de alfabetização das pessoas de 15 anos ou mais de idade,2022,2022,6794,Total,95251,Total,100362,Total
6,Município,2,%,82.17,3144201,Nacip Raydan - MG,2513,Taxa de alfabetização das pessoas de 15 anos ou mais de idade,2022,2022,6794,Total,95251,Total,100362,Total
6,Município,2,%,89.18,3144300,Nanuque - MG,2513,Taxa de alfabetização das pessoas de 15 anos ou mais de idade,2022,2022,6794,Total,95251,Total,100362,Total
6,Município,2,%,89.97,3144359,Naque - MG,2513,Taxa de alfabetização das pessoas de 15 anos ou mais de idade,2022,2022,6794,Total,95251,Total,100362,Total
6,Município,2,%,90.95,3144375,Natalândia - MG,2513,Taxa de alfabetização das pessoas de 15 anos ou mais de idade,2022,2022,6794,Total,95251,Total,100362,Total
6,Município,2,%,92.88,3144409,Natércia - MG,2513,Taxa de alfabetização das pessoas de 15 anos ou mais de idade,2022,2022,6794,Total,95251,Total,100362,Total
6,Município,2,%,94.54,3144508,Nazareno - MG,2513,Taxa de alfabetização das pessoas de 15 anos ou mais de idade,2022,2022,6794,Total,95251,Total,100362,Total
6,Município,2,%,92.37,3144607,Nepomuceno - MG,2513,Taxa de alfabetização das pessoas de 15 anos ou mais de idade,2022,2022,6794,Total,95251,Total,100362,Total
6,Município,2,%,77.43,3144656,Ninheira - MG,2513,Taxa de alfabetização das pessoas de 15 anos ou mais de idade,2022,2022,6794,Total,95251,Total,100362,Total
6,Município,2,%,83.04,3144672,Nova Belém - MG,2513,Taxa de alfabetização das pessoas de 15 anos ou mais de idade,2022,2022,6794,Total,95251,Total,100362,Total
6,Município,2,%,94.11,3144706,Nova Era - MG,2513,Taxa de alfabetização das pessoas de 15 anos ou mais de idade,2022,2022,6794,Total,95251,Total,100362,Total
6,Município,2,%,97.95,3144805,Nova Lima - MG,2513,Taxa de alfabetização das pessoas de 15 anos ou mais de idade,2022,2022,6794,Total,95251,Total,100362,Total
6,Município,2,%,83.1,3144904,Nova Módica - MG,2513,Taxa de alfabetização das pessoas de 15 anos ou mais de idade,2022,2022,6794,Total,95251,Total,100362,Total
6,Município,2,%,94.29,3145000,Nova Ponte - MG,2513,Taxa de alfabetização das pessoas de 15 anos ou mais de idade,2022,2022,6794,Total,95251,Total,100362,Total
6,Município,2,%,85.25,3145059,Nova Porteirinha - MG,2513,Taxa de alfabetização das pessoas de 15 anos ou mais de idade,2022,2022,6794,Total,95251,Total,100362,Total
6,Município,2,%,93.59,3145109,Nova Resende - MG,2513,Taxa de alfabetização das pessoas de 15 anos ou mais de idade,2022,2022,6794,Total,95251,Total,100362,Total
6,Município,2,%,96.25,3145208,Nova Serrana - MG,2513,Taxa de alfabetização das pessoas de 15 anos ou mais de idade,2022,2022,6794,Total,95251,Total,100362,Total
6,Município,2,%,78.88,3145307,Novo Cruzeiro - MG,2513,Taxa de alfabetização das pessoas de 15 anos ou mais de idade,2022,2022,6794,Total,95251,Total,100362,Total
6,Município,2,%,77.43,3145356,Novo Oriente de Minas - MG,2513,Taxa de alfabetização das pessoas de 15 anos ou mais de idade,2022,2022,6794,Total,95251,Total,100362,Total
6,Município,2,%,85.87,3145372,Novorizonte - MG,2513,Taxa de alfabetização das pessoas de 15 anos ou mais de idade,2022,2022,6794,Total,95251,Total,100362,Total
6,Município,2,%,89.34,3145406,Olaria - MG,2513,Taxa de alfabetização das pessoas de 15 anos ou mais de idade,2022,2022,6794,Total,95251,Total,100362,Total
6,Município,2,%,87.91,3145455,Olhos-d'Água - MG,2513,Taxa de alfabetização das pessoas de 15 anos ou mais de idade,2022,2022,6794,Total,95251,Total,100362,Total
6,Município,2,%,91.3,3145505,Olímpio Noronha - MG,2513,Taxa de alfabetização das pessoas de 15 anos ou mais de idade,2022,2022,6794,Total,95251,Total,100362,Total
6,Município,2,%,95.41,3145604,Oliveira - MG,2513,Taxa de alfabetização das pessoas de 15 anos ou mais de idade,2022,2022,6794,Total,95251,Total,100362,Total
6,Município,2,%,87.62,3145703,Oliveira Fortes - MG,2513,Taxa de alfabetização das pessoas de 15 anos ou mais de idade,2022,2022,6794,Total,95251,Total,100362,Total
6,Município,2,%,90.07,3145802,Onça de Pitangui - MG,2513,Taxa de alfabetização das pessoas de 15 anos ou mais de idade,2022,2022,6794,Total,95251,Total,100362,Total
6,Município,2,%,88.61,3145851,Oratórios - MG,2513,Taxa de alfabetização das pessoas de 15 anos ou mais de idade,2022,2022,6794,Total,95251,Total,100362,Total
6,Município,2,%,88.96,3145877,Orizânia - MG,2513,Taxa de alfabetização das pessoas de 15 anos ou mais de idade,2022,2022,6794,Total,95251,Total,100362,Total
6,Município,2,%,96.45,3145901,Ouro Branco - MG,2513,Taxa de alfabetização das pessoas de 15 anos ou mais de idade,2022,2022,6794,Total,95251,Total,100362,Total
6,Município,2,%,94.18,3146008,Ouro Fino - MG,2513,Taxa de alfabetização das pessoas de 15 anos ou mais de idade,2022,2022,6794,Total,95251,Total,100362,Total
6,Município,2,%,96.35,3146107,Ouro Preto - MG,2513,Taxa de alfabetização das pessoas de 15 anos ou mais de idade,2022,2022,6794,Total,95251,Total,100362,Total
6,Município,2,%,83.86,3146206,Ouro Verde de Minas - MG,2513,Taxa de alfabetização das pessoas de 15 anos ou mais de idade,2022,2022,6794,Total,95251,Total,100362,Total
6,Município,2,%,79.9,3146255,Padre Carvalho - MG,2513,Taxa de alfabetização das pessoas de 15 anos ou mais de idade,2022,2022,6794,Total,95251,Total,100362,Total
6,Município,2,%,83.85,3146305,Padre Paraíso - MG,2513,Taxa de alfabetização das pessoas de 15 anos ou mais de idade,2022,2022,6794,Total,95251,Total,100362,Total
6,Município,2,%,93.23,3146404,Paineiras - MG,2513,Taxa de alfabetização das pessoas de 15 anos ou mais de idade,2022,2022,6794,Total,95251,Total,100362,Total
6,Município,2,%,95.63,3146503,Pains - MG,2513,Taxa de alfabetização das pessoas de 15 anos ou mais de idade,2022,2022,6794,Total,95251,Total,100362,Total
6,Município,2,%,76.46,3146552,Pai Pedro - MG,2513,Taxa de alfabetização das pessoas de 15 anos ou mais de idade,2022,2022,6794,Total,95251,Total,100362,Total
6,Município,2,%,91.87,3146602,Paiva - MG,2513,Taxa de alfabetização das pessoas de 15 anos ou mais de idade,2022,2022,6794,Total,95251,Total,100362,Total
6,Município,2,%,91.6,3146701,Palma - MG,2513,Taxa de alfabetização das pessoas de 15 anos ou mais de idade,2022,2022,6794,Total,95251,Total,100362,Total
6,Município,2,%,78.34,3146750,Palmópolis - MG,2513,Taxa de alfabetização das pessoas de 15 anos ou mais de idade,2022,2022,6794,Total,95251,Total,100362,Total
6,Município,2,%,93.33,3146909,Papagaios - MG,2513,Taxa de alfabetização das pessoas de 15 anos ou mais de idade,2022,2022,6794,Total,95251,Total,100362,Total
6,Município,2,%,95.24,3147006,Paracatu - MG,2513,Taxa de alfabetização das pessoas de 15 anos ou mais de idade,2022,2022,6794,Total,95251,Total,100362,Total
6,Município,2,%,96.85,3147105,Pará de Minas - MG,2513,Taxa de alfabetização das pessoas de 15 anos ou mais de idade,2022,2022,6794,Total,95251,Total,100362,Total
6,Município,2,%,94.72,3147204,Paraguaçu - MG,2513,Taxa de alfabetização das pessoas de 15 anos ou mais de idade,2022,2022,6794,Total,95251,Total,100362,Total
6,Município,2,%,94.82,3147303,Paraisópolis - MG,2513,Taxa de alfabetização das pessoas de 15 anos ou mais de idade,2022,2022,6794,Total,95251,Total,100362,Total
6,Município,2,%,95.24,3147402,Paraopeba - MG,2513,Taxa de alfabetização das pessoas de 15 anos ou mais de idade,2022,2022,6794,Total,95251,Total,100362,Total
6,Município,2,%,82.72,3147501,Passabém - MG,2513,Taxa de alfabetização das pessoas de 15 anos ou mais de idade,2022,2022,6794,Total,95251,Total,100362,Total
6,Município,2,%,96.11,3147600,Passa Quatro - MG,2513,Taxa de alfabetização das pessoas de 15 anos ou mais de idade,2022,2022,6794,Total,95251,Total,100362,Total
6,Município,2,%,94.65,3147709,Passa Tempo - MG,2513,Taxa de alfabetização das pessoas de 15 anos ou mais de idade,2022,2022,6794,Total,95251,Total,100362,Total
6,Município,2,%,91.7,3147808,Passa Vinte - MG,2513,Taxa de alfabetização das pessoas de 15 anos ou mais de idade,2022,2022,6794,Total,95251,Total,100362,Total
6,Município,2,%,96.1,3147907,Passos - MG,2513,Taxa de alfabetização das pessoas de 15 anos ou mais de idade,2022,2022,6794,Total,95251,Total,100362,Total
6,Município,2,%,82.45,3147956,Patis - MG,2513,Taxa de alfabetização das pessoas de 15 anos ou mais de idade,2022,2022,6794,Total,95251,Total,100362,Total
6,Município,2,%,96.65,3148004,Patos de Minas - MG,2513,Taxa de alfabetização das pessoas de 15 anos ou mais de idade,2022,2022,6794,Total,95251,Total,100362,Total
6,Município,2,%,94.83,3148103,Patrocínio - MG,2513,Taxa de alfabetização das pessoas de 15 anos ou mais de idade,2022,2022,6794,Total,95251,Total,100362,Total
6,Município,2,%,93.6,3148202,Patrocínio do Muriaé - MG,2513,Taxa de alfabetização das pessoas de 15 anos ou mais de idade,2022,2022,6794,Total,95251,Total,100362,Total
6,Município,2,%,91.79,3148301,Paula Cândido - MG,2513,Taxa de alfabetização das pessoas de 15 anos ou mais de idade,2022,2022,6794,Total,95251,Total,100362,Total
6,Município,2,%,86.91,3148400,Paulistas - MG,2513,Taxa de alfabetização das pessoas de 15 anos ou mais de idade,2022,2022,6794,Total,95251,Total,100362,Total
6,Município,2,%,80.98,3148509,Pavão - MG,2513,Taxa de alfabetização das pessoas de 15 anos ou mais de idade,2022,2022,6794,Total,95251,Total,100362,Total
6,Município,2,%,84.99,3148608,Peçanha - MG,2513,Taxa de alfabetização das pessoas de 15 anos ou mais de idade,2022,2022,6794,Total,95251,Total,100362,Total
6,Município,2,%,86.14,3148707,Pedra Azul - MG,2513,Taxa de alfabetização das pessoas de 15 anos ou mais de idade,2022,2022,6794,Total,95251,Total,100362,Total
6,Município,2,%,88.84,3148756,Pedra Bonita - MG,2513,Taxa de alfabetização das pessoas de 15 anos ou mais de idade,2022,2022,6794,Total,95251,Total,100362,Total
6,Município,2,%,86.29,3148806,Pedra do Anta - MG,2513,Taxa de alfabetização das pessoas de 15 anos ou mais de idade,2022,2022,6794,Total,95251,Total,100362,Total
6,Município,2,%,93.27,3148905,Pedra do Indaiá - MG,2513,Taxa de alfabetização das pessoas de 15 anos ou mais de idade,2022,2022,6794,Total,95251,Total,100362,Total
6,Município,2,%,91.29,3149002,Pedra Dourada - MG,2513,Taxa de alfabetização das pessoas de 15 anos ou mais de idade,2022,2022,6794,Total,95251,Total,100362,Total
6,Município,2,%,92.52,3149101,Pedralva - MG,2513,Taxa de alfabetização das pessoas de 15 anos ou mais de idade,2022,2022,6794,Total,95251,Total,100362,Total
6,Município,2,%,81.75,3149150,Pedras de Maria da Cruz - MG,2513,Taxa de alfabetização das pessoas de 15 anos ou mais de idade,2022,2022,6794,Total,95251,Total,100362,Total
6,Município,2,%,94.59,3149200,Pedrinópolis - MG,2513,Taxa de alfabetização das pessoas de 15 anos ou mais de idade,2022,2022,6794,Total,95251,Total,100362,Total
6,Município,2,%,96.37,3149309,Pedro Leopoldo - MG,2513,Taxa de alfabetização das pessoas de 15 anos ou mais de idade,2022,2022,6794,Total,95251,Total,100362,Total
6,Município,2,%,91.89,3149408,Pedro Teixeira - MG,2513,Taxa de alfabetização das pessoas de 15 anos ou mais de idade,2022,2022,6794,Total,95251,Total,100362,Total
6,Município,2,%,95.98,3149507,Pequeri - MG,2513,Taxa de alfabetização das pessoas de 15 anos ou mais de idade,2022,2022,6794,Total,95251,Total,100362,Total
6,Município,2,%,93.85,3149606,Pequi - MG,2513,Taxa de alfabetização das pessoas de 15 anos ou mais de idade,2022,2022,6794,Total,95251,Total,100362,Total
6,Município,2,%,93.88,3149705,Perdigão - MG,2513,Taxa de alfabetização das pessoas de 15 anos ou mais de idade,2022,2022,6794,Total,95251,Total,100362,Total
6,Município,2,%,93.21,3149804,Perdizes - MG,2513,Taxa de alfabetização das pessoas de 15 anos ou mais de idade,2022,2022,6794,Total,95251,Total,100362,Total
6,Município,2,%,94.76,3149903,Perdões - MG,2513,Taxa de alfabetização das pessoas de 15 anos ou mais de idade,2022,2022,6794,Total,95251,Total,100362,Total
6,Município,2,%,87.99,3149952,Periquito - MG,2513,Taxa de alfabetização das pessoas de 15 anos ou mais de idade,2022,2022,6794,Total,95251,Total,100362,Total
6,Município,2,%,80.81,3150000,Pescador - MG,2513,Taxa de alfabetização das pessoas de 15 anos ou mais de idade,2022,2022,6794,Total,95251,Total,100362,Total
6,Município,2,%,93.38,3150109,Piau - MG,2513,Taxa de alfabetização das pessoas de 15 anos ou mais de idade,2022,2022,6794,Total,95251,Total,100362,Total
6,Município,2,%,88.4,3150158,Piedade de Caratinga - MG,2513,Taxa de alfabetização das pessoas de 15 anos ou mais de idade,2022,2022,6794,Total,95251,Total,100362,Total
6,Município,2,%,88.34,3150208,Piedade de Ponte Nova - MG,2513,Taxa de alfabetização das pessoas de 15 anos ou mais de idade,2022,2022,6794,Total,95251,Total,100362,Total
6,Município,2,%,89.93,3150307,Piedade do Rio Grande - MG,2513,Taxa de alfabetização das pessoas de 15 anos ou mais de idade,2022,2022,6794,Total,95251,Total,100362,Total
6,Município,2,%,90.16,3150406,Piedade dos Gerais - MG,2513,Taxa de alfabetização das pessoas de 15 anos ou mais de idade,2022,2022,6794,Total,95251,Total,100362,Total
6,Município,2,%,93.59,3150505,Pimenta - MG,2513,Taxa de alfabetização das pessoas de 15 anos ou mais de idade,2022,2022,6794,Total,95251,Total,100362,Total
6,Município,2,%,87.31,3150539,Pingo-d'Água - MG,2513,Taxa de alfabetização das pessoas de 15 anos ou mais de idade,2022,2022,6794,Total,95251,Total,100362,Total
6,Município,2,%,86.3,3150570,Pintópolis - MG,2513,Taxa de alfabetização das pessoas de 15 anos ou mais de idade,2022,2022,6794,Total,95251,Total,100362,Total
6,Município,2,%,91.95,3150604,Piracema - MG,2513,Taxa de alfabetização das pessoas de 15 anos ou mais de idade,2022,2022,6794,Total,95251,Total,100362,Total
6,Município,2,%,91.89,3150703,Pirajuba - MG,2513,Taxa de alfabetização das pessoas de 15 anos ou mais de idade,2022,2022,6794,Total,95251,Total,100362,Total
6,Município,2,%,89.11,3150802,Piranga - MG,2513,Taxa de alfabetização das pessoas de 15 anos ou mais de idade,2022,2022,6794,Total,95251,Total,100362,Total
6,Município,2,%,92.11,3150901,Piranguçu - MG,2513,Taxa de alfabetização das pessoas de 15 anos ou mais de idade,2022,2022,6794,Total,95251,Total,100362,Total
6,Município,2,%,95.58,3151008,Piranguinho - MG,2513,Taxa de alfabetização das pessoas de 15 anos ou mais de idade,2022,2022,6794,Total,95251,Total,100362,Total
6,Município,2,%,93.94,3151107,Pirapetinga - MG,2513,Taxa de alfabetização das pessoas de 15 anos ou mais de idade,2022,2022,6794,Total,95251,Total,100362,Total
6,Município,2,%,95.3,3151206,Pirapora - MG,2513,Taxa de alfabetização das pessoas de 15 anos ou mais de idade,2022,2022,6794,Total,95251,Total,100362,Total
6,Município,2,%,94.38,3151305,Piraúba - MG,2513,Taxa de alfabetização das pessoas de 15 anos ou mais de idade,2022,2022,6794,Total,95251,Total,100362,Total
6,Município,2,%,95.16,3151404,Pitangui - MG,2513,Taxa de alfabetização das pessoas de 15 anos ou mais de idade,2022,2022,6794,Total,95251,Total,100362,Total
6,Município,2,%,95.89,3151503,Piumhi - MG,2513,Taxa de alfabetização das pessoas de 15 anos ou mais de idade,2022,2022,6794,Total,95251,Total,100362,Total
6,Município,2,%,94.25,3151602,Planura - MG,2513,Taxa de alfabetização das pessoas de 15 anos ou mais de idade,2022,2022,6794,Total,95251,Total,100362,Total
6,Município,2,%,95.02,3151701,Poço Fundo - MG,2513,Taxa de alfabetização das pessoas de 15 anos ou mais de idade,2022,2022,6794,Total,95251,Total,100362,Total
6,Município,2,%,97.76,3151800,Poços de Caldas - MG,2513,Taxa de alfabetização das pessoas de 15 anos ou mais de idade,2022,2022,6794,Total,95251,Total,100362,Total
6,Município,2,%,86.97,3151909,Pocrane - MG,2513,Taxa de alfabetização das pessoas de 15 anos ou mais de idade,2022,2022,6794,Total,95251,Total,100362,Total
6,Município,2,%,92.67,3152006,Pompéu - MG,2513,Taxa de alfabetização das pessoas de 15 anos ou mais de idade,2022,2022,6794,Total,95251,Total,100362,Total
6,Município,2,%,95.03,3152105,Ponte Nova - MG,2513,Taxa de alfabetização das pessoas de 15 anos ou mais de idade,2022,2022,6794,Total,95251,Total,100362,Total
6,Município,2,%,85.09,3152131,Ponto Chique - MG,2513,Taxa de alfabetização das pessoas de 15 anos ou mais de idade,2022,2022,6794,Total,95251,Total,100362,Total
6,Município,2,%,81.04,3152170,Ponto dos Volantes - MG,2513,Taxa de alfabetização das pessoas de 15 anos ou mais de idade,2022,2022,6794,Total,95251,Total,100362,Total
6,Município,2,%,83.54,3152204,Porteirinha - MG,2513,Taxa de alfabetização das pessoas de 15 anos ou mais de idade,2022,2022,6794,Total,95251,Total,100362,Total
6,Município,2,%,91.45,3152303,Porto Firme - MG,2513,Taxa de alfabetização das pessoas de 15 anos ou mais de idade,2022,2022,6794,Total,95251,Total,100362,Total
6,Município,2,%,83.19,3152402,Poté - MG,2513,Taxa de alfabetização das pessoas de 15 anos ou mais de idade,2022,2022,6794,Total,95251,Total,100362,Total
6,Município,2,%,97.1,3152501,Pouso Alegre - MG,2513,Taxa de alfabetização das pessoas de 15 anos ou mais de idade,2022,2022,6794,Total,95251,Total,100362,Total
6,Município,2,%,95.29,3152600,Pouso Alto - MG,2513,Taxa de alfabetização das pessoas de 15 anos ou mais de idade,2022,2022,6794,Total,95251,Total,100362,Total
6,Município,2,%,94.74,3152709,Prados - MG,2513,Taxa de alfabetização das pessoas de 15 anos ou mais de idade,2022,2022,6794,Total,95251,Total,100362,Total
6,Município,2,%,92.9,3152808,Prata - MG,2513,Taxa de alfabetização das pessoas de 15 anos ou mais de idade,2022,2022,6794,Total,95251,Total,100362,Total
6,Município,2,%,94.95,3152907,Pratápolis - MG,2513,Taxa de alfabetização das pessoas de 15 anos ou mais de idade,2022,2022,6794,Total,95251,Total,100362,Total
6,Município,2,%,90.59,3153004,Pratinha - MG,2513,Taxa de alfabetização das pessoas de 15 anos ou mais de idade,2022,2022,6794,Total,95251,Total,100362,Total
6,Município,2,%,89.48,3153103,Presidente Bernardes - MG,2513,Taxa de alfabetização das pessoas de 15 anos ou mais de idade,2022,2022,6794,Total,95251,Total,100362,Total
6,Município,2,%,86.83,3153202,Presidente Juscelino - MG,2513,Taxa de alfabetização das pessoas de 15 anos ou mais de idade,2022,2022,6794,Total,95251,Total,100362,Total
6,Município,2,%,90.96,3153301,Presidente Kubitschek - MG,2513,Taxa de alfabetização das pessoas de 15 anos ou mais de idade,2022,2022,6794,Total,95251,Total,100362,Total
6,Município,2,%,92.37,3153400,Presidente Olegário - MG,2513,Taxa de alfabetização das pessoas de 15 anos ou mais de idade,2022,2022,6794,Total,95251,Total,100362,Total
6,Município,2,%,93.12,3153509,Alto Jequitibá - MG,2513,Taxa de alfabetização das pessoas de 15 anos ou mais de idade,2022,2022,6794,Total,95251,Total,100362,Total
6,Município,2,%,95.99,3153608,Prudente de Morais - MG,2513,Taxa de alfabetização das pessoas de 15 anos ou mais de idade,2022,2022,6794,Total,95251,Total,100362,Total
6,Município,2,%,90.58,3153707,Quartel Geral - MG,2513,Taxa de alfabetização das pessoas de 15 anos ou mais de idade,2022,2022,6794,Total,95251,Total,100362,Total
6,Município,2,%,93.3,3153806,Queluzito - MG,2513,Taxa de alfabetização das pessoas de 15 anos ou mais de idade,2022,2022,6794,Total,95251,Total,100362,Total
6,Município,2,%,96.33,3153905,Raposos - MG,2513,Taxa de alfabetização das pessoas de 15 anos ou mais de idade,2022,2022,6794,Total,95251,Total,100362,Total
6,Município,2,%,89.58,3154002,Raul Soares - MG,2513,Taxa de alfabetização das pessoas de 15 anos ou mais de idade,2022,2022,6794,Total,95251,Total,100362,Total
6,Município,2,%,93.81,3154101,Recreio - MG,2513,Taxa de alfabetização das pessoas de 15 anos ou mais de idade,2022,2022,6794,Total,95251,Total,100362,Total
6,Município,2,%,91.71,3154150,Reduto - MG,2513,Taxa de alfabetização das pessoas de 15 anos ou mais de idade,2022,2022,6794,Total,95251,Total,100362,Total
6,Município,2,%,95.27,3154200,Resende Costa - MG,2513,Taxa de alfabetização das pessoas de 15 anos ou mais de idade,2022,2022,6794,Total,95251,Total,100362,Total
6,Município,2,%,89.73,3154309,Resplendor - MG,2513,Taxa de alfabetização das pessoas de 15 anos ou mais de idade,2022,2022,6794,Total,95251,Total,100362,Total
6,Município,2,%,93.24,3154408,Ressaquinha - MG,2513,Taxa de alfabetização das pessoas de 15 anos ou mais de idade,2022,2022,6794,Total,95251,Total,100362,Total
6,Município,2,%,88.15,3154457,Riachinho - MG,2513,Taxa de alfabetização das pessoas de 15 anos ou mais de idade,2022,2022,6794,Total,95251,Total,100362,Total
6,Município,2,%,84.4,3154507,Riacho dos Machados - MG,2513,Taxa de alfabetização das pessoas de 15 anos ou mais de idade,2022,2022,6794,Total,95251,Total,100362,Total
6,Município,2,%,95.16,3154606,Ribeirão das Neves - MG,2513,Taxa de alfabetização das pessoas de 15 anos ou mais de idade,2022,2022,6794,Total,95251,Total,100362,Total
6,Município,2,%,97.23,3154705,Ribeirão Vermelho - MG,2513,Taxa de alfabetização das pessoas de 15 anos ou mais de idade,2022,2022,6794,Total,95251,Total,100362,Total
6,Município,2,%,95.42,3154804,Rio Acima - MG,2513,Taxa de alfabetização das pessoas de 15 anos ou mais de idade,2022,2022,6794,Total,95251,Total,100362,Total
6,Município,2,%,92.27,3154903,Rio Casca - MG,2513,Taxa de alfabetização das pessoas de 15 anos ou mais de idade,2022,2022,6794,Total,95251,Total,100362,Total
6,Município,2,%,89.86,3155009,Rio Doce - MG,2513,Taxa de alfabetização das pessoas de 15 anos ou mais de idade,2022,2022,6794,Total,95251,Total,100362,Total
6,Município,2,%,79.36,3155108,Rio do Prado - MG,2513,Taxa de alfabetização das pessoas de 15 anos ou mais de idade,2022,2022,6794,Total,95251,Total,100362,Total
6,Município,2,%,87.69,3155207,Rio Espera - MG,2513,Taxa de alfabetização das pessoas de 15 anos ou mais de idade,2022,2022,6794,Total,95251,Total,100362,Total
6,Município,2,%,93.5,3155306,Rio Manso - MG,2513,Taxa de alfabetização das pessoas de 15 anos ou mais de idade,2022,2022,6794,Total,95251,Total,100362,Total
6,Município,2,%,92.84,3155405,Rio Novo - MG,2513,Taxa de alfabetização das pessoas de 15 anos ou mais de idade,2022,2022,6794,Total,95251,Total,100362,Total
6,Município,2,%,94.27,3155504,Rio Paranaíba - MG,2513,Taxa de alfabetização das pessoas de 15 anos ou mais de idade,2022,2022,6794,Total,95251,Total,100362,Total
6,Município,2,%,82.18,3155603,Rio Pardo de Minas - MG,2513,Taxa de alfabetização das pessoas de 15 anos ou mais de idade,2022,2022,6794,Total,95251,Total,100362,Total
6,Município,2,%,93.48,3155702,Rio Piracicaba - MG,2513,Taxa de alfabetização das pessoas de 15 anos ou mais de idade,2022,2022,6794,Total,95251,Total,100362,Total
6,Município,2,%,94.44,3155801,Rio Pomba - MG,2513,Taxa de alfabetização das pessoas de 15 anos ou mais de idade,2022,2022,6794,Total,95251,Total,100362,Total
6,Município,2,%,90.25,3155900,Rio Preto - MG,2513,Taxa de alfabetização das pessoas de 15 anos ou mais de idade,2022,2022,6794,Total,95251,Total,100362,Total
6,Município,2,%,82.55,3156007,Rio Vermelho - MG,2513,Taxa de alfabetização das pessoas de 15 anos ou mais de idade,2022,2022,6794,Total,95251,Total,100362,Total
6,Município,2,%,93.61,3156106,Ritápolis - MG,2513,Taxa de alfabetização das pessoas de 15 anos ou mais de idade,2022,2022,6794,Total,95251,Total,100362,Total
6,Município,2,%,92.86,3156205,Rochedo de Minas - MG,2513,Taxa de alfabetização das pessoas de 15 anos ou mais de idade,2022,2022,6794,Total,95251,Total,100362,Total
6,Município,2,%,95.15,3156304,Rodeiro - MG,2513,Taxa de alfabetização das pessoas de 15 anos ou mais de idade,2022,2022,6794,Total,95251,Total,100362,Total
6,Município,2,%,93.61,3156403,Romaria - MG,2513,Taxa de alfabetização das pessoas de 15 anos ou mais de idade,2022,2022,6794,Total,95251,Total,100362,Total
6,Município,2,%,89.83,3156452,Rosário da Limeira - MG,2513,Taxa de alfabetização das pessoas de 15 anos ou mais de idade,2022,2022,6794,Total,95251,Total,100362,Total
6,Município,2,%,78.5,3156502,Rubelita - MG,2513,Taxa de alfabetização das pessoas de 15 anos ou mais de idade,2022,2022,6794,Total,95251,Total,100362,Total
6,Município,2,%,83.12,3156601,Rubim - MG,2513,Taxa de alfabetização das pessoas de 15 anos ou mais de idade,2022,2022,6794,Total,95251,Total,100362,Total
6,Município,2,%,96.18,3156700,Sabará - MG,2513,Taxa de alfabetização das pessoas de 15 anos ou mais de idade,2022,2022,6794,Total,95251,Total,100362,Total
6,Município,2,%,87.68,3156809,Sabinópolis - MG,2513,Taxa de alfabetização das pessoas de 15 anos ou mais de idade,2022,2022,6794,Total,95251,Total,100362,Total
6,Município,2,%,95.28,3156908,Sacramento - MG,2513,Taxa de alfabetização das pessoas de 15 anos ou mais de idade,2022,2022,6794,Total,95251,Total,100362,Total
6,Município,2,%,87.58,3157005,Salinas - MG,2513,Taxa de alfabetização das pessoas de 15 anos ou mais de idade,2022,2022,6794,Total,95251,Total,100362,Total
6,Município,2,%,81.4,3157104,Salto da Divisa - MG,2513,Taxa de alfabetização das pessoas de 15 anos ou mais de idade,2022,2022,6794,Total,95251,Total,100362,Total
6,Município,2,%,95.3,3157203,Santa Bárbara - MG,2513,Taxa de alfabetização das pessoas de 15 anos ou mais de idade,2022,2022,6794,Total,95251,Total,100362,Total
6,Município,2,%,90.69,3157252,Santa Bárbara do Leste - MG,2513,Taxa de alfabetização das pessoas de 15 anos ou mais de idade,2022,2022,6794,Total,95251,Total,100362,Total
6,Município,2,%,90.62,3157278,Santa Bárbara do Monte Verde - MG,2513,Taxa de alfabetização das pessoas de 15 anos ou mais de idade,2022,2022,6794,Total,95251,Total,100362,Total
6,Município,2,%,90.64,3157302,Santa Bárbara do Tugúrio - MG,2513,Taxa de alfabetização das pessoas de 15 anos ou mais de idade,2022,2022,6794,Total,95251,Total,100362,Total
6,Município,2,%,95.79,3157336,Santa Cruz de Minas - MG,2513,Taxa de alfabetização das pessoas de 15 anos ou mais de idade,2022,2022,6794,Total,95251,Total,100362,Total
6,Município,2,%,77.94,3157377,Santa Cruz de Salinas - MG,2513,Taxa de alfabetização das pessoas de 15 anos ou mais de idade,2022,2022,6794,Total,95251,Total,100362,Total
6,Município,2,%,90.99,3157401,Santa Cruz do Escalvado - MG,2513,Taxa de alfabetização das pessoas de 15 anos ou mais de idade,2022,2022,6794,Total,95251,Total,100362,Total
6,Município,2,%,83.62,3157500,Santa Efigênia de Minas - MG,2513,Taxa de alfabetização das pessoas de 15 anos ou mais de idade,2022,2022,6794,Total,95251,Total,100362,Total
6,Município,2,%,86.09,3157609,Santa Fé de Minas - MG,2513,Taxa de alfabetização das pessoas de 15 anos ou mais de idade,2022,2022,6794,Total,95251,Total,100362,Total
6,Município,2,%,79.15,3157658,Santa Helena de Minas - MG,2513,Taxa de alfabetização das pessoas de 15 anos ou mais de idade,2022,2022,6794,Total,95251,Total,100362,Total
6,Município,2,%,93.68,3157708,Santa Juliana - MG,2513,Taxa de alfabetização das pessoas de 15 anos ou mais de idade,2022,2022,6794,Total,95251,Total,100362,Total
6,Município,2,%,96.3,3157807,Santa Luzia - MG,2513,Taxa de alfabetização das pessoas de 15 anos ou mais de idade,2022,2022,6794,Total,95251,Total,100362,Total
6,Município,2,%,91.71,3157906,Santa Margarida - MG,2513,Taxa de alfabetização das pessoas de 15 anos ou mais de idade,2022,2022,6794,Total,95251,Total,100362,Total
6,Município,2,%,90.5,3158003,Santa Maria de Itabira - MG,2513,Taxa de alfabetização das pessoas de 15 anos ou mais de idade,2022,2022,6794,Total,95251,Total,100362,Total
6,Município,2,%,79.17,3158102,Santa Maria do Salto - MG,2513,Taxa de alfabetização das pessoas de 15 anos ou mais de idade,2022,2022,6794,Total,95251,Total,100362,Total
6,Município,2,%,83.3,3158201,Santa Maria do Suaçuí - MG,2513,Taxa de alfabetização das pessoas de 15 anos ou mais de idade,2022,2022,6794,Total,95251,Total,100362,Total
6,Município,2,%,92.56,3158300,Santana da Vargem - MG,2513,Taxa de alfabetização das pessoas de 15 anos ou mais de idade,2022,2022,6794,Total,95251,Total,100362,Total
6,Município,2,%,92.9,3158409,Santana de Cataguases - MG,2513,Taxa de alfabetização das pessoas de 15 anos ou mais de idade,2022,2022,6794,Total,95251,Total,100362,Total
6,Município,2,%,87.81,3158508,Santana de Pirapama - MG,2513,Taxa de alfabetização das pessoas de 15 anos ou mais de idade,2022,2022,6794,Total,95251,Total,100362,Total
6,Município,2,%,93.59,3158607,Santana do Deserto - MG,2513,Taxa de alfabetização das pessoas de 15 anos ou mais de idade,2022,2022,6794,Total,95251,Total,100362,Total
6,Município,2,%,88.1,3158706,Santana do Garambéu - MG,2513,Taxa de alfabetização das pessoas de 15 anos ou mais de idade,2022,2022,6794,Total,95251,Total,100362,Total
6,Município,2,%,89.66,3158805,Santana do Jacaré - MG,2513,Taxa de alfabetização das pessoas de 15 anos ou mais de idade,2022,2022,6794,Total,95251,Total,100362,Total
6,Município,2,%,88.45,3158904,Santana do Manhuaçu - MG,2513,Taxa de alfabetização das pessoas de 15 anos ou mais de idade,2022,2022,6794,Total,95251,Total,100362,Total
6,Município,2,%,96.42,3158953,Santana do Paraíso - MG,2513,Taxa de alfabetização das pessoas de 15 anos ou mais de idade,2022,2022,6794,Total,95251,Total,100362,Total
6,Município,2,%,92.19,3159001,Santana do Riacho - MG,2513,Taxa de alfabetização das pessoas de 15 anos ou mais de idade,2022,2022,6794,Total,95251,Total,100362,Total
6,Município,2,%,91.73,3159100,Santana dos Montes - MG,2513,Taxa de alfabetização das pessoas de 15 anos ou mais de idade,2022,2022,6794,Total,95251,Total,100362,Total
6,Município,2,%,94.34,3159209,Santa Rita de Caldas - MG,2513,Taxa de alfabetização das pessoas de 15 anos ou mais de idade,2022,2022,6794,Total,95251,Total,100362,Total
6,Município,2,%,91.54,3159308,Santa Rita de Jacutinga - MG,2513,Taxa de alfabetização das pessoas de 15 anos ou mais de idade,2022,2022,6794,Total,95251,Total,100362,Total
6,Município,2,%,90.09,3159357,Santa Rita de Minas - MG,2513,Taxa de alfabetização das pessoas de 15 anos ou mais de idade,2022,2022,6794,Total,95251,Total,100362,Total
6,Município,2,%,89.52,3159407,Santa Rita de Ibitipoca - MG,2513,Taxa de alfabetização das pessoas de 15 anos ou mais de idade,2022,2022,6794,Total,95251,Total,100362,Total
6,Município,2,%,86.73,3159506,Santa Rita do Itueto - MG,2513,Taxa de alfabetização das pessoas de 15 anos ou mais de idade,2022,2022,6794,Total,95251,Total,100362,Total
6,Município,2,%,94.47,3159605,Santa Rita do Sapucaí - MG,2513,Taxa de alfabetização das pessoas de 15 anos ou mais de idade,2022,2022,6794,Total,95251,Total,100362,Total
6,Município,2,%,88.94,3159704,Santa Rosa da Serra - MG,2513,Taxa de alfabetização das pessoas de 15 anos ou mais de idade,2022,2022,6794,Total,95251,Total,100362,Total
6,Município,2,%,91.78,3159803,Santa Vitória - MG,2513,Taxa de alfabetização das pessoas de 15 anos ou mais de idade,2022,2022,6794,Total,95251,Total,100362,Total
6,Município,2,%,90.47,3159902,Santo Antônio do Amparo - MG,2513,Taxa de alfabetização das pessoas de 15 anos ou mais de idade,2022,2022,6794,Total,95251,Total,100362,Total
6,Município,2,%,91.09,3160009,Santo Antônio do Aventureiro - MG,2513,Taxa de alfabetização das pessoas de 15 anos ou mais de idade,2022,2022,6794,Total,95251,Total,100362,Total
6,Município,2,%,90.95,3160108,Santo Antônio do Grama - MG,2513,Taxa de alfabetização das pessoas de 15 anos ou mais de idade,2022,2022,6794,Total,95251,Total,100362,Total
6,Município,2,%,79.34,3160207,Santo Antônio do Itambé - MG,2513,Taxa de alfabetização das pessoas de 15 anos ou mais de idade,2022,2022,6794,Total,95251,Total,100362,Total
6,Município,2,%,77.1,3160306,Santo Antônio do Jacinto - MG,2513,Taxa de alfabetização das pessoas de 15 anos ou mais de idade,2022,2022,6794,Total,95251,Total,100362,Total
6,Município,2,%,95.23,3160405,Santo Antônio do Monte - MG,2513,Taxa de alfabetização das pessoas de 15 anos ou mais de idade,2022,2022,6794,Total,95251,Total,100362,Total
6,Município,2,%,76.71,3160454,Santo Antônio do Retiro - MG,2513,Taxa de alfabetização das pessoas de 15 anos ou mais de idade,2022,2022,6794,Total,95251,Total,100362,Total
6,Município,2,%,88.86,3160504,Santo Antônio do Rio Abaixo - MG,2513,Taxa de alfabetização das pessoas de 15 anos ou mais de idade,2022,2022,6794,Total,95251,Total,100362,Total
6,Município,2,%,89.28,3160603,Santo Hipólito - MG,2513,Taxa de alfabetização das pessoas de 15 anos ou mais de idade,2022,2022,6794,Total,95251,Total,100362,Total
6,Município,2,%,94.94,3160702,Santos Dumont - MG,2513,Taxa de alfabetização das pessoas de 15 anos ou mais de idade,2022,2022,6794,Total,95251,Total,100362,Total
6,Município,2,%,90.51,3160801,São Bento Abade - MG,2513,Taxa de alfabetização das pessoas de 15 anos ou mais de idade,2022,2022,6794,Total,95251,Total,100362,Total
6,Município,2,%,96.09,3160900,São Brás do Suaçuí - MG,2513,Taxa de alfabetização das pessoas de 15 anos ou mais de idade,2022,2022,6794,Total,95251,Total,100362,Total
6,Município,2,%,89.18,3160959,São Domingos das Dores - MG,2513,Taxa de alfabetização das pessoas de 15 anos ou mais de idade,2022,2022,6794,Total,95251,Total,100362,Total
6,Município,2,%,90.96,3161007,São Domingos do Prata - MG,2513,Taxa de alfabetização das pessoas de 15 anos ou mais de idade,2022,2022,6794,Total,95251,Total,100362,Total
6,Município,2,%,83.96,3161056,São Félix de Minas - MG,2513,Taxa de alfabetização das pessoas de 15 anos ou mais de idade,2022,2022,6794,Total,95251,Total,100362,Total
6,Município,2,%,87.49,3161106,São Francisco - MG,2513,Taxa de alfabetização das pessoas de 15 anos ou mais de idade,2022,2022,6794,Total,95251,Total,100362,Total
6,Município,2,%,89.29,3161205,São Francisco de Paula - MG,2513,Taxa de alfabetização das pessoas de 15 anos ou mais de idade,2022,2022,6794,Total,95251,Total,100362,Total
6,Município,2,%,92.26,3161304,São Francisco de Sales - MG,2513,Taxa de alfabetização das pessoas de 15 anos ou mais de idade,2022,2022,6794,Total,95251,Total,100362,Total
6,Município,2,%,88.87,3161403,São Francisco do Glória - MG,2513,Taxa de alfabetização das pessoas de 15 anos ou mais de idade,2022,2022,6794,Total,95251,Total,100362,Total
6,Município,2,%,92.11,3161502,São Geraldo - MG,2513,Taxa de alfabetização das pessoas de 15 anos ou mais de idade,2022,2022,6794,Total,95251,Total,100362,Total
6,Município,2,%,84.23,3161601,São Geraldo da Piedade - MG,2513,Taxa de alfabetização das pessoas de 15 anos ou mais de idade,2022,2022,6794,Total,95251,Total,100362,Total
6,Município,2,%,84.56,3161650,São Geraldo do Baixio - MG,2513,Taxa de alfabetização das pessoas de 15 anos ou mais de idade,2022,2022,6794,Total,95251,Total,100362,Total
6,Município,2,%,90.9,3161700,São Gonçalo do Abaeté - MG,2513,Taxa de alfabetização das pessoas de 15 anos ou mais de idade,2022,2022,6794,Total,95251,Total,100362,Total
6,Município,2,%,95.12,3161809,São Gonçalo do Pará - MG,2513,Taxa de alfabetização das pessoas de 15 anos ou mais de idade,2022,2022,6794,Total,95251,Total,100362,Total
6,Município,2,%,93.49,3161908,São Gonçalo do Rio Abaixo - MG,2513,Taxa de alfabetização das pessoas de 15 anos ou mais de idade,2022,2022,6794,Total,95251,Total,100362,Total
6,Município,2,%,94.44,3162005,São Gonçalo do Sapucaí - MG,2513,Taxa de alfabetização das pessoas de 15 anos ou mais de idade,2022,2022,6794,Total,95251,Total,100362,Total
6,Município,2,%,94.59,3162104,São Gotardo - MG,2513,Taxa de alfabetização das pessoas de 15 anos ou mais de idade,2022,2022,6794,Total,95251,Total,100362,Total
6,Município,2,%,94.58,3162203,São João Batista do Glória - MG,2513,Taxa de alfabetização das pessoas de 15 anos ou mais de idade,2022,2022,6794,Total,95251,Total,100362,Total
6,Município,2,%,88.69,3162252,São João da Lagoa - MG,2513,Taxa de alfabetização das pessoas de 15 anos ou mais de idade,2022,2022,6794,Total,95251,Total,100362,Total
6,Município,2,%,93.7,3162302,São João da Mata - MG,2513,Taxa de alfabetização das pessoas de 15 anos ou mais de idade,2022,2022,6794,Total,95251,Total,100362,Total
6,Município,2,%,78.3,3162401,São João da Ponte - MG,2513,Taxa de alfabetização das pessoas de 15 anos ou mais de idade,2022,2022,6794,Total,95251,Total,100362,Total
6,Município,2,%,79.98,3162450,São João das Missões - MG,2513,Taxa de alfabetização das pessoas de 15 anos ou mais de idade,2022,2022,6794,Total,95251,Total,100362,Total
6,Município,2,%,97.24,3162500,São João del Rei - MG,2513,Taxa de alfabetização das pessoas de 15 anos ou mais de idade,2022,2022,6794,Total,95251,Total,100362,Total
6,Município,2,%,90.98,3162559,São João do Manhuaçu - MG,2513,Taxa de alfabetização das pessoas de 15 anos ou mais de idade,2022,2022,6794,Total,95251,Total,100362,Total
6,Município,2,%,86.72,3162575,São João do Manteninha - MG,2513,Taxa de alfabetização das pessoas de 15 anos ou mais de idade,2022,2022,6794,Total,95251,Total,100362,Total
6,Município,2,%,87.29,3162609,São João do Oriente - MG,2513,Taxa de alfabetização das pessoas de 15 anos ou mais de idade,2022,2022,6794,Total,95251,Total,100362,Total
6,Município,2,%,82.91,3162658,São João do Pacuí - MG,2513,Taxa de alfabetização das pessoas de 15 anos ou mais de idade,2022,2022,6794,Total,95251,Total,100362,Total
6,Município,2,%,79.35,3162708,São João do Paraíso - MG,2513,Taxa de alfabetização das pessoas de 15 anos ou mais de idade,2022,2022,6794,Total,95251,Total,100362,Total
6,Município,2,%,88.61,3162807,São João Evangelista - MG,2513,Taxa de alfabetização das pessoas de 15 anos ou mais de idade,2022,2022,6794,Total,95251,Total,100362,Total
6,Município,2,%,96.81,3162906,São João Nepomuceno - MG,2513,Taxa de alfabetização das pessoas de 15 anos ou mais de idade,2022,2022,6794,Total,95251,Total,100362,Total
6,Município,2,%,93.48,3162922,São Joaquim de Bicas - MG,2513,Taxa de alfabetização das pessoas de 15 anos ou mais de idade,2022,2022,6794,Total,95251,Total,100362,Total
6,Município,2,%,94.61,3162948,São José da Barra - MG,2513,Taxa de alfabetização das pessoas de 15 anos ou mais de idade,2022,2022,6794,Total,95251,Total,100362,Total
6,Município,2,%,96.59,3162955,São José da Lapa - MG,2513,Taxa de alfabetização das pessoas de 15 anos ou mais de idade,2022,2022,6794,Total,95251,Total,100362,Total
6,Município,2,%,83.65,3163003,São José da Safira - MG,2513,Taxa de alfabetização das pessoas de 15 anos ou mais de idade,2022,2022,6794,Total,95251,Total,100362,Total
6,Município,2,%,93.68,3163102,São José da Varginha - MG,2513,Taxa de alfabetização das pessoas de 15 anos ou mais de idade,2022,2022,6794,Total,95251,Total,100362,Total
6,Município,2,%,95.72,3163201,São José do Alegre - MG,2513,Taxa de alfabetização das pessoas de 15 anos ou mais de idade,2022,2022,6794,Total,95251,Total,100362,Total
6,Município,2,%,84.14,3163300,São José do Divino - MG,2513,Taxa de alfabetização das pessoas de 15 anos ou mais de idade,2022,2022,6794,Total,95251,Total,100362,Total
6,Município,2,%,90.42,3163409,São José do Goiabal - MG,2513,Taxa de alfabetização das pessoas de 15 anos ou mais de idade,2022,2022,6794,Total,95251,Total,100362,Total
6,Município,2,%,85.52,3163508,São José do Jacuri - MG,2513,Taxa de alfabetização das pessoas de 15 anos ou mais de idade,2022,2022,6794,Total,95251,Total,100362,Total
6,Município,2,%,89.91,3163607,São José do Mantimento - MG,2513,Taxa de alfabetização das pessoas de 15 anos ou mais de idade,2022,2022,6794,Total,95251,Total,100362,Total
6,Município,2,%,97.36,3163706,São Lourenço - MG,2513,Taxa de alfabetização das pessoas de 15 anos ou mais de idade,2022,2022,6794,Total,95251,Total,100362,Total
6,Município,2,%,88.93,3163805,São Miguel do Anta - MG,2513,Taxa de alfabetização das pessoas de 15 anos ou mais de idade,2022,2022,6794,Total,95251,Total,100362,Total
6,Município,2,%,93.29,3163904,São Pedro da União - MG,2513,Taxa de alfabetização das pessoas de 15 anos ou mais de idade,2022,2022,6794,Total,95251,Total,100362,Total
6,Município,2,%,90.09,3164001,São Pedro dos Ferros - MG,2513,Taxa de alfabetização das pessoas de 15 anos ou mais de idade,2022,2022,6794,Total,95251,Total,100362,Total
6,Município,2,%,86.21,3164100,São Pedro do Suaçuí - MG,2513,Taxa de alfabetização das pessoas de 15 anos ou mais de idade,2022,2022,6794,Total,95251,Total,100362,Total
6,Município,2,%,89.86,3164209,São Romão - MG,2513,Taxa de alfabetização das pessoas de 15 anos ou mais de idade,2022,2022,6794,Total,95251,Total,100362,Total
6,Município,2,%,94.25,3164308,São Roque de Minas - MG,2513,Taxa de alfabetização das pessoas de 15 anos ou mais de idade,2022,2022,6794,Total,95251,Total,100362,Total
6,Município,2,%,91.07,3164407,São Sebastião da Bela Vista - MG,2513,Taxa de alfabetização das pessoas de 15 anos ou mais de idade,2022,2022,6794,Total,95251,Total,100362,Total
6,Município,2,%,92.2,3164431,São Sebastião da Vargem Alegre - MG,2513,Taxa de alfabetização das pessoas de 15 anos ou mais de idade,2022,2022,6794,Total,95251,Total,100362,Total
6,Município,2,%,85.53,3164472,São Sebastião do Anta - MG,2513,Taxa de alfabetização das pessoas de 15 anos ou mais de idade,2022,2022,6794,Total,95251,Total,100362,Total
6,Município,2,%,82.32,3164506,São Sebastião do Maranhão - MG,2513,Taxa de alfabetização das pessoas de 15 anos ou mais de idade,2022,2022,6794,Total,95251,Total,100362,Total
6,Município,2,%,93.18,3164605,São Sebastião do Oeste - MG,2513,Taxa de alfabetização das pessoas de 15 anos ou mais de idade,2022,2022,6794,Total,95251,Total,100362,Total
6,Município,2,%,95.33,3164704,São Sebastião do Paraíso - MG,2513,Taxa de alfabetização das pessoas de 15 anos ou mais de idade,2022,2022,6794,Total,95251,Total,100362,Total
6,Município,2,%,91.67,3164803,São Sebastião do Rio Preto - MG,2513,Taxa de alfabetização das pessoas de 15 anos ou mais de idade,2022,2022,6794,Total,95251,Total,100362,Total
6,Município,2,%,95.74,3164902,São Sebastião do Rio Verde - MG,2513,Taxa de alfabetização das pessoas de 15 anos ou mais de idade,2022,2022,6794,Total,95251,Total,100362,Total
6,Município,2,%,94.75,3165008,São Tiago - MG,2513,Taxa de alfabetização das pessoas de 15 anos ou mais de idade,2022,2022,6794,Total,95251,Total,100362,Total
6,Município,2,%,92.5,3165107,São Tomás de Aquino - MG,2513,Taxa de alfabetização das pessoas de 15 anos ou mais de idade,2022,2022,6794,Total,95251,Total,100362,Total
6,Município,2,%,91.87,3165206,São Tomé das Letras - MG,2513,Taxa de alfabetização das pessoas de 15 anos ou mais de idade,2022,2022,6794,Total,95251,Total,100362,Total
6,Município,2,%,94.7,3165305,São Vicente de Minas - MG,2513,Taxa de alfabetização das pessoas de 15 anos ou mais de idade,2022,2022,6794,Total,95251,Total,100362,Total
6,Município,2,%,92.95,3165404,Sapucaí-Mirim - MG,2513,Taxa de alfabetização das pessoas de 15 anos ou mais de idade,2022,2022,6794,Total,95251,Total,100362,Total
6,Município,2,%,85.68,3165503,Sardoá - MG,2513,Taxa de alfabetização das pessoas de 15 anos ou mais de idade,2022,2022,6794,Total,95251,Total,100362,Total
6,Município,2,%,96.78,3165537,Sarzedo - MG,2513,Taxa de alfabetização das pessoas de 15 anos ou mais de idade,2022,2022,6794,Total,95251,Total,100362,Total
6,Município,2,%,77.13,3165552,Setubinha - MG,2513,Taxa de alfabetização das pessoas de 15 anos ou mais de idade,2022,2022,6794,Total,95251,Total,100362,Total
6,Município,2,%,87.74,3165560,Sem-Peixe - MG,2513,Taxa de alfabetização das pessoas de 15 anos ou mais de idade,2022,2022,6794,Total,95251,Total,100362,Total
6,Município,2,%,92.47,3165578,Senador Amaral - MG,2513,Taxa de alfabetização das pessoas de 15 anos ou mais de idade,2022,2022,6794,Total,95251,Total,100362,Total
6,Município,2,%,90.33,3165602,Senador Cortes - MG,2513,Taxa de alfabetização das pessoas de 15 anos ou mais de idade,2022,2022,6794,Total,95251,Total,100362,Total
6,Município,2,%,93.08,3165701,Senador Firmino - MG,2513,Taxa de alfabetização das pessoas de 15 anos ou mais de idade,2022,2022,6794,Total,95251,Total,100362,Total
6,Município,2,%,93.9,3165800,Senador José Bento - MG,2513,Taxa de alfabetização das pessoas de 15 anos ou mais de idade,2022,2022,6794,Total,95251,Total,100362,Total
6,Município,2,%,83.47,3165909,Senador Modestino Gonçalves - MG,2513,Taxa de alfabetização das pessoas de 15 anos ou mais de idade,2022,2022,6794,Total,95251,Total,100362,Total
6,Município,2,%,90.94,3166006,Senhora de Oliveira - MG,2513,Taxa de alfabetização das pessoas de 15 anos ou mais de idade,2022,2022,6794,Total,95251,Total,100362,Total
6,Município,2,%,84.07,3166105,Senhora do Porto - MG,2513,Taxa de alfabetização das pessoas de 15 anos ou mais de idade,2022,2022,6794,Total,95251,Total,100362,Total
6,Município,2,%,91.9,3166204,Senhora dos Remédios - MG,2513,Taxa de alfabetização das pessoas de 15 anos ou mais de idade,2022,2022,6794,Total,95251,Total,100362,Total
6,Município,2,%,86.58,3166303,Sericita - MG,2513,Taxa de alfabetização das pessoas de 15 anos ou mais de idade,2022,2022,6794,Total,95251,Total,100362,Total
6,Município,2,%,94.65,3166402,Seritinga - MG,2513,Taxa de alfabetização das pessoas de 15 anos ou mais de idade,2022,2022,6794,Total,95251,Total,100362,Total
6,Município,2,%,77.69,3166501,Serra Azul de Minas - MG,2513,Taxa de alfabetização das pessoas de 15 anos ou mais de idade,2022,2022,6794,Total,95251,Total,100362,Total
6,Município,2,%,91.04,3166600,Serra da Saudade - MG,2513,Taxa de alfabetização das pessoas de 15 anos ou mais de idade,2022,2022,6794,Total,95251,Total,100362,Total
6,Município,2,%,85.09,3166709,Serra dos Aimorés - MG,2513,Taxa de alfabetização das pessoas de 15 anos ou mais de idade,2022,2022,6794,Total,95251,Total,100362,Total
6,Município,2,%,94.45,3166808,Serra do Salitre - MG,2513,Taxa de alfabetização das pessoas de 15 anos ou mais de idade,2022,2022,6794,Total,95251,Total,100362,Total
6,Município,2,%,91.12,3166907,Serrania - MG,2513,Taxa de alfabetização das pessoas de 15 anos ou mais de idade,2022,2022,6794,Total,95251,Total,100362,Total
6,Município,2,%,82.29,3166956,Serranópolis de Minas - MG,2513,Taxa de alfabetização das pessoas de 15 anos ou mais de idade,2022,2022,6794,Total,95251,Total,100362,Total
6,Município,2,%,88.52,3167004,Serranos - MG,2513,Taxa de alfabetização das pessoas de 15 anos ou mais de idade,2022,2022,6794,Total,95251,Total,100362,Total
6,Município,2,%,87.54,3167103,Serro - MG,2513,Taxa de alfabetização das pessoas de 15 anos ou mais de idade,2022,2022,6794,Total,95251,Total,100362,Total
6,Município,2,%,97,3167202,Sete Lagoas - MG,2513,Taxa de alfabetização das pessoas de 15 anos ou mais de idade,2022,2022,6794,Total,95251,Total,100362,Total
6,Município,2,%,89.64,3167301,Silveirânia - MG,2513,Taxa de alfabetização das pessoas de 15 anos ou mais de idade,2022,2022,6794,Total,95251,Total,100362,Total
6,Município,2,%,89.22,3167400,Silvianópolis - MG,2513,Taxa de alfabetização das pessoas de 15 anos ou mais de idade,2022,2022,6794,Total,95251,Total,100362,Total
6,Município,2,%,94.35,3167509,Simão Pereira - MG,2513,Taxa de alfabetização das pessoas de 15 anos ou mais de idade,2022,2022,6794,Total,95251,Total,100362,Total
6,Município,2,%,88.34,3167608,Simonésia - MG,2513,Taxa de alfabetização das pessoas de 15 anos ou mais de idade,2022,2022,6794,Total,95251,Total,100362,Total
6,Município,2,%,85.31,3167707,Sobrália - MG,2513,Taxa de alfabetização das pessoas de 15 anos ou mais de idade,2022,2022,6794,Total,95251,Total,100362,Total
6,Município,2,%,94.25,3167806,Soledade de Minas - MG,2513,Taxa de alfabetização das pessoas de 15 anos ou mais de idade,2022,2022,6794,Total,95251,Total,100362,Total
6,Município,2,%,88.78,3167905,Tabuleiro - MG,2513,Taxa de alfabetização das pessoas de 15 anos ou mais de idade,2022,2022,6794,Total,95251,Total,100362,Total
6,Município,2,%,86.29,3168002,Taiobeiras - MG,2513,Taxa de alfabetização das pessoas de 15 anos ou mais de idade,2022,2022,6794,Total,95251,Total,100362,Total
6,Município,2,%,85.67,3168051,Taparuba - MG,2513,Taxa de alfabetização das pessoas de 15 anos ou mais de idade,2022,2022,6794,Total,95251,Total,100362,Total
6,Município,2,%,94.8,3168101,Tapira - MG,2513,Taxa de alfabetização das pessoas de 15 anos ou mais de idade,2022,2022,6794,Total,95251,Total,100362,Total
6,Município,2,%,90.74,3168200,Tapiraí - MG,2513,Taxa de alfabetização das pessoas de 15 anos ou mais de idade,2022,2022,6794,Total,95251,Total,100362,Total
6,Município,2,%,90.37,3168309,Taquaraçu de Minas - MG,2513,Taxa de alfabetização das pessoas de 15 anos ou mais de idade,2022,2022,6794,Total,95251,Total,100362,Total
6,Município,2,%,87.98,3168408,Tarumirim - MG,2513,Taxa de alfabetização das pessoas de 15 anos ou mais de idade,2022,2022,6794,Total,95251,Total,100362,Total
6,Município,2,%,90.89,3168507,Teixeiras - MG,2513,Taxa de alfabetização das pessoas de 15 anos ou mais de idade,2022,2022,6794,Total,95251,Total,100362,Total
6,Município,2,%,90.95,3168606,Teófilo Otoni - MG,2513,Taxa de alfabetização das pessoas de 15 anos ou mais de idade,2022,2022,6794,Total,95251,Total,100362,Total
6,Município,2,%,96.88,3168705,Timóteo - MG,2513,Taxa de alfabetização das pessoas de 15 anos ou mais de idade,2022,2022,6794,Total,95251,Total,100362,Total
6,Município,2,%,95.65,3168804,Tiradentes - MG,2513,Taxa de alfabetização das pessoas de 15 anos ou mais de idade,2022,2022,6794,Total,95251,Total,100362,Total
6,Município,2,%,94.56,3168903,Tiros - MG,2513,Taxa de alfabetização das pessoas de 15 anos ou mais de idade,2022,2022,6794,Total,95251,Total,100362,Total
6,Município,2,%,93.9,3169000,Tocantins - MG,2513,Taxa de alfabetização das pessoas de 15 anos ou mais de idade,2022,2022,6794,Total,95251,Total,100362,Total
6,Município,2,%,91.25,3169059,Tocos do Moji - MG,2513,Taxa de alfabetização das pessoas de 15 anos ou mais de idade,2022,2022,6794,Total,95251,Total,100362,Total
6,Município,2,%,90.98,3169109,Toledo - MG,2513,Taxa de alfabetização das pessoas de 15 anos ou mais de idade,2022,2022,6794,Total,95251,Total,100362,Total
6,Município,2,%,92.39,3169208,Tombos - MG,2513,Taxa de alfabetização das pessoas de 15 anos ou mais de idade,2022,2022,6794,Total,95251,Total,100362,Total
6,Município,2,%,95.03,3169307,Três Corações - MG,2513,Taxa de alfabetização das pessoas de 15 anos ou mais de idade,2022,2022,6794,Total,95251,Total,100362,Total
6,Município,2,%,94.18,3169356,Três Marias - MG,2513,Taxa de alfabetização das pessoas de 15 anos ou mais de idade,2022,2022,6794,Total,95251,Total,100362,Total
6,Município,2,%,94.53,3169406,Três Pontas - MG,2513,Taxa de alfabetização das pessoas de 15 anos ou mais de idade,2022,2022,6794,Total,95251,Total,100362,Total
6,Município,2,%,89.04,3169505,Tumiritinga - MG,2513,Taxa de alfabetização das pessoas de 15 anos ou mais de idade,2022,2022,6794,Total,95251,Total,100362,Total
6,Município,2,%,93.82,3169604,Tupaciguara - MG,2513,Taxa de alfabetização das pessoas de 15 anos ou mais de idade,2022,2022,6794,Total,95251,Total,100362,Total
6,Município,2,%,89.32,3169703,Turmalina - MG,2513,Taxa de alfabetização das pessoas de 15 anos ou mais de idade,2022,2022,6794,Total,95251,Total,100362,Total
6,Município,2,%,93.01,3169802,Turvolândia - MG,2513,Taxa de alfabetização das pessoas de 15 anos ou mais de idade,2022,2022,6794,Total,95251,Total,100362,Total
6,Município,2,%,96.08,3169901,Ubá - MG,2513,Taxa de alfabetização das pessoas de 15 anos ou mais de idade,2022,2022,6794,Total,95251,Total,100362,Total
6,Município,2,%,87.04,3170008,Ubaí - MG,2513,Taxa de alfabetização das pessoas de 15 anos ou mais de idade,2022,2022,6794,Total,95251,Total,100362,Total
6,Município,2,%,89.91,3170057,Ubaporanga - MG,2513,Taxa de alfabetização das pessoas de 15 anos ou mais de idade,2022,2022,6794,Total,95251,Total,100362,Total
6,Município,2,%,96.87,3170107,Uberaba - MG,2513,Taxa de alfabetização das pessoas de 15 anos ou mais de idade,2022,2022,6794,Total,95251,Total,100362,Total
6,Município,2,%,97.13,3170206,Uberlândia - MG,2513,Taxa de alfabetização das pessoas de 15 anos ou mais de idade,2022,2022,6794,Total,95251,Total,100362,Total
6,Município,2,%,80.41,3170305,Umburatiba - MG,2513,Taxa de alfabetização das pessoas de 15 anos ou mais de idade,2022,2022,6794,Total,95251,Total,100362,Total
6,Município,2,%,94.35,3170404,Unaí - MG,2513,Taxa de alfabetização das pessoas de 15 anos ou mais de idade,2022,2022,6794,Total,95251,Total,100362,Total
6,Município,2,%,87.73,3170438,União de Minas - MG,2513,Taxa de alfabetização das pessoas de 15 anos ou mais de idade,2022,2022,6794,Total,95251,Total,100362,Total
6,Município,2,%,87.89,3170479,Uruana de Minas - MG,2513,Taxa de alfabetização das pessoas de 15 anos ou mais de idade,2022,2022,6794,Total,95251,Total,100362,Total
6,Município,2,%,88.65,3170503,Urucânia - MG,2513,Taxa de alfabetização das pessoas de 15 anos ou mais de idade,2022,2022,6794,Total,95251,Total,100362,Total
6,Município,2,%,91.44,3170529,Urucuia - MG,2513,Taxa de alfabetização das pessoas de 15 anos ou mais de idade,2022,2022,6794,Total,95251,Total,100362,Total
6,Município,2,%,86.28,3170578,Vargem Alegre - MG,2513,Taxa de alfabetização das pessoas de 15 anos ou mais de idade,2022,2022,6794,Total,95251,Total,100362,Total
6,Município,2,%,95.15,3170602,Vargem Bonita - MG,2513,Taxa de alfabetização das pessoas de 15 anos ou mais de idade,2022,2022,6794,Total,95251,Total,100362,Total
6,Município,2,%,80.62,3170651,Vargem Grande do Rio Pardo - MG,2513,Taxa de alfabetização das pessoas de 15 anos ou mais de idade,2022,2022,6794,Total,95251,Total,100362,Total
6,Município,2,%,96.81,3170701,Varginha - MG,2513,Taxa de alfabetização das pessoas de 15 anos ou mais de idade,2022,2022,6794,Total,95251,Total,100362,Total
6,Município,2,%,94.1,3170750,Varjão de Minas - MG,2513,Taxa de alfabetização das pessoas de 15 anos ou mais de idade,2022,2022,6794,Total,95251,Total,100362,Total
6,Município,2,%,91.67,3170800,Várzea da Palma - MG,2513,Taxa de alfabetização das pessoas de 15 anos ou mais de idade,2022,2022,6794,Total,95251,Total,100362,Total
6,Município,2,%,82.13,3170909,Varzelândia - MG,2513,Taxa de alfabetização das pessoas de 15 anos ou mais de idade,2022,2022,6794,Total,95251,Total,100362,Total
6,Município,2,%,95.49,3171006,Vazante - MG,2513,Taxa de alfabetização das pessoas de 15 anos ou mais de idade,2022,2022,6794,Total,95251,Total,100362,Total
6,Município,2,%,83.1,3171030,Verdelândia - MG,2513,Taxa de alfabetização das pessoas de 15 anos ou mais de idade,2022,2022,6794,Total,95251,Total,100362,Total
6,Município,2,%,83.37,3171071,Veredinha - MG,2513,Taxa de alfabetização das pessoas de 15 anos ou mais de idade,2022,2022,6794,Total,95251,Total,100362,Total
6,Município,2,%,91.35,3171105,Veríssimo - MG,2513,Taxa de alfabetização das pessoas de 15 anos ou mais de idade,2022,2022,6794,Total,95251,Total,100362,Total
6,Município,2,%,90.53,3171154,Vermelho Novo - MG,2513,Taxa de alfabetização das pessoas de 15 anos ou mais de idade,2022,2022,6794,Total,95251,Total,100362,Total
6,Município,2,%,96.42,3171204,Vespasiano - MG,2513,Taxa de alfabetização das pessoas de 15 anos ou mais de idade,2022,2022,6794,Total,95251,Total,100362,Total
6,Município,2,%,95.8,3171303,Viçosa - MG,2513,Taxa de alfabetização das pessoas de 15 anos ou mais de idade,2022,2022,6794,Total,95251,Total,100362,Total
6,Município,2,%,90.23,3171402,Vieiras - MG,2513,Taxa de alfabetização das pessoas de 15 anos ou mais de idade,2022,2022,6794,Total,95251,Total,100362,Total
6,Município,2,%,87.17,3171501,Mathias Lobato - MG,2513,Taxa de alfabetização das pessoas de 15 anos ou mais de idade,2022,2022,6794,Total,95251,Total,100362,Total
6,Município,2,%,85.19,3171600,Virgem da Lapa - MG,2513,Taxa de alfabetização das pessoas de 15 anos ou mais de idade,2022,2022,6794,Total,95251,Total,100362,Total
6,Município,2,%,91.67,3171709,Virgínia - MG,2513,Taxa de alfabetização das pessoas de 15 anos ou mais de idade,2022,2022,6794,Total,95251,Total,100362,Total
6,Município,2,%,91.42,3171808,Virginópolis - MG,2513,Taxa de alfabetização das pessoas de 15 anos ou mais de idade,2022,2022,6794,Total,95251,Total,100362,Total
6,Município,2,%,83.2,3171907,Virgolândia - MG,2513,Taxa de alfabetização das pessoas de 15 anos ou mais de idade,2022,2022,6794,Total,95251,Total,100362,Total
6,Município,2,%,94.03,3172004,Visconde do Rio Branco - MG,2513,Taxa de alfabetização das pessoas de 15 anos ou mais de idade,2022,2022,6794,Total,95251,Total,100362,Total
6,Município,2,%,92.61,3172103,Volta Grande - MG,2513,Taxa de alfabetização das pessoas de 15 anos ou mais de idade,2022,2022,6794,Total,95251,Total,100362,Total
6,Município,2,%,93.76,3172202,Wenceslau Braz - MG,2513,Taxa de alfabetização das pessoas de 15 anos ou mais de idade,2022,2022,6794,Total,95251,Total,100362,Total
6,Município,2,%,89.79,3200102,Afonso Cláudio - ES,2513,Taxa de alfabetização das pessoas de 15 anos ou mais de idade,2022,2022,6794,Total,95251,Total,100362,Total
6,Município,2,%,91.47,3200136,Águia Branca - ES,2513,Taxa de alfabetização das pessoas de 15 anos ou mais de idade,2022,2022,6794,Total,95251,Total,100362,Total
6,Município,2,%,85.29,3200169,Água Doce do Norte - ES,2513,Taxa de alfabetização das pessoas de 15 anos ou mais de idade,2022,2022,6794,Total,95251,Total,100362,Total
6,Município,2,%,91.01,3200201,Alegre - ES,2513,Taxa de alfabetização das pessoas de 15 anos ou mais de idade,2022,2022,6794,Total,95251,Total,100362,Total
6,Município,2,%,94.21,3200300,Alfredo Chaves - ES,2513,Taxa de alfabetização das pessoas de 15 anos ou mais de idade,2022,2022,6794,Total,95251,Total,100362,Total
6,Município,2,%,87.27,3200359,Alto Rio Novo - ES,2513,Taxa de alfabetização das pessoas de 15 anos ou mais de idade,2022,2022,6794,Total,95251,Total,100362,Total
6,Município,2,%,95.6,3200409,Anchieta - ES,2513,Taxa de alfabetização das pessoas de 15 anos ou mais de idade,2022,2022,6794,Total,95251,Total,100362,Total
6,Município,2,%,90.43,3200508,Apiacá - ES,2513,Taxa de alfabetização das pessoas de 15 anos ou mais de idade,2022,2022,6794,Total,95251,Total,100362,Total
6,Município,2,%,95,3200607,Aracruz - ES,2513,Taxa de alfabetização das pessoas de 15 anos ou mais de idade,2022,2022,6794,Total,95251,Total,100362,Total
6,Município,2,%,92.56,3200706,Atílio Vivácqua - ES,2513,Taxa de alfabetização das pessoas de 15 anos ou mais de idade,2022,2022,6794,Total,95251,Total,100362,Total
6,Município,2,%,91.39,3200805,Baixo Guandu - ES,2513,Taxa de alfabetização das pessoas de 15 anos ou mais de idade,2022,2022,6794,Total,95251,Total,100362,Total
6,Município,2,%,89.23,3200904,Barra de São Francisco - ES,2513,Taxa de alfabetização das pessoas de 15 anos ou mais de idade,2022,2022,6794,Total,95251,Total,100362,Total
6,Município,2,%,89.32,3201001,Boa Esperança - ES,2513,Taxa de alfabetização das pessoas de 15 anos ou mais de idade,2022,2022,6794,Total,95251,Total,100362,Total
6,Município,2,%,94.11,3201100,Bom Jesus do Norte - ES,2513,Taxa de alfabetização das pessoas de 15 anos ou mais de idade,2022,2022,6794,Total,95251,Total,100362,Total
6,Município,2,%,85.65,3201159,Brejetuba - ES,2513,Taxa de alfabetização das pessoas de 15 anos ou mais de idade,2022,2022,6794,Total,95251,Total,100362,Total
6,Município,2,%,95.74,3201209,Cachoeiro de Itapemirim - ES,2513,Taxa de alfabetização das pessoas de 15 anos ou mais de idade,2022,2022,6794,Total,95251,Total,100362,Total
6,Município,2,%,95.47,3201308,Cariacica - ES,2513,Taxa de alfabetização das pessoas de 15 anos ou mais de idade,2022,2022,6794,Total,95251,Total,100362,Total
6,Município,2,%,94.14,3201407,Castelo - ES,2513,Taxa de alfabetização das pessoas de 15 anos ou mais de idade,2022,2022,6794,Total,95251,Total,100362,Total
6,Município,2,%,94.76,3201506,Colatina - ES,2513,Taxa de alfabetização das pessoas de 15 anos ou mais de idade,2022,2022,6794,Total,95251,Total,100362,Total
6,Município,2,%,88.72,3201605,Conceição da Barra - ES,2513,Taxa de alfabetização das pessoas de 15 anos ou mais de idade,2022,2022,6794,Total,95251,Total,100362,Total
6,Município,2,%,92.22,3201704,Conceição do Castelo - ES,2513,Taxa de alfabetização das pessoas de 15 anos ou mais de idade,2022,2022,6794,Total,95251,Total,100362,Total
6,Município,2,%,89.73,3201803,Divino de São Lourenço - ES,2513,Taxa de alfabetização das pessoas de 15 anos ou mais de idade,2022,2022,6794,Total,95251,Total,100362,Total
6,Município,2,%,92.82,3201902,Domingos Martins - ES,2513,Taxa de alfabetização das pessoas de 15 anos ou mais de idade,2022,2022,6794,Total,95251,Total,100362,Total
6,Município,2,%,88.73,3202009,Dores do Rio Preto - ES,2513,Taxa de alfabetização das pessoas de 15 anos ou mais de idade,2022,2022,6794,Total,95251,Total,100362,Total
6,Município,2,%,85.84,3202108,Ecoporanga - ES,2513,Taxa de alfabetização das pessoas de 15 anos ou mais de idade,2022,2022,6794,Total,95251,Total,100362,Total
6,Município,2,%,93.37,3202207,Fundão - ES,2513,Taxa de alfabetização das pessoas de 15 anos ou mais de idade,2022,2022,6794,Total,95251,Total,100362,Total
6,Município,2,%,91.15,3202256,Governador Lindenberg - ES,2513,Taxa de alfabetização das pessoas de 15 anos ou mais de idade,2022,2022,6794,Total,95251,Total,100362,Total
6,Município,2,%,91.16,3202306,Guaçuí - ES,2513,Taxa de alfabetização das pessoas de 15 anos ou mais de idade,2022,2022,6794,Total,95251,Total,100362,Total
6,Município,2,%,95.8,3202405,Guarapari - ES,2513,Taxa de alfabetização das pessoas de 15 anos ou mais de idade,2022,2022,6794,Total,95251,Total,100362,Total
6,Município,2,%,87.91,3202454,Ibatiba - ES,2513,Taxa de alfabetização das pessoas de 15 anos ou mais de idade,2022,2022,6794,Total,95251,Total,100362,Total
6,Município,2,%,93.6,3202504,Ibiraçu - ES,2513,Taxa de alfabetização das pessoas de 15 anos ou mais de idade,2022,2022,6794,Total,95251,Total,100362,Total
6,Município,2,%,87.54,3202553,Ibitirama - ES,2513,Taxa de alfabetização das pessoas de 15 anos ou mais de idade,2022,2022,6794,Total,95251,Total,100362,Total
6,Município,2,%,94.44,3202603,Iconha - ES,2513,Taxa de alfabetização das pessoas de 15 anos ou mais de idade,2022,2022,6794,Total,95251,Total,100362,Total
6,Município,2,%,89.06,3202652,Irupi - ES,2513,Taxa de alfabetização das pessoas de 15 anos ou mais de idade,2022,2022,6794,Total,95251,Total,100362,Total
6,Município,2,%,91.58,3202702,Itaguaçu - ES,2513,Taxa de alfabetização das pessoas de 15 anos ou mais de idade,2022,2022,6794,Total,95251,Total,100362,Total
6,Município,2,%,92.06,3202801,Itapemirim - ES,2513,Taxa de alfabetização das pessoas de 15 anos ou mais de idade,2022,2022,6794,Total,95251,Total,100362,Total
6,Município,2,%,92.61,3202900,Itarana - ES,2513,Taxa de alfabetização das pessoas de 15 anos ou mais de idade,2022,2022,6794,Total,95251,Total,100362,Total
6,Município,2,%,90.31,3203007,Iúna - ES,2513,Taxa de alfabetização das pessoas de 15 anos ou mais de idade,2022,2022,6794,Total,95251,Total,100362,Total
6,Município,2,%,90.08,3203056,Jaguaré - ES,2513,Taxa de alfabetização das pessoas de 15 anos ou mais de idade,2022,2022,6794,Total,95251,Total,100362,Total
6,Município,2,%,91.26,3203106,Jerônimo Monteiro - ES,2513,Taxa de alfabetização das pessoas de 15 anos ou mais de idade,2022,2022,6794,Total,95251,Total,100362,Total
6,Município,2,%,93.27,3203130,João Neiva - ES,2513,Taxa de alfabetização das pessoas de 15 anos ou mais de idade,2022,2022,6794,Total,95251,Total,100362,Total
6,Município,2,%,89.32,3203163,Laranja da Terra - ES,2513,Taxa de alfabetização das pessoas de 15 anos ou mais de idade,2022,2022,6794,Total,95251,Total,100362,Total
6,Município,2,%,94.12,3203205,Linhares - ES,2513,Taxa de alfabetização das pessoas de 15 anos ou mais de idade,2022,2022,6794,Total,95251,Total,100362,Total
6,Município,2,%,86.15,3203304,Mantenópolis - ES,2513,Taxa de alfabetização das pessoas de 15 anos ou mais de idade,2022,2022,6794,Total,95251,Total,100362,Total
6,Município,2,%,92.86,3203320,Marataízes - ES,2513,Taxa de alfabetização das pessoas de 15 anos ou mais de idade,2022,2022,6794,Total,95251,Total,100362,Total
6,Município,2,%,93.93,3203346,Marechal Floriano - ES,2513,Taxa de alfabetização das pessoas de 15 anos ou mais de idade,2022,2022,6794,Total,95251,Total,100362,Total
6,Município,2,%,91.46,3203353,Marilândia - ES,2513,Taxa de alfabetização das pessoas de 15 anos ou mais de idade,2022,2022,6794,Total,95251,Total,100362,Total
6,Município,2,%,90.67,3203403,Mimoso do Sul - ES,2513,Taxa de alfabetização das pessoas de 15 anos ou mais de idade,2022,2022,6794,Total,95251,Total,100362,Total
6,Município,2,%,87.58,3203502,Montanha - ES,2513,Taxa de alfabetização das pessoas de 15 anos ou mais de idade,2022,2022,6794,Total,95251,Total,100362,Total
6,Município,2,%,84.97,3203601,Mucurici - ES,2513,Taxa de alfabetização das pessoas de 15 anos ou mais de idade,2022,2022,6794,Total,95251,Total,100362,Total
6,Município,2,%,88.13,3203700,Muniz Freire - ES,2513,Taxa de alfabetização das pessoas de 15 anos ou mais de idade,2022,2022,6794,Total,95251,Total,100362,Total
6,Município,2,%,91.91,3203809,Muqui - ES,2513,Taxa de alfabetização das pessoas de 15 anos ou mais de idade,2022,2022,6794,Total,95251,Total,100362,Total
6,Município,2,%,92.31,3203908,Nova Venécia - ES,2513,Taxa de alfabetização das pessoas de 15 anos ou mais de idade,2022,2022,6794,Total,95251,Total,100362,Total
6,Município,2,%,87.26,3204005,Pancas - ES,2513,Taxa de alfabetização das pessoas de 15 anos ou mais de idade,2022,2022,6794,Total,95251,Total,100362,Total
6,Município,2,%,87.05,3204054,Pedro Canário - ES,2513,Taxa de alfabetização das pessoas de 15 anos ou mais de idade,2022,2022,6794,Total,95251,Total,100362,Total
6,Município,2,%,88.22,3204104,Pinheiros - ES,2513,Taxa de alfabetização das pessoas de 15 anos ou mais de idade,2022,2022,6794,Total,95251,Total,100362,Total
6,Município,2,%,95.45,3204203,Piúma - ES,2513,Taxa de alfabetização das pessoas de 15 anos ou mais de idade,2022,2022,6794,Total,95251,Total,100362,Total
6,Município,2,%,86.78,3204252,Ponto Belo - ES,2513,Taxa de alfabetização das pessoas de 15 anos ou mais de idade,2022,2022,6794,Total,95251,Total,100362,Total
6,Município,2,%,87.37,3204302,Presidente Kennedy - ES,2513,Taxa de alfabetização das pessoas de 15 anos ou mais de idade,2022,2022,6794,Total,95251,Total,100362,Total
6,Município,2,%,91.4,3204351,Rio Bananal - ES,2513,Taxa de alfabetização das pessoas de 15 anos ou mais de idade,2022,2022,6794,Total,95251,Total,100362,Total
6,Município,2,%,93.14,3204401,Rio Novo do Sul - ES,2513,Taxa de alfabetização das pessoas de 15 anos ou mais de idade,2022,2022,6794,Total,95251,Total,100362,Total
6,Município,2,%,90.2,3204500,Santa Leopoldina - ES,2513,Taxa de alfabetização das pessoas de 15 anos ou mais de idade,2022,2022,6794,Total,95251,Total,100362,Total
6,Município,2,%,93.01,3204559,Santa Maria de Jetibá - ES,2513,Taxa de alfabetização das pessoas de 15 anos ou mais de idade,2022,2022,6794,Total,95251,Total,100362,Total
6,Município,2,%,94.37,3204609,Santa Teresa - ES,2513,Taxa de alfabetização das pessoas de 15 anos ou mais de idade,2022,2022,6794,Total,95251,Total,100362,Total
6,Município,2,%,92.32,3204658,São Domingos do Norte - ES,2513,Taxa de alfabetização das pessoas de 15 anos ou mais de idade,2022,2022,6794,Total,95251,Total,100362,Total
6,Município,2,%,93.29,3204708,São Gabriel da Palha - ES,2513,Taxa de alfabetização das pessoas de 15 anos ou mais de idade,2022,2022,6794,Total,95251,Total,100362,Total
6,Município,2,%,90.1,3204807,São José do Calçado - ES,2513,Taxa de alfabetização das pessoas de 15 anos ou mais de idade,2022,2022,6794,Total,95251,Total,100362,Total
6,Município,2,%,92.78,3204906,São Mateus - ES,2513,Taxa de alfabetização das pessoas de 15 anos ou mais de idade,2022,2022,6794,Total,95251,Total,100362,Total
6,Município,2,%,92.23,3204955,São Roque do Canaã - ES,2513,Taxa de alfabetização das pessoas de 15 anos ou mais de idade,2022,2022,6794,Total,95251,Total,100362,Total
6,Município,2,%,96.12,3205002,Serra - ES,2513,Taxa de alfabetização das pessoas de 15 anos ou mais de idade,2022,2022,6794,Total,95251,Total,100362,Total
6,Município,2,%,89.57,3205010,Sooretama - ES,2513,Taxa de alfabetização das pessoas de 15 anos ou mais de idade,2022,2022,6794,Total,95251,Total,100362,Total
6,Município,2,%,93.19,3205036,Vargem Alta - ES,2513,Taxa de alfabetização das pessoas de 15 anos ou mais de idade,2022,2022,6794,Total,95251,Total,100362,Total
6,Município,2,%,94.67,3205069,Venda Nova do Imigrante - ES,2513,Taxa de alfabetização das pessoas de 15 anos ou mais de idade,2022,2022,6794,Total,95251,Total,100362,Total
6,Município,2,%,94.41,3205101,Viana - ES,2513,Taxa de alfabetização das pessoas de 15 anos ou mais de idade,2022,2022,6794,Total,95251,Total,100362,Total
6,Município,2,%,90.88,3205150,Vila Pavão - ES,2513,Taxa de alfabetização das pessoas de 15 anos ou mais de idade,2022,2022,6794,Total,95251,Total,100362,Total
6,Município,2,%,91.48,3205176,Vila Valério - ES,2513,Taxa de alfabetização das pessoas de 15 anos ou mais de idade,2022,2022,6794,Total,95251,Total,100362,Total
6,Município,2,%,97.44,3205200,Vila Velha - ES,2513,Taxa de alfabetização das pessoas de 15 anos ou mais de idade,2022,2022,6794,Total,95251,Total,100362,Total
6,Município,2,%,97.76,3205309,Vitória - ES,2513,Taxa de alfabetização das pessoas de 15 anos ou mais de idade,2022,2022,6794,Total,95251,Total,100362,Total
6,Município,2,%,95.58,3300100,Angra dos Reis - RJ,2513,Taxa de alfabetização das pessoas de 15 anos ou mais de idade,2022,2022,6794,Total,95251,Total,100362,Total
6,Município,2,%,93.66,3300159,Aperibé - RJ,2513,Taxa de alfabetização das pessoas de 15 anos ou mais de idade,2022,2022,6794,Total,95251,Total,100362,Total
6,Município,2,%,95.33,3300209,Araruama - RJ,2513,Taxa de alfabetização das pessoas de 15 anos ou mais de idade,2022,2022,6794,Total,95251,Total,100362,Total
6,Município,2,%,94.51,3300225,Areal - RJ,2513,Taxa de alfabetização das pessoas de 15 anos ou mais de idade,2022,2022,6794,Total,95251,Total,100362,Total
6,Município,2,%,97.21,3300233,Armação dos Búzios - RJ,2513,Taxa de alfabetização das pessoas de 15 anos ou mais de idade,2022,2022,6794,Total,95251,Total,100362,Total
6,Município,2,%,96.82,3300258,Arraial do Cabo - RJ,2513,Taxa de alfabetização das pessoas de 15 anos ou mais de idade,2022,2022,6794,Total,95251,Total,100362,Total
6,Município,2,%,96.41,3300308,Barra do Piraí - RJ,2513,Taxa de alfabetização das pessoas de 15 anos ou mais de idade,2022,2022,6794,Total,95251,Total,100362,Total
6,Município,2,%,96.95,3300407,Barra Mansa - RJ,2513,Taxa de alfabetização das pessoas de 15 anos ou mais de idade,2022,2022,6794,Total,95251,Total,100362,Total
6,Município,2,%,96.4,3300456,Belford Roxo - RJ,2513,Taxa de alfabetização das pessoas de 15 anos ou mais de idade,2022,2022,6794,Total,95251,Total,100362,Total
6,Município,2,%,92,3300506,Bom Jardim - RJ,2513,Taxa de alfabetização das pessoas de 15 anos ou mais de idade,2022,2022,6794,Total,95251,Total,100362,Total
6,Município,2,%,92.73,3300605,Bom Jesus do Itabapoana - RJ,2513,Taxa de alfabetização das pessoas de 15 anos ou mais de idade,2022,2022,6794,Total,95251,Total,100362,Total
6,Município,2,%,96.66,3300704,Cabo Frio - RJ,2513,Taxa de alfabetização das pessoas de 15 anos ou mais de idade,2022,2022,6794,Total,95251,Total,100362,Total
6,Município,2,%,93.85,3300803,Cachoeiras de Macacu - RJ,2513,Taxa de alfabetização das pessoas de 15 anos ou mais de idade,2022,2022,6794,Total,95251,Total,100362,Total
6,Município,2,%,90.64,3300902,Cambuci - RJ,2513,Taxa de alfabetização das pessoas de 15 anos ou mais de idade,2022,2022,6794,Total,95251,Total,100362,Total
6,Município,2,%,93.71,3300936,Carapebus - RJ,2513,Taxa de alfabetização das pessoas de 15 anos ou mais de idade,2022,2022,6794,Total,95251,Total,100362,Total
6,Município,2,%,95.38,3300951,Comendador Levy Gasparian - RJ,2513,Taxa de alfabetização das pessoas de 15 anos ou mais de idade,2022,2022,6794,Total,95251,Total,100362,Total
6,Município,2,%,95.06,3301009,Campos dos Goytacazes - RJ,2513,Taxa de alfabetização das pessoas de 15 anos ou mais de idade,2022,2022,6794,Total,95251,Total,100362,Total
6,Município,2,%,93.11,3301108,Cantagalo - RJ,2513,Taxa de alfabetização das pessoas de 15 anos ou mais de idade,2022,2022,6794,Total,95251,Total,100362,Total
6,Município,2,%,89.01,3301157,Cardoso Moreira - RJ,2513,Taxa de alfabetização das pessoas de 15 anos ou mais de idade,2022,2022,6794,Total,95251,Total,100362,Total
6,Município,2,%,93.78,3301207,Carmo - RJ,2513,Taxa de alfabetização das pessoas de 15 anos ou mais de idade,2022,2022,6794,Total,95251,Total,100362,Total
6,Município,2,%,95.57,3301306,Casimiro de Abreu - RJ,2513,Taxa de alfabetização das pessoas de 15 anos ou mais de idade,2022,2022,6794,Total,95251,Total,100362,Total
6,Município,2,%,92.45,3301405,Conceição de Macabu - RJ,2513,Taxa de alfabetização das pessoas de 15 anos ou mais de idade,2022,2022,6794,Total,95251,Total,100362,Total
6,Município,2,%,95.73,3301504,Cordeiro - RJ,2513,Taxa de alfabetização das pessoas de 15 anos ou mais de idade,2022,2022,6794,Total,95251,Total,100362,Total
6,Município,2,%,89.58,3301603,Duas Barras - RJ,2513,Taxa de alfabetização das pessoas de 15 anos ou mais de idade,2022,2022,6794,Total,95251,Total,100362,Total
6,Município,2,%,96.23,3301702,Duque de Caxias - RJ,2513,Taxa de alfabetização das pessoas de 15 anos ou mais de idade,2022,2022,6794,Total,95251,Total,100362,Total
6,Município,2,%,94.98,3301801,Engenheiro Paulo de Frontin - RJ,2513,Taxa de alfabetização das pessoas de 15 anos ou mais de idade,2022,2022,6794,Total,95251,Total,100362,Total
6,Município,2,%,95.21,3301850,Guapimirim - RJ,2513,Taxa de alfabetização das pessoas de 15 anos ou mais de idade,2022,2022,6794,Total,95251,Total,100362,Total
6,Município,2,%,96.84,3301876,Iguaba Grande - RJ,2513,Taxa de alfabetização das pessoas de 15 anos ou mais de idade,2022,2022,6794,Total,95251,Total,100362,Total
6,Município,2,%,94.85,3301900,Itaboraí - RJ,2513,Taxa de alfabetização das pessoas de 15 anos ou mais de idade,2022,2022,6794,Total,95251,Total,100362,Total
6,Município,2,%,95.84,3302007,Itaguaí - RJ,2513,Taxa de alfabetização das pessoas de 15 anos ou mais de idade,2022,2022,6794,Total,95251,Total,100362,Total
6,Município,2,%,91.11,3302056,Italva - RJ,2513,Taxa de alfabetização das pessoas de 15 anos ou mais de idade,2022,2022,6794,Total,95251,Total,100362,Total
6,Município,2,%,92.26,3302106,Itaocara - RJ,2513,Taxa de alfabetização das pessoas de 15 anos ou mais de idade,2022,2022,6794,Total,95251,Total,100362,Total
6,Município,2,%,94.01,3302205,Itaperuna - RJ,2513,Taxa de alfabetização das pessoas de 15 anos ou mais de idade,2022,2022,6794,Total,95251,Total,100362,Total
6,Município,2,%,95.81,3302254,Itatiaia - RJ,2513,Taxa de alfabetização das pessoas de 15 anos ou mais de idade,2022,2022,6794,Total,95251,Total,100362,Total
6,Município,2,%,94.42,3302270,Japeri - RJ,2513,Taxa de alfabetização das pessoas de 15 anos ou mais de idade,2022,2022,6794,Total,95251,Total,100362,Total
6,Município,2,%,91.22,3302304,Laje do Muriaé - RJ,2513,Taxa de alfabetização das pessoas de 15 anos ou mais de idade,2022,2022,6794,Total,95251,Total,100362,Total
6,Município,2,%,96.55,3302403,Macaé - RJ,2513,Taxa de alfabetização das pessoas de 15 anos ou mais de idade,2022,2022,6794,Total,95251,Total,100362,Total
6,Município,2,%,94.28,3302452,Macuco - RJ,2513,Taxa de alfabetização das pessoas de 15 anos ou mais de idade,2022,2022,6794,Total,95251,Total,100362,Total
6,Município,2,%,95.52,3302502,Magé - RJ,2513,Taxa de alfabetização das pessoas de 15 anos ou mais de idade,2022,2022,6794,Total,95251,Total,100362,Total
6,Município,2,%,96.59,3302601,Mangaratiba - RJ,2513,Taxa de alfabetização das pessoas de 15 anos ou mais de idade,2022,2022,6794,Total,95251,Total,100362,Total
6,Município,2,%,97.34,3302700,Maricá - RJ,2513,Taxa de alfabetização das pessoas de 15 anos ou mais de idade,2022,2022,6794,Total,95251,Total,100362,Total
6,Município,2,%,96.66,3302809,Mendes - RJ,2513,Taxa de alfabetização das pessoas de 15 anos ou mais de idade,2022,2022,6794,Total,95251,Total,100362,Total
6,Município,2,%,97.63,3302858,Mesquita - RJ,2513,Taxa de alfabetização das pessoas de 15 anos ou mais de idade,2022,2022,6794,Total,95251,Total,100362,Total
6,Município,2,%,95.93,3302908,Miguel Pereira - RJ,2513,Taxa de alfabetização das pessoas de 15 anos ou mais de idade,2022,2022,6794,Total,95251,Total,100362,Total
6,Município,2,%,92.69,3303005,Miracema - RJ,2513,Taxa de alfabetização das pessoas de 15 anos ou mais de idade,2022,2022,6794,Total,95251,Total,100362,Total
6,Município,2,%,92.78,3303104,Natividade - RJ,2513,Taxa de alfabetização das pessoas de 15 anos ou mais de idade,2022,2022,6794,Total,95251,Total,100362,Total
6,Município,2,%,98.08,3303203,Nilópolis - RJ,2513,Taxa de alfabetização das pessoas de 15 anos ou mais de idade,2022,2022,6794,Total,95251,Total,100362,Total
6,Município,2,%,98.23,3303302,Niterói - RJ,2513,Taxa de alfabetização das pessoas de 15 anos ou mais de idade,2022,2022,6794,Total,95251,Total,100362,Total
6,Município,2,%,96.39,3303401,Nova Friburgo - RJ,2513,Taxa de alfabetização das pessoas de 15 anos ou mais de idade,2022,2022,6794,Total,95251,Total,100362,Total
6,Município,2,%,96.35,3303500,Nova Iguaçu - RJ,2513,Taxa de alfabetização das pessoas de 15 anos ou mais de idade,2022,2022,6794,Total,95251,Total,100362,Total
6,Município,2,%,96.55,3303609,Paracambi - RJ,2513,Taxa de alfabetização das pessoas de 15 anos ou mais de idade,2022,2022,6794,Total,95251,Total,100362,Total
6,Município,2,%,95.33,3303708,Paraíba do Sul - RJ,2513,Taxa de alfabetização das pessoas de 15 anos ou mais de idade,2022,2022,6794,Total,95251,Total,100362,Total
6,Município,2,%,95.29,3303807,Paraty - RJ,2513,Taxa de alfabetização das pessoas de 15 anos ou mais de idade,2022,2022,6794,Total,95251,Total,100362,Total
6,Município,2,%,91.21,3303856,Paty do Alferes - RJ,2513,Taxa de alfabetização das pessoas de 15 anos ou mais de idade,2022,2022,6794,Total,95251,Total,100362,Total
6,Município,2,%,97.05,3303906,Petrópolis - RJ,2513,Taxa de alfabetização das pessoas de 15 anos ou mais de idade,2022,2022,6794,Total,95251,Total,100362,Total
6,Município,2,%,96.34,3303955,Pinheiral - RJ,2513,Taxa de alfabetização das pessoas de 15 anos ou mais de idade,2022,2022,6794,Total,95251,Total,100362,Total
6,Município,2,%,94.33,3304003,Piraí - RJ,2513,Taxa de alfabetização das pessoas de 15 anos ou mais de idade,2022,2022,6794,Total,95251,Total,100362,Total
6,Município,2,%,91.47,3304102,Porciúncula - RJ,2513,Taxa de alfabetização das pessoas de 15 anos ou mais de idade,2022,2022,6794,Total,95251,Total,100362,Total
6,Município,2,%,95.88,3304110,Porto Real - RJ,2513,Taxa de alfabetização das pessoas de 15 anos ou mais de idade,2022,2022,6794,Total,95251,Total,100362,Total
6,Município,2,%,94.87,3304128,Quatis - RJ,2513,Taxa de alfabetização das pessoas de 15 anos ou mais de idade,2022,2022,6794,Total,95251,Total,100362,Total
6,Município,2,%,96.24,3304144,Queimados - RJ,2513,Taxa de alfabetização das pessoas de 15 anos ou mais de idade,2022,2022,6794,Total,95251,Total,100362,Total
6,Município,2,%,92.61,3304151,Quissamã - RJ,2513,Taxa de alfabetização das pessoas de 15 anos ou mais de idade,2022,2022,6794,Total,95251,Total,100362,Total
6,Município,2,%,96.76,3304201,Resende - RJ,2513,Taxa de alfabetização das pessoas de 15 anos ou mais de idade,2022,2022,6794,Total,95251,Total,100362,Total
6,Município,2,%,94.78,3304300,Rio Bonito - RJ,2513,Taxa de alfabetização das pessoas de 15 anos ou mais de idade,2022,2022,6794,Total,95251,Total,100362,Total
6,Município,2,%,91.59,3304409,Rio Claro - RJ,2513,Taxa de alfabetização das pessoas de 15 anos ou mais de idade,2022,2022,6794,Total,95251,Total,100362,Total
6,Município,2,%,92.47,3304508,Rio das Flores - RJ,2513,Taxa de alfabetização das pessoas de 15 anos ou mais de idade,2022,2022,6794,Total,95251,Total,100362,Total
6,Município,2,%,97.36,3304524,Rio das Ostras - RJ,2513,Taxa de alfabetização das pessoas de 15 anos ou mais de idade,2022,2022,6794,Total,95251,Total,100362,Total
6,Município,2,%,97.67,3304557,Rio de Janeiro - RJ,2513,Taxa de alfabetização das pessoas de 15 anos ou mais de idade,2022,2022,6794,Total,95251,Total,100362,Total
6,Município,2,%,89.66,3304607,Santa Maria Madalena - RJ,2513,Taxa de alfabetização das pessoas de 15 anos ou mais de idade,2022,2022,6794,Total,95251,Total,100362,Total
6,Município,2,%,93.09,3304706,Santo Antônio de Pádua - RJ,2513,Taxa de alfabetização das pessoas de 15 anos ou mais de idade,2022,2022,6794,Total,95251,Total,100362,Total
6,Município,2,%,86.7,3304755,São Francisco de Itabapoana - RJ,2513,Taxa de alfabetização das pessoas de 15 anos ou mais de idade,2022,2022,6794,Total,95251,Total,100362,Total
6,Município,2,%,92.18,3304805,São Fidélis - RJ,2513,Taxa de alfabetização das pessoas de 15 anos ou mais de idade,2022,2022,6794,Total,95251,Total,100362,Total
6,Município,2,%,96.98,3304904,São Gonçalo - RJ,2513,Taxa de alfabetização das pessoas de 15 anos ou mais de idade,2022,2022,6794,Total,95251,Total,100362,Total
6,Município,2,%,94.31,3305000,São João da Barra - RJ,2513,Taxa de alfabetização das pessoas de 15 anos ou mais de idade,2022,2022,6794,Total,95251,Total,100362,Total
6,Município,2,%,97.62,3305109,São João de Meriti - RJ,2513,Taxa de alfabetização das pessoas de 15 anos ou mais de idade,2022,2022,6794,Total,95251,Total,100362,Total
6,Município,2,%,89.86,3305133,São José de Ubá - RJ,2513,Taxa de alfabetização das pessoas de 15 anos ou mais de idade,2022,2022,6794,Total,95251,Total,100362,Total
6,Município,2,%,93.61,3305158,São José do Vale do Rio Preto - RJ,2513,Taxa de alfabetização das pessoas de 15 anos ou mais de idade,2022,2022,6794,Total,95251,Total,100362,Total
6,Município,2,%,96.09,3305208,São Pedro da Aldeia - RJ,2513,Taxa de alfabetização das pessoas de 15 anos ou mais de idade,2022,2022,6794,Total,95251,Total,100362,Total
6,Município,2,%,89.02,3305307,São Sebastião do Alto - RJ,2513,Taxa de alfabetização das pessoas de 15 anos ou mais de idade,2022,2022,6794,Total,95251,Total,100362,Total
6,Município,2,%,91.83,3305406,Sapucaia - RJ,2513,Taxa de alfabetização das pessoas de 15 anos ou mais de idade,2022,2022,6794,Total,95251,Total,100362,Total
6,Município,2,%,95.73,3305505,Saquarema - RJ,2513,Taxa de alfabetização das pessoas de 15 anos ou mais de idade,2022,2022,6794,Total,95251,Total,100362,Total
6,Município,2,%,95.33,3305554,Seropédica - RJ,2513,Taxa de alfabetização das pessoas de 15 anos ou mais de idade,2022,2022,6794,Total,95251,Total,100362,Total
6,Município,2,%,90.44,3305604,Silva Jardim - RJ,2513,Taxa de alfabetização das pessoas de 15 anos ou mais de idade,2022,2022,6794,Total,95251,Total,100362,Total
6,Município,2,%,88.25,3305703,Sumidouro - RJ,2513,Taxa de alfabetização das pessoas de 15 anos ou mais de idade,2022,2022,6794,Total,95251,Total,100362,Total
6,Município,2,%,93.66,3305752,Tanguá - RJ,2513,Taxa de alfabetização das pessoas de 15 anos ou mais de idade,2022,2022,6794,Total,95251,Total,100362,Total
6,Município,2,%,95.07,3305802,Teresópolis - RJ,2513,Taxa de alfabetização das pessoas de 15 anos ou mais de idade,2022,2022,6794,Total,95251,Total,100362,Total
6,Município,2,%,89.02,3305901,Trajano de Moraes - RJ,2513,Taxa de alfabetização das pessoas de 15 anos ou mais de idade,2022,2022,6794,Total,95251,Total,100362,Total
6,Município,2,%,96.53,3306008,Três Rios - RJ,2513,Taxa de alfabetização das pessoas de 15 anos ou mais de idade,2022,2022,6794,Total,95251,Total,100362,Total
6,Município,2,%,95.31,3306107,Valença - RJ,2513,Taxa de alfabetização das pessoas de 15 anos ou mais de idade,2022,2022,6794,Total,95251,Total,100362,Total
6,Município,2,%,89.76,3306156,Varre-Sai - RJ,2513,Taxa de alfabetização das pessoas de 15 anos ou mais de idade,2022,2022,6794,Total,95251,Total,100362,Total
6,Município,2,%,94.54,3306206,Vassouras - RJ,2513,Taxa de alfabetização das pessoas de 15 anos ou mais de idade,2022,2022,6794,Total,95251,Total,100362,Total
6,Município,2,%,97.63,3306305,Volta Redonda - RJ,2513,Taxa de alfabetização das pessoas de 15 anos ou mais de idade,2022,2022,6794,Total,95251,Total,100362,Total
6,Município,2,%,96.49,3500105,Adamantina - SP,2513,Taxa de alfabetização das pessoas de 15 anos ou mais de idade,2022,2022,6794,Total,95251,Total,100362,Total
6,Município,2,%,93.22,3500204,Adolfo - SP,2513,Taxa de alfabetização das pessoas de 15 anos ou mais de idade,2022,2022,6794,Total,95251,Total,100362,Total
6,Município,2,%,95.03,3500303,Aguaí - SP,2513,Taxa de alfabetização das pessoas de 15 anos ou mais de idade,2022,2022,6794,Total,95251,Total,100362,Total
6,Município,2,%,96.85,3500402,Águas da Prata - SP,2513,Taxa de alfabetização das pessoas de 15 anos ou mais de idade,2022,2022,6794,Total,95251,Total,100362,Total
6,Município,2,%,96.41,3500501,Águas de Lindóia - SP,2513,Taxa de alfabetização das pessoas de 15 anos ou mais de idade,2022,2022,6794,Total,95251,Total,100362,Total
6,Município,2,%,95.64,3500550,Águas de Santa Bárbara - SP,2513,Taxa de alfabetização das pessoas de 15 anos ou mais de idade,2022,2022,6794,Total,95251,Total,100362,Total
6,Município,2,%,98.76,3500600,Águas de São Pedro - SP,2513,Taxa de alfabetização das pessoas de 15 anos ou mais de idade,2022,2022,6794,Total,95251,Total,100362,Total
6,Município,2,%,96.19,3500709,Agudos - SP,2513,Taxa de alfabetização das pessoas de 15 anos ou mais de idade,2022,2022,6794,Total,95251,Total,100362,Total
6,Município,2,%,95.41,3500758,Alambari - SP,2513,Taxa de alfabetização das pessoas de 15 anos ou mais de idade,2022,2022,6794,Total,95251,Total,100362,Total
6,Município,2,%,94.64,3500808,Alfredo Marcondes - SP,2513,Taxa de alfabetização das pessoas de 15 anos ou mais de idade,2022,2022,6794,Total,95251,Total,100362,Total
6,Município,2,%,92.55,3500907,Altair - SP,2513,Taxa de alfabetização das pessoas de 15 anos ou mais de idade,2022,2022,6794,Total,95251,Total,100362,Total
6,Município,2,%,94.99,3501004,Altinópolis - SP,2513,Taxa de alfabetização das pessoas de 15 anos ou mais de idade,2022,2022,6794,Total,95251,Total,100362,Total
6,Município,2,%,94.27,3501103,Alto Alegre - SP,2513,Taxa de alfabetização das pessoas de 15 anos ou mais de idade,2022,2022,6794,Total,95251,Total,100362,Total
6,Município,2,%,96.2,3501152,Alumínio - SP,2513,Taxa de alfabetização das pessoas de 15 anos ou mais de idade,2022,2022,6794,Total,95251,Total,100362,Total
6,Município,2,%,93.51,3501202,Álvares Florence - SP,2513,Taxa de alfabetização das pessoas de 15 anos ou mais de idade,2022,2022,6794,Total,95251,Total,100362,Total
6,Município,2,%,95.77,3501301,Álvares Machado - SP,2513,Taxa de alfabetização das pessoas de 15 anos ou mais de idade,2022,2022,6794,Total,95251,Total,100362,Total
6,Município,2,%,93.29,3501400,Álvaro de Carvalho - SP,2513,Taxa de alfabetização das pessoas de 15 anos ou mais de idade,2022,2022,6794,Total,95251,Total,100362,Total
6,Município,2,%,92.71,3501509,Alvinlândia - SP,2513,Taxa de alfabetização das pessoas de 15 anos ou mais de idade,2022,2022,6794,Total,95251,Total,100362,Total
6,Município,2,%,98.33,3501608,Americana - SP,2513,Taxa de alfabetização das pessoas de 15 anos ou mais de idade,2022,2022,6794,Total,95251,Total,100362,Total
6,Município,2,%,94.5,3501707,Américo Brasiliense - SP,2513,Taxa de alfabetização das pessoas de 15 anos ou mais de idade,2022,2022,6794,Total,95251,Total,100362,Total
6,Município,2,%,95.45,3501806,Américo de Campos - SP,2513,Taxa de alfabetização das pessoas de 15 anos ou mais de idade,2022,2022,6794,Total,95251,Total,100362,Total
6,Município,2,%,96.78,3501905,Amparo - SP,2513,Taxa de alfabetização das pessoas de 15 anos ou mais de idade,2022,2022,6794,Total,95251,Total,100362,Total
6,Município,2,%,95.55,3502002,Analândia - SP,2513,Taxa de alfabetização das pessoas de 15 anos ou mais de idade,2022,2022,6794,Total,95251,Total,100362,Total
6,Município,2,%,96.26,3502101,Andradina - SP,2513,Taxa de alfabetização das pessoas de 15 anos ou mais de idade,2022,2022,6794,Total,95251,Total,100362,Total
6,Município,2,%,95.85,3502200,Angatuba - SP,2513,Taxa de alfabetização das pessoas de 15 anos ou mais de idade,2022,2022,6794,Total,95251,Total,100362,Total
6,Município,2,%,94.36,3502309,Anhembi - SP,2513,Taxa de alfabetização das pessoas de 15 anos ou mais de idade,2022,2022,6794,Total,95251,Total,100362,Total
6,Município,2,%,94.36,3502408,Anhumas - SP,2513,Taxa de alfabetização das pessoas de 15 anos ou mais de idade,2022,2022,6794,Total,95251,Total,100362,Total
6,Município,2,%,97.03,3502507,Aparecida - SP,2513,Taxa de alfabetização das pessoas de 15 anos ou mais de idade,2022,2022,6794,Total,95251,Total,100362,Total
6,Município,2,%,91.79,3502606,Aparecida d'Oeste - SP,2513,Taxa de alfabetização das pessoas de 15 anos ou mais de idade,2022,2022,6794,Total,95251,Total,100362,Total
6,Município,2,%,94.01,3502705,Apiaí - SP,2513,Taxa de alfabetização das pessoas de 15 anos ou mais de idade,2022,2022,6794,Total,95251,Total,100362,Total
6,Município,2,%,94.93,3502754,Araçariguama - SP,2513,Taxa de alfabetização das pessoas de 15 anos ou mais de idade,2022,2022,6794,Total,95251,Total,100362,Total
6,Município,2,%,97.4,3502804,Araçatuba - SP,2513,Taxa de alfabetização das pessoas de 15 anos ou mais de idade,2022,2022,6794,Total,95251,Total,100362,Total
6,Município,2,%,97.01,3502903,Araçoiaba da Serra - SP,2513,Taxa de alfabetização das pessoas de 15 anos ou mais de idade,2022,2022,6794,Total,95251,Total,100362,Total
6,Município,2,%,95.06,3503000,Aramina - SP,2513,Taxa de alfabetização das pessoas de 15 anos ou mais de idade,2022,2022,6794,Total,95251,Total,100362,Total
6,Município,2,%,93.67,3503109,Arandu - SP,2513,Taxa de alfabetização das pessoas de 15 anos ou mais de idade,2022,2022,6794,Total,95251,Total,100362,Total
6,Município,2,%,93.72,3503158,Arapeí - SP,2513,Taxa de alfabetização das pessoas de 15 anos ou mais de idade,2022,2022,6794,Total,95251,Total,100362,Total
6,Município,2,%,97.62,3503208,Araraquara - SP,2513,Taxa de alfabetização das pessoas de 15 anos ou mais de idade,2022,2022,6794,Total,95251,Total,100362,Total
6,Município,2,%,96.81,3503307,Araras - SP,2513,Taxa de alfabetização das pessoas de 15 anos ou mais de idade,2022,2022,6794,Total,95251,Total,100362,Total
6,Município,2,%,92.48,3503356,Arco-Íris - SP,2513,Taxa de alfabetização das pessoas de 15 anos ou mais de idade,2022,2022,6794,Total,95251,Total,100362,Total
6,Município,2,%,96.19,3503406,Arealva - SP,2513,Taxa de alfabetização das pessoas de 15 anos ou mais de idade,2022,2022,6794,Total,95251,Total,100362,Total
6,Município,2,%,93.98,3503505,Areias - SP,2513,Taxa de alfabetização das pessoas de 15 anos ou mais de idade,2022,2022,6794,Total,95251,Total,100362,Total
6,Município,2,%,93.72,3503604,Areiópolis - SP,2513,Taxa de alfabetização das pessoas de 15 anos ou mais de idade,2022,2022,6794,Total,95251,Total,100362,Total
6,Município,2,%,94.32,3503703,Ariranha - SP,2513,Taxa de alfabetização das pessoas de 15 anos ou mais de idade,2022,2022,6794,Total,95251,Total,100362,Total
6,Município,2,%,95.41,3503802,Artur Nogueira - SP,2513,Taxa de alfabetização das pessoas de 15 anos ou mais de idade,2022,2022,6794,Total,95251,Total,100362,Total
6,Município,2,%,96.45,3503901,Arujá - SP,2513,Taxa de alfabetização das pessoas de 15 anos ou mais de idade,2022,2022,6794,Total,95251,Total,100362,Total
6,Município,2,%,90.68,3503950,Aspásia - SP,2513,Taxa de alfabetização das pessoas de 15 anos ou mais de idade,2022,2022,6794,Total,95251,Total,100362,Total
6,Município,2,%,97.38,3504008,Assis - SP,2513,Taxa de alfabetização das pessoas de 15 anos ou mais de idade,2022,2022,6794,Total,95251,Total,100362,Total
6,Município,2,%,96.55,3504107,Atibaia - SP,2513,Taxa de alfabetização das pessoas de 15 anos ou mais de idade,2022,2022,6794,Total,95251,Total,100362,Total
6,Município,2,%,94.83,3504206,Auriflama - SP,2513,Taxa de alfabetização das pessoas de 15 anos ou mais de idade,2022,2022,6794,Total,95251,Total,100362,Total
6,Município,2,%,93.86,3504305,Avaí - SP,2513,Taxa de alfabetização das pessoas de 15 anos ou mais de idade,2022,2022,6794,Total,95251,Total,100362,Total
6,Município,2,%,94.77,3504404,Avanhandava - SP,2513,Taxa de alfabetização das pessoas de 15 anos ou mais de idade,2022,2022,6794,Total,95251,Total,100362,Total
6,Município,2,%,96.58,3504503,Avaré - SP,2513,Taxa de alfabetização das pessoas de 15 anos ou mais de idade,2022,2022,6794,Total,95251,Total,100362,Total
6,Município,2,%,97.56,3504602,Bady Bassitt - SP,2513,Taxa de alfabetização das pessoas de 15 anos ou mais de idade,2022,2022,6794,Total,95251,Total,100362,Total
6,Município,2,%,97.07,3504701,Balbinos - SP,2513,Taxa de alfabetização das pessoas de 15 anos ou mais de idade,2022,2022,6794,Total,95251,Total,100362,Total
6,Município,2,%,96.34,3504800,Bálsamo - SP,2513,Taxa de alfabetização das pessoas de 15 anos ou mais de idade,2022,2022,6794,Total,95251,Total,100362,Total
6,Município,2,%,94.62,3504909,Bananal - SP,2513,Taxa de alfabetização das pessoas de 15 anos ou mais de idade,2022,2022,6794,Total,95251,Total,100362,Total
6,Município,2,%,94.22,3505005,Barão de Antonina - SP,2513,Taxa de alfabetização das pessoas de 15 anos ou mais de idade,2022,2022,6794,Total,95251,Total,100362,Total
6,Município,2,%,92.55,3505104,Barbosa - SP,2513,Taxa de alfabetização das pessoas de 15 anos ou mais de idade,2022,2022,6794,Total,95251,Total,100362,Total
6,Município,2,%,96.13,3505203,Bariri - SP,2513,Taxa de alfabetização das pessoas de 15 anos ou mais de idade,2022,2022,6794,Total,95251,Total,100362,Total
6,Município,2,%,96.05,3505302,Barra Bonita - SP,2513,Taxa de alfabetização das pessoas de 15 anos ou mais de idade,2022,2022,6794,Total,95251,Total,100362,Total
6,Município,2,%,91.19,3505351,Barra do Chapéu - SP,2513,Taxa de alfabetização das pessoas de 15 anos ou mais de idade,2022,2022,6794,Total,95251,Total,100362,Total
6,Município,2,%,87.77,3505401,Barra do Turvo - SP,2513,Taxa de alfabetização das pessoas de 15 anos ou mais de idade,2022,2022,6794,Total,95251,Total,100362,Total
6,Município,2,%,97.62,3505500,Barretos - SP,2513,Taxa de alfabetização das pessoas de 15 anos ou mais de idade,2022,2022,6794,Total,95251,Total,100362,Total
6,Município,2,%,93.74,3505609,Barrinha - SP,2513,Taxa de alfabetização das pessoas de 15 anos ou mais de idade,2022,2022,6794,Total,95251,Total,100362,Total
6,Município,2,%,97.39,3505708,Barueri - SP,2513,Taxa de alfabetização das pessoas de 15 anos ou mais de idade,2022,2022,6794,Total,95251,Total,100362,Total
6,Município,2,%,95.8,3505807,Bastos - SP,2513,Taxa de alfabetização das pessoas de 15 anos ou mais de idade,2022,2022,6794,Total,95251,Total,100362,Total
6,Município,2,%,96.31,3505906,Batatais - SP,2513,Taxa de alfabetização das pessoas de 15 anos ou mais de idade,2022,2022,6794,Total,95251,Total,100362,Total
6,Município,2,%,97.9,3506003,Bauru - SP,2513,Taxa de alfabetização das pessoas de 15 anos ou mais de idade,2022,2022,6794,Total,95251,Total,100362,Total
6,Município,2,%,97.31,3506102,Bebedouro - SP,2513,Taxa de alfabetização das pessoas de 15 anos ou mais de idade,2022,2022,6794,Total,95251,Total,100362,Total
6,Município,2,%,94.2,3506201,Bento de Abreu - SP,2513,Taxa de alfabetização das pessoas de 15 anos ou mais de idade,2022,2022,6794,Total,95251,Total,100362,Total
6,Município,2,%,96.71,3506300,Bernardino de Campos - SP,2513,Taxa de alfabetização das pessoas de 15 anos ou mais de idade,2022,2022,6794,Total,95251,Total,100362,Total
6,Município,2,%,96.46,3506359,Bertioga - SP,2513,Taxa de alfabetização das pessoas de 15 anos ou mais de idade,2022,2022,6794,Total,95251,Total,100362,Total
6,Município,2,%,95.66,3506409,Bilac - SP,2513,Taxa de alfabetização das pessoas de 15 anos ou mais de idade,2022,2022,6794,Total,95251,Total,100362,Total
6,Município,2,%,96.71,3506508,Birigui - SP,2513,Taxa de alfabetização das pessoas de 15 anos ou mais de idade,2022,2022,6794,Total,95251,Total,100362,Total
6,Município,2,%,94.09,3506607,Biritiba Mirim - SP,2513,Taxa de alfabetização das pessoas de 15 anos ou mais de idade,2022,2022,6794,Total,95251,Total,100362,Total
6,Município,2,%,92.6,3506706,Boa Esperança do Sul - SP,2513,Taxa de alfabetização das pessoas de 15 anos ou mais de idade,2022,2022,6794,Total,95251,Total,100362,Total
6,Município,2,%,94.99,3506805,Bocaina - SP,2513,Taxa de alfabetização das pessoas de 15 anos ou mais de idade,2022,2022,6794,Total,95251,Total,100362,Total
6,Município,2,%,94.29,3506904,Bofete - SP,2513,Taxa de alfabetização das pessoas de 15 anos ou mais de idade,2022,2022,6794,Total,95251,Total,100362,Total
6,Município,2,%,96.98,3507001,Boituva - SP,2513,Taxa de alfabetização das pessoas de 15 anos ou mais de idade,2022,2022,6794,Total,95251,Total,100362,Total
6,Município,2,%,95.63,3507100,Bom Jesus dos Perdões - SP,2513,Taxa de alfabetização das pessoas de 15 anos ou mais de idade,2022,2022,6794,Total,95251,Total,100362,Total
6,Município,2,%,94.21,3507159,Bom Sucesso de Itararé - SP,2513,Taxa de alfabetização das pessoas de 15 anos ou mais de idade,2022,2022,6794,Total,95251,Total,100362,Total
6,Município,2,%,94.36,3507209,Borá - SP,2513,Taxa de alfabetização das pessoas de 15 anos ou mais de idade,2022,2022,6794,Total,95251,Total,100362,Total
6,Município,2,%,95.1,3507308,Boracéia - SP,2513,Taxa de alfabetização das pessoas de 15 anos ou mais de idade,2022,2022,6794,Total,95251,Total,100362,Total
6,Município,2,%,94.2,3507407,Borborema - SP,2513,Taxa de alfabetização das pessoas de 15 anos ou mais de idade,2022,2022,6794,Total,95251,Total,100362,Total
6,Município,2,%,96.56,3507456,Borebi - SP,2513,Taxa de alfabetização das pessoas de 15 anos ou mais de idade,2022,2022,6794,Total,95251,Total,100362,Total
6,Município,2,%,97.43,3507506,Botucatu - SP,2513,Taxa de alfabetização das pessoas de 15 anos ou mais de idade,2022,2022,6794,Total,95251,Total,100362,Total
6,Município,2,%,97.28,3507605,Bragança Paulista - SP,2513,Taxa de alfabetização das pessoas de 15 anos ou mais de idade,2022,2022,6794,Total,95251,Total,100362,Total
6,Município,2,%,92.22,3507704,Braúna - SP,2513,Taxa de alfabetização das pessoas de 15 anos ou mais de idade,2022,2022,6794,Total,95251,Total,100362,Total
6,Município,2,%,93.68,3507753,Brejo Alegre - SP,2513,Taxa de alfabetização das pessoas de 15 anos ou mais de idade,2022,2022,6794,Total,95251,Total,100362,Total
6,Município,2,%,96.82,3507803,Brodowski - SP,2513,Taxa de alfabetização das pessoas de 15 anos ou mais de idade,2022,2022,6794,Total,95251,Total,100362,Total
6,Município,2,%,96.8,3507902,Brotas - SP,2513,Taxa de alfabetização das pessoas de 15 anos ou mais de idade,2022,2022,6794,Total,95251,Total,100362,Total
6,Município,2,%,93.87,3508009,Buri - SP,2513,Taxa de alfabetização das pessoas de 15 anos ou mais de idade,2022,2022,6794,Total,95251,Total,100362,Total
6,Município,2,%,94.49,3508108,Buritama - SP,2513,Taxa de alfabetização das pessoas de 15 anos ou mais de idade,2022,2022,6794,Total,95251,Total,100362,Total
6,Município,2,%,94.85,3508207,Buritizal - SP,2513,Taxa de alfabetização das pessoas de 15 anos ou mais de idade,2022,2022,6794,Total,95251,Total,100362,Total
6,Município,2,%,93.76,3508306,Cabrália Paulista - SP,2513,Taxa de alfabetização das pessoas de 15 anos ou mais de idade,2022,2022,6794,Total,95251,Total,100362,Total
6,Município,2,%,96.3,3508405,Cabreúva - SP,2513,Taxa de alfabetização das pessoas de 15 anos ou mais de idade,2022,2022,6794,Total,95251,Total,100362,Total
6,Município,2,%,97.07,3508504,Caçapava - SP,2513,Taxa de alfabetização das pessoas de 15 anos ou mais de idade,2022,2022,6794,Total,95251,Total,100362,Total
6,Município,2,%,96.49,3508603,Cachoeira Paulista - SP,2513,Taxa de alfabetização das pessoas de 15 anos ou mais de idade,2022,2022,6794,Total,95251,Total,100362,Total
6,Município,2,%,94.72,3508702,Caconde - SP,2513,Taxa de alfabetização das pessoas de 15 anos ou mais de idade,2022,2022,6794,Total,95251,Total,100362,Total
6,Município,2,%,94.25,3508801,Cafelândia - SP,2513,Taxa de alfabetização das pessoas de 15 anos ou mais de idade,2022,2022,6794,Total,95251,Total,100362,Total
6,Município,2,%,92.84,3508900,Caiabu - SP,2513,Taxa de alfabetização das pessoas de 15 anos ou mais de idade,2022,2022,6794,Total,95251,Total,100362,Total
6,Município,2,%,97.25,3509007,Caieiras - SP,2513,Taxa de alfabetização das pessoas de 15 anos ou mais de idade,2022,2022,6794,Total,95251,Total,100362,Total
6,Município,2,%,92.93,3509106,Caiuá - SP,2513,Taxa de alfabetização das pessoas de 15 anos ou mais de idade,2022,2022,6794,Total,95251,Total,100362,Total
6,Município,2,%,96.53,3509205,Cajamar - SP,2513,Taxa de alfabetização das pessoas de 15 anos ou mais de idade,2022,2022,6794,Total,95251,Total,100362,Total
6,Município,2,%,93.55,3509254,Cajati - SP,2513,Taxa de alfabetização das pessoas de 15 anos ou mais de idade,2022,2022,6794,Total,95251,Total,100362,Total
6,Município,2,%,94.68,3509304,Cajobi - SP,2513,Taxa de alfabetização das pessoas de 15 anos ou mais de idade,2022,2022,6794,Total,95251,Total,100362,Total
6,Município,2,%,95.16,3509403,Cajuru - SP,2513,Taxa de alfabetização das pessoas de 15 anos ou mais de idade,2022,2022,6794,Total,95251,Total,100362,Total
6,Município,2,%,94.63,3509452,Campina do Monte Alegre - SP,2513,Taxa de alfabetização das pessoas de 15 anos ou mais de idade,2022,2022,6794,Total,95251,Total,100362,Total
6,Município,2,%,97.59,3509502,Campinas - SP,2513,Taxa de alfabetização das pessoas de 15 anos ou mais de idade,2022,2022,6794,Total,95251,Total,100362,Total
6,Município,2,%,96.77,3509601,Campo Limpo Paulista - SP,2513,Taxa de alfabetização das pessoas de 15 anos ou mais de idade,2022,2022,6794,Total,95251,Total,100362,Total
6,Município,2,%,96.46,3509700,Campos do Jordão - SP,2513,Taxa de alfabetização das pessoas de 15 anos ou mais de idade,2022,2022,6794,Total,95251,Total,100362,Total
6,Município,2,%,93.27,3509809,Campos Novos Paulista - SP,2513,Taxa de alfabetização das pessoas de 15 anos ou mais de idade,2022,2022,6794,Total,95251,Total,100362,Total
6,Município,2,%,95.28,3509908,Cananéia - SP,2513,Taxa de alfabetização das pessoas de 15 anos ou mais de idade,2022,2022,6794,Total,95251,Total,100362,Total
6,Município,2,%,95.86,3509957,Canas - SP,2513,Taxa de alfabetização das pessoas de 15 anos ou mais de idade,2022,2022,6794,Total,95251,Total,100362,Total
6,Município,2,%,95.31,3510005,Cândido Mota - SP,2513,Taxa de alfabetização das pessoas de 15 anos ou mais de idade,2022,2022,6794,Total,95251,Total,100362,Total
6,Município,2,%,94.55,3510104,Cândido Rodrigues - SP,2513,Taxa de alfabetização das pessoas de 15 anos ou mais de idade,2022,2022,6794,Total,95251,Total,100362,Total
6,Município,2,%,93.68,3510153,Canitar - SP,2513,Taxa de alfabetização das pessoas de 15 anos ou mais de idade,2022,2022,6794,Total,95251,Total,100362,Total
6,Município,2,%,94.21,3510203,Capão Bonito - SP,2513,Taxa de alfabetização das pessoas de 15 anos ou mais de idade,2022,2022,6794,Total,95251,Total,100362,Total
6,Município,2,%,95.58,3510302,Capela do Alto - SP,2513,Taxa de alfabetização das pessoas de 15 anos ou mais de idade,2022,2022,6794,Total,95251,Total,100362,Total
6,Município,2,%,96.91,3510401,Capivari - SP,2513,Taxa de alfabetização das pessoas de 15 anos ou mais de idade,2022,2022,6794,Total,95251,Total,100362,Total
6,Município,2,%,96.49,3510500,Caraguatatuba - SP,2513,Taxa de alfabetização das pessoas de 15 anos ou mais de idade,2022,2022,6794,Total,95251,Total,100362,Total
6,Município,2,%,96.62,3510609,Carapicuíba - SP,2513,Taxa de alfabetização das pessoas de 15 anos ou mais de idade,2022,2022,6794,Total,95251,Total,100362,Total
6,Município,2,%,93.44,3510708,Cardoso - SP,2513,Taxa de alfabetização das pessoas de 15 anos ou mais de idade,2022,2022,6794,Total,95251,Total,100362,Total
6,Município,2,%,95.98,3510807,Casa Branca - SP,2513,Taxa de alfabetização das pessoas de 15 anos ou mais de idade,2022,2022,6794,Total,95251,Total,100362,Total
6,Município,2,%,92.98,3510906,Cássia dos Coqueiros - SP,2513,Taxa de alfabetização das pessoas de 15 anos ou mais de idade,2022,2022,6794,Total,95251,Total,100362,Total
6,Município,2,%,93.53,3511003,Castilho - SP,2513,Taxa de alfabetização das pessoas de 15 anos ou mais de idade,2022,2022,6794,Total,95251,Total,100362,Total
6,Município,2,%,96.8,3511102,Catanduva - SP,2513,Taxa de alfabetização das pessoas de 15 anos ou mais de idade,2022,2022,6794,Total,95251,Total,100362,Total
6,Município,2,%,95.05,3511201,Catiguá - SP,2513,Taxa de alfabetização das pessoas de 15 anos ou mais de idade,2022,2022,6794,Total,95251,Total,100362,Total
6,Município,2,%,96.8,3511300,Cedral - SP,2513,Taxa de alfabetização das pessoas de 15 anos ou mais de idade,2022,2022,6794,Total,95251,Total,100362,Total
6,Município,2,%,95.42,3511409,Cerqueira César - SP,2513,Taxa de alfabetização das pessoas de 15 anos ou mais de idade,2022,2022,6794,Total,95251,Total,100362,Total
6,Município,2,%,97.68,3511508,Cerquilho - SP,2513,Taxa de alfabetização das pessoas de 15 anos ou mais de idade,2022,2022,6794,Total,95251,Total,100362,Total
6,Município,2,%,95.54,3511607,Cesário Lange - SP,2513,Taxa de alfabetização das pessoas de 15 anos ou mais de idade,2022,2022,6794,Total,95251,Total,100362,Total
6,Município,2,%,95.24,3511706,Charqueada - SP,2513,Taxa de alfabetização das pessoas de 15 anos ou mais de idade,2022,2022,6794,Total,95251,Total,100362,Total
6,Município,2,%,93.8,3511904,Clementina - SP,2513,Taxa de alfabetização das pessoas de 15 anos ou mais de idade,2022,2022,6794,Total,95251,Total,100362,Total
6,Município,2,%,95.48,3512001,Colina - SP,2513,Taxa de alfabetização das pessoas de 15 anos ou mais de idade,2022,2022,6794,Total,95251,Total,100362,Total
6,Município,2,%,92.55,3512100,Colômbia - SP,2513,Taxa de alfabetização das pessoas de 15 anos ou mais de idade,2022,2022,6794,Total,95251,Total,100362,Total
6,Município,2,%,93.88,3512209,Conchal - SP,2513,Taxa de alfabetização das pessoas de 15 anos ou mais de idade,2022,2022,6794,Total,95251,Total,100362,Total
6,Município,2,%,96.19,3512308,Conchas - SP,2513,Taxa de alfabetização das pessoas de 15 anos ou mais de idade,2022,2022,6794,Total,95251,Total,100362,Total
6,Município,2,%,97.08,3512407,Cordeirópolis - SP,2513,Taxa de alfabetização das pessoas de 15 anos ou mais de idade,2022,2022,6794,Total,95251,Total,100362,Total
6,Município,2,%,95.78,3512506,Coroados - SP,2513,Taxa de alfabetização das pessoas de 15 anos ou mais de idade,2022,2022,6794,Total,95251,Total,100362,Total
6,Município,2,%,91.25,3512605,Coronel Macedo - SP,2513,Taxa de alfabetização das pessoas de 15 anos ou mais de idade,2022,2022,6794,Total,95251,Total,100362,Total
6,Município,2,%,94.86,3512704,Corumbataí - SP,2513,Taxa de alfabetização das pessoas de 15 anos ou mais de idade,2022,2022,6794,Total,95251,Total,100362,Total
6,Município,2,%,96.64,3512803,Cosmópolis - SP,2513,Taxa de alfabetização das pessoas de 15 anos ou mais de idade,2022,2022,6794,Total,95251,Total,100362,Total
6,Município,2,%,94,3512902,Cosmorama - SP,2513,Taxa de alfabetização das pessoas de 15 anos ou mais de idade,2022,2022,6794,Total,95251,Total,100362,Total
6,Município,2,%,96.94,3513009,Cotia - SP,2513,Taxa de alfabetização das pessoas de 15 anos ou mais de idade,2022,2022,6794,Total,95251,Total,100362,Total
6,Município,2,%,95.88,3513108,Cravinhos - SP,2513,Taxa de alfabetização das pessoas de 15 anos ou mais de idade,2022,2022,6794,Total,95251,Total,100362,Total
6,Município,2,%,94.3,3513207,Cristais Paulista - SP,2513,Taxa de alfabetização das pessoas de 15 anos ou mais de idade,2022,2022,6794,Total,95251,Total,100362,Total
6,Município,2,%,94.57,3513306,Cruzália - SP,2513,Taxa de alfabetização das pessoas de 15 anos ou mais de idade,2022,2022,6794,Total,95251,Total,100362,Total
6,Município,2,%,97.74,3513405,Cruzeiro - SP,2513,Taxa de alfabetização das pessoas de 15 anos ou mais de idade,2022,2022,6794,Total,95251,Total,100362,Total
6,Município,2,%,95.45,3513504,Cubatão - SP,2513,Taxa de alfabetização das pessoas de 15 anos ou mais de idade,2022,2022,6794,Total,95251,Total,100362,Total
6,Município,2,%,93.26,3513603,Cunha - SP,2513,Taxa de alfabetização das pessoas de 15 anos ou mais de idade,2022,2022,6794,Total,95251,Total,100362,Total
6,Município,2,%,96.19,3513702,Descalvado - SP,2513,Taxa de alfabetização das pessoas de 15 anos ou mais de idade,2022,2022,6794,Total,95251,Total,100362,Total
6,Município,2,%,96.78,3513801,Diadema - SP,2513,Taxa de alfabetização das pessoas de 15 anos ou mais de idade,2022,2022,6794,Total,95251,Total,100362,Total
6,Município,2,%,90.72,3513850,Dirce Reis - SP,2513,Taxa de alfabetização das pessoas de 15 anos ou mais de idade,2022,2022,6794,Total,95251,Total,100362,Total
6,Município,2,%,95.06,3513900,Divinolândia - SP,2513,Taxa de alfabetização das pessoas de 15 anos ou mais de idade,2022,2022,6794,Total,95251,Total,100362,Total
6,Município,2,%,90.77,3514007,Dobrada - SP,2513,Taxa de alfabetização das pessoas de 15 anos ou mais de idade,2022,2022,6794,Total,95251,Total,100362,Total
6,Município,2,%,94.19,3514106,Dois Córregos - SP,2513,Taxa de alfabetização das pessoas de 15 anos ou mais de idade,2022,2022,6794,Total,95251,Total,100362,Total
6,Município,2,%,92.44,3514205,Dolcinópolis - SP,2513,Taxa de alfabetização das pessoas de 15 anos ou mais de idade,2022,2022,6794,Total,95251,Total,100362,Total
6,Município,2,%,95.13,3514304,Dourado - SP,2513,Taxa de alfabetização das pessoas de 15 anos ou mais de idade,2022,2022,6794,Total,95251,Total,100362,Total
6,Município,2,%,96.53,3514403,Dracena - SP,2513,Taxa de alfabetização das pessoas de 15 anos ou mais de idade,2022,2022,6794,Total,95251,Total,100362,Total
6,Município,2,%,95.73,3514502,Duartina - SP,2513,Taxa de alfabetização das pessoas de 15 anos ou mais de idade,2022,2022,6794,Total,95251,Total,100362,Total
6,Município,2,%,96.08,3514601,Dumont - SP,2513,Taxa de alfabetização das pessoas de 15 anos ou mais de idade,2022,2022,6794,Total,95251,Total,100362,Total
6,Município,2,%,94.69,3514700,Echaporã - SP,2513,Taxa de alfabetização das pessoas de 15 anos ou mais de idade,2022,2022,6794,Total,95251,Total,100362,Total
6,Município,2,%,92.38,3514809,Eldorado - SP,2513,Taxa de alfabetização das pessoas de 15 anos ou mais de idade,2022,2022,6794,Total,95251,Total,100362,Total
6,Município,2,%,94.67,3514908,Elias Fausto - SP,2513,Taxa de alfabetização das pessoas de 15 anos ou mais de idade,2022,2022,6794,Total,95251,Total,100362,Total
6,Município,2,%,93.67,3514924,Elisiário - SP,2513,Taxa de alfabetização das pessoas de 15 anos ou mais de idade,2022,2022,6794,Total,95251,Total,100362,Total
6,Município,2,%,93.81,3514957,Embaúba - SP,2513,Taxa de alfabetização das pessoas de 15 anos ou mais de idade,2022,2022,6794,Total,95251,Total,100362,Total
6,Município,2,%,95.75,3515004,Embu das Artes - SP,2513,Taxa de alfabetização das pessoas de 15 anos ou mais de idade,2022,2022,6794,Total,95251,Total,100362,Total
6,Município,2,%,95.43,3515103,Embu-Guaçu - SP,2513,Taxa de alfabetização das pessoas de 15 anos ou mais de idade,2022,2022,6794,Total,95251,Total,100362,Total
6,Município,2,%,92.43,3515129,Emilianópolis - SP,2513,Taxa de alfabetização das pessoas de 15 anos ou mais de idade,2022,2022,6794,Total,95251,Total,100362,Total
6,Município,2,%,94.26,3515152,Engenheiro Coelho - SP,2513,Taxa de alfabetização das pessoas de 15 anos ou mais de idade,2022,2022,6794,Total,95251,Total,100362,Total
6,Município,2,%,96.01,3515186,Espírito Santo do Pinhal - SP,2513,Taxa de alfabetização das pessoas de 15 anos ou mais de idade,2022,2022,6794,Total,95251,Total,100362,Total
6,Município,2,%,91.66,3515194,Espírito Santo do Turvo - SP,2513,Taxa de alfabetização das pessoas de 15 anos ou mais de idade,2022,2022,6794,Total,95251,Total,100362,Total
6,Município,2,%,94.05,3515202,Estrela d'Oeste - SP,2513,Taxa de alfabetização das pessoas de 15 anos ou mais de idade,2022,2022,6794,Total,95251,Total,100362,Total
6,Município,2,%,92.42,3515301,Estrela do Norte - SP,2513,Taxa de alfabetização das pessoas de 15 anos ou mais de idade,2022,2022,6794,Total,95251,Total,100362,Total
6,Município,2,%,88.36,3515350,Euclides da Cunha Paulista - SP,2513,Taxa de alfabetização das pessoas de 15 anos ou mais de idade,2022,2022,6794,Total,95251,Total,100362,Total
6,Município,2,%,95.36,3515400,Fartura - SP,2513,Taxa de alfabetização das pessoas de 15 anos ou mais de idade,2022,2022,6794,Total,95251,Total,100362,Total
6,Município,2,%,96.22,3515509,Fernandópolis - SP,2513,Taxa de alfabetização das pessoas de 15 anos ou mais de idade,2022,2022,6794,Total,95251,Total,100362,Total
6,Município,2,%,93.65,3515608,Fernando Prestes - SP,2513,Taxa de alfabetização das pessoas de 15 anos ou mais de idade,2022,2022,6794,Total,95251,Total,100362,Total
6,Município,2,%,94.95,3515657,Fernão - SP,2513,Taxa de alfabetização das pessoas de 15 anos ou mais de idade,2022,2022,6794,Total,95251,Total,100362,Total
6,Município,2,%,96.15,3515707,Ferraz de Vasconcelos - SP,2513,Taxa de alfabetização das pessoas de 15 anos ou mais de idade,2022,2022,6794,Total,95251,Total,100362,Total
6,Município,2,%,91.82,3515806,Flora Rica - SP,2513,Taxa de alfabetização das pessoas de 15 anos ou mais de idade,2022,2022,6794,Total,95251,Total,100362,Total
6,Município,2,%,93.7,3515905,Floreal - SP,2513,Taxa de alfabetização das pessoas de 15 anos ou mais de idade,2022,2022,6794,Total,95251,Total,100362,Total
6,Município,2,%,94.71,3516002,Flórida Paulista - SP,2513,Taxa de alfabetização das pessoas de 15 anos ou mais de idade,2022,2022,6794,Total,95251,Total,100362,Total
6,Município,2,%,93.24,3516101,Florínea - SP,2513,Taxa de alfabetização das pessoas de 15 anos ou mais de idade,2022,2022,6794,Total,95251,Total,100362,Total
6,Município,2,%,97.88,3516200,Franca - SP,2513,Taxa de alfabetização das pessoas de 15 anos ou mais de idade,2022,2022,6794,Total,95251,Total,100362,Total
6,Município,2,%,94.88,3516309,Francisco Morato - SP,2513,Taxa de alfabetização das pessoas de 15 anos ou mais de idade,2022,2022,6794,Total,95251,Total,100362,Total
6,Município,2,%,95.96,3516408,Franco da Rocha - SP,2513,Taxa de alfabetização das pessoas de 15 anos ou mais de idade,2022,2022,6794,Total,95251,Total,100362,Total
6,Município,2,%,94.75,3516507,Gabriel Monteiro - SP,2513,Taxa de alfabetização das pessoas de 15 anos ou mais de idade,2022,2022,6794,Total,95251,Total,100362,Total
6,Município,2,%,93.43,3516606,Gália - SP,2513,Taxa de alfabetização das pessoas de 15 anos ou mais de idade,2022,2022,6794,Total,95251,Total,100362,Total
6,Município,2,%,95.89,3516705,Garça - SP,2513,Taxa de alfabetização das pessoas de 15 anos ou mais de idade,2022,2022,6794,Total,95251,Total,100362,Total
6,Município,2,%,90.92,3516804,Gastão Vidigal - SP,2513,Taxa de alfabetização das pessoas de 15 anos ou mais de idade,2022,2022,6794,Total,95251,Total,100362,Total
6,Município,2,%,94.26,3516853,Gavião Peixoto - SP,2513,Taxa de alfabetização das pessoas de 15 anos ou mais de idade,2022,2022,6794,Total,95251,Total,100362,Total
6,Município,2,%,93.79,3516903,General Salgado - SP,2513,Taxa de alfabetização das pessoas de 15 anos ou mais de idade,2022,2022,6794,Total,95251,Total,100362,Total
6,Município,2,%,94.52,3517000,Getulina - SP,2513,Taxa de alfabetização das pessoas de 15 anos ou mais de idade,2022,2022,6794,Total,95251,Total,100362,Total
6,Município,2,%,94.08,3517109,Glicério - SP,2513,Taxa de alfabetização das pessoas de 15 anos ou mais de idade,2022,2022,6794,Total,95251,Total,100362,Total
6,Município,2,%,95.56,3517208,Guaiçara - SP,2513,Taxa de alfabetização das pessoas de 15 anos ou mais de idade,2022,2022,6794,Total,95251,Total,100362,Total
6,Município,2,%,92.83,3517307,Guaimbê - SP,2513,Taxa de alfabetização das pessoas de 15 anos ou mais de idade,2022,2022,6794,Total,95251,Total,100362,Total
6,Município,2,%,96.07,3517406,Guaíra - SP,2513,Taxa de alfabetização das pessoas de 15 anos ou mais de idade,2022,2022,6794,Total,95251,Total,100362,Total
6,Município,2,%,95.26,3517505,Guapiaçu - SP,2513,Taxa de alfabetização das pessoas de 15 anos ou mais de idade,2022,2022,6794,Total,95251,Total,100362,Total
6,Município,2,%,91.3,3517604,Guapiara - SP,2513,Taxa de alfabetização das pessoas de 15 anos ou mais de idade,2022,2022,6794,Total,95251,Total,100362,Total
6,Município,2,%,93.72,3517703,Guará - SP,2513,Taxa de alfabetização das pessoas de 15 anos ou mais de idade,2022,2022,6794,Total,95251,Total,100362,Total
6,Município,2,%,93.2,3517802,Guaraçaí - SP,2513,Taxa de alfabetização das pessoas de 15 anos ou mais de idade,2022,2022,6794,Total,95251,Total,100362,Total
6,Município,2,%,93.48,3517901,Guaraci - SP,2513,Taxa de alfabetização das pessoas de 15 anos ou mais de idade,2022,2022,6794,Total,95251,Total,100362,Total
6,Município,2,%,91.89,3518008,Guarani d'Oeste - SP,2513,Taxa de alfabetização das pessoas de 15 anos ou mais de idade,2022,2022,6794,Total,95251,Total,100362,Total
6,Município,2,%,92.76,3518107,Guarantã - SP,2513,Taxa de alfabetização das pessoas de 15 anos ou mais de idade,2022,2022,6794,Total,95251,Total,100362,Total
6,Município,2,%,95.22,3518206,Guararapes - SP,2513,Taxa de alfabetização das pessoas de 15 anos ou mais de idade,2022,2022,6794,Total,95251,Total,100362,Total
6,Município,2,%,95.21,3518305,Guararema - SP,2513,Taxa de alfabetização das pessoas de 15 anos ou mais de idade,2022,2022,6794,Total,95251,Total,100362,Total
6,Município,2,%,97.67,3518404,Guaratinguetá - SP,2513,Taxa de alfabetização das pessoas de 15 anos ou mais de idade,2022,2022,6794,Total,95251,Total,100362,Total
6,Município,2,%,95.07,3518503,Guareí - SP,2513,Taxa de alfabetização das pessoas de 15 anos ou mais de idade,2022,2022,6794,Total,95251,Total,100362,Total
6,Município,2,%,94.05,3518602,Guariba - SP,2513,Taxa de alfabetização das pessoas de 15 anos ou mais de idade,2022,2022,6794,Total,95251,Total,100362,Total
6,Município,2,%,96.15,3518701,Guarujá - SP,2513,Taxa de alfabetização das pessoas de 15 anos ou mais de idade,2022,2022,6794,Total,95251,Total,100362,Total
6,Município,2,%,96.78,3518800,Guarulhos - SP,2513,Taxa de alfabetização das pessoas de 15 anos ou mais de idade,2022,2022,6794,Total,95251,Total,100362,Total
6,Município,2,%,93.33,3518859,Guatapará - SP,2513,Taxa de alfabetização das pessoas de 15 anos ou mais de idade,2022,2022,6794,Total,95251,Total,100362,Total
6,Município,2,%,90.03,3518909,Guzolândia - SP,2513,Taxa de alfabetização das pessoas de 15 anos ou mais de idade,2022,2022,6794,Total,95251,Total,100362,Total
6,Município,2,%,94.53,3519006,Herculândia - SP,2513,Taxa de alfabetização das pessoas de 15 anos ou mais de idade,2022,2022,6794,Total,95251,Total,100362,Total
6,Município,2,%,96.51,3519055,Holambra - SP,2513,Taxa de alfabetização das pessoas de 15 anos ou mais de idade,2022,2022,6794,Total,95251,Total,100362,Total
6,Município,2,%,96.93,3519071,Hortolândia - SP,2513,Taxa de alfabetização das pessoas de 15 anos ou mais de idade,2022,2022,6794,Total,95251,Total,100362,Total
6,Município,2,%,96.52,3519105,Iacanga - SP,2513,Taxa de alfabetização das pessoas de 15 anos ou mais de idade,2022,2022,6794,Total,95251,Total,100362,Total
6,Município,2,%,93.42,3519204,Iacri - SP,2513,Taxa de alfabetização das pessoas de 15 anos ou mais de idade,2022,2022,6794,Total,95251,Total,100362,Total
6,Município,2,%,94.63,3519253,Iaras - SP,2513,Taxa de alfabetização das pessoas de 15 anos ou mais de idade,2022,2022,6794,Total,95251,Total,100362,Total
6,Município,2,%,95.08,3519303,Ibaté - SP,2513,Taxa de alfabetização das pessoas de 15 anos ou mais de idade,2022,2022,6794,Total,95251,Total,100362,Total
6,Município,2,%,94.85,3519402,Ibirá - SP,2513,Taxa de alfabetização das pessoas de 15 anos ou mais de idade,2022,2022,6794,Total,95251,Total,100362,Total
6,Município,2,%,94.59,3519501,Ibirarema - SP,2513,Taxa de alfabetização das pessoas de 15 anos ou mais de idade,2022,2022,6794,Total,95251,Total,100362,Total
6,Município,2,%,96.45,3519600,Ibitinga - SP,2513,Taxa de alfabetização das pessoas de 15 anos ou mais de idade,2022,2022,6794,Total,95251,Total,100362,Total
6,Município,2,%,93.94,3519709,Ibiúna - SP,2513,Taxa de alfabetização das pessoas de 15 anos ou mais de idade,2022,2022,6794,Total,95251,Total,100362,Total
6,Município,2,%,95.39,3519808,Icém - SP,2513,Taxa de alfabetização das pessoas de 15 anos ou mais de idade,2022,2022,6794,Total,95251,Total,100362,Total
6,Município,2,%,95.12,3519907,Iepê - SP,2513,Taxa de alfabetização das pessoas de 15 anos ou mais de idade,2022,2022,6794,Total,95251,Total,100362,Total
6,Município,2,%,94.19,3520004,Igaraçu do Tietê - SP,2513,Taxa de alfabetização das pessoas de 15 anos ou mais de idade,2022,2022,6794,Total,95251,Total,100362,Total
6,Município,2,%,94.84,3520103,Igarapava - SP,2513,Taxa de alfabetização das pessoas de 15 anos ou mais de idade,2022,2022,6794,Total,95251,Total,100362,Total
6,Município,2,%,92.85,3520202,Igaratá - SP,2513,Taxa de alfabetização das pessoas de 15 anos ou mais de idade,2022,2022,6794,Total,95251,Total,100362,Total
6,Município,2,%,94.18,3520301,Iguape - SP,2513,Taxa de alfabetização das pessoas de 15 anos ou mais de idade,2022,2022,6794,Total,95251,Total,100362,Total
6,Município,2,%,96.72,3520400,Ilhabela - SP,2513,Taxa de alfabetização das pessoas de 15 anos ou mais de idade,2022,2022,6794,Total,95251,Total,100362,Total
6,Município,2,%,95.84,3520426,Ilha Comprida - SP,2513,Taxa de alfabetização das pessoas de 15 anos ou mais de idade,2022,2022,6794,Total,95251,Total,100362,Total
6,Município,2,%,96.63,3520442,Ilha Solteira - SP,2513,Taxa de alfabetização das pessoas de 15 anos ou mais de idade,2022,2022,6794,Total,95251,Total,100362,Total
6,Município,2,%,97.88,3520509,Indaiatuba - SP,2513,Taxa de alfabetização das pessoas de 15 anos ou mais de idade,2022,2022,6794,Total,95251,Total,100362,Total
6,Município,2,%,95.47,3520608,Indiana - SP,2513,Taxa de alfabetização das pessoas de 15 anos ou mais de idade,2022,2022,6794,Total,95251,Total,100362,Total
6,Município,2,%,91.57,3520707,Indiaporã - SP,2513,Taxa de alfabetização das pessoas de 15 anos ou mais de idade,2022,2022,6794,Total,95251,Total,100362,Total
6,Município,2,%,94.03,3520806,Inúbia Paulista - SP,2513,Taxa de alfabetização das pessoas de 15 anos ou mais de idade,2022,2022,6794,Total,95251,Total,100362,Total
6,Município,2,%,95.44,3520905,Ipaussu - SP,2513,Taxa de alfabetização das pessoas de 15 anos ou mais de idade,2022,2022,6794,Total,95251,Total,100362,Total
6,Município,2,%,95.97,3521002,Iperó - SP,2513,Taxa de alfabetização das pessoas de 15 anos ou mais de idade,2022,2022,6794,Total,95251,Total,100362,Total
6,Município,2,%,95.56,3521101,Ipeúna - SP,2513,Taxa de alfabetização das pessoas de 15 anos ou mais de idade,2022,2022,6794,Total,95251,Total,100362,Total
6,Município,2,%,95.98,3521150,Ipiguá - SP,2513,Taxa de alfabetização das pessoas de 15 anos ou mais de idade,2022,2022,6794,Total,95251,Total,100362,Total
6,Município,2,%,93.31,3521200,Iporanga - SP,2513,Taxa de alfabetização das pessoas de 15 anos ou mais de idade,2022,2022,6794,Total,95251,Total,100362,Total
6,Município,2,%,94.77,3521309,Ipuã - SP,2513,Taxa de alfabetização das pessoas de 15 anos ou mais de idade,2022,2022,6794,Total,95251,Total,100362,Total
6,Município,2,%,97.13,3521408,Iracemápolis - SP,2513,Taxa de alfabetização das pessoas de 15 anos ou mais de idade,2022,2022,6794,Total,95251,Total,100362,Total
6,Município,2,%,92.93,3521507,Irapuã - SP,2513,Taxa de alfabetização das pessoas de 15 anos ou mais de idade,2022,2022,6794,Total,95251,Total,100362,Total
6,Município,2,%,94.2,3521606,Irapuru - SP,2513,Taxa de alfabetização das pessoas de 15 anos ou mais de idade,2022,2022,6794,Total,95251,Total,100362,Total
6,Município,2,%,94.59,3521705,Itaberá - SP,2513,Taxa de alfabetização das pessoas de 15 anos ou mais de idade,2022,2022,6794,Total,95251,Total,100362,Total
6,Município,2,%,93.88,3521804,Itaí - SP,2513,Taxa de alfabetização das pessoas de 15 anos ou mais de idade,2022,2022,6794,Total,95251,Total,100362,Total
6,Município,2,%,95.56,3521903,Itajobi - SP,2513,Taxa de alfabetização das pessoas de 15 anos ou mais de idade,2022,2022,6794,Total,95251,Total,100362,Total
6,Município,2,%,94.82,3522000,Itaju - SP,2513,Taxa de alfabetização das pessoas de 15 anos ou mais de idade,2022,2022,6794,Total,95251,Total,100362,Total
6,Município,2,%,95.92,3522109,Itanhaém - SP,2513,Taxa de alfabetização das pessoas de 15 anos ou mais de idade,2022,2022,6794,Total,95251,Total,100362,Total
6,Município,2,%,90.08,3522158,Itaoca - SP,2513,Taxa de alfabetização das pessoas de 15 anos ou mais de idade,2022,2022,6794,Total,95251,Total,100362,Total
6,Município,2,%,95.52,3522208,Itapecerica da Serra - SP,2513,Taxa de alfabetização das pessoas de 15 anos ou mais de idade,2022,2022,6794,Total,95251,Total,100362,Total
6,Município,2,%,96.87,3522307,Itapetininga - SP,2513,Taxa de alfabetização das pessoas de 15 anos ou mais de idade,2022,2022,6794,Total,95251,Total,100362,Total
6,Município,2,%,95.59,3522406,Itapeva - SP,2513,Taxa de alfabetização das pessoas de 15 anos ou mais de idade,2022,2022,6794,Total,95251,Total,100362,Total
6,Município,2,%,96.31,3522505,Itapevi - SP,2513,Taxa de alfabetização das pessoas de 15 anos ou mais de idade,2022,2022,6794,Total,95251,Total,100362,Total
6,Município,2,%,96.41,3522604,Itapira - SP,2513,Taxa de alfabetização das pessoas de 15 anos ou mais de idade,2022,2022,6794,Total,95251,Total,100362,Total
6,Município,2,%,90.09,3522653,Itapirapuã Paulista - SP,2513,Taxa de alfabetização das pessoas de 15 anos ou mais de idade,2022,2022,6794,Total,95251,Total,100362,Total
6,Município,2,%,95.15,3522703,Itápolis - SP,2513,Taxa de alfabetização das pessoas de 15 anos ou mais de idade,2022,2022,6794,Total,95251,Total,100362,Total
6,Município,2,%,92.35,3522802,Itaporanga - SP,2513,Taxa de alfabetização das pessoas de 15 anos ou mais de idade,2022,2022,6794,Total,95251,Total,100362,Total
6,Município,2,%,94.82,3522901,Itapuí - SP,2513,Taxa de alfabetização das pessoas de 15 anos ou mais de idade,2022,2022,6794,Total,95251,Total,100362,Total
6,Município,2,%,93.28,3523008,Itapura - SP,2513,Taxa de alfabetização das pessoas de 15 anos ou mais de idade,2022,2022,6794,Total,95251,Total,100362,Total
6,Município,2,%,95.3,3523107,Itaquaquecetuba - SP,2513,Taxa de alfabetização das pessoas de 15 anos ou mais de idade,2022,2022,6794,Total,95251,Total,100362,Total
6,Município,2,%,95.61,3523206,Itararé - SP,2513,Taxa de alfabetização das pessoas de 15 anos ou mais de idade,2022,2022,6794,Total,95251,Total,100362,Total
6,Município,2,%,93.93,3523305,Itariri - SP,2513,Taxa de alfabetização das pessoas de 15 anos ou mais de idade,2022,2022,6794,Total,95251,Total,100362,Total
6,Município,2,%,97.41,3523404,Itatiba - SP,2513,Taxa de alfabetização das pessoas de 15 anos ou mais de idade,2022,2022,6794,Total,95251,Total,100362,Total
6,Município,2,%,94.27,3523503,Itatinga - SP,2513,Taxa de alfabetização das pessoas de 15 anos ou mais de idade,2022,2022,6794,Total,95251,Total,100362,Total
6,Município,2,%,96.51,3523602,Itirapina - SP,2513,Taxa de alfabetização das pessoas de 15 anos ou mais de idade,2022,2022,6794,Total,95251,Total,100362,Total
6,Município,2,%,93.82,3523701,Itirapuã - SP,2513,Taxa de alfabetização das pessoas de 15 anos ou mais de idade,2022,2022,6794,Total,95251,Total,100362,Total
6,Município,2,%,94.21,3523800,Itobi - SP,2513,Taxa de alfabetização das pessoas de 15 anos ou mais de idade,2022,2022,6794,Total,95251,Total,100362,Total
6,Município,2,%,96.51,3523909,Itu - SP,2513,Taxa de alfabetização das pessoas de 15 anos ou mais de idade,2022,2022,6794,Total,95251,Total,100362,Total
6,Município,2,%,97.41,3524006,Itupeva - SP,2513,Taxa de alfabetização das pessoas de 15 anos ou mais de idade,2022,2022,6794,Total,95251,Total,100362,Total
6,Município,2,%,95.44,3524105,Ituverava - SP,2513,Taxa de alfabetização das pessoas de 15 anos ou mais de idade,2022,2022,6794,Total,95251,Total,100362,Total
6,Município,2,%,95.01,3524204,Jaborandi - SP,2513,Taxa de alfabetização das pessoas de 15 anos ou mais de idade,2022,2022,6794,Total,95251,Total,100362,Total
6,Município,2,%,96.57,3524303,Jaboticabal - SP,2513,Taxa de alfabetização das pessoas de 15 anos ou mais de idade,2022,2022,6794,Total,95251,Total,100362,Total
6,Município,2,%,97.3,3524402,Jacareí - SP,2513,Taxa de alfabetização das pessoas de 15 anos ou mais de idade,2022,2022,6794,Total,95251,Total,100362,Total
6,Município,2,%,93.43,3524501,Jaci - SP,2513,Taxa de alfabetização das pessoas de 15 anos ou mais de idade,2022,2022,6794,Total,95251,Total,100362,Total
6,Município,2,%,94.44,3524600,Jacupiranga - SP,2513,Taxa de alfabetização das pessoas de 15 anos ou mais de idade,2022,2022,6794,Total,95251,Total,100362,Total
6,Município,2,%,97.5,3524709,Jaguariúna - SP,2513,Taxa de alfabetização das pessoas de 15 anos ou mais de idade,2022,2022,6794,Total,95251,Total,100362,Total
6,Município,2,%,96.27,3524808,Jales - SP,2513,Taxa de alfabetização das pessoas de 15 anos ou mais de idade,2022,2022,6794,Total,95251,Total,100362,Total
6,Município,2,%,94.16,3524907,Jambeiro - SP,2513,Taxa de alfabetização das pessoas de 15 anos ou mais de idade,2022,2022,6794,Total,95251,Total,100362,Total
6,Município,2,%,96.95,3525003,Jandira - SP,2513,Taxa de alfabetização das pessoas de 15 anos ou mais de idade,2022,2022,6794,Total,95251,Total,100362,Total
6,Município,2,%,96.11,3525102,Jardinópolis - SP,2513,Taxa de alfabetização das pessoas de 15 anos ou mais de idade,2022,2022,6794,Total,95251,Total,100362,Total
6,Município,2,%,96.08,3525201,Jarinu - SP,2513,Taxa de alfabetização das pessoas de 15 anos ou mais de idade,2022,2022,6794,Total,95251,Total,100362,Total
6,Município,2,%,96.92,3525300,Jaú - SP,2513,Taxa de alfabetização das pessoas de 15 anos ou mais de idade,2022,2022,6794,Total,95251,Total,100362,Total
6,Município,2,%,94.33,3525409,Jeriquara - SP,2513,Taxa de alfabetização das pessoas de 15 anos ou mais de idade,2022,2022,6794,Total,95251,Total,100362,Total
6,Município,2,%,93.62,3525508,Joanópolis - SP,2513,Taxa de alfabetização das pessoas de 15 anos ou mais de idade,2022,2022,6794,Total,95251,Total,100362,Total
6,Município,2,%,90.98,3525607,João Ramalho - SP,2513,Taxa de alfabetização das pessoas de 15 anos ou mais de idade,2022,2022,6794,Total,95251,Total,100362,Total
6,Município,2,%,95.96,3525706,José Bonifácio - SP,2513,Taxa de alfabetização das pessoas de 15 anos ou mais de idade,2022,2022,6794,Total,95251,Total,100362,Total
6,Município,2,%,93.8,3525805,Júlio Mesquita - SP,2513,Taxa de alfabetização das pessoas de 15 anos ou mais de idade,2022,2022,6794,Total,95251,Total,100362,Total
6,Município,2,%,96.27,3525854,Jumirim - SP,2513,Taxa de alfabetização das pessoas de 15 anos ou mais de idade,2022,2022,6794,Total,95251,Total,100362,Total
6,Município,2,%,97.98,3525904,Jundiaí - SP,2513,Taxa de alfabetização das pessoas de 15 anos ou mais de idade,2022,2022,6794,Total,95251,Total,100362,Total
6,Município,2,%,95.28,3526001,Junqueirópolis - SP,2513,Taxa de alfabetização das pessoas de 15 anos ou mais de idade,2022,2022,6794,Total,95251,Total,100362,Total
6,Município,2,%,93.08,3526100,Juquiá - SP,2513,Taxa de alfabetização das pessoas de 15 anos ou mais de idade,2022,2022,6794,Total,95251,Total,100362,Total
6,Município,2,%,92.18,3526209,Juquitiba - SP,2513,Taxa de alfabetização das pessoas de 15 anos ou mais de idade,2022,2022,6794,Total,95251,Total,100362,Total
6,Município,2,%,93.87,3526308,Lagoinha - SP,2513,Taxa de alfabetização das pessoas de 15 anos ou mais de idade,2022,2022,6794,Total,95251,Total,100362,Total
6,Município,2,%,96.6,3526407,Laranjal Paulista - SP,2513,Taxa de alfabetização das pessoas de 15 anos ou mais de idade,2022,2022,6794,Total,95251,Total,100362,Total
6,Município,2,%,96.52,3526506,Lavínia - SP,2513,Taxa de alfabetização das pessoas de 15 anos ou mais de idade,2022,2022,6794,Total,95251,Total,100362,Total
6,Município,2,%,95.69,3526605,Lavrinhas - SP,2513,Taxa de alfabetização das pessoas de 15 anos ou mais de idade,2022,2022,6794,Total,95251,Total,100362,Total
6,Município,2,%,95.38,3526704,Leme - SP,2513,Taxa de alfabetização das pessoas de 15 anos ou mais de idade,2022,2022,6794,Total,95251,Total,100362,Total
6,Município,2,%,96.56,3526803,Lençóis Paulista - SP,2513,Taxa de alfabetização das pessoas de 15 anos ou mais de idade,2022,2022,6794,Total,95251,Total,100362,Total
6,Município,2,%,97.2,3526902,Limeira - SP,2513,Taxa de alfabetização das pessoas de 15 anos ou mais de idade,2022,2022,6794,Total,95251,Total,100362,Total
6,Município,2,%,96.52,3527009,Lindóia - SP,2513,Taxa de alfabetização das pessoas de 15 anos ou mais de idade,2022,2022,6794,Total,95251,Total,100362,Total
6,Município,2,%,97.01,3527108,Lins - SP,2513,Taxa de alfabetização das pessoas de 15 anos ou mais de idade,2022,2022,6794,Total,95251,Total,100362,Total
6,Município,2,%,97.24,3527207,Lorena - SP,2513,Taxa de alfabetização das pessoas de 15 anos ou mais de idade,2022,2022,6794,Total,95251,Total,100362,Total
6,Município,2,%,89.82,3527256,Lourdes - SP,2513,Taxa de alfabetização das pessoas de 15 anos ou mais de idade,2022,2022,6794,Total,95251,Total,100362,Total
6,Município,2,%,96.53,3527306,Louveira - SP,2513,Taxa de alfabetização das pessoas de 15 anos ou mais de idade,2022,2022,6794,Total,95251,Total,100362,Total
6,Município,2,%,95.01,3527405,Lucélia - SP,2513,Taxa de alfabetização das pessoas de 15 anos ou mais de idade,2022,2022,6794,Total,95251,Total,100362,Total
6,Município,2,%,93.24,3527504,Lucianópolis - SP,2513,Taxa de alfabetização das pessoas de 15 anos ou mais de idade,2022,2022,6794,Total,95251,Total,100362,Total
6,Município,2,%,95.66,3527603,Luís Antônio - SP,2513,Taxa de alfabetização das pessoas de 15 anos ou mais de idade,2022,2022,6794,Total,95251,Total,100362,Total
6,Município,2,%,92.51,3527702,Luiziânia - SP,2513,Taxa de alfabetização das pessoas de 15 anos ou mais de idade,2022,2022,6794,Total,95251,Total,100362,Total
6,Município,2,%,91.68,3527801,Lupércio - SP,2513,Taxa de alfabetização das pessoas de 15 anos ou mais de idade,2022,2022,6794,Total,95251,Total,100362,Total
6,Município,2,%,93.78,3527900,Lutécia - SP,2513,Taxa de alfabetização das pessoas de 15 anos ou mais de idade,2022,2022,6794,Total,95251,Total,100362,Total
6,Município,2,%,94.94,3528007,Macatuba - SP,2513,Taxa de alfabetização das pessoas de 15 anos ou mais de idade,2022,2022,6794,Total,95251,Total,100362,Total
6,Município,2,%,94.62,3528106,Macaubal - SP,2513,Taxa de alfabetização das pessoas de 15 anos ou mais de idade,2022,2022,6794,Total,95251,Total,100362,Total
6,Município,2,%,93.59,3528205,Macedônia - SP,2513,Taxa de alfabetização das pessoas de 15 anos ou mais de idade,2022,2022,6794,Total,95251,Total,100362,Total
6,Município,2,%,94.16,3528304,Magda - SP,2513,Taxa de alfabetização das pessoas de 15 anos ou mais de idade,2022,2022,6794,Total,95251,Total,100362,Total
6,Município,2,%,96.15,3528403,Mairinque - SP,2513,Taxa de alfabetização das pessoas de 15 anos ou mais de idade,2022,2022,6794,Total,95251,Total,100362,Total
6,Município,2,%,95.82,3528502,Mairiporã - SP,2513,Taxa de alfabetização das pessoas de 15 anos ou mais de idade,2022,2022,6794,Total,95251,Total,100362,Total
6,Município,2,%,95.21,3528601,Manduri - SP,2513,Taxa de alfabetização das pessoas de 15 anos ou mais de idade,2022,2022,6794,Total,95251,Total,100362,Total
6,Município,2,%,93.58,3528700,Marabá Paulista - SP,2513,Taxa de alfabetização das pessoas de 15 anos ou mais de idade,2022,2022,6794,Total,95251,Total,100362,Total
6,Município,2,%,94.84,3528809,Maracaí - SP,2513,Taxa de alfabetização das pessoas de 15 anos ou mais de idade,2022,2022,6794,Total,95251,Total,100362,Total
6,Município,2,%,94.9,3528858,Marapoama - SP,2513,Taxa de alfabetização das pessoas de 15 anos ou mais de idade,2022,2022,6794,Total,95251,Total,100362,Total
6,Município,2,%,94.75,3528908,Mariápolis - SP,2513,Taxa de alfabetização das pessoas de 15 anos ou mais de idade,2022,2022,6794,Total,95251,Total,100362,Total
6,Município,2,%,97.37,3529005,Marília - SP,2513,Taxa de alfabetização das pessoas de 15 anos ou mais de idade,2022,2022,6794,Total,95251,Total,100362,Total
6,Município,2,%,89.71,3529104,Marinópolis - SP,2513,Taxa de alfabetização das pessoas de 15 anos ou mais de idade,2022,2022,6794,Total,95251,Total,100362,Total
6,Município,2,%,94.09,3529203,Martinópolis - SP,2513,Taxa de alfabetização das pessoas de 15 anos ou mais de idade,2022,2022,6794,Total,95251,Total,100362,Total
6,Município,2,%,96.26,3529302,Matão - SP,2513,Taxa de alfabetização das pessoas de 15 anos ou mais de idade,2022,2022,6794,Total,95251,Total,100362,Total
6,Município,2,%,96.74,3529401,Mauá - SP,2513,Taxa de alfabetização das pessoas de 15 anos ou mais de idade,2022,2022,6794,Total,95251,Total,100362,Total
6,Município,2,%,94.81,3529500,Mendonça - SP,2513,Taxa de alfabetização das pessoas de 15 anos ou mais de idade,2022,2022,6794,Total,95251,Total,100362,Total
6,Município,2,%,94.34,3529609,Meridiano - SP,2513,Taxa de alfabetização das pessoas de 15 anos ou mais de idade,2022,2022,6794,Total,95251,Total,100362,Total
6,Município,2,%,88.97,3529658,Mesópolis - SP,2513,Taxa de alfabetização das pessoas de 15 anos ou mais de idade,2022,2022,6794,Total,95251,Total,100362,Total
6,Município,2,%,92.55,3529708,Miguelópolis - SP,2513,Taxa de alfabetização das pessoas de 15 anos ou mais de idade,2022,2022,6794,Total,95251,Total,100362,Total
6,Município,2,%,94.11,3529807,Mineiros do Tietê - SP,2513,Taxa de alfabetização das pessoas de 15 anos ou mais de idade,2022,2022,6794,Total,95251,Total,100362,Total
6,Município,2,%,92.09,3529906,Miracatu - SP,2513,Taxa de alfabetização das pessoas de 15 anos ou mais de idade,2022,2022,6794,Total,95251,Total,100362,Total
6,Município,2,%,94.57,3530003,Mira Estrela - SP,2513,Taxa de alfabetização das pessoas de 15 anos ou mais de idade,2022,2022,6794,Total,95251,Total,100362,Total
6,Município,2,%,95.27,3530102,Mirandópolis - SP,2513,Taxa de alfabetização das pessoas de 15 anos ou mais de idade,2022,2022,6794,Total,95251,Total,100362,Total
6,Município,2,%,91.74,3530201,Mirante do Paranapanema - SP,2513,Taxa de alfabetização das pessoas de 15 anos ou mais de idade,2022,2022,6794,Total,95251,Total,100362,Total
6,Município,2,%,97.18,3530300,Mirassol - SP,2513,Taxa de alfabetização das pessoas de 15 anos ou mais de idade,2022,2022,6794,Total,95251,Total,100362,Total
6,Município,2,%,95.3,3530409,Mirassolândia - SP,2513,Taxa de alfabetização das pessoas de 15 anos ou mais de idade,2022,2022,6794,Total,95251,Total,100362,Total
6,Município,2,%,96.42,3530508,Mococa - SP,2513,Taxa de alfabetização das pessoas de 15 anos ou mais de idade,2022,2022,6794,Total,95251,Total,100362,Total
6,Município,2,%,97.07,3530607,Mogi das Cruzes - SP,2513,Taxa de alfabetização das pessoas de 15 anos ou mais de idade,2022,2022,6794,Total,95251,Total,100362,Total
6,Município,2,%,97.19,3530706,Mogi Guaçu - SP,2513,Taxa de alfabetização das pessoas de 15 anos ou mais de idade,2022,2022,6794,Total,95251,Total,100362,Total
6,Município,2,%,96.95,3530805,Mogi Mirim - SP,2513,Taxa de alfabetização das pessoas de 15 anos ou mais de idade,2022,2022,6794,Total,95251,Total,100362,Total
6,Município,2,%,92.93,3530904,Mombuca - SP,2513,Taxa de alfabetização das pessoas de 15 anos ou mais de idade,2022,2022,6794,Total,95251,Total,100362,Total
6,Município,2,%,94.22,3531001,Monções - SP,2513,Taxa de alfabetização das pessoas de 15 anos ou mais de idade,2022,2022,6794,Total,95251,Total,100362,Total
6,Município,2,%,96.17,3531100,Mongaguá - SP,2513,Taxa de alfabetização das pessoas de 15 anos ou mais de idade,2022,2022,6794,Total,95251,Total,100362,Total
6,Município,2,%,95.79,3531209,Monte Alegre do Sul - SP,2513,Taxa de alfabetização das pessoas de 15 anos ou mais de idade,2022,2022,6794,Total,95251,Total,100362,Total
6,Município,2,%,96.69,3531308,Monte Alto - SP,2513,Taxa de alfabetização das pessoas de 15 anos ou mais de idade,2022,2022,6794,Total,95251,Total,100362,Total
6,Município,2,%,96.21,3531407,Monte Aprazível - SP,2513,Taxa de alfabetização das pessoas de 15 anos ou mais de idade,2022,2022,6794,Total,95251,Total,100362,Total
6,Município,2,%,95.2,3531506,Monte Azul Paulista - SP,2513,Taxa de alfabetização das pessoas de 15 anos ou mais de idade,2022,2022,6794,Total,95251,Total,100362,Total
6,Município,2,%,92.54,3531605,Monte Castelo - SP,2513,Taxa de alfabetização das pessoas de 15 anos ou mais de idade,2022,2022,6794,Total,95251,Total,100362,Total
6,Município,2,%,91.9,3531704,Monteiro Lobato - SP,2513,Taxa de alfabetização das pessoas de 15 anos ou mais de idade,2022,2022,6794,Total,95251,Total,100362,Total
6,Município,2,%,95.58,3531803,Monte Mor - SP,2513,Taxa de alfabetização das pessoas de 15 anos ou mais de idade,2022,2022,6794,Total,95251,Total,100362,Total
6,Município,2,%,94.85,3531902,Morro Agudo - SP,2513,Taxa de alfabetização das pessoas de 15 anos ou mais de idade,2022,2022,6794,Total,95251,Total,100362,Total
6,Município,2,%,96.36,3532009,Morungaba - SP,2513,Taxa de alfabetização das pessoas de 15 anos ou mais de idade,2022,2022,6794,Total,95251,Total,100362,Total
6,Município,2,%,93,3532058,Motuca - SP,2513,Taxa de alfabetização das pessoas de 15 anos ou mais de idade,2022,2022,6794,Total,95251,Total,100362,Total
6,Município,2,%,94.34,3532108,Murutinga do Sul - SP,2513,Taxa de alfabetização das pessoas de 15 anos ou mais de idade,2022,2022,6794,Total,95251,Total,100362,Total
6,Município,2,%,92.51,3532157,Nantes - SP,2513,Taxa de alfabetização das pessoas de 15 anos ou mais de idade,2022,2022,6794,Total,95251,Total,100362,Total
6,Município,2,%,93.9,3532207,Narandiba - SP,2513,Taxa de alfabetização das pessoas de 15 anos ou mais de idade,2022,2022,6794,Total,95251,Total,100362,Total
6,Município,2,%,89.4,3532306,Natividade da Serra - SP,2513,Taxa de alfabetização das pessoas de 15 anos ou mais de idade,2022,2022,6794,Total,95251,Total,100362,Total
6,Município,2,%,92.91,3532405,Nazaré Paulista - SP,2513,Taxa de alfabetização das pessoas de 15 anos ou mais de idade,2022,2022,6794,Total,95251,Total,100362,Total
6,Município,2,%,95.08,3532504,Neves Paulista - SP,2513,Taxa de alfabetização das pessoas de 15 anos ou mais de idade,2022,2022,6794,Total,95251,Total,100362,Total
6,Município,2,%,94.4,3532603,Nhandeara - SP,2513,Taxa de alfabetização das pessoas de 15 anos ou mais de idade,2022,2022,6794,Total,95251,Total,100362,Total
6,Município,2,%,92.91,3532702,Nipoã - SP,2513,Taxa de alfabetização das pessoas de 15 anos ou mais de idade,2022,2022,6794,Total,95251,Total,100362,Total
6,Município,2,%,95.4,3532801,Nova Aliança - SP,2513,Taxa de alfabetização das pessoas de 15 anos ou mais de idade,2022,2022,6794,Total,95251,Total,100362,Total
6,Município,2,%,92.23,3532827,Nova Campina - SP,2513,Taxa de alfabetização das pessoas de 15 anos ou mais de idade,2022,2022,6794,Total,95251,Total,100362,Total
6,Município,2,%,94.22,3532843,Nova Canaã Paulista - SP,2513,Taxa de alfabetização das pessoas de 15 anos ou mais de idade,2022,2022,6794,Total,95251,Total,100362,Total
6,Município,2,%,95.9,3532868,Nova Castilho - SP,2513,Taxa de alfabetização das pessoas de 15 anos ou mais de idade,2022,2022,6794,Total,95251,Total,100362,Total
6,Município,2,%,94.53,3532900,Nova Europa - SP,2513,Taxa de alfabetização das pessoas de 15 anos ou mais de idade,2022,2022,6794,Total,95251,Total,100362,Total
6,Município,2,%,94.67,3533007,Nova Granada - SP,2513,Taxa de alfabetização das pessoas de 15 anos ou mais de idade,2022,2022,6794,Total,95251,Total,100362,Total
6,Município,2,%,89.96,3533106,Nova Guataporanga - SP,2513,Taxa de alfabetização das pessoas de 15 anos ou mais de idade,2022,2022,6794,Total,95251,Total,100362,Total
6,Município,2,%,96.12,3533205,Nova Independência - SP,2513,Taxa de alfabetização das pessoas de 15 anos ou mais de idade,2022,2022,6794,Total,95251,Total,100362,Total
6,Município,2,%,94.59,3533254,Novais - SP,2513,Taxa de alfabetização das pessoas de 15 anos ou mais de idade,2022,2022,6794,Total,95251,Total,100362,Total
6,Município,2,%,93.87,3533304,Nova Luzitânia - SP,2513,Taxa de alfabetização das pessoas de 15 anos ou mais de idade,2022,2022,6794,Total,95251,Total,100362,Total
6,Município,2,%,97.87,3533403,Nova Odessa - SP,2513,Taxa de alfabetização das pessoas de 15 anos ou mais de idade,2022,2022,6794,Total,95251,Total,100362,Total
6,Município,2,%,94.66,3533502,Novo Horizonte - SP,2513,Taxa de alfabetização das pessoas de 15 anos ou mais de idade,2022,2022,6794,Total,95251,Total,100362,Total
6,Município,2,%,95.47,3533601,Nuporanga - SP,2513,Taxa de alfabetização das pessoas de 15 anos ou mais de idade,2022,2022,6794,Total,95251,Total,100362,Total
6,Município,2,%,93.72,3533700,Ocauçu - SP,2513,Taxa de alfabetização das pessoas de 15 anos ou mais de idade,2022,2022,6794,Total,95251,Total,100362,Total
6,Município,2,%,94.9,3533809,Óleo - SP,2513,Taxa de alfabetização das pessoas de 15 anos ou mais de idade,2022,2022,6794,Total,95251,Total,100362,Total
6,Município,2,%,96.55,3533908,Olímpia - SP,2513,Taxa de alfabetização das pessoas de 15 anos ou mais de idade,2022,2022,6794,Total,95251,Total,100362,Total
6,Município,2,%,94.29,3534005,Onda Verde - SP,2513,Taxa de alfabetização das pessoas de 15 anos ou mais de idade,2022,2022,6794,Total,95251,Total,100362,Total
6,Município,2,%,95.81,3534104,Oriente - SP,2513,Taxa de alfabetização das pessoas de 15 anos ou mais de idade,2022,2022,6794,Total,95251,Total,100362,Total
6,Município,2,%,93.96,3534203,Orindiúva - SP,2513,Taxa de alfabetização das pessoas de 15 anos ou mais de idade,2022,2022,6794,Total,95251,Total,100362,Total
6,Município,2,%,96.45,3534302,Orlândia - SP,2513,Taxa de alfabetização das pessoas de 15 anos ou mais de idade,2022,2022,6794,Total,95251,Total,100362,Total
6,Município,2,%,97.19,3534401,Osasco - SP,2513,Taxa de alfabetização das pessoas de 15 anos ou mais de idade,2022,2022,6794,Total,95251,Total,100362,Total
6,Município,2,%,94.17,3534500,Oscar Bressane - SP,2513,Taxa de alfabetização das pessoas de 15 anos ou mais de idade,2022,2022,6794,Total,95251,Total,100362,Total
6,Município,2,%,96.3,3534609,Osvaldo Cruz - SP,2513,Taxa de alfabetização das pessoas de 15 anos ou mais de idade,2022,2022,6794,Total,95251,Total,100362,Total
6,Município,2,%,96.76,3534708,Ourinhos - SP,2513,Taxa de alfabetização das pessoas de 15 anos ou mais de idade,2022,2022,6794,Total,95251,Total,100362,Total
6,Município,2,%,94.47,3534757,Ouroeste - SP,2513,Taxa de alfabetização das pessoas de 15 anos ou mais de idade,2022,2022,6794,Total,95251,Total,100362,Total
6,Município,2,%,91.79,3534807,Ouro Verde - SP,2513,Taxa de alfabetização das pessoas de 15 anos ou mais de idade,2022,2022,6794,Total,95251,Total,100362,Total
6,Município,2,%,95.09,3534906,Pacaembu - SP,2513,Taxa de alfabetização das pessoas de 15 anos ou mais de idade,2022,2022,6794,Total,95251,Total,100362,Total
6,Município,2,%,93.53,3535002,Palestina - SP,2513,Taxa de alfabetização das pessoas de 15 anos ou mais de idade,2022,2022,6794,Total,95251,Total,100362,Total
6,Município,2,%,93.13,3535101,Palmares Paulista - SP,2513,Taxa de alfabetização das pessoas de 15 anos ou mais de idade,2022,2022,6794,Total,95251,Total,100362,Total
6,Município,2,%,93.94,3535200,Palmeira d'Oeste - SP,2513,Taxa de alfabetização das pessoas de 15 anos ou mais de idade,2022,2022,6794,Total,95251,Total,100362,Total
6,Município,2,%,96,3535309,Palmital - SP,2513,Taxa de alfabetização das pessoas de 15 anos ou mais de idade,2022,2022,6794,Total,95251,Total,100362,Total
6,Município,2,%,93.33,3535408,Panorama - SP,2513,Taxa de alfabetização das pessoas de 15 anos ou mais de idade,2022,2022,6794,Total,95251,Total,100362,Total
6,Município,2,%,95.39,3535507,Paraguaçu Paulista - SP,2513,Taxa de alfabetização das pessoas de 15 anos ou mais de idade,2022,2022,6794,Total,95251,Total,100362,Total
6,Município,2,%,93.34,3535606,Paraibuna - SP,2513,Taxa de alfabetização das pessoas de 15 anos ou mais de idade,2022,2022,6794,Total,95251,Total,100362,Total
6,Município,2,%,94.06,3535705,Paraíso - SP,2513,Taxa de alfabetização das pessoas de 15 anos ou mais de idade,2022,2022,6794,Total,95251,Total,100362,Total
6,Município,2,%,94.31,3535804,Paranapanema - SP,2513,Taxa de alfabetização das pessoas de 15 anos ou mais de idade,2022,2022,6794,Total,95251,Total,100362,Total
6,Município,2,%,93.23,3535903,Paranapuã - SP,2513,Taxa de alfabetização das pessoas de 15 anos ou mais de idade,2022,2022,6794,Total,95251,Total,100362,Total
6,Município,2,%,93.28,3536000,Parapuã - SP,2513,Taxa de alfabetização das pessoas de 15 anos ou mais de idade,2022,2022,6794,Total,95251,Total,100362,Total
6,Município,2,%,94.75,3536109,Pardinho - SP,2513,Taxa de alfabetização das pessoas de 15 anos ou mais de idade,2022,2022,6794,Total,95251,Total,100362,Total
6,Município,2,%,95.07,3536208,Pariquera-Açu - SP,2513,Taxa de alfabetização das pessoas de 15 anos ou mais de idade,2022,2022,6794,Total,95251,Total,100362,Total
6,Município,2,%,93.28,3536257,Parisi - SP,2513,Taxa de alfabetização das pessoas de 15 anos ou mais de idade,2022,2022,6794,Total,95251,Total,100362,Total
6,Município,2,%,95.84,3536307,Patrocínio Paulista - SP,2513,Taxa de alfabetização das pessoas de 15 anos ou mais de idade,2022,2022,6794,Total,95251,Total,100362,Total
6,Município,2,%,94.79,3536406,Paulicéia - SP,2513,Taxa de alfabetização das pessoas de 15 anos ou mais de idade,2022,2022,6794,Total,95251,Total,100362,Total
6,Município,2,%,97.81,3536505,Paulínia - SP,2513,Taxa de alfabetização das pessoas de 15 anos ou mais de idade,2022,2022,6794,Total,95251,Total,100362,Total
6,Município,2,%,92.4,3536570,Paulistânia - SP,2513,Taxa de alfabetização das pessoas de 15 anos ou mais de idade,2022,2022,6794,Total,95251,Total,100362,Total
6,Município,2,%,92.76,3536604,Paulo de Faria - SP,2513,Taxa de alfabetização das pessoas de 15 anos ou mais de idade,2022,2022,6794,Total,95251,Total,100362,Total
6,Município,2,%,95.39,3536703,Pederneiras - SP,2513,Taxa de alfabetização das pessoas de 15 anos ou mais de idade,2022,2022,6794,Total,95251,Total,100362,Total
6,Município,2,%,92.72,3536802,Pedra Bela - SP,2513,Taxa de alfabetização das pessoas de 15 anos ou mais de idade,2022,2022,6794,Total,95251,Total,100362,Total
6,Município,2,%,94.25,3536901,Pedranópolis - SP,2513,Taxa de alfabetização das pessoas de 15 anos ou mais de idade,2022,2022,6794,Total,95251,Total,100362,Total
6,Município,2,%,94,3537008,Pedregulho - SP,2513,Taxa de alfabetização das pessoas de 15 anos ou mais de idade,2022,2022,6794,Total,95251,Total,100362,Total
6,Município,2,%,96.74,3537107,Pedreira - SP,2513,Taxa de alfabetização das pessoas de 15 anos ou mais de idade,2022,2022,6794,Total,95251,Total,100362,Total
6,Município,2,%,95.07,3537156,Pedrinhas Paulista - SP,2513,Taxa de alfabetização das pessoas de 15 anos ou mais de idade,2022,2022,6794,Total,95251,Total,100362,Total
6,Município,2,%,92.67,3537206,Pedro de Toledo - SP,2513,Taxa de alfabetização das pessoas de 15 anos ou mais de idade,2022,2022,6794,Total,95251,Total,100362,Total
6,Município,2,%,96.81,3537305,Penápolis - SP,2513,Taxa de alfabetização das pessoas de 15 anos ou mais de idade,2022,2022,6794,Total,95251,Total,100362,Total
6,Município,2,%,94.57,3537404,Pereira Barreto - SP,2513,Taxa de alfabetização das pessoas de 15 anos ou mais de idade,2022,2022,6794,Total,95251,Total,100362,Total
6,Município,2,%,95.24,3537503,Pereiras - SP,2513,Taxa de alfabetização das pessoas de 15 anos ou mais de idade,2022,2022,6794,Total,95251,Total,100362,Total
6,Município,2,%,95.99,3537602,Peruíbe - SP,2513,Taxa de alfabetização das pessoas de 15 anos ou mais de idade,2022,2022,6794,Total,95251,Total,100362,Total
6,Município,2,%,92.93,3537701,Piacatu - SP,2513,Taxa de alfabetização das pessoas de 15 anos ou mais de idade,2022,2022,6794,Total,95251,Total,100362,Total
6,Município,2,%,95.42,3537800,Piedade - SP,2513,Taxa de alfabetização das pessoas de 15 anos ou mais de idade,2022,2022,6794,Total,95251,Total,100362,Total
6,Município,2,%,94.89,3537909,Pilar do Sul - SP,2513,Taxa de alfabetização das pessoas de 15 anos ou mais de idade,2022,2022,6794,Total,95251,Total,100362,Total
6,Município,2,%,97.42,3538006,Pindamonhangaba - SP,2513,Taxa de alfabetização das pessoas de 15 anos ou mais de idade,2022,2022,6794,Total,95251,Total,100362,Total
6,Município,2,%,95,3538105,Pindorama - SP,2513,Taxa de alfabetização das pessoas de 15 anos ou mais de idade,2022,2022,6794,Total,95251,Total,100362,Total
6,Município,2,%,96.2,3538204,Pinhalzinho - SP,2513,Taxa de alfabetização das pessoas de 15 anos ou mais de idade,2022,2022,6794,Total,95251,Total,100362,Total
6,Município,2,%,92.15,3538303,Piquerobi - SP,2513,Taxa de alfabetização das pessoas de 15 anos ou mais de idade,2022,2022,6794,Total,95251,Total,100362,Total
6,Município,2,%,96.71,3538501,Piquete - SP,2513,Taxa de alfabetização das pessoas de 15 anos ou mais de idade,2022,2022,6794,Total,95251,Total,100362,Total
6,Município,2,%,94.53,3538600,Piracaia - SP,2513,Taxa de alfabetização das pessoas de 15 anos ou mais de idade,2022,2022,6794,Total,95251,Total,100362,Total
6,Município,2,%,97.62,3538709,Piracicaba - SP,2513,Taxa de alfabetização das pessoas de 15 anos ou mais de idade,2022,2022,6794,Total,95251,Total,100362,Total
6,Município,2,%,96.7,3538808,Piraju - SP,2513,Taxa de alfabetização das pessoas de 15 anos ou mais de idade,2022,2022,6794,Total,95251,Total,100362,Total
6,Município,2,%,94.79,3538907,Pirajuí - SP,2513,Taxa de alfabetização das pessoas de 15 anos ou mais de idade,2022,2022,6794,Total,95251,Total,100362,Total
6,Município,2,%,94.89,3539004,Pirangi - SP,2513,Taxa de alfabetização das pessoas de 15 anos ou mais de idade,2022,2022,6794,Total,95251,Total,100362,Total
6,Município,2,%,95.39,3539103,Pirapora do Bom Jesus - SP,2513,Taxa de alfabetização das pessoas de 15 anos ou mais de idade,2022,2022,6794,Total,95251,Total,100362,Total
6,Município,2,%,95.6,3539202,Pirapozinho - SP,2513,Taxa de alfabetização das pessoas de 15 anos ou mais de idade,2022,2022,6794,Total,95251,Total,100362,Total
6,Município,2,%,96.92,3539301,Pirassununga - SP,2513,Taxa de alfabetização das pessoas de 15 anos ou mais de idade,2022,2022,6794,Total,95251,Total,100362,Total
6,Município,2,%,96.52,3539400,Piratininga - SP,2513,Taxa de alfabetização das pessoas de 15 anos ou mais de idade,2022,2022,6794,Total,95251,Total,100362,Total
6,Município,2,%,94.49,3539509,Pitangueiras - SP,2513,Taxa de alfabetização das pessoas de 15 anos ou mais de idade,2022,2022,6794,Total,95251,Total,100362,Total
6,Município,2,%,92.08,3539608,Planalto - SP,2513,Taxa de alfabetização das pessoas de 15 anos ou mais de idade,2022,2022,6794,Total,95251,Total,100362,Total
6,Município,2,%,93.45,3539707,Platina - SP,2513,Taxa de alfabetização das pessoas de 15 anos ou mais de idade,2022,2022,6794,Total,95251,Total,100362,Total
6,Município,2,%,97.35,3539806,Poá - SP,2513,Taxa de alfabetização das pessoas de 15 anos ou mais de idade,2022,2022,6794,Total,95251,Total,100362,Total
6,Município,2,%,93.71,3539905,Poloni - SP,2513,Taxa de alfabetização das pessoas de 15 anos ou mais de idade,2022,2022,6794,Total,95251,Total,100362,Total
6,Município,2,%,96.42,3540002,Pompéia - SP,2513,Taxa de alfabetização das pessoas de 15 anos ou mais de idade,2022,2022,6794,Total,95251,Total,100362,Total
6,Município,2,%,95.23,3540101,Pongaí - SP,2513,Taxa de alfabetização das pessoas de 15 anos ou mais de idade,2022,2022,6794,Total,95251,Total,100362,Total
6,Município,2,%,94.14,3540200,Pontal - SP,2513,Taxa de alfabetização das pessoas de 15 anos ou mais de idade,2022,2022,6794,Total,95251,Total,100362,Total
6,Município,2,%,89.36,3540259,Pontalinda - SP,2513,Taxa de alfabetização das pessoas de 15 anos ou mais de idade,2022,2022,6794,Total,95251,Total,100362,Total
6,Município,2,%,91.58,3540309,Pontes Gestal - SP,2513,Taxa de alfabetização das pessoas de 15 anos ou mais de idade,2022,2022,6794,Total,95251,Total,100362,Total
6,Município,2,%,91.74,3540408,Populina - SP,2513,Taxa de alfabetização das pessoas de 15 anos ou mais de idade,2022,2022,6794,Total,95251,Total,100362,Total
6,Município,2,%,94.67,3540507,Porangaba - SP,2513,Taxa de alfabetização das pessoas de 15 anos ou mais de idade,2022,2022,6794,Total,95251,Total,100362,Total
6,Município,2,%,96.45,3540606,Porto Feliz - SP,2513,Taxa de alfabetização das pessoas de 15 anos ou mais de idade,2022,2022,6794,Total,95251,Total,100362,Total
6,Município,2,%,96.16,3540705,Porto Ferreira - SP,2513,Taxa de alfabetização das pessoas de 15 anos ou mais de idade,2022,2022,6794,Total,95251,Total,100362,Total
6,Município,2,%,95.25,3540754,Potim - SP,2513,Taxa de alfabetização das pessoas de 15 anos ou mais de idade,2022,2022,6794,Total,95251,Total,100362,Total
6,Município,2,%,95.63,3540804,Potirendaba - SP,2513,Taxa de alfabetização das pessoas de 15 anos ou mais de idade,2022,2022,6794,Total,95251,Total,100362,Total
6,Município,2,%,95.97,3540853,Pracinha - SP,2513,Taxa de alfabetização das pessoas de 15 anos ou mais de idade,2022,2022,6794,Total,95251,Total,100362,Total
6,Município,2,%,94.3,3540903,Pradópolis - SP,2513,Taxa de alfabetização das pessoas de 15 anos ou mais de idade,2022,2022,6794,Total,95251,Total,100362,Total
6,Município,2,%,97.3,3541000,Praia Grande - SP,2513,Taxa de alfabetização das pessoas de 15 anos ou mais de idade,2022,2022,6794,Total,95251,Total,100362,Total
6,Município,2,%,91.48,3541059,Pratânia - SP,2513,Taxa de alfabetização das pessoas de 15 anos ou mais de idade,2022,2022,6794,Total,95251,Total,100362,Total
6,Município,2,%,93.86,3541109,Presidente Alves - SP,2513,Taxa de alfabetização das pessoas de 15 anos ou mais de idade,2022,2022,6794,Total,95251,Total,100362,Total
6,Município,2,%,95.48,3541208,Presidente Bernardes - SP,2513,Taxa de alfabetização das pessoas de 15 anos ou mais de idade,2022,2022,6794,Total,95251,Total,100362,Total
6,Município,2,%,95.16,3541307,Presidente Epitácio - SP,2513,Taxa de alfabetização das pessoas de 15 anos ou mais de idade,2022,2022,6794,Total,95251,Total,100362,Total
6,Município,2,%,97.54,3541406,Presidente Prudente - SP,2513,Taxa de alfabetização das pessoas de 15 anos ou mais de idade,2022,2022,6794,Total,95251,Total,100362,Total
6,Município,2,%,95.29,3541505,Presidente Venceslau - SP,2513,Taxa de alfabetização das pessoas de 15 anos ou mais de idade,2022,2022,6794,Total,95251,Total,100362,Total
6,Município,2,%,96.37,3541604,Promissão - SP,2513,Taxa de alfabetização das pessoas de 15 anos ou mais de idade,2022,2022,6794,Total,95251,Total,100362,Total
6,Município,2,%,94.35,3541653,Quadra - SP,2513,Taxa de alfabetização das pessoas de 15 anos ou mais de idade,2022,2022,6794,Total,95251,Total,100362,Total
6,Município,2,%,93,3541703,Quatá - SP,2513,Taxa de alfabetização das pessoas de 15 anos ou mais de idade,2022,2022,6794,Total,95251,Total,100362,Total
6,Município,2,%,92.98,3541802,Queiroz - SP,2513,Taxa de alfabetização das pessoas de 15 anos ou mais de idade,2022,2022,6794,Total,95251,Total,100362,Total
6,Município,2,%,95.38,3541901,Queluz - SP,2513,Taxa de alfabetização das pessoas de 15 anos ou mais de idade,2022,2022,6794,Total,95251,Total,100362,Total
6,Município,2,%,94.62,3542008,Quintana - SP,2513,Taxa de alfabetização das pessoas de 15 anos ou mais de idade,2022,2022,6794,Total,95251,Total,100362,Total
6,Município,2,%,95.72,3542107,Rafard - SP,2513,Taxa de alfabetização das pessoas de 15 anos ou mais de idade,2022,2022,6794,Total,95251,Total,100362,Total
6,Município,2,%,95.09,3542206,Rancharia - SP,2513,Taxa de alfabetização das pessoas de 15 anos ou mais de idade,2022,2022,6794,Total,95251,Total,100362,Total
6,Município,2,%,92.09,3542305,Redenção da Serra - SP,2513,Taxa de alfabetização das pessoas de 15 anos ou mais de idade,2022,2022,6794,Total,95251,Total,100362,Total
6,Município,2,%,95.61,3542404,Regente Feijó - SP,2513,Taxa de alfabetização das pessoas de 15 anos ou mais de idade,2022,2022,6794,Total,95251,Total,100362,Total
6,Município,2,%,93.4,3542503,Reginópolis - SP,2513,Taxa de alfabetização das pessoas de 15 anos ou mais de idade,2022,2022,6794,Total,95251,Total,100362,Total
6,Município,2,%,96.37,3542602,Registro - SP,2513,Taxa de alfabetização das pessoas de 15 anos ou mais de idade,2022,2022,6794,Total,95251,Total,100362,Total
6,Município,2,%,95.33,3542701,Restinga - SP,2513,Taxa de alfabetização das pessoas de 15 anos ou mais de idade,2022,2022,6794,Total,95251,Total,100362,Total
6,Município,2,%,91.18,3542800,Ribeira - SP,2513,Taxa de alfabetização das pessoas de 15 anos ou mais de idade,2022,2022,6794,Total,95251,Total,100362,Total
6,Município,2,%,93.1,3542909,Ribeirão Bonito - SP,2513,Taxa de alfabetização das pessoas de 15 anos ou mais de idade,2022,2022,6794,Total,95251,Total,100362,Total
6,Município,2,%,90.9,3543006,Ribeirão Branco - SP,2513,Taxa de alfabetização das pessoas de 15 anos ou mais de idade,2022,2022,6794,Total,95251,Total,100362,Total
6,Município,2,%,92.77,3543105,Ribeirão Corrente - SP,2513,Taxa de alfabetização das pessoas de 15 anos ou mais de idade,2022,2022,6794,Total,95251,Total,100362,Total
6,Município,2,%,93.35,3543204,Ribeirão do Sul - SP,2513,Taxa de alfabetização das pessoas de 15 anos ou mais de idade,2022,2022,6794,Total,95251,Total,100362,Total
6,Município,2,%,91.67,3543238,Ribeirão dos Índios - SP,2513,Taxa de alfabetização das pessoas de 15 anos ou mais de idade,2022,2022,6794,Total,95251,Total,100362,Total
6,Município,2,%,91.52,3543253,Ribeirão Grande - SP,2513,Taxa de alfabetização das pessoas de 15 anos ou mais de idade,2022,2022,6794,Total,95251,Total,100362,Total
6,Município,2,%,97.18,3543303,Ribeirão Pires - SP,2513,Taxa de alfabetização das pessoas de 15 anos ou mais de idade,2022,2022,6794,Total,95251,Total,100362,Total
6,Município,2,%,97.95,3543402,Ribeirão Preto - SP,2513,Taxa de alfabetização das pessoas de 15 anos ou mais de idade,2022,2022,6794,Total,95251,Total,100362,Total
6,Município,2,%,91.36,3543501,Riversul - SP,2513,Taxa de alfabetização das pessoas de 15 anos ou mais de idade,2022,2022,6794,Total,95251,Total,100362,Total
6,Município,2,%,95.45,3543600,Rifaina - SP,2513,Taxa de alfabetização das pessoas de 15 anos ou mais de idade,2022,2022,6794,Total,95251,Total,100362,Total
6,Município,2,%,94.06,3543709,Rincão - SP,2513,Taxa de alfabetização das pessoas de 15 anos ou mais de idade,2022,2022,6794,Total,95251,Total,100362,Total
6,Município,2,%,94.03,3543808,Rinópolis - SP,2513,Taxa de alfabetização das pessoas de 15 anos ou mais de idade,2022,2022,6794,Total,95251,Total,100362,Total
6,Município,2,%,97.43,3543907,Rio Claro - SP,2513,Taxa de alfabetização das pessoas de 15 anos ou mais de idade,2022,2022,6794,Total,95251,Total,100362,Total
6,Município,2,%,96.6,3544004,Rio das Pedras - SP,2513,Taxa de alfabetização das pessoas de 15 anos ou mais de idade,2022,2022,6794,Total,95251,Total,100362,Total
6,Município,2,%,95.79,3544103,Rio Grande da Serra - SP,2513,Taxa de alfabetização das pessoas de 15 anos ou mais de idade,2022,2022,6794,Total,95251,Total,100362,Total
6,Município,2,%,92.59,3544202,Riolândia - SP,2513,Taxa de alfabetização das pessoas de 15 anos ou mais de idade,2022,2022,6794,Total,95251,Total,100362,Total
6,Município,2,%,94.18,3544251,Rosana - SP,2513,Taxa de alfabetização das pessoas de 15 anos ou mais de idade,2022,2022,6794,Total,95251,Total,100362,Total
6,Município,2,%,96.75,3544301,Roseira - SP,2513,Taxa de alfabetização das pessoas de 15 anos ou mais de idade,2022,2022,6794,Total,95251,Total,100362,Total
6,Município,2,%,92.08,3544400,Rubiácea - SP,2513,Taxa de alfabetização das pessoas de 15 anos ou mais de idade,2022,2022,6794,Total,95251,Total,100362,Total
6,Município,2,%,95.71,3544509,Rubinéia - SP,2513,Taxa de alfabetização das pessoas de 15 anos ou mais de idade,2022,2022,6794,Total,95251,Total,100362,Total
6,Município,2,%,94.38,3544608,Sabino - SP,2513,Taxa de alfabetização das pessoas de 15 anos ou mais de idade,2022,2022,6794,Total,95251,Total,100362,Total
6,Município,2,%,91.11,3544707,Sagres - SP,2513,Taxa de alfabetização das pessoas de 15 anos ou mais de idade,2022,2022,6794,Total,95251,Total,100362,Total
6,Município,2,%,93.54,3544806,Sales - SP,2513,Taxa de alfabetização das pessoas de 15 anos ou mais de idade,2022,2022,6794,Total,95251,Total,100362,Total
6,Município,2,%,96.85,3544905,Sales Oliveira - SP,2513,Taxa de alfabetização das pessoas de 15 anos ou mais de idade,2022,2022,6794,Total,95251,Total,100362,Total
6,Município,2,%,94.04,3545001,Salesópolis - SP,2513,Taxa de alfabetização das pessoas de 15 anos ou mais de idade,2022,2022,6794,Total,95251,Total,100362,Total
6,Município,2,%,89.89,3545100,Salmourão - SP,2513,Taxa de alfabetização das pessoas de 15 anos ou mais de idade,2022,2022,6794,Total,95251,Total,100362,Total
6,Município,2,%,97.91,3545159,Saltinho - SP,2513,Taxa de alfabetização das pessoas de 15 anos ou mais de idade,2022,2022,6794,Total,95251,Total,100362,Total
6,Município,2,%,97.41,3545209,Salto - SP,2513,Taxa de alfabetização das pessoas de 15 anos ou mais de idade,2022,2022,6794,Total,95251,Total,100362,Total
6,Município,2,%,96.65,3545308,Salto de Pirapora - SP,2513,Taxa de alfabetização das pessoas de 15 anos ou mais de idade,2022,2022,6794,Total,95251,Total,100362,Total
6,Município,2,%,92.73,3545407,Salto Grande - SP,2513,Taxa de alfabetização das pessoas de 15 anos ou mais de idade,2022,2022,6794,Total,95251,Total,100362,Total
6,Município,2,%,94.51,3545506,Sandovalina - SP,2513,Taxa de alfabetização das pessoas de 15 anos ou mais de idade,2022,2022,6794,Total,95251,Total,100362,Total
6,Município,2,%,95.62,3545605,Santa Adélia - SP,2513,Taxa de alfabetização das pessoas de 15 anos ou mais de idade,2022,2022,6794,Total,95251,Total,100362,Total
6,Município,2,%,92.83,3545704,Santa Albertina - SP,2513,Taxa de alfabetização das pessoas de 15 anos ou mais de idade,2022,2022,6794,Total,95251,Total,100362,Total
6,Município,2,%,97.41,3545803,Santa Bárbara d'Oeste - SP,2513,Taxa de alfabetização das pessoas de 15 anos ou mais de idade,2022,2022,6794,Total,95251,Total,100362,Total
6,Município,2,%,94.99,3546009,Santa Branca - SP,2513,Taxa de alfabetização das pessoas de 15 anos ou mais de idade,2022,2022,6794,Total,95251,Total,100362,Total
6,Município,2,%,93.69,3546108,Santa Clara d'Oeste - SP,2513,Taxa de alfabetização das pessoas de 15 anos ou mais de idade,2022,2022,6794,Total,95251,Total,100362,Total
6,Município,2,%,96.29,3546207,Santa Cruz da Conceição - SP,2513,Taxa de alfabetização das pessoas de 15 anos ou mais de idade,2022,2022,6794,Total,95251,Total,100362,Total
6,Município,2,%,95.67,3546256,Santa Cruz da Esperança - SP,2513,Taxa de alfabetização das pessoas de 15 anos ou mais de idade,2022,2022,6794,Total,95251,Total,100362,Total
6,Município,2,%,94.12,3546306,Santa Cruz das Palmeiras - SP,2513,Taxa de alfabetização das pessoas de 15 anos ou mais de idade,2022,2022,6794,Total,95251,Total,100362,Total
6,Município,2,%,96.51,3546405,Santa Cruz do Rio Pardo - SP,2513,Taxa de alfabetização das pessoas de 15 anos ou mais de idade,2022,2022,6794,Total,95251,Total,100362,Total
6,Município,2,%,95.12,3546504,Santa Ernestina - SP,2513,Taxa de alfabetização das pessoas de 15 anos ou mais de idade,2022,2022,6794,Total,95251,Total,100362,Total
6,Município,2,%,96.25,3546603,Santa Fé do Sul - SP,2513,Taxa de alfabetização das pessoas de 15 anos ou mais de idade,2022,2022,6794,Total,95251,Total,100362,Total
6,Município,2,%,96.79,3546702,Santa Gertrudes - SP,2513,Taxa de alfabetização das pessoas de 15 anos ou mais de idade,2022,2022,6794,Total,95251,Total,100362,Total
6,Município,2,%,94.57,3546801,Santa Isabel - SP,2513,Taxa de alfabetização das pessoas de 15 anos ou mais de idade,2022,2022,6794,Total,95251,Total,100362,Total
6,Município,2,%,93.83,3546900,Santa Lúcia - SP,2513,Taxa de alfabetização das pessoas de 15 anos ou mais de idade,2022,2022,6794,Total,95251,Total,100362,Total
6,Município,2,%,93.38,3547007,Santa Maria da Serra - SP,2513,Taxa de alfabetização das pessoas de 15 anos ou mais de idade,2022,2022,6794,Total,95251,Total,100362,Total
6,Município,2,%,93.69,3547106,Santa Mercedes - SP,2513,Taxa de alfabetização das pessoas de 15 anos ou mais de idade,2022,2022,6794,Total,95251,Total,100362,Total
6,Município,2,%,92.45,3547205,Santana da Ponte Pensa - SP,2513,Taxa de alfabetização das pessoas de 15 anos ou mais de idade,2022,2022,6794,Total,95251,Total,100362,Total
6,Município,2,%,97.01,3547304,Santana de Parnaíba - SP,2513,Taxa de alfabetização das pessoas de 15 anos ou mais de idade,2022,2022,6794,Total,95251,Total,100362,Total
6,Município,2,%,92.45,3547403,Santa Rita d'Oeste - SP,2513,Taxa de alfabetização das pessoas de 15 anos ou mais de idade,2022,2022,6794,Total,95251,Total,100362,Total
6,Município,2,%,96.48,3547502,Santa Rita do Passa Quatro - SP,2513,Taxa de alfabetização das pessoas de 15 anos ou mais de idade,2022,2022,6794,Total,95251,Total,100362,Total
6,Município,2,%,96.62,3547601,Santa Rosa de Viterbo - SP,2513,Taxa de alfabetização das pessoas de 15 anos ou mais de idade,2022,2022,6794,Total,95251,Total,100362,Total
6,Município,2,%,94.95,3547650,Santa Salete - SP,2513,Taxa de alfabetização das pessoas de 15 anos ou mais de idade,2022,2022,6794,Total,95251,Total,100362,Total
6,Município,2,%,95.94,3547700,Santo Anastácio - SP,2513,Taxa de alfabetização das pessoas de 15 anos ou mais de idade,2022,2022,6794,Total,95251,Total,100362,Total
6,Município,2,%,97.99,3547809,Santo André - SP,2513,Taxa de alfabetização das pessoas de 15 anos ou mais de idade,2022,2022,6794,Total,95251,Total,100362,Total
6,Município,2,%,95.64,3547908,Santo Antônio da Alegria - SP,2513,Taxa de alfabetização das pessoas de 15 anos ou mais de idade,2022,2022,6794,Total,95251,Total,100362,Total
6,Município,2,%,96.26,3548005,Santo Antônio de Posse - SP,2513,Taxa de alfabetização das pessoas de 15 anos ou mais de idade,2022,2022,6794,Total,95251,Total,100362,Total
6,Município,2,%,94.25,3548054,Santo Antônio do Aracanguá - SP,2513,Taxa de alfabetização das pessoas de 15 anos ou mais de idade,2022,2022,6794,Total,95251,Total,100362,Total
6,Município,2,%,93.99,3548104,Santo Antônio do Jardim - SP,2513,Taxa de alfabetização das pessoas de 15 anos ou mais de idade,2022,2022,6794,Total,95251,Total,100362,Total
6,Município,2,%,95.67,3548203,Santo Antônio do Pinhal - SP,2513,Taxa de alfabetização das pessoas de 15 anos ou mais de idade,2022,2022,6794,Total,95251,Total,100362,Total
6,Município,2,%,93.23,3548302,Santo Expedito - SP,2513,Taxa de alfabetização das pessoas de 15 anos ou mais de idade,2022,2022,6794,Total,95251,Total,100362,Total
6,Município,2,%,93,3548401,Santópolis do Aguapeí - SP,2513,Taxa de alfabetização das pessoas de 15 anos ou mais de idade,2022,2022,6794,Total,95251,Total,100362,Total
6,Município,2,%,98.4,3548500,Santos - SP,2513,Taxa de alfabetização das pessoas de 15 anos ou mais de idade,2022,2022,6794,Total,95251,Total,100362,Total
6,Município,2,%,96.19,3548609,São Bento do Sapucaí - SP,2513,Taxa de alfabetização das pessoas de 15 anos ou mais de idade,2022,2022,6794,Total,95251,Total,100362,Total
6,Município,2,%,97.6,3548708,São Bernardo do Campo - SP,2513,Taxa de alfabetização das pessoas de 15 anos ou mais de idade,2022,2022,6794,Total,95251,Total,100362,Total
6,Município,2,%,98.84,3548807,São Caetano do Sul - SP,2513,Taxa de alfabetização das pessoas de 15 anos ou mais de idade,2022,2022,6794,Total,95251,Total,100362,Total
6,Município,2,%,97.5,3548906,São Carlos - SP,2513,Taxa de alfabetização das pessoas de 15 anos ou mais de idade,2022,2022,6794,Total,95251,Total,100362,Total
6,Município,2,%,91.49,3549003,São Francisco - SP,2513,Taxa de alfabetização das pessoas de 15 anos ou mais de idade,2022,2022,6794,Total,95251,Total,100362,Total
6,Município,2,%,97.27,3549102,São João da Boa Vista - SP,2513,Taxa de alfabetização das pessoas de 15 anos ou mais de idade,2022,2022,6794,Total,95251,Total,100362,Total
6,Município,2,%,91.63,3549201,São João das Duas Pontes - SP,2513,Taxa de alfabetização das pessoas de 15 anos ou mais de idade,2022,2022,6794,Total,95251,Total,100362,Total
6,Município,2,%,92.63,3549250,São João de Iracema - SP,2513,Taxa de alfabetização das pessoas de 15 anos ou mais de idade,2022,2022,6794,Total,95251,Total,100362,Total
6,Município,2,%,94.15,3549300,São João do Pau d'Alho - SP,2513,Taxa de alfabetização das pessoas de 15 anos ou mais de idade,2022,2022,6794,Total,95251,Total,100362,Total
6,Município,2,%,96.53,3549409,São Joaquim da Barra - SP,2513,Taxa de alfabetização das pessoas de 15 anos ou mais de idade,2022,2022,6794,Total,95251,Total,100362,Total
6,Município,2,%,93.24,3549508,São José da Bela Vista - SP,2513,Taxa de alfabetização das pessoas de 15 anos ou mais de idade,2022,2022,6794,Total,95251,Total,100362,Total
6,Município,2,%,92.14,3549607,São José do Barreiro - SP,2513,Taxa de alfabetização das pessoas de 15 anos ou mais de idade,2022,2022,6794,Total,95251,Total,100362,Total
6,Município,2,%,96.9,3549706,São José do Rio Pardo - SP,2513,Taxa de alfabetização das pessoas de 15 anos ou mais de idade,2022,2022,6794,Total,95251,Total,100362,Total
6,Município,2,%,97.84,3549805,São José do Rio Preto - SP,2513,Taxa de alfabetização das pessoas de 15 anos ou mais de idade,2022,2022,6794,Total,95251,Total,100362,Total
6,Município,2,%,97.86,3549904,São José dos Campos - SP,2513,Taxa de alfabetização das pessoas de 15 anos ou mais de idade,2022,2022,6794,Total,95251,Total,100362,Total
6,Município,2,%,93.56,3549953,São Lourenço da Serra - SP,2513,Taxa de alfabetização das pessoas de 15 anos ou mais de idade,2022,2022,6794,Total,95251,Total,100362,Total
6,Município,2,%,92.82,3550001,São Luiz do Paraitinga - SP,2513,Taxa de alfabetização das pessoas de 15 anos ou mais de idade,2022,2022,6794,Total,95251,Total,100362,Total
6,Município,2,%,95.44,3550100,São Manuel - SP,2513,Taxa de alfabetização das pessoas de 15 anos ou mais de idade,2022,2022,6794,Total,95251,Total,100362,Total
6,Município,2,%,94.79,3550209,São Miguel Arcanjo - SP,2513,Taxa de alfabetização das pessoas de 15 anos ou mais de idade,2022,2022,6794,Total,95251,Total,100362,Total
6,Município,2,%,97.42,3550308,São Paulo - SP,2513,Taxa de alfabetização das pessoas de 15 anos ou mais de idade,2022,2022,6794,Total,95251,Total,100362,Total
6,Município,2,%,96.47,3550407,São Pedro - SP,2513,Taxa de alfabetização das pessoas de 15 anos ou mais de idade,2022,2022,6794,Total,95251,Total,100362,Total
6,Município,2,%,93.82,3550506,São Pedro do Turvo - SP,2513,Taxa de alfabetização das pessoas de 15 anos ou mais de idade,2022,2022,6794,Total,95251,Total,100362,Total
6,Município,2,%,96.29,3550605,São Roque - SP,2513,Taxa de alfabetização das pessoas de 15 anos ou mais de idade,2022,2022,6794,Total,95251,Total,100362,Total
6,Município,2,%,95.62,3550704,São Sebastião - SP,2513,Taxa de alfabetização das pessoas de 15 anos ou mais de idade,2022,2022,6794,Total,95251,Total,100362,Total
6,Município,2,%,95.75,3550803,São Sebastião da Grama - SP,2513,Taxa de alfabetização das pessoas de 15 anos ou mais de idade,2022,2022,6794,Total,95251,Total,100362,Total
6,Município,2,%,96.22,3550902,São Simão - SP,2513,Taxa de alfabetização das pessoas de 15 anos ou mais de idade,2022,2022,6794,Total,95251,Total,100362,Total
6,Município,2,%,96.77,3551009,São Vicente - SP,2513,Taxa de alfabetização das pessoas de 15 anos ou mais de idade,2022,2022,6794,Total,95251,Total,100362,Total
6,Município,2,%,95.67,3551108,Sarapuí - SP,2513,Taxa de alfabetização das pessoas de 15 anos ou mais de idade,2022,2022,6794,Total,95251,Total,100362,Total
6,Município,2,%,92.8,3551207,Sarutaiá - SP,2513,Taxa de alfabetização das pessoas de 15 anos ou mais de idade,2022,2022,6794,Total,95251,Total,100362,Total
6,Município,2,%,92.94,3551306,Sebastianópolis do Sul - SP,2513,Taxa de alfabetização das pessoas de 15 anos ou mais de idade,2022,2022,6794,Total,95251,Total,100362,Total
6,Município,2,%,94.16,3551405,Serra Azul - SP,2513,Taxa de alfabetização das pessoas de 15 anos ou mais de idade,2022,2022,6794,Total,95251,Total,100362,Total
6,Município,2,%,95.53,3551504,Serrana - SP,2513,Taxa de alfabetização das pessoas de 15 anos ou mais de idade,2022,2022,6794,Total,95251,Total,100362,Total
6,Município,2,%,96.46,3551603,Serra Negra - SP,2513,Taxa de alfabetização das pessoas de 15 anos ou mais de idade,2022,2022,6794,Total,95251,Total,100362,Total
6,Município,2,%,96.14,3551702,Sertãozinho - SP,2513,Taxa de alfabetização das pessoas de 15 anos ou mais de idade,2022,2022,6794,Total,95251,Total,100362,Total
6,Município,2,%,91.36,3551801,Sete Barras - SP,2513,Taxa de alfabetização das pessoas de 15 anos ou mais de idade,2022,2022,6794,Total,95251,Total,100362,Total
6,Município,2,%,92.42,3551900,Severínia - SP,2513,Taxa de alfabetização das pessoas de 15 anos ou mais de idade,2022,2022,6794,Total,95251,Total,100362,Total
6,Município,2,%,91.76,3552007,Silveiras - SP,2513,Taxa de alfabetização das pessoas de 15 anos ou mais de idade,2022,2022,6794,Total,95251,Total,100362,Total
6,Município,2,%,95.49,3552106,Socorro - SP,2513,Taxa de alfabetização das pessoas de 15 anos ou mais de idade,2022,2022,6794,Total,95251,Total,100362,Total
6,Município,2,%,97.92,3552205,Sorocaba - SP,2513,Taxa de alfabetização das pessoas de 15 anos ou mais de idade,2022,2022,6794,Total,95251,Total,100362,Total
6,Município,2,%,93.17,3552304,Sud Mennucci - SP,2513,Taxa de alfabetização das pessoas de 15 anos ou mais de idade,2022,2022,6794,Total,95251,Total,100362,Total
6,Município,2,%,96.5,3552403,Sumaré - SP,2513,Taxa de alfabetização das pessoas de 15 anos ou mais de idade,2022,2022,6794,Total,95251,Total,100362,Total
6,Município,2,%,96.61,3552502,Suzano - SP,2513,Taxa de alfabetização das pessoas de 15 anos ou mais de idade,2022,2022,6794,Total,95251,Total,100362,Total
6,Município,2,%,92.14,3552551,Suzanápolis - SP,2513,Taxa de alfabetização das pessoas de 15 anos ou mais de idade,2022,2022,6794,Total,95251,Total,100362,Total
6,Município,2,%,94.5,3552601,Tabapuã - SP,2513,Taxa de alfabetização das pessoas de 15 anos ou mais de idade,2022,2022,6794,Total,95251,Total,100362,Total
6,Município,2,%,94.02,3552700,Tabatinga - SP,2513,Taxa de alfabetização das pessoas de 15 anos ou mais de idade,2022,2022,6794,Total,95251,Total,100362,Total
6,Município,2,%,97.23,3552809,Taboão da Serra - SP,2513,Taxa de alfabetização das pessoas de 15 anos ou mais de idade,2022,2022,6794,Total,95251,Total,100362,Total
6,Município,2,%,94.26,3552908,Taciba - SP,2513,Taxa de alfabetização das pessoas de 15 anos ou mais de idade,2022,2022,6794,Total,95251,Total,100362,Total
6,Município,2,%,95.53,3553005,Taguaí - SP,2513,Taxa de alfabetização das pessoas de 15 anos ou mais de idade,2022,2022,6794,Total,95251,Total,100362,Total
6,Município,2,%,92.03,3553104,Taiaçu - SP,2513,Taxa de alfabetização das pessoas de 15 anos ou mais de idade,2022,2022,6794,Total,95251,Total,100362,Total
6,Município,2,%,94.34,3553203,Taiúva - SP,2513,Taxa de alfabetização das pessoas de 15 anos ou mais de idade,2022,2022,6794,Total,95251,Total,100362,Total
6,Município,2,%,96.31,3553302,Tambaú - SP,2513,Taxa de alfabetização das pessoas de 15 anos ou mais de idade,2022,2022,6794,Total,95251,Total,100362,Total
6,Município,2,%,94.73,3553401,Tanabi - SP,2513,Taxa de alfabetização das pessoas de 15 anos ou mais de idade,2022,2022,6794,Total,95251,Total,100362,Total
6,Município,2,%,92.67,3553500,Tapiraí - SP,2513,Taxa de alfabetização das pessoas de 15 anos ou mais de idade,2022,2022,6794,Total,95251,Total,100362,Total
6,Município,2,%,95.76,3553609,Tapiratiba - SP,2513,Taxa de alfabetização das pessoas de 15 anos ou mais de idade,2022,2022,6794,Total,95251,Total,100362,Total
6,Município,2,%,92.23,3553658,Taquaral - SP,2513,Taxa de alfabetização das pessoas de 15 anos ou mais de idade,2022,2022,6794,Total,95251,Total,100362,Total
6,Município,2,%,95.02,3553708,Taquaritinga - SP,2513,Taxa de alfabetização das pessoas de 15 anos ou mais de idade,2022,2022,6794,Total,95251,Total,100362,Total
6,Município,2,%,94.77,3553807,Taquarituba - SP,2513,Taxa de alfabetização das pessoas de 15 anos ou mais de idade,2022,2022,6794,Total,95251,Total,100362,Total
6,Município,2,%,93.62,3553856,Taquarivaí - SP,2513,Taxa de alfabetização das pessoas de 15 anos ou mais de idade,2022,2022,6794,Total,95251,Total,100362,Total
6,Município,2,%,93.57,3553906,Tarabai - SP,2513,Taxa de alfabetização das pessoas de 15 anos ou mais de idade,2022,2022,6794,Total,95251,Total,100362,Total
6,Município,2,%,94.33,3553955,Tarumã - SP,2513,Taxa de alfabetização das pessoas de 15 anos ou mais de idade,2022,2022,6794,Total,95251,Total,100362,Total
6,Município,2,%,97.12,3554003,Tatuí - SP,2513,Taxa de alfabetização das pessoas de 15 anos ou mais de idade,2022,2022,6794,Total,95251,Total,100362,Total
6,Município,2,%,97.82,3554102,Taubaté - SP,2513,Taxa de alfabetização das pessoas de 15 anos ou mais de idade,2022,2022,6794,Total,95251,Total,100362,Total
6,Município,2,%,90.6,3554201,Tejupá - SP,2513,Taxa de alfabetização das pessoas de 15 anos ou mais de idade,2022,2022,6794,Total,95251,Total,100362,Total
6,Município,2,%,93.8,3554300,Teodoro Sampaio - SP,2513,Taxa de alfabetização das pessoas de 15 anos ou mais de idade,2022,2022,6794,Total,95251,Total,100362,Total
6,Município,2,%,96.07,3554409,Terra Roxa - SP,2513,Taxa de alfabetização das pessoas de 15 anos ou mais de idade,2022,2022,6794,Total,95251,Total,100362,Total
6,Município,2,%,97.55,3554508,Tietê - SP,2513,Taxa de alfabetização das pessoas de 15 anos ou mais de idade,2022,2022,6794,Total,95251,Total,100362,Total
6,Município,2,%,93.95,3554607,Timburi - SP,2513,Taxa de alfabetização das pessoas de 15 anos ou mais de idade,2022,2022,6794,Total,95251,Total,100362,Total
6,Município,2,%,94.97,3554656,Torre de Pedra - SP,2513,Taxa de alfabetização das pessoas de 15 anos ou mais de idade,2022,2022,6794,Total,95251,Total,100362,Total
6,Município,2,%,96.22,3554706,Torrinha - SP,2513,Taxa de alfabetização das pessoas de 15 anos ou mais de idade,2022,2022,6794,Total,95251,Total,100362,Total
6,Município,2,%,91.17,3554755,Trabiju - SP,2513,Taxa de alfabetização das pessoas de 15 anos ou mais de idade,2022,2022,6794,Total,95251,Total,100362,Total
6,Município,2,%,97.2,3554805,Tremembé - SP,2513,Taxa de alfabetização das pessoas de 15 anos ou mais de idade,2022,2022,6794,Total,95251,Total,100362,Total
6,Município,2,%,93.49,3554904,Três Fronteiras - SP,2513,Taxa de alfabetização das pessoas de 15 anos ou mais de idade,2022,2022,6794,Total,95251,Total,100362,Total
6,Município,2,%,94.63,3554953,Tuiuti - SP,2513,Taxa de alfabetização das pessoas de 15 anos ou mais de idade,2022,2022,6794,Total,95251,Total,100362,Total
6,Município,2,%,95.92,3555000,Tupã - SP,2513,Taxa de alfabetização das pessoas de 15 anos ou mais de idade,2022,2022,6794,Total,95251,Total,100362,Total
6,Município,2,%,96.43,3555109,Tupi Paulista - SP,2513,Taxa de alfabetização das pessoas de 15 anos ou mais de idade,2022,2022,6794,Total,95251,Total,100362,Total
6,Município,2,%,92.54,3555208,Turiúba - SP,2513,Taxa de alfabetização das pessoas de 15 anos ou mais de idade,2022,2022,6794,Total,95251,Total,100362,Total
6,Município,2,%,94.67,3555307,Turmalina - SP,2513,Taxa de alfabetização das pessoas de 15 anos ou mais de idade,2022,2022,6794,Total,95251,Total,100362,Total
6,Município,2,%,91.9,3555356,Ubarana - SP,2513,Taxa de alfabetização das pessoas de 15 anos ou mais de idade,2022,2022,6794,Total,95251,Total,100362,Total
6,Município,2,%,96.38,3555406,Ubatuba - SP,2513,Taxa de alfabetização das pessoas de 15 anos ou mais de idade,2022,2022,6794,Total,95251,Total,100362,Total
6,Município,2,%,93.9,3555505,Ubirajara - SP,2513,Taxa de alfabetização das pessoas de 15 anos ou mais de idade,2022,2022,6794,Total,95251,Total,100362,Total
6,Município,2,%,94.65,3555604,Uchoa - SP,2513,Taxa de alfabetização das pessoas de 15 anos ou mais de idade,2022,2022,6794,Total,95251,Total,100362,Total
6,Município,2,%,93.3,3555703,União Paulista - SP,2513,Taxa de alfabetização das pessoas de 15 anos ou mais de idade,2022,2022,6794,Total,95251,Total,100362,Total
6,Município,2,%,93.05,3555802,Urânia - SP,2513,Taxa de alfabetização das pessoas de 15 anos ou mais de idade,2022,2022,6794,Total,95251,Total,100362,Total
6,Município,2,%,94.01,3555901,Uru - SP,2513,Taxa de alfabetização das pessoas de 15 anos ou mais de idade,2022,2022,6794,Total,95251,Total,100362,Total
6,Município,2,%,95.27,3556008,Urupês - SP,2513,Taxa de alfabetização das pessoas de 15 anos ou mais de idade,2022,2022,6794,Total,95251,Total,100362,Total
6,Município,2,%,95.94,3556107,Valentim Gentil - SP,2513,Taxa de alfabetização das pessoas de 15 anos ou mais de idade,2022,2022,6794,Total,95251,Total,100362,Total
6,Município,2,%,98.05,3556206,Valinhos - SP,2513,Taxa de alfabetização das pessoas de 15 anos ou mais de idade,2022,2022,6794,Total,95251,Total,100362,Total
6,Município,2,%,95.34,3556305,Valparaíso - SP,2513,Taxa de alfabetização das pessoas de 15 anos ou mais de idade,2022,2022,6794,Total,95251,Total,100362,Total
6,Município,2,%,95.04,3556354,Vargem - SP,2513,Taxa de alfabetização das pessoas de 15 anos ou mais de idade,2022,2022,6794,Total,95251,Total,100362,Total
6,Município,2,%,95.64,3556404,Vargem Grande do Sul - SP,2513,Taxa de alfabetização das pessoas de 15 anos ou mais de idade,2022,2022,6794,Total,95251,Total,100362,Total
6,Município,2,%,96.77,3556453,Vargem Grande Paulista - SP,2513,Taxa de alfabetização das pessoas de 15 anos ou mais de idade,2022,2022,6794,Total,95251,Total,100362,Total
6,Município,2,%,96.53,3556503,Várzea Paulista - SP,2513,Taxa de alfabetização das pessoas de 15 anos ou mais de idade,2022,2022,6794,Total,95251,Total,100362,Total
6,Município,2,%,95.93,3556602,Vera Cruz - SP,2513,Taxa de alfabetização das pessoas de 15 anos ou mais de idade,2022,2022,6794,Total,95251,Total,100362,Total
6,Município,2,%,98.01,3556701,Vinhedo - SP,2513,Taxa de alfabetização das pessoas de 15 anos ou mais de idade,2022,2022,6794,Total,95251,Total,100362,Total
6,Município,2,%,95.72,3556800,Viradouro - SP,2513,Taxa de alfabetização das pessoas de 15 anos ou mais de idade,2022,2022,6794,Total,95251,Total,100362,Total
6,Município,2,%,93.18,3556909,Vista Alegre do Alto - SP,2513,Taxa de alfabetização das pessoas de 15 anos ou mais de idade,2022,2022,6794,Total,95251,Total,100362,Total
6,Município,2,%,91.54,3556958,Vitória Brasil - SP,2513,Taxa de alfabetização das pessoas de 15 anos ou mais de idade,2022,2022,6794,Total,95251,Total,100362,Total
6,Município,2,%,97.65,3557006,Votorantim - SP,2513,Taxa de alfabetização das pessoas de 15 anos ou mais de idade,2022,2022,6794,Total,95251,Total,100362,Total
6,Município,2,%,96.7,3557105,Votuporanga - SP,2513,Taxa de alfabetização das pessoas de 15 anos ou mais de idade,2022,2022,6794,Total,95251,Total,100362,Total
6,Município,2,%,93.55,3557154,Zacarias - SP,2513,Taxa de alfabetização das pessoas de 15 anos ou mais de idade,2022,2022,6794,Total,95251,Total,100362,Total
6,Município,2,%,94.62,3557204,Chavantes - SP,2513,Taxa de alfabetização das pessoas de 15 anos ou mais de idade,2022,2022,6794,Total,95251,Total,100362,Total
6,Município,2,%,96.36,3557303,Estiva Gerbi - SP,2513,Taxa de alfabetização das pessoas de 15 anos ou mais de idade,2022,2022,6794,Total,95251,Total,100362,Total
6,Município,2,%,88.97,4100103,Abatiá - PR,2513,Taxa de alfabetização das pessoas de 15 anos ou mais de idade,2022,2022,6794,Total,95251,Total,100362,Total
6,Município,2,%,87.44,4100202,Adrianópolis - PR,2513,Taxa de alfabetização das pessoas de 15 anos ou mais de idade,2022,2022,6794,Total,95251,Total,100362,Total
6,Município,2,%,93.28,4100301,Agudos do Sul - PR,2513,Taxa de alfabetização das pessoas de 15 anos ou mais de idade,2022,2022,6794,Total,95251,Total,100362,Total
6,Município,2,%,96.48,4100400,Almirante Tamandaré - PR,2513,Taxa de alfabetização das pessoas de 15 anos ou mais de idade,2022,2022,6794,Total,95251,Total,100362,Total
6,Município,2,%,89.4,4100459,Altamira do Paraná - PR,2513,Taxa de alfabetização das pessoas de 15 anos ou mais de idade,2022,2022,6794,Total,95251,Total,100362,Total
6,Município,2,%,92.76,4100509,Altônia - PR,2513,Taxa de alfabetização das pessoas de 15 anos ou mais de idade,2022,2022,6794,Total,95251,Total,100362,Total
6,Município,2,%,92,4100608,Alto Paraná - PR,2513,Taxa de alfabetização das pessoas de 15 anos ou mais de idade,2022,2022,6794,Total,95251,Total,100362,Total
6,Município,2,%,88.22,4100707,Alto Piquiri - PR,2513,Taxa de alfabetização das pessoas de 15 anos ou mais de idade,2022,2022,6794,Total,95251,Total,100362,Total
6,Município,2,%,92.24,4100806,Alvorada do Sul - PR,2513,Taxa de alfabetização das pessoas de 15 anos ou mais de idade,2022,2022,6794,Total,95251,Total,100362,Total
6,Município,2,%,90.22,4100905,Amaporã - PR,2513,Taxa de alfabetização das pessoas de 15 anos ou mais de idade,2022,2022,6794,Total,95251,Total,100362,Total
6,Município,2,%,94.62,4101002,Ampére - PR,2513,Taxa de alfabetização das pessoas de 15 anos ou mais de idade,2022,2022,6794,Total,95251,Total,100362,Total
6,Município,2,%,90.27,4101051,Anahy - PR,2513,Taxa de alfabetização das pessoas de 15 anos ou mais de idade,2022,2022,6794,Total,95251,Total,100362,Total
6,Município,2,%,91.94,4101101,Andirá - PR,2513,Taxa de alfabetização das pessoas de 15 anos ou mais de idade,2022,2022,6794,Total,95251,Total,100362,Total
6,Município,2,%,92.76,4101150,Ângulo - PR,2513,Taxa de alfabetização das pessoas de 15 anos ou mais de idade,2022,2022,6794,Total,95251,Total,100362,Total
6,Município,2,%,94.51,4101200,Antonina - PR,2513,Taxa de alfabetização das pessoas de 15 anos ou mais de idade,2022,2022,6794,Total,95251,Total,100362,Total
6,Município,2,%,93.79,4101309,Antônio Olinto - PR,2513,Taxa de alfabetização das pessoas de 15 anos ou mais de idade,2022,2022,6794,Total,95251,Total,100362,Total
6,Município,2,%,95.73,4101408,Apucarana - PR,2513,Taxa de alfabetização das pessoas de 15 anos ou mais de idade,2022,2022,6794,Total,95251,Total,100362,Total
6,Município,2,%,96.36,4101507,Arapongas - PR,2513,Taxa de alfabetização das pessoas de 15 anos ou mais de idade,2022,2022,6794,Total,95251,Total,100362,Total
6,Município,2,%,94.32,4101606,Arapoti - PR,2513,Taxa de alfabetização das pessoas de 15 anos ou mais de idade,2022,2022,6794,Total,95251,Total,100362,Total
6,Município,2,%,87.77,4101655,Arapuã - PR,2513,Taxa de alfabetização das pessoas de 15 anos ou mais de idade,2022,2022,6794,Total,95251,Total,100362,Total
6,Município,2,%,93.43,4101705,Araruna - PR,2513,Taxa de alfabetização das pessoas de 15 anos ou mais de idade,2022,2022,6794,Total,95251,Total,100362,Total
6,Município,2,%,97.17,4101804,Araucária - PR,2513,Taxa de alfabetização das pessoas de 15 anos ou mais de idade,2022,2022,6794,Total,95251,Total,100362,Total
6,Município,2,%,85.37,4101853,Ariranha do Ivaí - PR,2513,Taxa de alfabetização das pessoas de 15 anos ou mais de idade,2022,2022,6794,Total,95251,Total,100362,Total
6,Município,2,%,93.48,4101903,Assaí - PR,2513,Taxa de alfabetização das pessoas de 15 anos ou mais de idade,2022,2022,6794,Total,95251,Total,100362,Total
6,Município,2,%,94.15,4102000,Assis Chateaubriand - PR,2513,Taxa de alfabetização das pessoas de 15 anos ou mais de idade,2022,2022,6794,Total,95251,Total,100362,Total
6,Município,2,%,95.13,4102109,Astorga - PR,2513,Taxa de alfabetização das pessoas de 15 anos ou mais de idade,2022,2022,6794,Total,95251,Total,100362,Total
6,Município,2,%,94.84,4102208,Atalaia - PR,2513,Taxa de alfabetização das pessoas de 15 anos ou mais de idade,2022,2022,6794,Total,95251,Total,100362,Total
6,Município,2,%,96.45,4102307,Balsa Nova - PR,2513,Taxa de alfabetização das pessoas de 15 anos ou mais de idade,2022,2022,6794,Total,95251,Total,100362,Total
6,Município,2,%,93.63,4102406,Bandeirantes - PR,2513,Taxa de alfabetização das pessoas de 15 anos ou mais de idade,2022,2022,6794,Total,95251,Total,100362,Total
6,Município,2,%,87.21,4102505,Barbosa Ferraz - PR,2513,Taxa de alfabetização das pessoas de 15 anos ou mais de idade,2022,2022,6794,Total,95251,Total,100362,Total
6,Município,2,%,93.72,4102604,Barracão - PR,2513,Taxa de alfabetização das pessoas de 15 anos ou mais de idade,2022,2022,6794,Total,95251,Total,100362,Total
6,Município,2,%,91.91,4102703,Barra do Jacaré - PR,2513,Taxa de alfabetização das pessoas de 15 anos ou mais de idade,2022,2022,6794,Total,95251,Total,100362,Total
6,Município,2,%,91.89,4102752,Bela Vista da Caroba - PR,2513,Taxa de alfabetização das pessoas de 15 anos ou mais de idade,2022,2022,6794,Total,95251,Total,100362,Total
6,Município,2,%,92.33,4102802,Bela Vista do Paraíso - PR,2513,Taxa de alfabetização das pessoas de 15 anos ou mais de idade,2022,2022,6794,Total,95251,Total,100362,Total
6,Município,2,%,94.34,4102901,Bituruna - PR,2513,Taxa de alfabetização das pessoas de 15 anos ou mais de idade,2022,2022,6794,Total,95251,Total,100362,Total
6,Município,2,%,90.11,4103008,Boa Esperança - PR,2513,Taxa de alfabetização das pessoas de 15 anos ou mais de idade,2022,2022,6794,Total,95251,Total,100362,Total
6,Município,2,%,90.69,4103024,Boa Esperança do Iguaçu - PR,2513,Taxa de alfabetização das pessoas de 15 anos ou mais de idade,2022,2022,6794,Total,95251,Total,100362,Total
6,Município,2,%,90.76,4103040,Boa Ventura de São Roque - PR,2513,Taxa de alfabetização das pessoas de 15 anos ou mais de idade,2022,2022,6794,Total,95251,Total,100362,Total
6,Município,2,%,89.77,4103057,Boa Vista da Aparecida - PR,2513,Taxa de alfabetização das pessoas de 15 anos ou mais de idade,2022,2022,6794,Total,95251,Total,100362,Total
6,Município,2,%,94.35,4103107,Bocaiúva do Sul - PR,2513,Taxa de alfabetização das pessoas de 15 anos ou mais de idade,2022,2022,6794,Total,95251,Total,100362,Total
6,Município,2,%,89.71,4103156,Bom Jesus do Sul - PR,2513,Taxa de alfabetização das pessoas de 15 anos ou mais de idade,2022,2022,6794,Total,95251,Total,100362,Total
6,Município,2,%,91.32,4103206,Bom Sucesso - PR,2513,Taxa de alfabetização das pessoas de 15 anos ou mais de idade,2022,2022,6794,Total,95251,Total,100362,Total
6,Município,2,%,94.39,4103222,Bom Sucesso do Sul - PR,2513,Taxa de alfabetização das pessoas de 15 anos ou mais de idade,2022,2022,6794,Total,95251,Total,100362,Total
6,Município,2,%,91.85,4103305,Borrazópolis - PR,2513,Taxa de alfabetização das pessoas de 15 anos ou mais de idade,2022,2022,6794,Total,95251,Total,100362,Total
6,Município,2,%,89.18,4103354,Braganey - PR,2513,Taxa de alfabetização das pessoas de 15 anos ou mais de idade,2022,2022,6794,Total,95251,Total,100362,Total
6,Município,2,%,89.14,4103370,Brasilândia do Sul - PR,2513,Taxa de alfabetização das pessoas de 15 anos ou mais de idade,2022,2022,6794,Total,95251,Total,100362,Total
6,Município,2,%,89.03,4103404,Cafeara - PR,2513,Taxa de alfabetização das pessoas de 15 anos ou mais de idade,2022,2022,6794,Total,95251,Total,100362,Total
6,Município,2,%,95.17,4103453,Cafelândia - PR,2513,Taxa de alfabetização das pessoas de 15 anos ou mais de idade,2022,2022,6794,Total,95251,Total,100362,Total
6,Município,2,%,86.94,4103479,Cafezal do Sul - PR,2513,Taxa de alfabetização das pessoas de 15 anos ou mais de idade,2022,2022,6794,Total,95251,Total,100362,Total
6,Município,2,%,92.65,4103503,Califórnia - PR,2513,Taxa de alfabetização das pessoas de 15 anos ou mais de idade,2022,2022,6794,Total,95251,Total,100362,Total
6,Município,2,%,94.75,4103602,Cambará - PR,2513,Taxa de alfabetização das pessoas de 15 anos ou mais de idade,2022,2022,6794,Total,95251,Total,100362,Total
6,Município,2,%,95.72,4103701,Cambé - PR,2513,Taxa de alfabetização das pessoas de 15 anos ou mais de idade,2022,2022,6794,Total,95251,Total,100362,Total
6,Município,2,%,93.52,4103800,Cambira - PR,2513,Taxa de alfabetização das pessoas de 15 anos ou mais de idade,2022,2022,6794,Total,95251,Total,100362,Total
6,Município,2,%,91.89,4103909,Campina da Lagoa - PR,2513,Taxa de alfabetização das pessoas de 15 anos ou mais de idade,2022,2022,6794,Total,95251,Total,100362,Total
6,Município,2,%,93.04,4103958,Campina do Simão - PR,2513,Taxa de alfabetização das pessoas de 15 anos ou mais de idade,2022,2022,6794,Total,95251,Total,100362,Total
6,Município,2,%,96.3,4104006,Campina Grande do Sul - PR,2513,Taxa de alfabetização das pessoas de 15 anos ou mais de idade,2022,2022,6794,Total,95251,Total,100362,Total
6,Município,2,%,88.37,4104055,Campo Bonito - PR,2513,Taxa de alfabetização das pessoas de 15 anos ou mais de idade,2022,2022,6794,Total,95251,Total,100362,Total
6,Município,2,%,94.4,4104105,Campo do Tenente - PR,2513,Taxa de alfabetização das pessoas de 15 anos ou mais de idade,2022,2022,6794,Total,95251,Total,100362,Total
6,Município,2,%,96.92,4104204,Campo Largo - PR,2513,Taxa de alfabetização das pessoas de 15 anos ou mais de idade,2022,2022,6794,Total,95251,Total,100362,Total
6,Município,2,%,95.85,4104253,Campo Magro - PR,2513,Taxa de alfabetização das pessoas de 15 anos ou mais de idade,2022,2022,6794,Total,95251,Total,100362,Total
6,Município,2,%,95.35,4104303,Campo Mourão - PR,2513,Taxa de alfabetização das pessoas de 15 anos ou mais de idade,2022,2022,6794,Total,95251,Total,100362,Total
6,Município,2,%,87.89,4104402,Cândido de Abreu - PR,2513,Taxa de alfabetização das pessoas de 15 anos ou mais de idade,2022,2022,6794,Total,95251,Total,100362,Total
6,Município,2,%,92.56,4104428,Candói - PR,2513,Taxa de alfabetização das pessoas de 15 anos ou mais de idade,2022,2022,6794,Total,95251,Total,100362,Total
6,Município,2,%,91.18,4104451,Cantagalo - PR,2513,Taxa de alfabetização das pessoas de 15 anos ou mais de idade,2022,2022,6794,Total,95251,Total,100362,Total
6,Município,2,%,95.4,4104501,Capanema - PR,2513,Taxa de alfabetização das pessoas de 15 anos ou mais de idade,2022,2022,6794,Total,95251,Total,100362,Total
6,Município,2,%,92.2,4104600,Capitão Leônidas Marques - PR,2513,Taxa de alfabetização das pessoas de 15 anos ou mais de idade,2022,2022,6794,Total,95251,Total,100362,Total
6,Município,2,%,96.55,4104659,Carambeí - PR,2513,Taxa de alfabetização das pessoas de 15 anos ou mais de idade,2022,2022,6794,Total,95251,Total,100362,Total
6,Município,2,%,93.71,4104709,Carlópolis - PR,2513,Taxa de alfabetização das pessoas de 15 anos ou mais de idade,2022,2022,6794,Total,95251,Total,100362,Total
6,Município,2,%,96.83,4104808,Cascavel - PR,2513,Taxa de alfabetização das pessoas de 15 anos ou mais de idade,2022,2022,6794,Total,95251,Total,100362,Total
6,Município,2,%,95,4104907,Castro - PR,2513,Taxa de alfabetização das pessoas de 15 anos ou mais de idade,2022,2022,6794,Total,95251,Total,100362,Total
6,Município,2,%,91.49,4105003,Catanduvas - PR,2513,Taxa de alfabetização das pessoas de 15 anos ou mais de idade,2022,2022,6794,Total,95251,Total,100362,Total
6,Município,2,%,89.94,4105102,Centenário do Sul - PR,2513,Taxa de alfabetização das pessoas de 15 anos ou mais de idade,2022,2022,6794,Total,95251,Total,100362,Total
6,Município,2,%,86.18,4105201,Cerro Azul - PR,2513,Taxa de alfabetização das pessoas de 15 anos ou mais de idade,2022,2022,6794,Total,95251,Total,100362,Total
6,Município,2,%,95.14,4105300,Céu Azul - PR,2513,Taxa de alfabetização das pessoas de 15 anos ou mais de idade,2022,2022,6794,Total,95251,Total,100362,Total
6,Município,2,%,94.19,4105409,Chopinzinho - PR,2513,Taxa de alfabetização das pessoas de 15 anos ou mais de idade,2022,2022,6794,Total,95251,Total,100362,Total
6,Município,2,%,95.91,4105508,Cianorte - PR,2513,Taxa de alfabetização das pessoas de 15 anos ou mais de idade,2022,2022,6794,Total,95251,Total,100362,Total
6,Município,2,%,91.88,4105607,Cidade Gaúcha - PR,2513,Taxa de alfabetização das pessoas de 15 anos ou mais de idade,2022,2022,6794,Total,95251,Total,100362,Total
6,Município,2,%,91.99,4105706,Clevelândia - PR,2513,Taxa de alfabetização das pessoas de 15 anos ou mais de idade,2022,2022,6794,Total,95251,Total,100362,Total
6,Município,2,%,96.84,4105805,Colombo - PR,2513,Taxa de alfabetização das pessoas de 15 anos ou mais de idade,2022,2022,6794,Total,95251,Total,100362,Total
6,Município,2,%,93.77,4105904,Colorado - PR,2513,Taxa de alfabetização das pessoas de 15 anos ou mais de idade,2022,2022,6794,Total,95251,Total,100362,Total
6,Município,2,%,88.12,4106001,Congonhinhas - PR,2513,Taxa de alfabetização das pessoas de 15 anos ou mais de idade,2022,2022,6794,Total,95251,Total,100362,Total
6,Município,2,%,91.9,4106100,Conselheiro Mairinck - PR,2513,Taxa de alfabetização das pessoas de 15 anos ou mais de idade,2022,2022,6794,Total,95251,Total,100362,Total
6,Município,2,%,97.03,4106209,Contenda - PR,2513,Taxa de alfabetização das pessoas de 15 anos ou mais de idade,2022,2022,6794,Total,95251,Total,100362,Total
6,Município,2,%,94.15,4106308,Corbélia - PR,2513,Taxa de alfabetização das pessoas de 15 anos ou mais de idade,2022,2022,6794,Total,95251,Total,100362,Total
6,Município,2,%,95.1,4106407,Cornélio Procópio - PR,2513,Taxa de alfabetização das pessoas de 15 anos ou mais de idade,2022,2022,6794,Total,95251,Total,100362,Total
6,Município,2,%,89.4,4106456,Coronel Domingos Soares - PR,2513,Taxa de alfabetização das pessoas de 15 anos ou mais de idade,2022,2022,6794,Total,95251,Total,100362,Total
6,Município,2,%,95.51,4106506,Coronel Vivida - PR,2513,Taxa de alfabetização das pessoas de 15 anos ou mais de idade,2022,2022,6794,Total,95251,Total,100362,Total
6,Município,2,%,87.24,4106555,Corumbataí do Sul - PR,2513,Taxa de alfabetização das pessoas de 15 anos ou mais de idade,2022,2022,6794,Total,95251,Total,100362,Total
6,Município,2,%,92.17,4106571,Cruzeiro do Iguaçu - PR,2513,Taxa de alfabetização das pessoas de 15 anos ou mais de idade,2022,2022,6794,Total,95251,Total,100362,Total
6,Município,2,%,91.89,4106605,Cruzeiro do Oeste - PR,2513,Taxa de alfabetização das pessoas de 15 anos ou mais de idade,2022,2022,6794,Total,95251,Total,100362,Total
6,Município,2,%,91.96,4106704,Cruzeiro do Sul - PR,2513,Taxa de alfabetização das pessoas de 15 anos ou mais de idade,2022,2022,6794,Total,95251,Total,100362,Total
6,Município,2,%,95.93,4106803,Cruz Machado - PR,2513,Taxa de alfabetização das pessoas de 15 anos ou mais de idade,2022,2022,6794,Total,95251,Total,100362,Total
6,Município,2,%,87.03,4106852,Cruzmaltina - PR,2513,Taxa de alfabetização das pessoas de 15 anos ou mais de idade,2022,2022,6794,Total,95251,Total,100362,Total
6,Município,2,%,98.47,4106902,Curitiba - PR,2513,Taxa de alfabetização das pessoas de 15 anos ou mais de idade,2022,2022,6794,Total,95251,Total,100362,Total
6,Município,2,%,89.89,4107009,Curiúva - PR,2513,Taxa de alfabetização das pessoas de 15 anos ou mais de idade,2022,2022,6794,Total,95251,Total,100362,Total
6,Município,2,%,91.43,4107108,Diamante do Norte - PR,2513,Taxa de alfabetização das pessoas de 15 anos ou mais de idade,2022,2022,6794,Total,95251,Total,100362,Total
6,Município,2,%,85.05,4107124,Diamante do Sul - PR,2513,Taxa de alfabetização das pessoas de 15 anos ou mais de idade,2022,2022,6794,Total,95251,Total,100362,Total
6,Município,2,%,89.15,4107157,Diamante D'Oeste - PR,2513,Taxa de alfabetização das pessoas de 15 anos ou mais de idade,2022,2022,6794,Total,95251,Total,100362,Total
6,Município,2,%,95.99,4107207,Dois Vizinhos - PR,2513,Taxa de alfabetização das pessoas de 15 anos ou mais de idade,2022,2022,6794,Total,95251,Total,100362,Total
6,Município,2,%,93.06,4107256,Douradina - PR,2513,Taxa de alfabetização das pessoas de 15 anos ou mais de idade,2022,2022,6794,Total,95251,Total,100362,Total
6,Município,2,%,94.42,4107306,Doutor Camargo - PR,2513,Taxa de alfabetização das pessoas de 15 anos ou mais de idade,2022,2022,6794,Total,95251,Total,100362,Total
6,Município,2,%,93.08,4107405,Enéas Marques - PR,2513,Taxa de alfabetização das pessoas de 15 anos ou mais de idade,2022,2022,6794,Total,95251,Total,100362,Total
6,Município,2,%,91.47,4107504,Engenheiro Beltrão - PR,2513,Taxa de alfabetização das pessoas de 15 anos ou mais de idade,2022,2022,6794,Total,95251,Total,100362,Total
6,Município,2,%,89.78,4107520,Esperança Nova - PR,2513,Taxa de alfabetização das pessoas de 15 anos ou mais de idade,2022,2022,6794,Total,95251,Total,100362,Total
6,Município,2,%,96.43,4107538,Entre Rios do Oeste - PR,2513,Taxa de alfabetização das pessoas de 15 anos ou mais de idade,2022,2022,6794,Total,95251,Total,100362,Total
6,Município,2,%,88.25,4107546,Espigão Alto do Iguaçu - PR,2513,Taxa de alfabetização das pessoas de 15 anos ou mais de idade,2022,2022,6794,Total,95251,Total,100362,Total
6,Município,2,%,87.3,4107553,Farol - PR,2513,Taxa de alfabetização das pessoas de 15 anos ou mais de idade,2022,2022,6794,Total,95251,Total,100362,Total
6,Município,2,%,90.28,4107603,Faxinal - PR,2513,Taxa de alfabetização das pessoas de 15 anos ou mais de idade,2022,2022,6794,Total,95251,Total,100362,Total
6,Município,2,%,97.37,4107652,Fazenda Rio Grande - PR,2513,Taxa de alfabetização das pessoas de 15 anos ou mais de idade,2022,2022,6794,Total,95251,Total,100362,Total
6,Município,2,%,89.82,4107702,Fênix - PR,2513,Taxa de alfabetização das pessoas de 15 anos ou mais de idade,2022,2022,6794,Total,95251,Total,100362,Total
6,Município,2,%,92.89,4107736,Fernandes Pinheiro - PR,2513,Taxa de alfabetização das pessoas de 15 anos ou mais de idade,2022,2022,6794,Total,95251,Total,100362,Total
6,Município,2,%,89.29,4107751,Figueira - PR,2513,Taxa de alfabetização das pessoas de 15 anos ou mais de idade,2022,2022,6794,Total,95251,Total,100362,Total
6,Município,2,%,93.69,4107801,Floraí - PR,2513,Taxa de alfabetização das pessoas de 15 anos ou mais de idade,2022,2022,6794,Total,95251,Total,100362,Total
6,Município,2,%,90.56,4107850,Flor da Serra do Sul - PR,2513,Taxa de alfabetização das pessoas de 15 anos ou mais de idade,2022,2022,6794,Total,95251,Total,100362,Total
6,Município,2,%,94.59,4107900,Floresta - PR,2513,Taxa de alfabetização das pessoas de 15 anos ou mais de idade,2022,2022,6794,Total,95251,Total,100362,Total
6,Município,2,%,91.26,4108007,Florestópolis - PR,2513,Taxa de alfabetização das pessoas de 15 anos ou mais de idade,2022,2022,6794,Total,95251,Total,100362,Total
6,Município,2,%,91.86,4108106,Flórida - PR,2513,Taxa de alfabetização das pessoas de 15 anos ou mais de idade,2022,2022,6794,Total,95251,Total,100362,Total
6,Município,2,%,93.41,4108205,Formosa do Oeste - PR,2513,Taxa de alfabetização das pessoas de 15 anos ou mais de idade,2022,2022,6794,Total,95251,Total,100362,Total
6,Município,2,%,96.07,4108304,Foz do Iguaçu - PR,2513,Taxa de alfabetização das pessoas de 15 anos ou mais de idade,2022,2022,6794,Total,95251,Total,100362,Total
6,Município,2,%,90.63,4108320,Francisco Alves - PR,2513,Taxa de alfabetização das pessoas de 15 anos ou mais de idade,2022,2022,6794,Total,95251,Total,100362,Total
6,Município,2,%,96.25,4108403,Francisco Beltrão - PR,2513,Taxa de alfabetização das pessoas de 15 anos ou mais de idade,2022,2022,6794,Total,95251,Total,100362,Total
6,Município,2,%,92.07,4108452,Foz do Jordão - PR,2513,Taxa de alfabetização das pessoas de 15 anos ou mais de idade,2022,2022,6794,Total,95251,Total,100362,Total
6,Município,2,%,91.5,4108502,General Carneiro - PR,2513,Taxa de alfabetização das pessoas de 15 anos ou mais de idade,2022,2022,6794,Total,95251,Total,100362,Total
6,Município,2,%,83.31,4108551,Godoy Moreira - PR,2513,Taxa de alfabetização das pessoas de 15 anos ou mais de idade,2022,2022,6794,Total,95251,Total,100362,Total
6,Município,2,%,92.76,4108601,Goioerê - PR,2513,Taxa de alfabetização das pessoas de 15 anos ou mais de idade,2022,2022,6794,Total,95251,Total,100362,Total
6,Município,2,%,91.32,4108650,Goioxim - PR,2513,Taxa de alfabetização das pessoas de 15 anos ou mais de idade,2022,2022,6794,Total,95251,Total,100362,Total
6,Município,2,%,86.22,4108700,Grandes Rios - PR,2513,Taxa de alfabetização das pessoas de 15 anos ou mais de idade,2022,2022,6794,Total,95251,Total,100362,Total
6,Município,2,%,92.89,4108809,Guaíra - PR,2513,Taxa de alfabetização das pessoas de 15 anos ou mais de idade,2022,2022,6794,Total,95251,Total,100362,Total
6,Município,2,%,89.49,4108908,Guairaçá - PR,2513,Taxa de alfabetização das pessoas de 15 anos ou mais de idade,2022,2022,6794,Total,95251,Total,100362,Total
6,Município,2,%,94.67,4108957,Guamiranga - PR,2513,Taxa de alfabetização das pessoas de 15 anos ou mais de idade,2022,2022,6794,Total,95251,Total,100362,Total
6,Município,2,%,91.75,4109005,Guapirama - PR,2513,Taxa de alfabetização das pessoas de 15 anos ou mais de idade,2022,2022,6794,Total,95251,Total,100362,Total
6,Município,2,%,89,4109104,Guaporema - PR,2513,Taxa de alfabetização das pessoas de 15 anos ou mais de idade,2022,2022,6794,Total,95251,Total,100362,Total
6,Município,2,%,91.96,4109203,Guaraci - PR,2513,Taxa de alfabetização das pessoas de 15 anos ou mais de idade,2022,2022,6794,Total,95251,Total,100362,Total
6,Município,2,%,91.6,4109302,Guaraniaçu - PR,2513,Taxa de alfabetização das pessoas de 15 anos ou mais de idade,2022,2022,6794,Total,95251,Total,100362,Total
6,Município,2,%,96.13,4109401,Guarapuava - PR,2513,Taxa de alfabetização das pessoas de 15 anos ou mais de idade,2022,2022,6794,Total,95251,Total,100362,Total
6,Município,2,%,90.82,4109500,Guaraqueçaba - PR,2513,Taxa de alfabetização das pessoas de 15 anos ou mais de idade,2022,2022,6794,Total,95251,Total,100362,Total
6,Município,2,%,96.49,4109609,Guaratuba - PR,2513,Taxa de alfabetização das pessoas de 15 anos ou mais de idade,2022,2022,6794,Total,95251,Total,100362,Total
6,Município,2,%,91.9,4109658,Honório Serpa - PR,2513,Taxa de alfabetização das pessoas de 15 anos ou mais de idade,2022,2022,6794,Total,95251,Total,100362,Total
6,Município,2,%,91.32,4109708,Ibaiti - PR,2513,Taxa de alfabetização das pessoas de 15 anos ou mais de idade,2022,2022,6794,Total,95251,Total,100362,Total
6,Município,2,%,88.1,4109757,Ibema - PR,2513,Taxa de alfabetização das pessoas de 15 anos ou mais de idade,2022,2022,6794,Total,95251,Total,100362,Total
6,Município,2,%,94.89,4109807,Ibiporã - PR,2513,Taxa de alfabetização das pessoas de 15 anos ou mais de idade,2022,2022,6794,Total,95251,Total,100362,Total
6,Município,2,%,90.62,4109906,Icaraíma - PR,2513,Taxa de alfabetização das pessoas de 15 anos ou mais de idade,2022,2022,6794,Total,95251,Total,100362,Total
6,Município,2,%,93.91,4110003,Iguaraçu - PR,2513,Taxa de alfabetização das pessoas de 15 anos ou mais de idade,2022,2022,6794,Total,95251,Total,100362,Total
6,Município,2,%,89.15,4110052,Iguatu - PR,2513,Taxa de alfabetização das pessoas de 15 anos ou mais de idade,2022,2022,6794,Total,95251,Total,100362,Total
6,Município,2,%,90.97,4110078,Imbaú - PR,2513,Taxa de alfabetização das pessoas de 15 anos ou mais de idade,2022,2022,6794,Total,95251,Total,100362,Total
6,Município,2,%,95.77,4110102,Imbituva - PR,2513,Taxa de alfabetização das pessoas de 15 anos ou mais de idade,2022,2022,6794,Total,95251,Total,100362,Total
6,Município,2,%,92.76,4110201,Inácio Martins - PR,2513,Taxa de alfabetização das pessoas de 15 anos ou mais de idade,2022,2022,6794,Total,95251,Total,100362,Total
6,Município,2,%,88.42,4110300,Inajá - PR,2513,Taxa de alfabetização das pessoas de 15 anos ou mais de idade,2022,2022,6794,Total,95251,Total,100362,Total
6,Município,2,%,92.85,4110409,Indianópolis - PR,2513,Taxa de alfabetização das pessoas de 15 anos ou mais de idade,2022,2022,6794,Total,95251,Total,100362,Total
6,Município,2,%,95.13,4110508,Ipiranga - PR,2513,Taxa de alfabetização das pessoas de 15 anos ou mais de idade,2022,2022,6794,Total,95251,Total,100362,Total
6,Município,2,%,92.31,4110607,Iporã - PR,2513,Taxa de alfabetização das pessoas de 15 anos ou mais de idade,2022,2022,6794,Total,95251,Total,100362,Total
6,Município,2,%,88.6,4110656,Iracema do Oeste - PR,2513,Taxa de alfabetização das pessoas de 15 anos ou mais de idade,2022,2022,6794,Total,95251,Total,100362,Total
6,Município,2,%,97.02,4110706,Irati - PR,2513,Taxa de alfabetização das pessoas de 15 anos ou mais de idade,2022,2022,6794,Total,95251,Total,100362,Total
6,Município,2,%,87.54,4110805,Iretama - PR,2513,Taxa de alfabetização das pessoas de 15 anos ou mais de idade,2022,2022,6794,Total,95251,Total,100362,Total
6,Município,2,%,95.53,4110904,Itaguajé - PR,2513,Taxa de alfabetização das pessoas de 15 anos ou mais de idade,2022,2022,6794,Total,95251,Total,100362,Total
6,Município,2,%,92.81,4110953,Itaipulândia - PR,2513,Taxa de alfabetização das pessoas de 15 anos ou mais de idade,2022,2022,6794,Total,95251,Total,100362,Total
6,Município,2,%,87.89,4111001,Itambaracá - PR,2513,Taxa de alfabetização das pessoas de 15 anos ou mais de idade,2022,2022,6794,Total,95251,Total,100362,Total
6,Município,2,%,93.11,4111100,Itambé - PR,2513,Taxa de alfabetização das pessoas de 15 anos ou mais de idade,2022,2022,6794,Total,95251,Total,100362,Total
6,Município,2,%,94.68,4111209,Itapejara d'Oeste - PR,2513,Taxa de alfabetização das pessoas de 15 anos ou mais de idade,2022,2022,6794,Total,95251,Total,100362,Total
6,Município,2,%,93.34,4111258,Itaperuçu - PR,2513,Taxa de alfabetização das pessoas de 15 anos ou mais de idade,2022,2022,6794,Total,95251,Total,100362,Total
6,Município,2,%,85.89,4111308,Itaúna do Sul - PR,2513,Taxa de alfabetização das pessoas de 15 anos ou mais de idade,2022,2022,6794,Total,95251,Total,100362,Total
6,Município,2,%,93.89,4111407,Ivaí - PR,2513,Taxa de alfabetização das pessoas de 15 anos ou mais de idade,2022,2022,6794,Total,95251,Total,100362,Total
6,Município,2,%,92.37,4111506,Ivaiporã - PR,2513,Taxa de alfabetização das pessoas de 15 anos ou mais de idade,2022,2022,6794,Total,95251,Total,100362,Total
6,Município,2,%,91.79,4111555,Ivaté - PR,2513,Taxa de alfabetização das pessoas de 15 anos ou mais de idade,2022,2022,6794,Total,95251,Total,100362,Total
6,Município,2,%,94.43,4111605,Ivatuba - PR,2513,Taxa de alfabetização das pessoas de 15 anos ou mais de idade,2022,2022,6794,Total,95251,Total,100362,Total
6,Município,2,%,91.02,4111704,Jaboti - PR,2513,Taxa de alfabetização das pessoas de 15 anos ou mais de idade,2022,2022,6794,Total,95251,Total,100362,Total
6,Município,2,%,93.16,4111803,Jacarezinho - PR,2513,Taxa de alfabetização das pessoas de 15 anos ou mais de idade,2022,2022,6794,Total,95251,Total,100362,Total
6,Município,2,%,93.76,4111902,Jaguapitã - PR,2513,Taxa de alfabetização das pessoas de 15 anos ou mais de idade,2022,2022,6794,Total,95251,Total,100362,Total
6,Município,2,%,95.04,4112009,Jaguariaíva - PR,2513,Taxa de alfabetização das pessoas de 15 anos ou mais de idade,2022,2022,6794,Total,95251,Total,100362,Total
6,Município,2,%,94.78,4112108,Jandaia do Sul - PR,2513,Taxa de alfabetização das pessoas de 15 anos ou mais de idade,2022,2022,6794,Total,95251,Total,100362,Total
6,Município,2,%,87.24,4112207,Janiópolis - PR,2513,Taxa de alfabetização das pessoas de 15 anos ou mais de idade,2022,2022,6794,Total,95251,Total,100362,Total
6,Município,2,%,91.07,4112306,Japira - PR,2513,Taxa de alfabetização das pessoas de 15 anos ou mais de idade,2022,2022,6794,Total,95251,Total,100362,Total
6,Município,2,%,94.48,4112405,Japurá - PR,2513,Taxa de alfabetização das pessoas de 15 anos ou mais de idade,2022,2022,6794,Total,95251,Total,100362,Total
6,Município,2,%,88.78,4112504,Jardim Alegre - PR,2513,Taxa de alfabetização das pessoas de 15 anos ou mais de idade,2022,2022,6794,Total,95251,Total,100362,Total
6,Município,2,%,90.57,4112603,Jardim Olinda - PR,2513,Taxa de alfabetização das pessoas de 15 anos ou mais de idade,2022,2022,6794,Total,95251,Total,100362,Total
6,Município,2,%,92.78,4112702,Jataizinho - PR,2513,Taxa de alfabetização das pessoas de 15 anos ou mais de idade,2022,2022,6794,Total,95251,Total,100362,Total
6,Município,2,%,94.19,4112751,Jesuítas - PR,2513,Taxa de alfabetização das pessoas de 15 anos ou mais de idade,2022,2022,6794,Total,95251,Total,100362,Total
6,Município,2,%,94.88,4112801,Joaquim Távora - PR,2513,Taxa de alfabetização das pessoas de 15 anos ou mais de idade,2022,2022,6794,Total,95251,Total,100362,Total
6,Município,2,%,89.77,4112900,Jundiaí do Sul - PR,2513,Taxa de alfabetização das pessoas de 15 anos ou mais de idade,2022,2022,6794,Total,95251,Total,100362,Total
6,Município,2,%,92.31,4112959,Juranda - PR,2513,Taxa de alfabetização das pessoas de 15 anos ou mais de idade,2022,2022,6794,Total,95251,Total,100362,Total
6,Município,2,%,94,4113007,Jussara - PR,2513,Taxa de alfabetização das pessoas de 15 anos ou mais de idade,2022,2022,6794,Total,95251,Total,100362,Total
6,Município,2,%,91,4113106,Kaloré - PR,2513,Taxa de alfabetização das pessoas de 15 anos ou mais de idade,2022,2022,6794,Total,95251,Total,100362,Total
6,Município,2,%,96.12,4113205,Lapa - PR,2513,Taxa de alfabetização das pessoas de 15 anos ou mais de idade,2022,2022,6794,Total,95251,Total,100362,Total
6,Município,2,%,86.1,4113254,Laranjal - PR,2513,Taxa de alfabetização das pessoas de 15 anos ou mais de idade,2022,2022,6794,Total,95251,Total,100362,Total
6,Município,2,%,94.6,4113304,Laranjeiras do Sul - PR,2513,Taxa de alfabetização das pessoas de 15 anos ou mais de idade,2022,2022,6794,Total,95251,Total,100362,Total
6,Município,2,%,92.12,4113403,Leópolis - PR,2513,Taxa de alfabetização das pessoas de 15 anos ou mais de idade,2022,2022,6794,Total,95251,Total,100362,Total
6,Município,2,%,88.51,4113429,Lidianópolis - PR,2513,Taxa de alfabetização das pessoas de 15 anos ou mais de idade,2022,2022,6794,Total,95251,Total,100362,Total
6,Município,2,%,91.11,4113452,Lindoeste - PR,2513,Taxa de alfabetização das pessoas de 15 anos ou mais de idade,2022,2022,6794,Total,95251,Total,100362,Total
6,Município,2,%,93.99,4113502,Loanda - PR,2513,Taxa de alfabetização das pessoas de 15 anos ou mais de idade,2022,2022,6794,Total,95251,Total,100362,Total
6,Município,2,%,94.87,4113601,Lobato - PR,2513,Taxa de alfabetização das pessoas de 15 anos ou mais de idade,2022,2022,6794,Total,95251,Total,100362,Total
6,Município,2,%,97.16,4113700,Londrina - PR,2513,Taxa de alfabetização das pessoas de 15 anos ou mais de idade,2022,2022,6794,Total,95251,Total,100362,Total
6,Município,2,%,87.75,4113734,Luiziana - PR,2513,Taxa de alfabetização das pessoas de 15 anos ou mais de idade,2022,2022,6794,Total,95251,Total,100362,Total
6,Município,2,%,86.65,4113759,Lunardelli - PR,2513,Taxa de alfabetização das pessoas de 15 anos ou mais de idade,2022,2022,6794,Total,95251,Total,100362,Total
6,Município,2,%,91.21,4113809,Lupionópolis - PR,2513,Taxa de alfabetização das pessoas de 15 anos ou mais de idade,2022,2022,6794,Total,95251,Total,100362,Total
6,Município,2,%,97.1,4113908,Mallet - PR,2513,Taxa de alfabetização das pessoas de 15 anos ou mais de idade,2022,2022,6794,Total,95251,Total,100362,Total
6,Município,2,%,92.29,4114005,Mamborê - PR,2513,Taxa de alfabetização das pessoas de 15 anos ou mais de idade,2022,2022,6794,Total,95251,Total,100362,Total
6,Município,2,%,95.15,4114104,Mandaguaçu - PR,2513,Taxa de alfabetização das pessoas de 15 anos ou mais de idade,2022,2022,6794,Total,95251,Total,100362,Total
6,Município,2,%,94.68,4114203,Mandaguari - PR,2513,Taxa de alfabetização das pessoas de 15 anos ou mais de idade,2022,2022,6794,Total,95251,Total,100362,Total
6,Município,2,%,95.77,4114302,Mandirituba - PR,2513,Taxa de alfabetização das pessoas de 15 anos ou mais de idade,2022,2022,6794,Total,95251,Total,100362,Total
6,Município,2,%,91.51,4114351,Manfrinópolis - PR,2513,Taxa de alfabetização das pessoas de 15 anos ou mais de idade,2022,2022,6794,Total,95251,Total,100362,Total
6,Município,2,%,92.34,4114401,Mangueirinha - PR,2513,Taxa de alfabetização das pessoas de 15 anos ou mais de idade,2022,2022,6794,Total,95251,Total,100362,Total
6,Município,2,%,91.75,4114500,Manoel Ribas - PR,2513,Taxa de alfabetização das pessoas de 15 anos ou mais de idade,2022,2022,6794,Total,95251,Total,100362,Total
6,Município,2,%,96.94,4114609,Marechal Cândido Rondon - PR,2513,Taxa de alfabetização das pessoas de 15 anos ou mais de idade,2022,2022,6794,Total,95251,Total,100362,Total
6,Município,2,%,90.3,4114708,Maria Helena - PR,2513,Taxa de alfabetização das pessoas de 15 anos ou mais de idade,2022,2022,6794,Total,95251,Total,100362,Total
6,Município,2,%,95.54,4114807,Marialva - PR,2513,Taxa de alfabetização das pessoas de 15 anos ou mais de idade,2022,2022,6794,Total,95251,Total,100362,Total
6,Município,2,%,91.8,4114906,Marilândia do Sul - PR,2513,Taxa de alfabetização das pessoas de 15 anos ou mais de idade,2022,2022,6794,Total,95251,Total,100362,Total
6,Município,2,%,90.19,4115002,Marilena - PR,2513,Taxa de alfabetização das pessoas de 15 anos ou mais de idade,2022,2022,6794,Total,95251,Total,100362,Total
6,Município,2,%,87.73,4115101,Mariluz - PR,2513,Taxa de alfabetização das pessoas de 15 anos ou mais de idade,2022,2022,6794,Total,95251,Total,100362,Total
6,Município,2,%,98.02,4115200,Maringá - PR,2513,Taxa de alfabetização das pessoas de 15 anos ou mais de idade,2022,2022,6794,Total,95251,Total,100362,Total
6,Município,2,%,94.03,4115309,Mariópolis - PR,2513,Taxa de alfabetização das pessoas de 15 anos ou mais de idade,2022,2022,6794,Total,95251,Total,100362,Total
6,Município,2,%,97.02,4115358,Maripá - PR,2513,Taxa de alfabetização das pessoas de 15 anos ou mais de idade,2022,2022,6794,Total,95251,Total,100362,Total
6,Município,2,%,94.51,4115408,Marmeleiro - PR,2513,Taxa de alfabetização das pessoas de 15 anos ou mais de idade,2022,2022,6794,Total,95251,Total,100362,Total
6,Município,2,%,91.43,4115457,Marquinho - PR,2513,Taxa de alfabetização das pessoas de 15 anos ou mais de idade,2022,2022,6794,Total,95251,Total,100362,Total
6,Município,2,%,92.4,4115507,Marumbi - PR,2513,Taxa de alfabetização das pessoas de 15 anos ou mais de idade,2022,2022,6794,Total,95251,Total,100362,Total
6,Município,2,%,94.53,4115606,Matelândia - PR,2513,Taxa de alfabetização das pessoas de 15 anos ou mais de idade,2022,2022,6794,Total,95251,Total,100362,Total
6,Município,2,%,97.02,4115705,Matinhos - PR,2513,Taxa de alfabetização das pessoas de 15 anos ou mais de idade,2022,2022,6794,Total,95251,Total,100362,Total
6,Município,2,%,84.59,4115739,Mato Rico - PR,2513,Taxa de alfabetização das pessoas de 15 anos ou mais de idade,2022,2022,6794,Total,95251,Total,100362,Total
6,Município,2,%,91.4,4115754,Mauá da Serra - PR,2513,Taxa de alfabetização das pessoas de 15 anos ou mais de idade,2022,2022,6794,Total,95251,Total,100362,Total
6,Município,2,%,96.47,4115804,Medianeira - PR,2513,Taxa de alfabetização das pessoas de 15 anos ou mais de idade,2022,2022,6794,Total,95251,Total,100362,Total
6,Município,2,%,96.09,4115853,Mercedes - PR,2513,Taxa de alfabetização das pessoas de 15 anos ou mais de idade,2022,2022,6794,Total,95251,Total,100362,Total
6,Município,2,%,89.87,4115903,Mirador - PR,2513,Taxa de alfabetização das pessoas de 15 anos ou mais de idade,2022,2022,6794,Total,95251,Total,100362,Total
6,Município,2,%,92.09,4116000,Miraselva - PR,2513,Taxa de alfabetização das pessoas de 15 anos ou mais de idade,2022,2022,6794,Total,95251,Total,100362,Total
6,Município,2,%,95.17,4116059,Missal - PR,2513,Taxa de alfabetização das pessoas de 15 anos ou mais de idade,2022,2022,6794,Total,95251,Total,100362,Total
6,Município,2,%,87.75,4116109,Moreira Sales - PR,2513,Taxa de alfabetização das pessoas de 15 anos ou mais de idade,2022,2022,6794,Total,95251,Total,100362,Total
6,Município,2,%,96.14,4116208,Morretes - PR,2513,Taxa de alfabetização das pessoas de 15 anos ou mais de idade,2022,2022,6794,Total,95251,Total,100362,Total
6,Município,2,%,93.03,4116307,Munhoz de Melo - PR,2513,Taxa de alfabetização das pessoas de 15 anos ou mais de idade,2022,2022,6794,Total,95251,Total,100362,Total
6,Município,2,%,90.99,4116406,Nossa Senhora das Graças - PR,2513,Taxa de alfabetização das pessoas de 15 anos ou mais de idade,2022,2022,6794,Total,95251,Total,100362,Total
6,Município,2,%,90.95,4116505,Nova Aliança do Ivaí - PR,2513,Taxa de alfabetização das pessoas de 15 anos ou mais de idade,2022,2022,6794,Total,95251,Total,100362,Total
6,Município,2,%,89.97,4116604,Nova América da Colina - PR,2513,Taxa de alfabetização das pessoas de 15 anos ou mais de idade,2022,2022,6794,Total,95251,Total,100362,Total
6,Município,2,%,94.44,4116703,Nova Aurora - PR,2513,Taxa de alfabetização das pessoas de 15 anos ou mais de idade,2022,2022,6794,Total,95251,Total,100362,Total
6,Município,2,%,87.26,4116802,Nova Cantu - PR,2513,Taxa de alfabetização das pessoas de 15 anos ou mais de idade,2022,2022,6794,Total,95251,Total,100362,Total
6,Município,2,%,94.07,4116901,Nova Esperança - PR,2513,Taxa de alfabetização das pessoas de 15 anos ou mais de idade,2022,2022,6794,Total,95251,Total,100362,Total
6,Município,2,%,93.02,4116950,Nova Esperança do Sudoeste - PR,2513,Taxa de alfabetização das pessoas de 15 anos ou mais de idade,2022,2022,6794,Total,95251,Total,100362,Total
6,Município,2,%,90.13,4117008,Nova Fátima - PR,2513,Taxa de alfabetização das pessoas de 15 anos ou mais de idade,2022,2022,6794,Total,95251,Total,100362,Total
6,Município,2,%,92.1,4117057,Nova Laranjeiras - PR,2513,Taxa de alfabetização das pessoas de 15 anos ou mais de idade,2022,2022,6794,Total,95251,Total,100362,Total
6,Município,2,%,94.61,4117107,Nova Londrina - PR,2513,Taxa de alfabetização das pessoas de 15 anos ou mais de idade,2022,2022,6794,Total,95251,Total,100362,Total
6,Município,2,%,91.17,4117206,Nova Olímpia - PR,2513,Taxa de alfabetização das pessoas de 15 anos ou mais de idade,2022,2022,6794,Total,95251,Total,100362,Total
6,Município,2,%,84.31,4117214,Nova Santa Bárbara - PR,2513,Taxa de alfabetização das pessoas de 15 anos ou mais de idade,2022,2022,6794,Total,95251,Total,100362,Total
6,Município,2,%,97.14,4117222,Nova Santa Rosa - PR,2513,Taxa de alfabetização das pessoas de 15 anos ou mais de idade,2022,2022,6794,Total,95251,Total,100362,Total
6,Município,2,%,93.03,4117255,Nova Prata do Iguaçu - PR,2513,Taxa de alfabetização das pessoas de 15 anos ou mais de idade,2022,2022,6794,Total,95251,Total,100362,Total
6,Município,2,%,86.27,4117271,Nova Tebas - PR,2513,Taxa de alfabetização das pessoas de 15 anos ou mais de idade,2022,2022,6794,Total,95251,Total,100362,Total
6,Município,2,%,91.11,4117297,Novo Itacolomi - PR,2513,Taxa de alfabetização das pessoas de 15 anos ou mais de idade,2022,2022,6794,Total,95251,Total,100362,Total
6,Município,2,%,88.27,4117305,Ortigueira - PR,2513,Taxa de alfabetização das pessoas de 15 anos ou mais de idade,2022,2022,6794,Total,95251,Total,100362,Total
6,Município,2,%,91.86,4117404,Ourizona - PR,2513,Taxa de alfabetização das pessoas de 15 anos ou mais de idade,2022,2022,6794,Total,95251,Total,100362,Total
6,Município,2,%,94.1,4117453,Ouro Verde do Oeste - PR,2513,Taxa de alfabetização das pessoas de 15 anos ou mais de idade,2022,2022,6794,Total,95251,Total,100362,Total
6,Município,2,%,94.85,4117503,Paiçandu - PR,2513,Taxa de alfabetização das pessoas de 15 anos ou mais de idade,2022,2022,6794,Total,95251,Total,100362,Total
6,Município,2,%,93.86,4117602,Palmas - PR,2513,Taxa de alfabetização das pessoas de 15 anos ou mais de idade,2022,2022,6794,Total,95251,Total,100362,Total
6,Município,2,%,96.92,4117701,Palmeira - PR,2513,Taxa de alfabetização das pessoas de 15 anos ou mais de idade,2022,2022,6794,Total,95251,Total,100362,Total
6,Município,2,%,89.51,4117800,Palmital - PR,2513,Taxa de alfabetização das pessoas de 15 anos ou mais de idade,2022,2022,6794,Total,95251,Total,100362,Total
6,Município,2,%,95.79,4117909,Palotina - PR,2513,Taxa de alfabetização das pessoas de 15 anos ou mais de idade,2022,2022,6794,Total,95251,Total,100362,Total
6,Município,2,%,93.1,4118006,Paraíso do Norte - PR,2513,Taxa de alfabetização das pessoas de 15 anos ou mais de idade,2022,2022,6794,Total,95251,Total,100362,Total
6,Município,2,%,92.78,4118105,Paranacity - PR,2513,Taxa de alfabetização das pessoas de 15 anos ou mais de idade,2022,2022,6794,Total,95251,Total,100362,Total
6,Município,2,%,97.34,4118204,Paranaguá - PR,2513,Taxa de alfabetização das pessoas de 15 anos ou mais de idade,2022,2022,6794,Total,95251,Total,100362,Total
6,Município,2,%,91.41,4118303,Paranapoema - PR,2513,Taxa de alfabetização das pessoas de 15 anos ou mais de idade,2022,2022,6794,Total,95251,Total,100362,Total
6,Município,2,%,95.47,4118402,Paranavaí - PR,2513,Taxa de alfabetização das pessoas de 15 anos ou mais de idade,2022,2022,6794,Total,95251,Total,100362,Total
6,Município,2,%,96.95,4118451,Pato Bragado - PR,2513,Taxa de alfabetização das pessoas de 15 anos ou mais de idade,2022,2022,6794,Total,95251,Total,100362,Total
6,Município,2,%,97.25,4118501,Pato Branco - PR,2513,Taxa de alfabetização das pessoas de 15 anos ou mais de idade,2022,2022,6794,Total,95251,Total,100362,Total
6,Município,2,%,95.84,4118600,Paula Freitas - PR,2513,Taxa de alfabetização das pessoas de 15 anos ou mais de idade,2022,2022,6794,Total,95251,Total,100362,Total
6,Município,2,%,96.38,4118709,Paulo Frontin - PR,2513,Taxa de alfabetização das pessoas de 15 anos ou mais de idade,2022,2022,6794,Total,95251,Total,100362,Total
6,Município,2,%,92.71,4118808,Peabiru - PR,2513,Taxa de alfabetização das pessoas de 15 anos ou mais de idade,2022,2022,6794,Total,95251,Total,100362,Total
6,Município,2,%,93.33,4118857,Perobal - PR,2513,Taxa de alfabetização das pessoas de 15 anos ou mais de idade,2022,2022,6794,Total,95251,Total,100362,Total
6,Município,2,%,92.34,4118907,Pérola - PR,2513,Taxa de alfabetização das pessoas de 15 anos ou mais de idade,2022,2022,6794,Total,95251,Total,100362,Total
6,Município,2,%,93.34,4119004,Pérola d'Oeste - PR,2513,Taxa de alfabetização das pessoas de 15 anos ou mais de idade,2022,2022,6794,Total,95251,Total,100362,Total
6,Município,2,%,97.35,4119103,Piên - PR,2513,Taxa de alfabetização das pessoas de 15 anos ou mais de idade,2022,2022,6794,Total,95251,Total,100362,Total
6,Município,2,%,97.81,4119152,Pinhais - PR,2513,Taxa de alfabetização das pessoas de 15 anos ou mais de idade,2022,2022,6794,Total,95251,Total,100362,Total
6,Município,2,%,90.54,4119202,Pinhalão - PR,2513,Taxa de alfabetização das pessoas de 15 anos ou mais de idade,2022,2022,6794,Total,95251,Total,100362,Total
6,Município,2,%,90.51,4119251,Pinhal de São Bento - PR,2513,Taxa de alfabetização das pessoas de 15 anos ou mais de idade,2022,2022,6794,Total,95251,Total,100362,Total
6,Município,2,%,91.02,4119301,Pinhão - PR,2513,Taxa de alfabetização das pessoas de 15 anos ou mais de idade,2022,2022,6794,Total,95251,Total,100362,Total
6,Município,2,%,95.57,4119400,Piraí do Sul - PR,2513,Taxa de alfabetização das pessoas de 15 anos ou mais de idade,2022,2022,6794,Total,95251,Total,100362,Total
6,Município,2,%,96,4119509,Piraquara - PR,2513,Taxa de alfabetização das pessoas de 15 anos ou mais de idade,2022,2022,6794,Total,95251,Total,100362,Total
6,Município,2,%,93.08,4119608,Pitanga - PR,2513,Taxa de alfabetização das pessoas de 15 anos ou mais de idade,2022,2022,6794,Total,95251,Total,100362,Total
6,Município,2,%,92.2,4119657,Pitangueiras - PR,2513,Taxa de alfabetização das pessoas de 15 anos ou mais de idade,2022,2022,6794,Total,95251,Total,100362,Total
6,Município,2,%,91.1,4119707,Planaltina do Paraná - PR,2513,Taxa de alfabetização das pessoas de 15 anos ou mais de idade,2022,2022,6794,Total,95251,Total,100362,Total
6,Município,2,%,94.49,4119806,Planalto - PR,2513,Taxa de alfabetização das pessoas de 15 anos ou mais de idade,2022,2022,6794,Total,95251,Total,100362,Total
6,Município,2,%,97.65,4119905,Ponta Grossa - PR,2513,Taxa de alfabetização das pessoas de 15 anos ou mais de idade,2022,2022,6794,Total,95251,Total,100362,Total
6,Município,2,%,96.91,4119954,Pontal do Paraná - PR,2513,Taxa de alfabetização das pessoas de 15 anos ou mais de idade,2022,2022,6794,Total,95251,Total,100362,Total
6,Município,2,%,92.79,4120002,Porecatu - PR,2513,Taxa de alfabetização das pessoas de 15 anos ou mais de idade,2022,2022,6794,Total,95251,Total,100362,Total
6,Município,2,%,96.17,4120101,Porto Amazonas - PR,2513,Taxa de alfabetização das pessoas de 15 anos ou mais de idade,2022,2022,6794,Total,95251,Total,100362,Total
6,Município,2,%,92.99,4120150,Porto Barreiro - PR,2513,Taxa de alfabetização das pessoas de 15 anos ou mais de idade,2022,2022,6794,Total,95251,Total,100362,Total
6,Município,2,%,92.44,4120200,Porto Rico - PR,2513,Taxa de alfabetização das pessoas de 15 anos ou mais de idade,2022,2022,6794,Total,95251,Total,100362,Total
6,Município,2,%,96.91,4120309,Porto Vitória - PR,2513,Taxa de alfabetização das pessoas de 15 anos ou mais de idade,2022,2022,6794,Total,95251,Total,100362,Total
6,Município,2,%,89.32,4120333,Prado Ferreira - PR,2513,Taxa de alfabetização das pessoas de 15 anos ou mais de idade,2022,2022,6794,Total,95251,Total,100362,Total
6,Município,2,%,92.42,4120358,Pranchita - PR,2513,Taxa de alfabetização das pessoas de 15 anos ou mais de idade,2022,2022,6794,Total,95251,Total,100362,Total
6,Município,2,%,94.76,4120408,Presidente Castelo Branco - PR,2513,Taxa de alfabetização das pessoas de 15 anos ou mais de idade,2022,2022,6794,Total,95251,Total,100362,Total
6,Município,2,%,93.04,4120507,Primeiro de Maio - PR,2513,Taxa de alfabetização das pessoas de 15 anos ou mais de idade,2022,2022,6794,Total,95251,Total,100362,Total
6,Município,2,%,94.62,4120606,Prudentópolis - PR,2513,Taxa de alfabetização das pessoas de 15 anos ou mais de idade,2022,2022,6794,Total,95251,Total,100362,Total
6,Município,2,%,90.38,4120655,Quarto Centenário - PR,2513,Taxa de alfabetização das pessoas de 15 anos ou mais de idade,2022,2022,6794,Total,95251,Total,100362,Total
6,Município,2,%,93.62,4120705,Quatiguá - PR,2513,Taxa de alfabetização das pessoas de 15 anos ou mais de idade,2022,2022,6794,Total,95251,Total,100362,Total
6,Município,2,%,97.04,4120804,Quatro Barras - PR,2513,Taxa de alfabetização das pessoas de 15 anos ou mais de idade,2022,2022,6794,Total,95251,Total,100362,Total
6,Município,2,%,98.39,4120853,Quatro Pontes - PR,2513,Taxa de alfabetização das pessoas de 15 anos ou mais de idade,2022,2022,6794,Total,95251,Total,100362,Total
6,Município,2,%,92.06,4120903,Quedas do Iguaçu - PR,2513,Taxa de alfabetização das pessoas de 15 anos ou mais de idade,2022,2022,6794,Total,95251,Total,100362,Total
6,Município,2,%,88.34,4121000,Querência do Norte - PR,2513,Taxa de alfabetização das pessoas de 15 anos ou mais de idade,2022,2022,6794,Total,95251,Total,100362,Total
6,Município,2,%,88.05,4121109,Quinta do Sol - PR,2513,Taxa de alfabetização das pessoas de 15 anos ou mais de idade,2022,2022,6794,Total,95251,Total,100362,Total
6,Município,2,%,94.73,4121208,Quitandinha - PR,2513,Taxa de alfabetização das pessoas de 15 anos ou mais de idade,2022,2022,6794,Total,95251,Total,100362,Total
6,Município,2,%,87.42,4121257,Ramilândia - PR,2513,Taxa de alfabetização das pessoas de 15 anos ou mais de idade,2022,2022,6794,Total,95251,Total,100362,Total
6,Município,2,%,91.28,4121307,Rancho Alegre - PR,2513,Taxa de alfabetização das pessoas de 15 anos ou mais de idade,2022,2022,6794,Total,95251,Total,100362,Total
6,Município,2,%,90.33,4121356,Rancho Alegre D'Oeste - PR,2513,Taxa de alfabetização das pessoas de 15 anos ou mais de idade,2022,2022,6794,Total,95251,Total,100362,Total
6,Município,2,%,94.09,4121406,Realeza - PR,2513,Taxa de alfabetização das pessoas de 15 anos ou mais de idade,2022,2022,6794,Total,95251,Total,100362,Total
6,Município,2,%,95.71,4121505,Rebouças - PR,2513,Taxa de alfabetização das pessoas de 15 anos ou mais de idade,2022,2022,6794,Total,95251,Total,100362,Total
6,Município,2,%,92.55,4121604,Renascença - PR,2513,Taxa de alfabetização das pessoas de 15 anos ou mais de idade,2022,2022,6794,Total,95251,Total,100362,Total
6,Município,2,%,89.69,4121703,Reserva - PR,2513,Taxa de alfabetização das pessoas de 15 anos ou mais de idade,2022,2022,6794,Total,95251,Total,100362,Total
6,Município,2,%,90.6,4121752,Reserva do Iguaçu - PR,2513,Taxa de alfabetização das pessoas de 15 anos ou mais de idade,2022,2022,6794,Total,95251,Total,100362,Total
6,Município,2,%,94.6,4121802,Ribeirão Claro - PR,2513,Taxa de alfabetização das pessoas de 15 anos ou mais de idade,2022,2022,6794,Total,95251,Total,100362,Total
6,Município,2,%,88.82,4121901,Ribeirão do Pinhal - PR,2513,Taxa de alfabetização das pessoas de 15 anos ou mais de idade,2022,2022,6794,Total,95251,Total,100362,Total
6,Município,2,%,97.04,4122008,Rio Azul - PR,2513,Taxa de alfabetização das pessoas de 15 anos ou mais de idade,2022,2022,6794,Total,95251,Total,100362,Total
6,Município,2,%,90.47,4122107,Rio Bom - PR,2513,Taxa de alfabetização das pessoas de 15 anos ou mais de idade,2022,2022,6794,Total,95251,Total,100362,Total
6,Município,2,%,93.5,4122156,Rio Bonito do Iguaçu - PR,2513,Taxa de alfabetização das pessoas de 15 anos ou mais de idade,2022,2022,6794,Total,95251,Total,100362,Total
6,Município,2,%,86.29,4122172,Rio Branco do Ivaí - PR,2513,Taxa de alfabetização das pessoas de 15 anos ou mais de idade,2022,2022,6794,Total,95251,Total,100362,Total
6,Município,2,%,93.14,4122206,Rio Branco do Sul - PR,2513,Taxa de alfabetização das pessoas de 15 anos ou mais de idade,2022,2022,6794,Total,95251,Total,100362,Total
6,Município,2,%,97.79,4122305,Rio Negro - PR,2513,Taxa de alfabetização das pessoas de 15 anos ou mais de idade,2022,2022,6794,Total,95251,Total,100362,Total
6,Município,2,%,95.15,4122404,Rolândia - PR,2513,Taxa de alfabetização das pessoas de 15 anos ou mais de idade,2022,2022,6794,Total,95251,Total,100362,Total
6,Município,2,%,88.07,4122503,Roncador - PR,2513,Taxa de alfabetização das pessoas de 15 anos ou mais de idade,2022,2022,6794,Total,95251,Total,100362,Total
6,Município,2,%,92.4,4122602,Rondon - PR,2513,Taxa de alfabetização das pessoas de 15 anos ou mais de idade,2022,2022,6794,Total,95251,Total,100362,Total
6,Município,2,%,85.89,4122651,Rosário do Ivaí - PR,2513,Taxa de alfabetização das pessoas de 15 anos ou mais de idade,2022,2022,6794,Total,95251,Total,100362,Total
6,Município,2,%,94.56,4122701,Sabáudia - PR,2513,Taxa de alfabetização das pessoas de 15 anos ou mais de idade,2022,2022,6794,Total,95251,Total,100362,Total
6,Município,2,%,91.62,4122800,Salgado Filho - PR,2513,Taxa de alfabetização das pessoas de 15 anos ou mais de idade,2022,2022,6794,Total,95251,Total,100362,Total
6,Município,2,%,89.05,4122909,Salto do Itararé - PR,2513,Taxa de alfabetização das pessoas de 15 anos ou mais de idade,2022,2022,6794,Total,95251,Total,100362,Total
6,Município,2,%,93.24,4123006,Salto do Lontra - PR,2513,Taxa de alfabetização das pessoas de 15 anos ou mais de idade,2022,2022,6794,Total,95251,Total,100362,Total
6,Município,2,%,91.71,4123105,Santa Amélia - PR,2513,Taxa de alfabetização das pessoas de 15 anos ou mais de idade,2022,2022,6794,Total,95251,Total,100362,Total
6,Município,2,%,86.48,4123204,Santa Cecília do Pavão - PR,2513,Taxa de alfabetização das pessoas de 15 anos ou mais de idade,2022,2022,6794,Total,95251,Total,100362,Total
6,Município,2,%,91.47,4123303,Santa Cruz de Monte Castelo - PR,2513,Taxa de alfabetização das pessoas de 15 anos ou mais de idade,2022,2022,6794,Total,95251,Total,100362,Total
6,Município,2,%,93.77,4123402,Santa Fé - PR,2513,Taxa de alfabetização das pessoas de 15 anos ou mais de idade,2022,2022,6794,Total,95251,Total,100362,Total
6,Município,2,%,94.47,4123501,Santa Helena - PR,2513,Taxa de alfabetização das pessoas de 15 anos ou mais de idade,2022,2022,6794,Total,95251,Total,100362,Total
6,Município,2,%,92,4123600,Santa Inês - PR,2513,Taxa de alfabetização das pessoas de 15 anos ou mais de idade,2022,2022,6794,Total,95251,Total,100362,Total
6,Município,2,%,92.57,4123709,Santa Isabel do Ivaí - PR,2513,Taxa de alfabetização das pessoas de 15 anos ou mais de idade,2022,2022,6794,Total,95251,Total,100362,Total
6,Município,2,%,94.24,4123808,Santa Izabel do Oeste - PR,2513,Taxa de alfabetização das pessoas de 15 anos ou mais de idade,2022,2022,6794,Total,95251,Total,100362,Total
6,Município,2,%,93.47,4123824,Santa Lúcia - PR,2513,Taxa de alfabetização das pessoas de 15 anos ou mais de idade,2022,2022,6794,Total,95251,Total,100362,Total
6,Município,2,%,90.17,4123857,Santa Maria do Oeste - PR,2513,Taxa de alfabetização das pessoas de 15 anos ou mais de idade,2022,2022,6794,Total,95251,Total,100362,Total
6,Município,2,%,90.09,4123907,Santa Mariana - PR,2513,Taxa de alfabetização das pessoas de 15 anos ou mais de idade,2022,2022,6794,Total,95251,Total,100362,Total
6,Município,2,%,89.21,4123956,Santa Mônica - PR,2513,Taxa de alfabetização das pessoas de 15 anos ou mais de idade,2022,2022,6794,Total,95251,Total,100362,Total
6,Município,2,%,88.76,4124004,Santana do Itararé - PR,2513,Taxa de alfabetização das pessoas de 15 anos ou mais de idade,2022,2022,6794,Total,95251,Total,100362,Total
6,Município,2,%,94.15,4124020,Santa Tereza do Oeste - PR,2513,Taxa de alfabetização das pessoas de 15 anos ou mais de idade,2022,2022,6794,Total,95251,Total,100362,Total
6,Município,2,%,94.73,4124053,Santa Terezinha de Itaipu - PR,2513,Taxa de alfabetização das pessoas de 15 anos ou mais de idade,2022,2022,6794,Total,95251,Total,100362,Total
6,Município,2,%,93.55,4124103,Santo Antônio da Platina - PR,2513,Taxa de alfabetização das pessoas de 15 anos ou mais de idade,2022,2022,6794,Total,95251,Total,100362,Total
6,Município,2,%,88.92,4124202,Santo Antônio do Caiuá - PR,2513,Taxa de alfabetização das pessoas de 15 anos ou mais de idade,2022,2022,6794,Total,95251,Total,100362,Total
6,Município,2,%,89.67,4124301,Santo Antônio do Paraíso - PR,2513,Taxa de alfabetização das pessoas de 15 anos ou mais de idade,2022,2022,6794,Total,95251,Total,100362,Total
6,Município,2,%,92.03,4124400,Santo Antônio do Sudoeste - PR,2513,Taxa de alfabetização das pessoas de 15 anos ou mais de idade,2022,2022,6794,Total,95251,Total,100362,Total
6,Município,2,%,94.08,4124509,Santo Inácio - PR,2513,Taxa de alfabetização das pessoas de 15 anos ou mais de idade,2022,2022,6794,Total,95251,Total,100362,Total
6,Município,2,%,92.29,4124608,São Carlos do Ivaí - PR,2513,Taxa de alfabetização das pessoas de 15 anos ou mais de idade,2022,2022,6794,Total,95251,Total,100362,Total
6,Município,2,%,85.48,4124707,São Jerônimo da Serra - PR,2513,Taxa de alfabetização das pessoas de 15 anos ou mais de idade,2022,2022,6794,Total,95251,Total,100362,Total
6,Município,2,%,95.15,4124806,São João - PR,2513,Taxa de alfabetização das pessoas de 15 anos ou mais de idade,2022,2022,6794,Total,95251,Total,100362,Total
6,Município,2,%,87.51,4124905,São João do Caiuá - PR,2513,Taxa de alfabetização das pessoas de 15 anos ou mais de idade,2022,2022,6794,Total,95251,Total,100362,Total
6,Município,2,%,88.12,4125001,São João do Ivaí - PR,2513,Taxa de alfabetização das pessoas de 15 anos ou mais de idade,2022,2022,6794,Total,95251,Total,100362,Total
6,Município,2,%,93.7,4125100,São João do Triunfo - PR,2513,Taxa de alfabetização das pessoas de 15 anos ou mais de idade,2022,2022,6794,Total,95251,Total,100362,Total
6,Município,2,%,93.9,4125209,São Jorge d'Oeste - PR,2513,Taxa de alfabetização das pessoas de 15 anos ou mais de idade,2022,2022,6794,Total,95251,Total,100362,Total
6,Município,2,%,92.54,4125308,São Jorge do Ivaí - PR,2513,Taxa de alfabetização das pessoas de 15 anos ou mais de idade,2022,2022,6794,Total,95251,Total,100362,Total
6,Município,2,%,90.43,4125357,São Jorge do Patrocínio - PR,2513,Taxa de alfabetização das pessoas de 15 anos ou mais de idade,2022,2022,6794,Total,95251,Total,100362,Total
6,Município,2,%,92.78,4125407,São José da Boa Vista - PR,2513,Taxa de alfabetização das pessoas de 15 anos ou mais de idade,2022,2022,6794,Total,95251,Total,100362,Total
6,Município,2,%,88.96,4125456,São José das Palmeiras - PR,2513,Taxa de alfabetização das pessoas de 15 anos ou mais de idade,2022,2022,6794,Total,95251,Total,100362,Total
6,Município,2,%,97.64,4125506,São José dos Pinhais - PR,2513,Taxa de alfabetização das pessoas de 15 anos ou mais de idade,2022,2022,6794,Total,95251,Total,100362,Total
6,Município,2,%,89.51,4125555,São Manoel do Paraná - PR,2513,Taxa de alfabetização das pessoas de 15 anos ou mais de idade,2022,2022,6794,Total,95251,Total,100362,Total
6,Município,2,%,96.76,4125605,São Mateus do Sul - PR,2513,Taxa de alfabetização das pessoas de 15 anos ou mais de idade,2022,2022,6794,Total,95251,Total,100362,Total
6,Município,2,%,93.73,4125704,São Miguel do Iguaçu - PR,2513,Taxa de alfabetização das pessoas de 15 anos ou mais de idade,2022,2022,6794,Total,95251,Total,100362,Total
6,Município,2,%,91.19,4125753,São Pedro do Iguaçu - PR,2513,Taxa de alfabetização das pessoas de 15 anos ou mais de idade,2022,2022,6794,Total,95251,Total,100362,Total
6,Município,2,%,90.48,4125803,São Pedro do Ivaí - PR,2513,Taxa de alfabetização das pessoas de 15 anos ou mais de idade,2022,2022,6794,Total,95251,Total,100362,Total
6,Município,2,%,91.81,4125902,São Pedro do Paraná - PR,2513,Taxa de alfabetização das pessoas de 15 anos ou mais de idade,2022,2022,6794,Total,95251,Total,100362,Total
6,Município,2,%,88.21,4126009,São Sebastião da Amoreira - PR,2513,Taxa de alfabetização das pessoas de 15 anos ou mais de idade,2022,2022,6794,Total,95251,Total,100362,Total
6,Município,2,%,93.88,4126108,São Tomé - PR,2513,Taxa de alfabetização das pessoas de 15 anos ou mais de idade,2022,2022,6794,Total,95251,Total,100362,Total
6,Município,2,%,87.78,4126207,Sapopema - PR,2513,Taxa de alfabetização das pessoas de 15 anos ou mais de idade,2022,2022,6794,Total,95251,Total,100362,Total
6,Município,2,%,95.92,4126256,Sarandi - PR,2513,Taxa de alfabetização das pessoas de 15 anos ou mais de idade,2022,2022,6794,Total,95251,Total,100362,Total
6,Município,2,%,92.69,4126272,Saudade do Iguaçu - PR,2513,Taxa de alfabetização das pessoas de 15 anos ou mais de idade,2022,2022,6794,Total,95251,Total,100362,Total
6,Município,2,%,93,4126306,Sengés - PR,2513,Taxa de alfabetização das pessoas de 15 anos ou mais de idade,2022,2022,6794,Total,95251,Total,100362,Total
6,Município,2,%,95.42,4126355,Serranópolis do Iguaçu - PR,2513,Taxa de alfabetização das pessoas de 15 anos ou mais de idade,2022,2022,6794,Total,95251,Total,100362,Total
6,Município,2,%,93.14,4126405,Sertaneja - PR,2513,Taxa de alfabetização das pessoas de 15 anos ou mais de idade,2022,2022,6794,Total,95251,Total,100362,Total
6,Município,2,%,94.84,4126504,Sertanópolis - PR,2513,Taxa de alfabetização das pessoas de 15 anos ou mais de idade,2022,2022,6794,Total,95251,Total,100362,Total
6,Município,2,%,94.26,4126603,Siqueira Campos - PR,2513,Taxa de alfabetização das pessoas de 15 anos ou mais de idade,2022,2022,6794,Total,95251,Total,100362,Total
6,Município,2,%,94.21,4126652,Sulina - PR,2513,Taxa de alfabetização das pessoas de 15 anos ou mais de idade,2022,2022,6794,Total,95251,Total,100362,Total
6,Município,2,%,89.25,4126678,Tamarana - PR,2513,Taxa de alfabetização das pessoas de 15 anos ou mais de idade,2022,2022,6794,Total,95251,Total,100362,Total
6,Município,2,%,91.64,4126702,Tamboara - PR,2513,Taxa de alfabetização das pessoas de 15 anos ou mais de idade,2022,2022,6794,Total,95251,Total,100362,Total
6,Município,2,%,92.69,4126801,Tapejara - PR,2513,Taxa de alfabetização das pessoas de 15 anos ou mais de idade,2022,2022,6794,Total,95251,Total,100362,Total
6,Município,2,%,87.71,4126900,Tapira - PR,2513,Taxa de alfabetização das pessoas de 15 anos ou mais de idade,2022,2022,6794,Total,95251,Total,100362,Total
6,Município,2,%,95.57,4127007,Teixeira Soares - PR,2513,Taxa de alfabetização das pessoas de 15 anos ou mais de idade,2022,2022,6794,Total,95251,Total,100362,Total
6,Município,2,%,95.88,4127106,Telêmaco Borba - PR,2513,Taxa de alfabetização das pessoas de 15 anos ou mais de idade,2022,2022,6794,Total,95251,Total,100362,Total
6,Município,2,%,92.98,4127205,Terra Boa - PR,2513,Taxa de alfabetização das pessoas de 15 anos ou mais de idade,2022,2022,6794,Total,95251,Total,100362,Total
6,Município,2,%,92.2,4127304,Terra Rica - PR,2513,Taxa de alfabetização das pessoas de 15 anos ou mais de idade,2022,2022,6794,Total,95251,Total,100362,Total
6,Município,2,%,93.01,4127403,Terra Roxa - PR,2513,Taxa de alfabetização das pessoas de 15 anos ou mais de idade,2022,2022,6794,Total,95251,Total,100362,Total
6,Município,2,%,93.18,4127502,Tibagi - PR,2513,Taxa de alfabetização das pessoas de 15 anos ou mais de idade,2022,2022,6794,Total,95251,Total,100362,Total
6,Município,2,%,94.62,4127601,Tijucas do Sul - PR,2513,Taxa de alfabetização das pessoas de 15 anos ou mais de idade,2022,2022,6794,Total,95251,Total,100362,Total
6,Município,2,%,96.6,4127700,Toledo - PR,2513,Taxa de alfabetização das pessoas de 15 anos ou mais de idade,2022,2022,6794,Total,95251,Total,100362,Total
6,Município,2,%,90.92,4127809,Tomazina - PR,2513,Taxa de alfabetização das pessoas de 15 anos ou mais de idade,2022,2022,6794,Total,95251,Total,100362,Total
6,Município,2,%,90.17,4127858,Três Barras do Paraná - PR,2513,Taxa de alfabetização das pessoas de 15 anos ou mais de idade,2022,2022,6794,Total,95251,Total,100362,Total
6,Município,2,%,87.5,4127882,Tunas do Paraná - PR,2513,Taxa de alfabetização das pessoas de 15 anos ou mais de idade,2022,2022,6794,Total,95251,Total,100362,Total
6,Município,2,%,89.35,4127908,Tuneiras do Oeste - PR,2513,Taxa de alfabetização das pessoas de 15 anos ou mais de idade,2022,2022,6794,Total,95251,Total,100362,Total
6,Município,2,%,92.55,4127957,Tupãssi - PR,2513,Taxa de alfabetização das pessoas de 15 anos ou mais de idade,2022,2022,6794,Total,95251,Total,100362,Total
6,Município,2,%,91.87,4127965,Turvo - PR,2513,Taxa de alfabetização das pessoas de 15 anos ou mais de idade,2022,2022,6794,Total,95251,Total,100362,Total
6,Município,2,%,93.5,4128005,Ubiratã - PR,2513,Taxa de alfabetização das pessoas de 15 anos ou mais de idade,2022,2022,6794,Total,95251,Total,100362,Total
6,Município,2,%,95.81,4128104,Umuarama - PR,2513,Taxa de alfabetização das pessoas de 15 anos ou mais de idade,2022,2022,6794,Total,95251,Total,100362,Total
6,Município,2,%,97.39,4128203,União da Vitória - PR,2513,Taxa de alfabetização das pessoas de 15 anos ou mais de idade,2022,2022,6794,Total,95251,Total,100362,Total
6,Município,2,%,91.04,4128302,Uniflor - PR,2513,Taxa de alfabetização das pessoas de 15 anos ou mais de idade,2022,2022,6794,Total,95251,Total,100362,Total
6,Município,2,%,91.68,4128401,Uraí - PR,2513,Taxa de alfabetização das pessoas de 15 anos ou mais de idade,2022,2022,6794,Total,95251,Total,100362,Total
6,Município,2,%,93.04,4128500,Wenceslau Braz - PR,2513,Taxa de alfabetização das pessoas de 15 anos ou mais de idade,2022,2022,6794,Total,95251,Total,100362,Total
6,Município,2,%,90.14,4128534,Ventania - PR,2513,Taxa de alfabetização das pessoas de 15 anos ou mais de idade,2022,2022,6794,Total,95251,Total,100362,Total
6,Município,2,%,90.4,4128559,Vera Cruz do Oeste - PR,2513,Taxa de alfabetização das pessoas de 15 anos ou mais de idade,2022,2022,6794,Total,95251,Total,100362,Total
6,Município,2,%,93.32,4128609,Verê - PR,2513,Taxa de alfabetização das pessoas de 15 anos ou mais de idade,2022,2022,6794,Total,95251,Total,100362,Total
6,Município,2,%,88.61,4128625,Alto Paraíso - PR,2513,Taxa de alfabetização das pessoas de 15 anos ou mais de idade,2022,2022,6794,Total,95251,Total,100362,Total
6,Município,2,%,86.55,4128633,Doutor Ulysses - PR,2513,Taxa de alfabetização das pessoas de 15 anos ou mais de idade,2022,2022,6794,Total,95251,Total,100362,Total
6,Município,2,%,93.15,4128658,Virmond - PR,2513,Taxa de alfabetização das pessoas de 15 anos ou mais de idade,2022,2022,6794,Total,95251,Total,100362,Total
6,Município,2,%,95.58,4128708,Vitorino - PR,2513,Taxa de alfabetização das pessoas de 15 anos ou mais de idade,2022,2022,6794,Total,95251,Total,100362,Total
6,Município,2,%,91.01,4128807,Xambrê - PR,2513,Taxa de alfabetização das pessoas de 15 anos ou mais de idade,2022,2022,6794,Total,95251,Total,100362,Total
6,Município,2,%,93.45,4200051,Abdon Batista - SC,2513,Taxa de alfabetização das pessoas de 15 anos ou mais de idade,2022,2022,6794,Total,95251,Total,100362,Total
6,Município,2,%,92.66,4200101,Abelardo Luz - SC,2513,Taxa de alfabetização das pessoas de 15 anos ou mais de idade,2022,2022,6794,Total,95251,Total,100362,Total
6,Município,2,%,97.11,4200200,Agrolândia - SC,2513,Taxa de alfabetização das pessoas de 15 anos ou mais de idade,2022,2022,6794,Total,95251,Total,100362,Total
6,Município,2,%,97.48,4200309,Agronômica - SC,2513,Taxa de alfabetização das pessoas de 15 anos ou mais de idade,2022,2022,6794,Total,95251,Total,100362,Total
6,Município,2,%,95.88,4200408,Água Doce - SC,2513,Taxa de alfabetização das pessoas de 15 anos ou mais de idade,2022,2022,6794,Total,95251,Total,100362,Total
6,Município,2,%,92.52,4200507,Águas de Chapecó - SC,2513,Taxa de alfabetização das pessoas de 15 anos ou mais de idade,2022,2022,6794,Total,95251,Total,100362,Total
6,Município,2,%,94.84,4200556,Águas Frias - SC,2513,Taxa de alfabetização das pessoas de 15 anos ou mais de idade,2022,2022,6794,Total,95251,Total,100362,Total
6,Município,2,%,95.34,4200606,Águas Mornas - SC,2513,Taxa de alfabetização das pessoas de 15 anos ou mais de idade,2022,2022,6794,Total,95251,Total,100362,Total
6,Município,2,%,94.01,4200705,Alfredo Wagner - SC,2513,Taxa de alfabetização das pessoas de 15 anos ou mais de idade,2022,2022,6794,Total,95251,Total,100362,Total
6,Município,2,%,97.84,4200754,Alto Bela Vista - SC,2513,Taxa de alfabetização das pessoas de 15 anos ou mais de idade,2022,2022,6794,Total,95251,Total,100362,Total
6,Município,2,%,92.62,4200804,Anchieta - SC,2513,Taxa de alfabetização das pessoas de 15 anos ou mais de idade,2022,2022,6794,Total,95251,Total,100362,Total
6,Município,2,%,93.12,4200903,Angelina - SC,2513,Taxa de alfabetização das pessoas de 15 anos ou mais de idade,2022,2022,6794,Total,95251,Total,100362,Total
6,Município,2,%,91.4,4201000,Anita Garibaldi - SC,2513,Taxa de alfabetização das pessoas de 15 anos ou mais de idade,2022,2022,6794,Total,95251,Total,100362,Total
6,Município,2,%,92.27,4201109,Anitápolis - SC,2513,Taxa de alfabetização das pessoas de 15 anos ou mais de idade,2022,2022,6794,Total,95251,Total,100362,Total
6,Município,2,%,98.44,4201208,Antônio Carlos - SC,2513,Taxa de alfabetização das pessoas de 15 anos ou mais de idade,2022,2022,6794,Total,95251,Total,100362,Total
6,Município,2,%,95.03,4201257,Apiúna - SC,2513,Taxa de alfabetização das pessoas de 15 anos ou mais de idade,2022,2022,6794,Total,95251,Total,100362,Total
6,Município,2,%,96.99,4201273,Arabutã - SC,2513,Taxa de alfabetização das pessoas de 15 anos ou mais de idade,2022,2022,6794,Total,95251,Total,100362,Total
6,Município,2,%,97,4201307,Araquari - SC,2513,Taxa de alfabetização das pessoas de 15 anos ou mais de idade,2022,2022,6794,Total,95251,Total,100362,Total
6,Município,2,%,97.25,4201406,Araranguá - SC,2513,Taxa de alfabetização das pessoas de 15 anos ou mais de idade,2022,2022,6794,Total,95251,Total,100362,Total
6,Município,2,%,95.5,4201505,Armazém - SC,2513,Taxa de alfabetização das pessoas de 15 anos ou mais de idade,2022,2022,6794,Total,95251,Total,100362,Total
6,Município,2,%,96.26,4201604,Arroio Trinta - SC,2513,Taxa de alfabetização das pessoas de 15 anos ou mais de idade,2022,2022,6794,Total,95251,Total,100362,Total
6,Município,2,%,91.81,4201653,Arvoredo - SC,2513,Taxa de alfabetização das pessoas de 15 anos ou mais de idade,2022,2022,6794,Total,95251,Total,100362,Total
6,Município,2,%,95.99,4201703,Ascurra - SC,2513,Taxa de alfabetização das pessoas de 15 anos ou mais de idade,2022,2022,6794,Total,95251,Total,100362,Total
6,Município,2,%,96.54,4201802,Atalanta - SC,2513,Taxa de alfabetização das pessoas de 15 anos ou mais de idade,2022,2022,6794,Total,95251,Total,100362,Total
6,Município,2,%,97.02,4201901,Aurora - SC,2513,Taxa de alfabetização das pessoas de 15 anos ou mais de idade,2022,2022,6794,Total,95251,Total,100362,Total
6,Município,2,%,96.96,4201950,Balneário Arroio do Silva - SC,2513,Taxa de alfabetização das pessoas de 15 anos ou mais de idade,2022,2022,6794,Total,95251,Total,100362,Total
6,Município,2,%,98.81,4202008,Balneário Camboriú - SC,2513,Taxa de alfabetização das pessoas de 15 anos ou mais de idade,2022,2022,6794,Total,95251,Total,100362,Total
6,Município,2,%,96.71,4202057,Balneário Barra do Sul - SC,2513,Taxa de alfabetização das pessoas de 15 anos ou mais de idade,2022,2022,6794,Total,95251,Total,100362,Total
6,Município,2,%,96.67,4202073,Balneário Gaivota - SC,2513,Taxa de alfabetização das pessoas de 15 anos ou mais de idade,2022,2022,6794,Total,95251,Total,100362,Total
6,Município,2,%,92.81,4202081,Bandeirante - SC,2513,Taxa de alfabetização das pessoas de 15 anos ou mais de idade,2022,2022,6794,Total,95251,Total,100362,Total
6,Município,2,%,92.12,4202099,Barra Bonita - SC,2513,Taxa de alfabetização das pessoas de 15 anos ou mais de idade,2022,2022,6794,Total,95251,Total,100362,Total
6,Município,2,%,97.56,4202107,Barra Velha - SC,2513,Taxa de alfabetização das pessoas de 15 anos ou mais de idade,2022,2022,6794,Total,95251,Total,100362,Total
6,Município,2,%,95.61,4202131,Bela Vista do Toldo - SC,2513,Taxa de alfabetização das pessoas de 15 anos ou mais de idade,2022,2022,6794,Total,95251,Total,100362,Total
6,Município,2,%,92.89,4202156,Belmonte - SC,2513,Taxa de alfabetização das pessoas de 15 anos ou mais de idade,2022,2022,6794,Total,95251,Total,100362,Total
6,Município,2,%,97.11,4202206,Benedito Novo - SC,2513,Taxa de alfabetização das pessoas de 15 anos ou mais de idade,2022,2022,6794,Total,95251,Total,100362,Total
6,Município,2,%,97.15,4202305,Biguaçu - SC,2513,Taxa de alfabetização das pessoas de 15 anos ou mais de idade,2022,2022,6794,Total,95251,Total,100362,Total
6,Município,2,%,98.61,4202404,Blumenau - SC,2513,Taxa de alfabetização das pessoas de 15 anos ou mais de idade,2022,2022,6794,Total,95251,Total,100362,Total
6,Município,2,%,91.98,4202438,Bocaina do Sul - SC,2513,Taxa de alfabetização das pessoas de 15 anos ou mais de idade,2022,2022,6794,Total,95251,Total,100362,Total
6,Município,2,%,98.12,4202453,Bombinhas - SC,2513,Taxa de alfabetização das pessoas de 15 anos ou mais de idade,2022,2022,6794,Total,95251,Total,100362,Total
6,Município,2,%,94.08,4202503,Bom Jardim da Serra - SC,2513,Taxa de alfabetização das pessoas de 15 anos ou mais de idade,2022,2022,6794,Total,95251,Total,100362,Total
6,Município,2,%,93.56,4202537,Bom Jesus - SC,2513,Taxa de alfabetização das pessoas de 15 anos ou mais de idade,2022,2022,6794,Total,95251,Total,100362,Total
6,Município,2,%,93.1,4202578,Bom Jesus do Oeste - SC,2513,Taxa de alfabetização das pessoas de 15 anos ou mais de idade,2022,2022,6794,Total,95251,Total,100362,Total
6,Município,2,%,94.41,4202602,Bom Retiro - SC,2513,Taxa de alfabetização das pessoas de 15 anos ou mais de idade,2022,2022,6794,Total,95251,Total,100362,Total
6,Município,2,%,97.27,4202701,Botuverá - SC,2513,Taxa de alfabetização das pessoas de 15 anos ou mais de idade,2022,2022,6794,Total,95251,Total,100362,Total
6,Município,2,%,97.53,4202800,Braço do Norte - SC,2513,Taxa de alfabetização das pessoas de 15 anos ou mais de idade,2022,2022,6794,Total,95251,Total,100362,Total
6,Município,2,%,97.14,4202859,Braço do Trombudo - SC,2513,Taxa de alfabetização das pessoas de 15 anos ou mais de idade,2022,2022,6794,Total,95251,Total,100362,Total
6,Município,2,%,91.72,4202875,Brunópolis - SC,2513,Taxa de alfabetização das pessoas de 15 anos ou mais de idade,2022,2022,6794,Total,95251,Total,100362,Total
6,Município,2,%,98.15,4202909,Brusque - SC,2513,Taxa de alfabetização das pessoas de 15 anos ou mais de idade,2022,2022,6794,Total,95251,Total,100362,Total
6,Município,2,%,96.42,4203006,Caçador - SC,2513,Taxa de alfabetização das pessoas de 15 anos ou mais de idade,2022,2022,6794,Total,95251,Total,100362,Total
6,Município,2,%,94.71,4203105,Caibi - SC,2513,Taxa de alfabetização das pessoas de 15 anos ou mais de idade,2022,2022,6794,Total,95251,Total,100362,Total
6,Município,2,%,90.9,4203154,Calmon - SC,2513,Taxa de alfabetização das pessoas de 15 anos ou mais de idade,2022,2022,6794,Total,95251,Total,100362,Total
6,Município,2,%,97.85,4203204,Camboriú - SC,2513,Taxa de alfabetização das pessoas de 15 anos ou mais de idade,2022,2022,6794,Total,95251,Total,100362,Total
6,Município,2,%,92.29,4203253,Capão Alto - SC,2513,Taxa de alfabetização das pessoas de 15 anos ou mais de idade,2022,2022,6794,Total,95251,Total,100362,Total
6,Município,2,%,96.76,4203303,Campo Alegre - SC,2513,Taxa de alfabetização das pessoas de 15 anos ou mais de idade,2022,2022,6794,Total,95251,Total,100362,Total
6,Município,2,%,89.63,4203402,Campo Belo do Sul - SC,2513,Taxa de alfabetização das pessoas de 15 anos ou mais de idade,2022,2022,6794,Total,95251,Total,100362,Total
6,Município,2,%,91.47,4203501,Campo Erê - SC,2513,Taxa de alfabetização das pessoas de 15 anos ou mais de idade,2022,2022,6794,Total,95251,Total,100362,Total
6,Município,2,%,95.95,4203600,Campos Novos - SC,2513,Taxa de alfabetização das pessoas de 15 anos ou mais de idade,2022,2022,6794,Total,95251,Total,100362,Total
6,Município,2,%,94.3,4203709,Canelinha - SC,2513,Taxa de alfabetização das pessoas de 15 anos ou mais de idade,2022,2022,6794,Total,95251,Total,100362,Total
6,Município,2,%,97.01,4203808,Canoinhas - SC,2513,Taxa de alfabetização das pessoas de 15 anos ou mais de idade,2022,2022,6794,Total,95251,Total,100362,Total
6,Município,2,%,96.28,4203907,Capinzal - SC,2513,Taxa de alfabetização das pessoas de 15 anos ou mais de idade,2022,2022,6794,Total,95251,Total,100362,Total
6,Município,2,%,97.46,4203956,Capivari de Baixo - SC,2513,Taxa de alfabetização das pessoas de 15 anos ou mais de idade,2022,2022,6794,Total,95251,Total,100362,Total
6,Município,2,%,96.16,4204004,Catanduvas - SC,2513,Taxa de alfabetização das pessoas de 15 anos ou mais de idade,2022,2022,6794,Total,95251,Total,100362,Total
6,Município,2,%,92.23,4204103,Caxambu do Sul - SC,2513,Taxa de alfabetização das pessoas de 15 anos ou mais de idade,2022,2022,6794,Total,95251,Total,100362,Total
6,Município,2,%,93.03,4204152,Celso Ramos - SC,2513,Taxa de alfabetização das pessoas de 15 anos ou mais de idade,2022,2022,6794,Total,95251,Total,100362,Total
6,Município,2,%,88.27,4204178,Cerro Negro - SC,2513,Taxa de alfabetização das pessoas de 15 anos ou mais de idade,2022,2022,6794,Total,95251,Total,100362,Total
6,Município,2,%,94.85,4204194,Chapadão do Lageado - SC,2513,Taxa de alfabetização das pessoas de 15 anos ou mais de idade,2022,2022,6794,Total,95251,Total,100362,Total
6,Município,2,%,97.29,4204202,Chapecó - SC,2513,Taxa de alfabetização das pessoas de 15 anos ou mais de idade,2022,2022,6794,Total,95251,Total,100362,Total
6,Município,2,%,98.13,4204251,Cocal do Sul - SC,2513,Taxa de alfabetização das pessoas de 15 anos ou mais de idade,2022,2022,6794,Total,95251,Total,100362,Total
6,Município,2,%,97.07,4204301,Concórdia - SC,2513,Taxa de alfabetização das pessoas de 15 anos ou mais de idade,2022,2022,6794,Total,95251,Total,100362,Total
6,Município,2,%,96.13,4204350,Cordilheira Alta - SC,2513,Taxa de alfabetização das pessoas de 15 anos ou mais de idade,2022,2022,6794,Total,95251,Total,100362,Total
6,Município,2,%,93.92,4204400,Coronel Freitas - SC,2513,Taxa de alfabetização das pessoas de 15 anos ou mais de idade,2022,2022,6794,Total,95251,Total,100362,Total
6,Município,2,%,89.68,4204459,Coronel Martins - SC,2513,Taxa de alfabetização das pessoas de 15 anos ou mais de idade,2022,2022,6794,Total,95251,Total,100362,Total
6,Município,2,%,97.63,4204509,Corupá - SC,2513,Taxa de alfabetização das pessoas de 15 anos ou mais de idade,2022,2022,6794,Total,95251,Total,100362,Total
6,Município,2,%,93.96,4204558,Correia Pinto - SC,2513,Taxa de alfabetização das pessoas de 15 anos ou mais de idade,2022,2022,6794,Total,95251,Total,100362,Total
6,Município,2,%,98.03,4204608,Criciúma - SC,2513,Taxa de alfabetização das pessoas de 15 anos ou mais de idade,2022,2022,6794,Total,95251,Total,100362,Total
6,Município,2,%,96.78,4204707,Cunha Porã - SC,2513,Taxa de alfabetização das pessoas de 15 anos ou mais de idade,2022,2022,6794,Total,95251,Total,100362,Total
6,Município,2,%,96.84,4204756,Cunhataí - SC,2513,Taxa de alfabetização das pessoas de 15 anos ou mais de idade,2022,2022,6794,Total,95251,Total,100362,Total
6,Município,2,%,94.74,4204806,Curitibanos - SC,2513,Taxa de alfabetização das pessoas de 15 anos ou mais de idade,2022,2022,6794,Total,95251,Total,100362,Total
6,Município,2,%,94.97,4204905,Descanso - SC,2513,Taxa de alfabetização das pessoas de 15 anos ou mais de idade,2022,2022,6794,Total,95251,Total,100362,Total
6,Município,2,%,93.2,4205001,Dionísio Cerqueira - SC,2513,Taxa de alfabetização das pessoas de 15 anos ou mais de idade,2022,2022,6794,Total,95251,Total,100362,Total
6,Município,2,%,96.79,4205100,Dona Emma - SC,2513,Taxa de alfabetização das pessoas de 15 anos ou mais de idade,2022,2022,6794,Total,95251,Total,100362,Total
6,Município,2,%,96.6,4205159,Doutor Pedrinho - SC,2513,Taxa de alfabetização das pessoas de 15 anos ou mais de idade,2022,2022,6794,Total,95251,Total,100362,Total
6,Município,2,%,91.48,4205175,Entre Rios - SC,2513,Taxa de alfabetização das pessoas de 15 anos ou mais de idade,2022,2022,6794,Total,95251,Total,100362,Total
6,Município,2,%,94.67,4205191,Ermo - SC,2513,Taxa de alfabetização das pessoas de 15 anos ou mais de idade,2022,2022,6794,Total,95251,Total,100362,Total
6,Município,2,%,94.94,4205209,Erval Velho - SC,2513,Taxa de alfabetização das pessoas de 15 anos ou mais de idade,2022,2022,6794,Total,95251,Total,100362,Total
6,Município,2,%,94.88,4205308,Faxinal dos Guedes - SC,2513,Taxa de alfabetização das pessoas de 15 anos ou mais de idade,2022,2022,6794,Total,95251,Total,100362,Total
6,Município,2,%,88.27,4205357,Flor do Sertão - SC,2513,Taxa de alfabetização das pessoas de 15 anos ou mais de idade,2022,2022,6794,Total,95251,Total,100362,Total
6,Município,2,%,98.64,4205407,Florianópolis - SC,2513,Taxa de alfabetização das pessoas de 15 anos ou mais de idade,2022,2022,6794,Total,95251,Total,100362,Total
6,Município,2,%,93.4,4205431,Formosa do Sul - SC,2513,Taxa de alfabetização das pessoas de 15 anos ou mais de idade,2022,2022,6794,Total,95251,Total,100362,Total
6,Município,2,%,97.13,4205456,Forquilhinha - SC,2513,Taxa de alfabetização das pessoas de 15 anos ou mais de idade,2022,2022,6794,Total,95251,Total,100362,Total
6,Município,2,%,95.71,4205506,Fraiburgo - SC,2513,Taxa de alfabetização das pessoas de 15 anos ou mais de idade,2022,2022,6794,Total,95251,Total,100362,Total
6,Município,2,%,94.1,4205555,Frei Rogério - SC,2513,Taxa de alfabetização das pessoas de 15 anos ou mais de idade,2022,2022,6794,Total,95251,Total,100362,Total
6,Município,2,%,88.36,4205605,Galvão - SC,2513,Taxa de alfabetização das pessoas de 15 anos ou mais de idade,2022,2022,6794,Total,95251,Total,100362,Total
6,Município,2,%,95.99,4205704,Garopaba - SC,2513,Taxa de alfabetização das pessoas de 15 anos ou mais de idade,2022,2022,6794,Total,95251,Total,100362,Total
6,Município,2,%,95.49,4205803,Garuva - SC,2513,Taxa de alfabetização das pessoas de 15 anos ou mais de idade,2022,2022,6794,Total,95251,Total,100362,Total
6,Município,2,%,97.99,4205902,Gaspar - SC,2513,Taxa de alfabetização das pessoas de 15 anos ou mais de idade,2022,2022,6794,Total,95251,Total,100362,Total
6,Município,2,%,95.2,4206009,Governador Celso Ramos - SC,2513,Taxa de alfabetização das pessoas de 15 anos ou mais de idade,2022,2022,6794,Total,95251,Total,100362,Total
6,Município,2,%,96.94,4206108,Grão-Pará - SC,2513,Taxa de alfabetização das pessoas de 15 anos ou mais de idade,2022,2022,6794,Total,95251,Total,100362,Total
6,Município,2,%,97.13,4206207,Gravatal - SC,2513,Taxa de alfabetização das pessoas de 15 anos ou mais de idade,2022,2022,6794,Total,95251,Total,100362,Total
6,Município,2,%,97.82,4206306,Guabiruba - SC,2513,Taxa de alfabetização das pessoas de 15 anos ou mais de idade,2022,2022,6794,Total,95251,Total,100362,Total
6,Município,2,%,95.72,4206405,Guaraciaba - SC,2513,Taxa de alfabetização das pessoas de 15 anos ou mais de idade,2022,2022,6794,Total,95251,Total,100362,Total
6,Município,2,%,97.8,4206504,Guaramirim - SC,2513,Taxa de alfabetização das pessoas de 15 anos ou mais de idade,2022,2022,6794,Total,95251,Total,100362,Total
6,Município,2,%,94.72,4206603,Guarujá do Sul - SC,2513,Taxa de alfabetização das pessoas de 15 anos ou mais de idade,2022,2022,6794,Total,95251,Total,100362,Total
6,Município,2,%,94.65,4206652,Guatambú - SC,2513,Taxa de alfabetização das pessoas de 15 anos ou mais de idade,2022,2022,6794,Total,95251,Total,100362,Total
6,Município,2,%,96.82,4206702,Herval d'Oeste - SC,2513,Taxa de alfabetização das pessoas de 15 anos ou mais de idade,2022,2022,6794,Total,95251,Total,100362,Total
6,Município,2,%,96.61,4206751,Ibiam - SC,2513,Taxa de alfabetização das pessoas de 15 anos ou mais de idade,2022,2022,6794,Total,95251,Total,100362,Total
6,Município,2,%,95,4206801,Ibicaré - SC,2513,Taxa de alfabetização das pessoas de 15 anos ou mais de idade,2022,2022,6794,Total,95251,Total,100362,Total
6,Município,2,%,97.64,4206900,Ibirama - SC,2513,Taxa de alfabetização das pessoas de 15 anos ou mais de idade,2022,2022,6794,Total,95251,Total,100362,Total
6,Município,2,%,97.39,4207007,Içara - SC,2513,Taxa de alfabetização das pessoas de 15 anos ou mais de idade,2022,2022,6794,Total,95251,Total,100362,Total
6,Município,2,%,96.16,4207106,Ilhota - SC,2513,Taxa de alfabetização das pessoas de 15 anos ou mais de idade,2022,2022,6794,Total,95251,Total,100362,Total
6,Município,2,%,93.15,4207205,Imaruí - SC,2513,Taxa de alfabetização das pessoas de 15 anos ou mais de idade,2022,2022,6794,Total,95251,Total,100362,Total
6,Município,2,%,96.77,4207304,Imbituba - SC,2513,Taxa de alfabetização das pessoas de 15 anos ou mais de idade,2022,2022,6794,Total,95251,Total,100362,Total
6,Município,2,%,96.17,4207403,Imbuia - SC,2513,Taxa de alfabetização das pessoas de 15 anos ou mais de idade,2022,2022,6794,Total,95251,Total,100362,Total
6,Município,2,%,98.03,4207502,Indaial - SC,2513,Taxa de alfabetização das pessoas de 15 anos ou mais de idade,2022,2022,6794,Total,95251,Total,100362,Total
6,Município,2,%,98.07,4207577,Iomerê - SC,2513,Taxa de alfabetização das pessoas de 15 anos ou mais de idade,2022,2022,6794,Total,95251,Total,100362,Total
6,Município,2,%,97.06,4207601,Ipira - SC,2513,Taxa de alfabetização das pessoas de 15 anos ou mais de idade,2022,2022,6794,Total,95251,Total,100362,Total
6,Município,2,%,97.22,4207650,Iporã do Oeste - SC,2513,Taxa de alfabetização das pessoas de 15 anos ou mais de idade,2022,2022,6794,Total,95251,Total,100362,Total
6,Município,2,%,92.17,4207684,Ipuaçu - SC,2513,Taxa de alfabetização das pessoas de 15 anos ou mais de idade,2022,2022,6794,Total,95251,Total,100362,Total
6,Município,2,%,95.65,4207700,Ipumirim - SC,2513,Taxa de alfabetização das pessoas de 15 anos ou mais de idade,2022,2022,6794,Total,95251,Total,100362,Total
6,Município,2,%,95.68,4207759,Iraceminha - SC,2513,Taxa de alfabetização das pessoas de 15 anos ou mais de idade,2022,2022,6794,Total,95251,Total,100362,Total
6,Município,2,%,94.88,4207809,Irani - SC,2513,Taxa de alfabetização das pessoas de 15 anos ou mais de idade,2022,2022,6794,Total,95251,Total,100362,Total
6,Município,2,%,92.23,4207858,Irati - SC,2513,Taxa de alfabetização das pessoas de 15 anos ou mais de idade,2022,2022,6794,Total,95251,Total,100362,Total
6,Município,2,%,94.46,4207908,Irineópolis - SC,2513,Taxa de alfabetização das pessoas de 15 anos ou mais de idade,2022,2022,6794,Total,95251,Total,100362,Total
6,Município,2,%,95.47,4208005,Itá - SC,2513,Taxa de alfabetização das pessoas de 15 anos ou mais de idade,2022,2022,6794,Total,95251,Total,100362,Total
6,Município,2,%,96.68,4208104,Itaiópolis - SC,2513,Taxa de alfabetização das pessoas de 15 anos ou mais de idade,2022,2022,6794,Total,95251,Total,100362,Total
6,Município,2,%,98.12,4208203,Itajaí - SC,2513,Taxa de alfabetização das pessoas de 15 anos ou mais de idade,2022,2022,6794,Total,95251,Total,100362,Total
6,Município,2,%,98.14,4208302,Itapema - SC,2513,Taxa de alfabetização das pessoas de 15 anos ou mais de idade,2022,2022,6794,Total,95251,Total,100362,Total
6,Município,2,%,97.81,4208401,Itapiranga - SC,2513,Taxa de alfabetização das pessoas de 15 anos ou mais de idade,2022,2022,6794,Total,95251,Total,100362,Total
6,Município,2,%,97.61,4208450,Itapoá - SC,2513,Taxa de alfabetização das pessoas de 15 anos ou mais de idade,2022,2022,6794,Total,95251,Total,100362,Total
6,Município,2,%,96.96,4208500,Ituporanga - SC,2513,Taxa de alfabetização das pessoas de 15 anos ou mais de idade,2022,2022,6794,Total,95251,Total,100362,Total
6,Município,2,%,95.34,4208609,Jaborá - SC,2513,Taxa de alfabetização das pessoas de 15 anos ou mais de idade,2022,2022,6794,Total,95251,Total,100362,Total
6,Município,2,%,95.01,4208708,Jacinto Machado - SC,2513,Taxa de alfabetização das pessoas de 15 anos ou mais de idade,2022,2022,6794,Total,95251,Total,100362,Total
6,Município,2,%,96.92,4208807,Jaguaruna - SC,2513,Taxa de alfabetização das pessoas de 15 anos ou mais de idade,2022,2022,6794,Total,95251,Total,100362,Total
6,Município,2,%,98.56,4208906,Jaraguá do Sul - SC,2513,Taxa de alfabetização das pessoas de 15 anos ou mais de idade,2022,2022,6794,Total,95251,Total,100362,Total
6,Município,2,%,94.94,4208955,Jardinópolis - SC,2513,Taxa de alfabetização das pessoas de 15 anos ou mais de idade,2022,2022,6794,Total,95251,Total,100362,Total
6,Município,2,%,97.5,4209003,Joaçaba - SC,2513,Taxa de alfabetização das pessoas de 15 anos ou mais de idade,2022,2022,6794,Total,95251,Total,100362,Total
6,Município,2,%,98.43,4209102,Joinville - SC,2513,Taxa de alfabetização das pessoas de 15 anos ou mais de idade,2022,2022,6794,Total,95251,Total,100362,Total
6,Município,2,%,96.2,4209151,José Boiteux - SC,2513,Taxa de alfabetização das pessoas de 15 anos ou mais de idade,2022,2022,6794,Total,95251,Total,100362,Total
6,Município,2,%,92.86,4209177,Jupiá - SC,2513,Taxa de alfabetização das pessoas de 15 anos ou mais de idade,2022,2022,6794,Total,95251,Total,100362,Total
6,Município,2,%,96.69,4209201,Lacerdópolis - SC,2513,Taxa de alfabetização das pessoas de 15 anos ou mais de idade,2022,2022,6794,Total,95251,Total,100362,Total
6,Município,2,%,96.41,4209300,Lages - SC,2513,Taxa de alfabetização das pessoas de 15 anos ou mais de idade,2022,2022,6794,Total,95251,Total,100362,Total
6,Município,2,%,97.1,4209409,Laguna - SC,2513,Taxa de alfabetização das pessoas de 15 anos ou mais de idade,2022,2022,6794,Total,95251,Total,100362,Total
6,Município,2,%,94.19,4209458,Lajeado Grande - SC,2513,Taxa de alfabetização das pessoas de 15 anos ou mais de idade,2022,2022,6794,Total,95251,Total,100362,Total
6,Município,2,%,97.31,4209508,Laurentino - SC,2513,Taxa de alfabetização das pessoas de 15 anos ou mais de idade,2022,2022,6794,Total,95251,Total,100362,Total
6,Município,2,%,97.01,4209607,Lauro Müller - SC,2513,Taxa de alfabetização das pessoas de 15 anos ou mais de idade,2022,2022,6794,Total,95251,Total,100362,Total
6,Município,2,%,91.95,4209706,Lebon Régis - SC,2513,Taxa de alfabetização das pessoas de 15 anos ou mais de idade,2022,2022,6794,Total,95251,Total,100362,Total
6,Município,2,%,91.75,4209805,Leoberto Leal - SC,2513,Taxa de alfabetização das pessoas de 15 anos ou mais de idade,2022,2022,6794,Total,95251,Total,100362,Total
6,Município,2,%,95.53,4209854,Lindóia do Sul - SC,2513,Taxa de alfabetização das pessoas de 15 anos ou mais de idade,2022,2022,6794,Total,95251,Total,100362,Total
6,Município,2,%,96.42,4209904,Lontras - SC,2513,Taxa de alfabetização das pessoas de 15 anos ou mais de idade,2022,2022,6794,Total,95251,Total,100362,Total
6,Município,2,%,96.92,4210001,Luiz Alves - SC,2513,Taxa de alfabetização das pessoas de 15 anos ou mais de idade,2022,2022,6794,Total,95251,Total,100362,Total
6,Município,2,%,98.19,4210035,Luzerna - SC,2513,Taxa de alfabetização das pessoas de 15 anos ou mais de idade,2022,2022,6794,Total,95251,Total,100362,Total
6,Município,2,%,94.44,4210050,Macieira - SC,2513,Taxa de alfabetização das pessoas de 15 anos ou mais de idade,2022,2022,6794,Total,95251,Total,100362,Total
6,Município,2,%,97.56,4210100,Mafra - SC,2513,Taxa de alfabetização das pessoas de 15 anos ou mais de idade,2022,2022,6794,Total,95251,Total,100362,Total
6,Município,2,%,94.47,4210209,Major Gercino - SC,2513,Taxa de alfabetização das pessoas de 15 anos ou mais de idade,2022,2022,6794,Total,95251,Total,100362,Total
6,Município,2,%,95.06,4210308,Major Vieira - SC,2513,Taxa de alfabetização das pessoas de 15 anos ou mais de idade,2022,2022,6794,Total,95251,Total,100362,Total
6,Município,2,%,96.69,4210407,Maracajá - SC,2513,Taxa de alfabetização das pessoas de 15 anos ou mais de idade,2022,2022,6794,Total,95251,Total,100362,Total
6,Município,2,%,97.14,4210506,Maravilha - SC,2513,Taxa de alfabetização das pessoas de 15 anos ou mais de idade,2022,2022,6794,Total,95251,Total,100362,Total
6,Município,2,%,93.08,4210555,Marema - SC,2513,Taxa de alfabetização das pessoas de 15 anos ou mais de idade,2022,2022,6794,Total,95251,Total,100362,Total
6,Município,2,%,97.29,4210605,Massaranduba - SC,2513,Taxa de alfabetização das pessoas de 15 anos ou mais de idade,2022,2022,6794,Total,95251,Total,100362,Total
6,Município,2,%,92.23,4210704,Matos Costa - SC,2513,Taxa de alfabetização das pessoas de 15 anos ou mais de idade,2022,2022,6794,Total,95251,Total,100362,Total
6,Município,2,%,95.98,4210803,Meleiro - SC,2513,Taxa de alfabetização das pessoas de 15 anos ou mais de idade,2022,2022,6794,Total,95251,Total,100362,Total
6,Município,2,%,94.41,4210852,Mirim Doce - SC,2513,Taxa de alfabetização das pessoas de 15 anos ou mais de idade,2022,2022,6794,Total,95251,Total,100362,Total
6,Município,2,%,95.56,4210902,Modelo - SC,2513,Taxa de alfabetização das pessoas de 15 anos ou mais de idade,2022,2022,6794,Total,95251,Total,100362,Total
6,Município,2,%,96.61,4211009,Mondaí - SC,2513,Taxa de alfabetização das pessoas de 15 anos ou mais de idade,2022,2022,6794,Total,95251,Total,100362,Total
6,Município,2,%,91.9,4211058,Monte Carlo - SC,2513,Taxa de alfabetização das pessoas de 15 anos ou mais de idade,2022,2022,6794,Total,95251,Total,100362,Total
6,Município,2,%,95.35,4211108,Monte Castelo - SC,2513,Taxa de alfabetização das pessoas de 15 anos ou mais de idade,2022,2022,6794,Total,95251,Total,100362,Total
6,Município,2,%,96.43,4211207,Morro da Fumaça - SC,2513,Taxa de alfabetização das pessoas de 15 anos ou mais de idade,2022,2022,6794,Total,95251,Total,100362,Total
6,Município,2,%,94.22,4211256,Morro Grande - SC,2513,Taxa de alfabetização das pessoas de 15 anos ou mais de idade,2022,2022,6794,Total,95251,Total,100362,Total
6,Município,2,%,97.31,4211306,Navegantes - SC,2513,Taxa de alfabetização das pessoas de 15 anos ou mais de idade,2022,2022,6794,Total,95251,Total,100362,Total
6,Município,2,%,95.6,4211405,Nova Erechim - SC,2513,Taxa de alfabetização das pessoas de 15 anos ou mais de idade,2022,2022,6794,Total,95251,Total,100362,Total
6,Município,2,%,95.56,4211454,Nova Itaberaba - SC,2513,Taxa de alfabetização das pessoas de 15 anos ou mais de idade,2022,2022,6794,Total,95251,Total,100362,Total
6,Município,2,%,96.83,4211504,Nova Trento - SC,2513,Taxa de alfabetização das pessoas de 15 anos ou mais de idade,2022,2022,6794,Total,95251,Total,100362,Total
6,Município,2,%,97.39,4211603,Nova Veneza - SC,2513,Taxa de alfabetização das pessoas de 15 anos ou mais de idade,2022,2022,6794,Total,95251,Total,100362,Total
6,Município,2,%,94.28,4211652,Novo Horizonte - SC,2513,Taxa de alfabetização das pessoas de 15 anos ou mais de idade,2022,2022,6794,Total,95251,Total,100362,Total
6,Município,2,%,97.27,4211702,Orleans - SC,2513,Taxa de alfabetização das pessoas de 15 anos ou mais de idade,2022,2022,6794,Total,95251,Total,100362,Total
6,Município,2,%,95.68,4211751,Otacílio Costa - SC,2513,Taxa de alfabetização das pessoas de 15 anos ou mais de idade,2022,2022,6794,Total,95251,Total,100362,Total
6,Município,2,%,96.61,4211801,Ouro - SC,2513,Taxa de alfabetização das pessoas de 15 anos ou mais de idade,2022,2022,6794,Total,95251,Total,100362,Total
6,Município,2,%,92.72,4211850,Ouro Verde - SC,2513,Taxa de alfabetização das pessoas de 15 anos ou mais de idade,2022,2022,6794,Total,95251,Total,100362,Total
6,Município,2,%,92.33,4211876,Paial - SC,2513,Taxa de alfabetização das pessoas de 15 anos ou mais de idade,2022,2022,6794,Total,95251,Total,100362,Total
6,Município,2,%,91.26,4211892,Painel - SC,2513,Taxa de alfabetização das pessoas de 15 anos ou mais de idade,2022,2022,6794,Total,95251,Total,100362,Total
6,Município,2,%,97.74,4211900,Palhoça - SC,2513,Taxa de alfabetização das pessoas de 15 anos ou mais de idade,2022,2022,6794,Total,95251,Total,100362,Total
6,Município,2,%,92.3,4212007,Palma Sola - SC,2513,Taxa de alfabetização das pessoas de 15 anos ou mais de idade,2022,2022,6794,Total,95251,Total,100362,Total
6,Município,2,%,93.1,4212056,Palmeira - SC,2513,Taxa de alfabetização das pessoas de 15 anos ou mais de idade,2022,2022,6794,Total,95251,Total,100362,Total
6,Município,2,%,95.75,4212106,Palmitos - SC,2513,Taxa de alfabetização das pessoas de 15 anos ou mais de idade,2022,2022,6794,Total,95251,Total,100362,Total
6,Município,2,%,96.1,4212205,Papanduva - SC,2513,Taxa de alfabetização das pessoas de 15 anos ou mais de idade,2022,2022,6794,Total,95251,Total,100362,Total
6,Município,2,%,93.44,4212239,Paraíso - SC,2513,Taxa de alfabetização das pessoas de 15 anos ou mais de idade,2022,2022,6794,Total,95251,Total,100362,Total
6,Município,2,%,97.46,4212254,Passo de Torres - SC,2513,Taxa de alfabetização das pessoas de 15 anos ou mais de idade,2022,2022,6794,Total,95251,Total,100362,Total
6,Município,2,%,92.14,4212270,Passos Maia - SC,2513,Taxa de alfabetização das pessoas de 15 anos ou mais de idade,2022,2022,6794,Total,95251,Total,100362,Total
6,Município,2,%,93.75,4212304,Paulo Lopes - SC,2513,Taxa de alfabetização das pessoas de 15 anos ou mais de idade,2022,2022,6794,Total,95251,Total,100362,Total
6,Município,2,%,96.81,4212403,Pedras Grandes - SC,2513,Taxa de alfabetização das pessoas de 15 anos ou mais de idade,2022,2022,6794,Total,95251,Total,100362,Total
6,Município,2,%,97.85,4212502,Penha - SC,2513,Taxa de alfabetização das pessoas de 15 anos ou mais de idade,2022,2022,6794,Total,95251,Total,100362,Total
6,Município,2,%,97.3,4212601,Peritiba - SC,2513,Taxa de alfabetização das pessoas de 15 anos ou mais de idade,2022,2022,6794,Total,95251,Total,100362,Total
6,Município,2,%,95.67,4212650,Pescaria Brava - SC,2513,Taxa de alfabetização das pessoas de 15 anos ou mais de idade,2022,2022,6794,Total,95251,Total,100362,Total
6,Município,2,%,95.6,4212700,Petrolândia - SC,2513,Taxa de alfabetização das pessoas de 15 anos ou mais de idade,2022,2022,6794,Total,95251,Total,100362,Total
6,Município,2,%,97.49,4212809,Balneário Piçarras - SC,2513,Taxa de alfabetização das pessoas de 15 anos ou mais de idade,2022,2022,6794,Total,95251,Total,100362,Total
6,Município,2,%,96.61,4212908,Pinhalzinho - SC,2513,Taxa de alfabetização das pessoas de 15 anos ou mais de idade,2022,2022,6794,Total,95251,Total,100362,Total
6,Município,2,%,97.43,4213005,Pinheiro Preto - SC,2513,Taxa de alfabetização das pessoas de 15 anos ou mais de idade,2022,2022,6794,Total,95251,Total,100362,Total
6,Município,2,%,96.57,4213104,Piratuba - SC,2513,Taxa de alfabetização das pessoas de 15 anos ou mais de idade,2022,2022,6794,Total,95251,Total,100362,Total
6,Município,2,%,92.44,4213153,Planalto Alegre - SC,2513,Taxa de alfabetização das pessoas de 15 anos ou mais de idade,2022,2022,6794,Total,95251,Total,100362,Total
6,Município,2,%,98.63,4213203,Pomerode - SC,2513,Taxa de alfabetização das pessoas de 15 anos ou mais de idade,2022,2022,6794,Total,95251,Total,100362,Total
6,Município,2,%,92.85,4213302,Ponte Alta - SC,2513,Taxa de alfabetização das pessoas de 15 anos ou mais de idade,2022,2022,6794,Total,95251,Total,100362,Total
6,Município,2,%,92.73,4213351,Ponte Alta do Norte - SC,2513,Taxa de alfabetização das pessoas de 15 anos ou mais de idade,2022,2022,6794,Total,95251,Total,100362,Total
6,Município,2,%,93.34,4213401,Ponte Serrada - SC,2513,Taxa de alfabetização das pessoas de 15 anos ou mais de idade,2022,2022,6794,Total,95251,Total,100362,Total
6,Município,2,%,97.69,4213500,Porto Belo - SC,2513,Taxa de alfabetização das pessoas de 15 anos ou mais de idade,2022,2022,6794,Total,95251,Total,100362,Total
6,Município,2,%,97.35,4213609,Porto União - SC,2513,Taxa de alfabetização das pessoas de 15 anos ou mais de idade,2022,2022,6794,Total,95251,Total,100362,Total
6,Município,2,%,96.19,4213708,Pouso Redondo - SC,2513,Taxa de alfabetização das pessoas de 15 anos ou mais de idade,2022,2022,6794,Total,95251,Total,100362,Total
6,Município,2,%,94.83,4213807,Praia Grande - SC,2513,Taxa de alfabetização das pessoas de 15 anos ou mais de idade,2022,2022,6794,Total,95251,Total,100362,Total
6,Município,2,%,96.94,4213906,Presidente Castello Branco - SC,2513,Taxa de alfabetização das pessoas de 15 anos ou mais de idade,2022,2022,6794,Total,95251,Total,100362,Total
6,Município,2,%,97.96,4214003,Presidente Getúlio - SC,2513,Taxa de alfabetização das pessoas de 15 anos ou mais de idade,2022,2022,6794,Total,95251,Total,100362,Total
6,Município,2,%,92.33,4214102,Presidente Nereu - SC,2513,Taxa de alfabetização das pessoas de 15 anos ou mais de idade,2022,2022,6794,Total,95251,Total,100362,Total
6,Município,2,%,94.97,4214151,Princesa - SC,2513,Taxa de alfabetização das pessoas de 15 anos ou mais de idade,2022,2022,6794,Total,95251,Total,100362,Total
6,Município,2,%,94.99,4214201,Quilombo - SC,2513,Taxa de alfabetização das pessoas de 15 anos ou mais de idade,2022,2022,6794,Total,95251,Total,100362,Total
6,Município,2,%,96.16,4214300,Rancho Queimado - SC,2513,Taxa de alfabetização das pessoas de 15 anos ou mais de idade,2022,2022,6794,Total,95251,Total,100362,Total
6,Município,2,%,95.76,4214409,Rio das Antas - SC,2513,Taxa de alfabetização das pessoas de 15 anos ou mais de idade,2022,2022,6794,Total,95251,Total,100362,Total
6,Município,2,%,95.18,4214508,Rio do Campo - SC,2513,Taxa de alfabetização das pessoas de 15 anos ou mais de idade,2022,2022,6794,Total,95251,Total,100362,Total
6,Município,2,%,97.36,4214607,Rio do Oeste - SC,2513,Taxa de alfabetização das pessoas de 15 anos ou mais de idade,2022,2022,6794,Total,95251,Total,100362,Total
6,Município,2,%,98.13,4214706,Rio dos Cedros - SC,2513,Taxa de alfabetização das pessoas de 15 anos ou mais de idade,2022,2022,6794,Total,95251,Total,100362,Total
6,Município,2,%,98.03,4214805,Rio do Sul - SC,2513,Taxa de alfabetização das pessoas de 15 anos ou mais de idade,2022,2022,6794,Total,95251,Total,100362,Total
6,Município,2,%,98.84,4214904,Rio Fortuna - SC,2513,Taxa de alfabetização das pessoas de 15 anos ou mais de idade,2022,2022,6794,Total,95251,Total,100362,Total
6,Município,2,%,96.66,4215000,Rio Negrinho - SC,2513,Taxa de alfabetização das pessoas de 15 anos ou mais de idade,2022,2022,6794,Total,95251,Total,100362,Total
6,Município,2,%,93.54,4215059,Rio Rufino - SC,2513,Taxa de alfabetização das pessoas de 15 anos ou mais de idade,2022,2022,6794,Total,95251,Total,100362,Total
6,Município,2,%,93.9,4215075,Riqueza - SC,2513,Taxa de alfabetização das pessoas de 15 anos ou mais de idade,2022,2022,6794,Total,95251,Total,100362,Total
6,Município,2,%,96.67,4215109,Rodeio - SC,2513,Taxa de alfabetização das pessoas de 15 anos ou mais de idade,2022,2022,6794,Total,95251,Total,100362,Total
6,Município,2,%,92.72,4215208,Romelândia - SC,2513,Taxa de alfabetização das pessoas de 15 anos ou mais de idade,2022,2022,6794,Total,95251,Total,100362,Total
6,Município,2,%,96.76,4215307,Salete - SC,2513,Taxa de alfabetização das pessoas de 15 anos ou mais de idade,2022,2022,6794,Total,95251,Total,100362,Total
6,Município,2,%,92.02,4215356,Saltinho - SC,2513,Taxa de alfabetização das pessoas de 15 anos ou mais de idade,2022,2022,6794,Total,95251,Total,100362,Total
6,Município,2,%,95.58,4215406,Salto Veloso - SC,2513,Taxa de alfabetização das pessoas de 15 anos ou mais de idade,2022,2022,6794,Total,95251,Total,100362,Total
6,Município,2,%,96.37,4215455,Sangão - SC,2513,Taxa de alfabetização das pessoas de 15 anos ou mais de idade,2022,2022,6794,Total,95251,Total,100362,Total
6,Município,2,%,94.18,4215505,Santa Cecília - SC,2513,Taxa de alfabetização das pessoas de 15 anos ou mais de idade,2022,2022,6794,Total,95251,Total,100362,Total
6,Município,2,%,96.24,4215554,Santa Helena - SC,2513,Taxa de alfabetização das pessoas de 15 anos ou mais de idade,2022,2022,6794,Total,95251,Total,100362,Total
6,Município,2,%,96.92,4215604,Santa Rosa de Lima - SC,2513,Taxa de alfabetização das pessoas de 15 anos ou mais de idade,2022,2022,6794,Total,95251,Total,100362,Total
6,Município,2,%,95.72,4215653,Santa Rosa do Sul - SC,2513,Taxa de alfabetização das pessoas de 15 anos ou mais de idade,2022,2022,6794,Total,95251,Total,100362,Total
6,Município,2,%,96.58,4215679,Santa Terezinha - SC,2513,Taxa de alfabetização das pessoas de 15 anos ou mais de idade,2022,2022,6794,Total,95251,Total,100362,Total
6,Município,2,%,90.99,4215687,Santa Terezinha do Progresso - SC,2513,Taxa de alfabetização das pessoas de 15 anos ou mais de idade,2022,2022,6794,Total,95251,Total,100362,Total
6,Município,2,%,94.48,4215695,Santiago do Sul - SC,2513,Taxa de alfabetização das pessoas de 15 anos ou mais de idade,2022,2022,6794,Total,95251,Total,100362,Total
6,Município,2,%,97.26,4215703,Santo Amaro da Imperatriz - SC,2513,Taxa de alfabetização das pessoas de 15 anos ou mais de idade,2022,2022,6794,Total,95251,Total,100362,Total
6,Município,2,%,91.03,4215752,São Bernardino - SC,2513,Taxa de alfabetização das pessoas de 15 anos ou mais de idade,2022,2022,6794,Total,95251,Total,100362,Total
6,Município,2,%,98.28,4215802,São Bento do Sul - SC,2513,Taxa de alfabetização das pessoas de 15 anos ou mais de idade,2022,2022,6794,Total,95251,Total,100362,Total
6,Município,2,%,97.77,4215901,São Bonifácio - SC,2513,Taxa de alfabetização das pessoas de 15 anos ou mais de idade,2022,2022,6794,Total,95251,Total,100362,Total
6,Município,2,%,96.47,4216008,São Carlos - SC,2513,Taxa de alfabetização das pessoas de 15 anos ou mais de idade,2022,2022,6794,Total,95251,Total,100362,Total
6,Município,2,%,92.97,4216057,São Cristóvão do Sul - SC,2513,Taxa de alfabetização das pessoas de 15 anos ou mais de idade,2022,2022,6794,Total,95251,Total,100362,Total
6,Município,2,%,93.13,4216107,São Domingos - SC,2513,Taxa de alfabetização das pessoas de 15 anos ou mais de idade,2022,2022,6794,Total,95251,Total,100362,Total
6,Município,2,%,97.56,4216206,São Francisco do Sul - SC,2513,Taxa de alfabetização das pessoas de 15 anos ou mais de idade,2022,2022,6794,Total,95251,Total,100362,Total
6,Município,2,%,99.1,4216255,São João do Oeste - SC,2513,Taxa de alfabetização das pessoas de 15 anos ou mais de idade,2022,2022,6794,Total,95251,Total,100362,Total
6,Município,2,%,97.81,4216305,São João Batista - SC,2513,Taxa de alfabetização das pessoas de 15 anos ou mais de idade,2022,2022,6794,Total,95251,Total,100362,Total
6,Município,2,%,96.25,4216354,São João do Itaperiú - SC,2513,Taxa de alfabetização das pessoas de 15 anos ou mais de idade,2022,2022,6794,Total,95251,Total,100362,Total
6,Município,2,%,95.29,4216404,São João do Sul - SC,2513,Taxa de alfabetização das pessoas de 15 anos ou mais de idade,2022,2022,6794,Total,95251,Total,100362,Total
6,Município,2,%,95.43,4216503,São Joaquim - SC,2513,Taxa de alfabetização das pessoas de 15 anos ou mais de idade,2022,2022,6794,Total,95251,Total,100362,Total
6,Município,2,%,98.31,4216602,São José - SC,2513,Taxa de alfabetização das pessoas de 15 anos ou mais de idade,2022,2022,6794,Total,95251,Total,100362,Total
6,Município,2,%,96.47,4216701,São José do Cedro - SC,2513,Taxa de alfabetização das pessoas de 15 anos ou mais de idade,2022,2022,6794,Total,95251,Total,100362,Total
6,Município,2,%,91.33,4216800,São José do Cerrito - SC,2513,Taxa de alfabetização das pessoas de 15 anos ou mais de idade,2022,2022,6794,Total,95251,Total,100362,Total
6,Município,2,%,95.33,4216909,São Lourenço do Oeste - SC,2513,Taxa de alfabetização das pessoas de 15 anos ou mais de idade,2022,2022,6794,Total,95251,Total,100362,Total
6,Município,2,%,97.61,4217006,São Ludgero - SC,2513,Taxa de alfabetização das pessoas de 15 anos ou mais de idade,2022,2022,6794,Total,95251,Total,100362,Total
6,Município,2,%,97.69,4217105,São Martinho - SC,2513,Taxa de alfabetização das pessoas de 15 anos ou mais de idade,2022,2022,6794,Total,95251,Total,100362,Total
6,Município,2,%,93.92,4217154,São Miguel da Boa Vista - SC,2513,Taxa de alfabetização das pessoas de 15 anos ou mais de idade,2022,2022,6794,Total,95251,Total,100362,Total
6,Município,2,%,96.69,4217204,São Miguel do Oeste - SC,2513,Taxa de alfabetização das pessoas de 15 anos ou mais de idade,2022,2022,6794,Total,95251,Total,100362,Total
6,Município,2,%,96.45,4217253,São Pedro de Alcântara - SC,2513,Taxa de alfabetização das pessoas de 15 anos ou mais de idade,2022,2022,6794,Total,95251,Total,100362,Total
6,Município,2,%,97.36,4217303,Saudades - SC,2513,Taxa de alfabetização das pessoas de 15 anos ou mais de idade,2022,2022,6794,Total,95251,Total,100362,Total
6,Município,2,%,98.01,4217402,Schroeder - SC,2513,Taxa de alfabetização das pessoas de 15 anos ou mais de idade,2022,2022,6794,Total,95251,Total,100362,Total
6,Município,2,%,96.13,4217501,Seara - SC,2513,Taxa de alfabetização das pessoas de 15 anos ou mais de idade,2022,2022,6794,Total,95251,Total,100362,Total
6,Município,2,%,95.93,4217550,Serra Alta - SC,2513,Taxa de alfabetização das pessoas de 15 anos ou mais de idade,2022,2022,6794,Total,95251,Total,100362,Total
6,Município,2,%,97.02,4217600,Siderópolis - SC,2513,Taxa de alfabetização das pessoas de 15 anos ou mais de idade,2022,2022,6794,Total,95251,Total,100362,Total
6,Município,2,%,96.76,4217709,Sombrio - SC,2513,Taxa de alfabetização das pessoas de 15 anos ou mais de idade,2022,2022,6794,Total,95251,Total,100362,Total
6,Município,2,%,92.62,4217758,Sul Brasil - SC,2513,Taxa de alfabetização das pessoas de 15 anos ou mais de idade,2022,2022,6794,Total,95251,Total,100362,Total
6,Município,2,%,97.07,4217808,Taió - SC,2513,Taxa de alfabetização das pessoas de 15 anos ou mais de idade,2022,2022,6794,Total,95251,Total,100362,Total
6,Município,2,%,97.38,4217907,Tangará - SC,2513,Taxa de alfabetização das pessoas de 15 anos ou mais de idade,2022,2022,6794,Total,95251,Total,100362,Total
6,Município,2,%,95.37,4217956,Tigrinhos - SC,2513,Taxa de alfabetização das pessoas de 15 anos ou mais de idade,2022,2022,6794,Total,95251,Total,100362,Total
6,Município,2,%,96.84,4218004,Tijucas - SC,2513,Taxa de alfabetização das pessoas de 15 anos ou mais de idade,2022,2022,6794,Total,95251,Total,100362,Total
6,Município,2,%,94.13,4218103,Timbé do Sul - SC,2513,Taxa de alfabetização das pessoas de 15 anos ou mais de idade,2022,2022,6794,Total,95251,Total,100362,Total
6,Município,2,%,98.57,4218202,Timbó - SC,2513,Taxa de alfabetização das pessoas de 15 anos ou mais de idade,2022,2022,6794,Total,95251,Total,100362,Total
6,Município,2,%,92.55,4218251,Timbó Grande - SC,2513,Taxa de alfabetização das pessoas de 15 anos ou mais de idade,2022,2022,6794,Total,95251,Total,100362,Total
6,Município,2,%,95.56,4218301,Três Barras - SC,2513,Taxa de alfabetização das pessoas de 15 anos ou mais de idade,2022,2022,6794,Total,95251,Total,100362,Total
6,Município,2,%,97.65,4218350,Treviso - SC,2513,Taxa de alfabetização das pessoas de 15 anos ou mais de idade,2022,2022,6794,Total,95251,Total,100362,Total
6,Município,2,%,96.42,4218400,Treze de Maio - SC,2513,Taxa de alfabetização das pessoas de 15 anos ou mais de idade,2022,2022,6794,Total,95251,Total,100362,Total
6,Município,2,%,97.16,4218509,Treze Tílias - SC,2513,Taxa de alfabetização das pessoas de 15 anos ou mais de idade,2022,2022,6794,Total,95251,Total,100362,Total
6,Município,2,%,96.7,4218608,Trombudo Central - SC,2513,Taxa de alfabetização das pessoas de 15 anos ou mais de idade,2022,2022,6794,Total,95251,Total,100362,Total
6,Município,2,%,97.88,4218707,Tubarão - SC,2513,Taxa de alfabetização das pessoas de 15 anos ou mais de idade,2022,2022,6794,Total,95251,Total,100362,Total
6,Município,2,%,97.37,4218756,Tunápolis - SC,2513,Taxa de alfabetização das pessoas de 15 anos ou mais de idade,2022,2022,6794,Total,95251,Total,100362,Total
6,Município,2,%,96.82,4218806,Turvo - SC,2513,Taxa de alfabetização das pessoas de 15 anos ou mais de idade,2022,2022,6794,Total,95251,Total,100362,Total
6,Município,2,%,93.71,4218855,União do Oeste - SC,2513,Taxa de alfabetização das pessoas de 15 anos ou mais de idade,2022,2022,6794,Total,95251,Total,100362,Total
6,Município,2,%,94.8,4218905,Urubici - SC,2513,Taxa de alfabetização das pessoas de 15 anos ou mais de idade,2022,2022,6794,Total,95251,Total,100362,Total
6,Município,2,%,94.31,4218954,Urupema - SC,2513,Taxa de alfabetização das pessoas de 15 anos ou mais de idade,2022,2022,6794,Total,95251,Total,100362,Total
6,Município,2,%,97.67,4219002,Urussanga - SC,2513,Taxa de alfabetização das pessoas de 15 anos ou mais de idade,2022,2022,6794,Total,95251,Total,100362,Total
6,Município,2,%,94.89,4219101,Vargeão - SC,2513,Taxa de alfabetização das pessoas de 15 anos ou mais de idade,2022,2022,6794,Total,95251,Total,100362,Total
6,Município,2,%,94.22,4219150,Vargem - SC,2513,Taxa de alfabetização das pessoas de 15 anos ou mais de idade,2022,2022,6794,Total,95251,Total,100362,Total
6,Município,2,%,94.55,4219176,Vargem Bonita - SC,2513,Taxa de alfabetização das pessoas de 15 anos ou mais de idade,2022,2022,6794,Total,95251,Total,100362,Total
6,Município,2,%,96.26,4219200,Vidal Ramos - SC,2513,Taxa de alfabetização das pessoas de 15 anos ou mais de idade,2022,2022,6794,Total,95251,Total,100362,Total
6,Município,2,%,97.57,4219309,Videira - SC,2513,Taxa de alfabetização das pessoas de 15 anos ou mais de idade,2022,2022,6794,Total,95251,Total,100362,Total
6,Município,2,%,96,4219358,Vitor Meireles - SC,2513,Taxa de alfabetização das pessoas de 15 anos ou mais de idade,2022,2022,6794,Total,95251,Total,100362,Total
6,Município,2,%,96.24,4219408,Witmarsum - SC,2513,Taxa de alfabetização das pessoas de 15 anos ou mais de idade,2022,2022,6794,Total,95251,Total,100362,Total
6,Município,2,%,96.59,4219507,Xanxerê - SC,2513,Taxa de alfabetização das pessoas de 15 anos ou mais de idade,2022,2022,6794,Total,95251,Total,100362,Total
6,Município,2,%,95.25,4219606,Xavantina - SC,2513,Taxa de alfabetização das pessoas de 15 anos ou mais de idade,2022,2022,6794,Total,95251,Total,100362,Total
6,Município,2,%,96.3,4219705,Xaxim - SC,2513,Taxa de alfabetização das pessoas de 15 anos ou mais de idade,2022,2022,6794,Total,95251,Total,100362,Total
6,Município,2,%,95.41,4219853,Zortéa - SC,2513,Taxa de alfabetização das pessoas de 15 anos ou mais de idade,2022,2022,6794,Total,95251,Total,100362,Total
6,Município,2,%,96.56,4220000,Balneário Rincão - SC,2513,Taxa de alfabetização das pessoas de 15 anos ou mais de idade,2022,2022,6794,Total,95251,Total,100362,Total
6,Município,2,%,96.41,4300034,Aceguá - RS,2513,Taxa de alfabetização das pessoas de 15 anos ou mais de idade,2022,2022,6794,Total,95251,Total,100362,Total
6,Município,2,%,96.04,4300059,Água Santa - RS,2513,Taxa de alfabetização das pessoas de 15 anos ou mais de idade,2022,2022,6794,Total,95251,Total,100362,Total
6,Município,2,%,95.48,4300109,Agudo - RS,2513,Taxa de alfabetização das pessoas de 15 anos ou mais de idade,2022,2022,6794,Total,95251,Total,100362,Total
6,Município,2,%,96.92,4300208,Ajuricaba - RS,2513,Taxa de alfabetização das pessoas de 15 anos ou mais de idade,2022,2022,6794,Total,95251,Total,100362,Total
6,Município,2,%,94.27,4300307,Alecrim - RS,2513,Taxa de alfabetização das pessoas de 15 anos ou mais de idade,2022,2022,6794,Total,95251,Total,100362,Total
6,Município,2,%,95.79,4300406,Alegrete - RS,2513,Taxa de alfabetização das pessoas de 15 anos ou mais de idade,2022,2022,6794,Total,95251,Total,100362,Total
6,Município,2,%,93.8,4300455,Alegria - RS,2513,Taxa de alfabetização das pessoas de 15 anos ou mais de idade,2022,2022,6794,Total,95251,Total,100362,Total
6,Município,2,%,97.14,4300471,Almirante Tamandaré do Sul - RS,2513,Taxa de alfabetização das pessoas de 15 anos ou mais de idade,2022,2022,6794,Total,95251,Total,100362,Total
6,Município,2,%,91.43,4300505,Alpestre - RS,2513,Taxa de alfabetização das pessoas de 15 anos ou mais de idade,2022,2022,6794,Total,95251,Total,100362,Total
6,Município,2,%,95.06,4300554,Alto Alegre - RS,2513,Taxa de alfabetização das pessoas de 15 anos ou mais de idade,2022,2022,6794,Total,95251,Total,100362,Total
6,Município,2,%,98.44,4300570,Alto Feliz - RS,2513,Taxa de alfabetização das pessoas de 15 anos ou mais de idade,2022,2022,6794,Total,95251,Total,100362,Total
6,Município,2,%,97.38,4300604,Alvorada - RS,2513,Taxa de alfabetização das pessoas de 15 anos ou mais de idade,2022,2022,6794,Total,95251,Total,100362,Total
6,Município,2,%,93.03,4300638,Amaral Ferrador - RS,2513,Taxa de alfabetização das pessoas de 15 anos ou mais de idade,2022,2022,6794,Total,95251,Total,100362,Total
6,Município,2,%,92.6,4300646,Ametista do Sul - RS,2513,Taxa de alfabetização das pessoas de 15 anos ou mais de idade,2022,2022,6794,Total,95251,Total,100362,Total
6,Município,2,%,95.67,4300661,André da Rocha - RS,2513,Taxa de alfabetização das pessoas de 15 anos ou mais de idade,2022,2022,6794,Total,95251,Total,100362,Total
6,Município,2,%,97.05,4300703,Anta Gorda - RS,2513,Taxa de alfabetização das pessoas de 15 anos ou mais de idade,2022,2022,6794,Total,95251,Total,100362,Total
6,Município,2,%,96.9,4300802,Antônio Prado - RS,2513,Taxa de alfabetização das pessoas de 15 anos ou mais de idade,2022,2022,6794,Total,95251,Total,100362,Total
6,Município,2,%,94.57,4300851,Arambaré - RS,2513,Taxa de alfabetização das pessoas de 15 anos ou mais de idade,2022,2022,6794,Total,95251,Total,100362,Total
6,Município,2,%,96.97,4300877,Araricá - RS,2513,Taxa de alfabetização das pessoas de 15 anos ou mais de idade,2022,2022,6794,Total,95251,Total,100362,Total
6,Município,2,%,96.86,4300901,Aratiba - RS,2513,Taxa de alfabetização das pessoas de 15 anos ou mais de idade,2022,2022,6794,Total,95251,Total,100362,Total
6,Município,2,%,98.35,4301008,Arroio do Meio - RS,2513,Taxa de alfabetização das pessoas de 15 anos ou mais de idade,2022,2022,6794,Total,95251,Total,100362,Total
6,Município,2,%,97.76,4301057,Arroio do Sal - RS,2513,Taxa de alfabetização das pessoas de 15 anos ou mais de idade,2022,2022,6794,Total,95251,Total,100362,Total
6,Município,2,%,96.65,4301073,Arroio do Padre - RS,2513,Taxa de alfabetização das pessoas de 15 anos ou mais de idade,2022,2022,6794,Total,95251,Total,100362,Total
6,Município,2,%,95.58,4301107,Arroio dos Ratos - RS,2513,Taxa de alfabetização das pessoas de 15 anos ou mais de idade,2022,2022,6794,Total,95251,Total,100362,Total
6,Município,2,%,94.2,4301206,Arroio do Tigre - RS,2513,Taxa de alfabetização das pessoas de 15 anos ou mais de idade,2022,2022,6794,Total,95251,Total,100362,Total
6,Município,2,%,94.29,4301305,Arroio Grande - RS,2513,Taxa de alfabetização das pessoas de 15 anos ou mais de idade,2022,2022,6794,Total,95251,Total,100362,Total
6,Município,2,%,95.31,4301404,Arvorezinha - RS,2513,Taxa de alfabetização das pessoas de 15 anos ou mais de idade,2022,2022,6794,Total,95251,Total,100362,Total
6,Município,2,%,97.32,4301503,Augusto Pestana - RS,2513,Taxa de alfabetização das pessoas de 15 anos ou mais de idade,2022,2022,6794,Total,95251,Total,100362,Total
6,Município,2,%,97.24,4301552,Áurea - RS,2513,Taxa de alfabetização das pessoas de 15 anos ou mais de idade,2022,2022,6794,Total,95251,Total,100362,Total
6,Município,2,%,96.54,4301602,Bagé - RS,2513,Taxa de alfabetização das pessoas de 15 anos ou mais de idade,2022,2022,6794,Total,95251,Total,100362,Total
6,Município,2,%,95.82,4301636,Balneário Pinhal - RS,2513,Taxa de alfabetização das pessoas de 15 anos ou mais de idade,2022,2022,6794,Total,95251,Total,100362,Total
6,Município,2,%,97.41,4301651,Barão - RS,2513,Taxa de alfabetização das pessoas de 15 anos ou mais de idade,2022,2022,6794,Total,95251,Total,100362,Total
6,Município,2,%,96.92,4301701,Barão de Cotegipe - RS,2513,Taxa de alfabetização das pessoas de 15 anos ou mais de idade,2022,2022,6794,Total,95251,Total,100362,Total
6,Município,2,%,92.18,4301750,Barão do Triunfo - RS,2513,Taxa de alfabetização das pessoas de 15 anos ou mais de idade,2022,2022,6794,Total,95251,Total,100362,Total
6,Município,2,%,93.7,4301800,Barracão - RS,2513,Taxa de alfabetização das pessoas de 15 anos ou mais de idade,2022,2022,6794,Total,95251,Total,100362,Total
6,Município,2,%,93.83,4301859,Barra do Guarita - RS,2513,Taxa de alfabetização das pessoas de 15 anos ou mais de idade,2022,2022,6794,Total,95251,Total,100362,Total
6,Município,2,%,95.75,4301875,Barra do Quaraí - RS,2513,Taxa de alfabetização das pessoas de 15 anos ou mais de idade,2022,2022,6794,Total,95251,Total,100362,Total
6,Município,2,%,94.95,4301909,Barra do Ribeiro - RS,2513,Taxa de alfabetização das pessoas de 15 anos ou mais de idade,2022,2022,6794,Total,95251,Total,100362,Total
6,Município,2,%,95.63,4301925,Barra do Rio Azul - RS,2513,Taxa de alfabetização das pessoas de 15 anos ou mais de idade,2022,2022,6794,Total,95251,Total,100362,Total
6,Município,2,%,96.64,4301958,Barra Funda - RS,2513,Taxa de alfabetização das pessoas de 15 anos ou mais de idade,2022,2022,6794,Total,95251,Total,100362,Total
6,Município,2,%,88.43,4302006,Barros Cassal - RS,2513,Taxa de alfabetização das pessoas de 15 anos ou mais de idade,2022,2022,6794,Total,95251,Total,100362,Total
6,Município,2,%,88.14,4302055,Benjamin Constant do Sul - RS,2513,Taxa de alfabetização das pessoas de 15 anos ou mais de idade,2022,2022,6794,Total,95251,Total,100362,Total
6,Município,2,%,98.39,4302105,Bento Gonçalves - RS,2513,Taxa de alfabetização das pessoas de 15 anos ou mais de idade,2022,2022,6794,Total,95251,Total,100362,Total
6,Município,2,%,95.4,4302154,Boa Vista das Missões - RS,2513,Taxa de alfabetização das pessoas de 15 anos ou mais de idade,2022,2022,6794,Total,95251,Total,100362,Total
6,Município,2,%,98.18,4302204,Boa Vista do Buricá - RS,2513,Taxa de alfabetização das pessoas de 15 anos ou mais de idade,2022,2022,6794,Total,95251,Total,100362,Total
6,Município,2,%,96.12,4302220,Boa Vista do Cadeado - RS,2513,Taxa de alfabetização das pessoas de 15 anos ou mais de idade,2022,2022,6794,Total,95251,Total,100362,Total
6,Município,2,%,97.02,4302238,Boa Vista do Incra - RS,2513,Taxa de alfabetização das pessoas de 15 anos ou mais de idade,2022,2022,6794,Total,95251,Total,100362,Total
6,Município,2,%,95.62,4302253,Boa Vista do Sul - RS,2513,Taxa de alfabetização das pessoas de 15 anos ou mais de idade,2022,2022,6794,Total,95251,Total,100362,Total
6,Município,2,%,93.64,4302303,Bom Jesus - RS,2513,Taxa de alfabetização das pessoas de 15 anos ou mais de idade,2022,2022,6794,Total,95251,Total,100362,Total
6,Município,2,%,98.72,4302352,Bom Princípio - RS,2513,Taxa de alfabetização das pessoas de 15 anos ou mais de idade,2022,2022,6794,Total,95251,Total,100362,Total
6,Município,2,%,91.69,4302378,Bom Progresso - RS,2513,Taxa de alfabetização das pessoas de 15 anos ou mais de idade,2022,2022,6794,Total,95251,Total,100362,Total
6,Município,2,%,97.04,4302402,Bom Retiro do Sul - RS,2513,Taxa de alfabetização das pessoas de 15 anos ou mais de idade,2022,2022,6794,Total,95251,Total,100362,Total
6,Município,2,%,92.28,4302451,Boqueirão do Leão - RS,2513,Taxa de alfabetização das pessoas de 15 anos ou mais de idade,2022,2022,6794,Total,95251,Total,100362,Total
6,Município,2,%,92.75,4302501,Bossoroca - RS,2513,Taxa de alfabetização das pessoas de 15 anos ou mais de idade,2022,2022,6794,Total,95251,Total,100362,Total
6,Município,2,%,96.31,4302584,Bozano - RS,2513,Taxa de alfabetização das pessoas de 15 anos ou mais de idade,2022,2022,6794,Total,95251,Total,100362,Total
6,Município,2,%,91.23,4302600,Braga - RS,2513,Taxa de alfabetização das pessoas de 15 anos ou mais de idade,2022,2022,6794,Total,95251,Total,100362,Total
6,Município,2,%,96.45,4302659,Brochier - RS,2513,Taxa de alfabetização das pessoas de 15 anos ou mais de idade,2022,2022,6794,Total,95251,Total,100362,Total
6,Município,2,%,94.66,4302709,Butiá - RS,2513,Taxa de alfabetização das pessoas de 15 anos ou mais de idade,2022,2022,6794,Total,95251,Total,100362,Total
6,Município,2,%,94.26,4302808,Caçapava do Sul - RS,2513,Taxa de alfabetização das pessoas de 15 anos ou mais de idade,2022,2022,6794,Total,95251,Total,100362,Total
6,Município,2,%,93.81,4302907,Cacequi - RS,2513,Taxa de alfabetização das pessoas de 15 anos ou mais de idade,2022,2022,6794,Total,95251,Total,100362,Total
6,Município,2,%,95.21,4303004,Cachoeira do Sul - RS,2513,Taxa de alfabetização das pessoas de 15 anos ou mais de idade,2022,2022,6794,Total,95251,Total,100362,Total
6,Município,2,%,98.19,4303103,Cachoeirinha - RS,2513,Taxa de alfabetização das pessoas de 15 anos ou mais de idade,2022,2022,6794,Total,95251,Total,100362,Total
6,Município,2,%,93.97,4303202,Cacique Doble - RS,2513,Taxa de alfabetização das pessoas de 15 anos ou mais de idade,2022,2022,6794,Total,95251,Total,100362,Total
6,Município,2,%,95.91,4303301,Caibaté - RS,2513,Taxa de alfabetização das pessoas de 15 anos ou mais de idade,2022,2022,6794,Total,95251,Total,100362,Total
6,Município,2,%,95.65,4303400,Caiçara - RS,2513,Taxa de alfabetização das pessoas de 15 anos ou mais de idade,2022,2022,6794,Total,95251,Total,100362,Total
6,Município,2,%,95.2,4303509,Camaquã - RS,2513,Taxa de alfabetização das pessoas de 15 anos ou mais de idade,2022,2022,6794,Total,95251,Total,100362,Total
6,Município,2,%,96.27,4303558,Camargo - RS,2513,Taxa de alfabetização das pessoas de 15 anos ou mais de idade,2022,2022,6794,Total,95251,Total,100362,Total
6,Município,2,%,96.35,4303608,Cambará do Sul - RS,2513,Taxa de alfabetização das pessoas de 15 anos ou mais de idade,2022,2022,6794,Total,95251,Total,100362,Total
6,Município,2,%,95.93,4303673,Campestre da Serra - RS,2513,Taxa de alfabetização das pessoas de 15 anos ou mais de idade,2022,2022,6794,Total,95251,Total,100362,Total
6,Município,2,%,97.88,4303707,Campina das Missões - RS,2513,Taxa de alfabetização das pessoas de 15 anos ou mais de idade,2022,2022,6794,Total,95251,Total,100362,Total
6,Município,2,%,95.77,4303806,Campinas do Sul - RS,2513,Taxa de alfabetização das pessoas de 15 anos ou mais de idade,2022,2022,6794,Total,95251,Total,100362,Total
6,Município,2,%,98.18,4303905,Campo Bom - RS,2513,Taxa de alfabetização das pessoas de 15 anos ou mais de idade,2022,2022,6794,Total,95251,Total,100362,Total
6,Município,2,%,91.82,4304002,Campo Novo - RS,2513,Taxa de alfabetização das pessoas de 15 anos ou mais de idade,2022,2022,6794,Total,95251,Total,100362,Total
6,Município,2,%,93.49,4304101,Campos Borges - RS,2513,Taxa de alfabetização das pessoas de 15 anos ou mais de idade,2022,2022,6794,Total,95251,Total,100362,Total
6,Município,2,%,94.11,4304200,Candelária - RS,2513,Taxa de alfabetização das pessoas de 15 anos ou mais de idade,2022,2022,6794,Total,95251,Total,100362,Total
6,Município,2,%,97.13,4304309,Cândido Godói - RS,2513,Taxa de alfabetização das pessoas de 15 anos ou mais de idade,2022,2022,6794,Total,95251,Total,100362,Total
6,Município,2,%,95.51,4304358,Candiota - RS,2513,Taxa de alfabetização das pessoas de 15 anos ou mais de idade,2022,2022,6794,Total,95251,Total,100362,Total
6,Município,2,%,97.54,4304408,Canela - RS,2513,Taxa de alfabetização das pessoas de 15 anos ou mais de idade,2022,2022,6794,Total,95251,Total,100362,Total
6,Município,2,%,93.95,4304507,Canguçu - RS,2513,Taxa de alfabetização das pessoas de 15 anos ou mais de idade,2022,2022,6794,Total,95251,Total,100362,Total
6,Município,2,%,98.19,4304606,Canoas - RS,2513,Taxa de alfabetização das pessoas de 15 anos ou mais de idade,2022,2022,6794,Total,95251,Total,100362,Total
6,Município,2,%,93.33,4304614,Canudos do Vale - RS,2513,Taxa de alfabetização das pessoas de 15 anos ou mais de idade,2022,2022,6794,Total,95251,Total,100362,Total
6,Município,2,%,93.52,4304622,Capão Bonito do Sul - RS,2513,Taxa de alfabetização das pessoas de 15 anos ou mais de idade,2022,2022,6794,Total,95251,Total,100362,Total
6,Município,2,%,97.74,4304630,Capão da Canoa - RS,2513,Taxa de alfabetização das pessoas de 15 anos ou mais de idade,2022,2022,6794,Total,95251,Total,100362,Total
6,Município,2,%,97.02,4304655,Capão do Cipó - RS,2513,Taxa de alfabetização das pessoas de 15 anos ou mais de idade,2022,2022,6794,Total,95251,Total,100362,Total
6,Município,2,%,95.1,4304663,Capão do Leão - RS,2513,Taxa de alfabetização das pessoas de 15 anos ou mais de idade,2022,2022,6794,Total,95251,Total,100362,Total
6,Município,2,%,95.74,4304671,Capivari do Sul - RS,2513,Taxa de alfabetização das pessoas de 15 anos ou mais de idade,2022,2022,6794,Total,95251,Total,100362,Total
6,Município,2,%,95.56,4304689,Capela de Santana - RS,2513,Taxa de alfabetização das pessoas de 15 anos ou mais de idade,2022,2022,6794,Total,95251,Total,100362,Total
6,Município,2,%,96.11,4304697,Capitão - RS,2513,Taxa de alfabetização das pessoas de 15 anos ou mais de idade,2022,2022,6794,Total,95251,Total,100362,Total
6,Município,2,%,97.12,4304705,Carazinho - RS,2513,Taxa de alfabetização das pessoas de 15 anos ou mais de idade,2022,2022,6794,Total,95251,Total,100362,Total
6,Município,2,%,92.81,4304713,Caraá - RS,2513,Taxa de alfabetização das pessoas de 15 anos ou mais de idade,2022,2022,6794,Total,95251,Total,100362,Total
6,Município,2,%,98.11,4304804,Carlos Barbosa - RS,2513,Taxa de alfabetização das pessoas de 15 anos ou mais de idade,2022,2022,6794,Total,95251,Total,100362,Total
6,Município,2,%,97.23,4304853,Carlos Gomes - RS,2513,Taxa de alfabetização das pessoas de 15 anos ou mais de idade,2022,2022,6794,Total,95251,Total,100362,Total
6,Município,2,%,97.77,4304903,Casca - RS,2513,Taxa de alfabetização das pessoas de 15 anos ou mais de idade,2022,2022,6794,Total,95251,Total,100362,Total
6,Município,2,%,94.25,4304952,Caseiros - RS,2513,Taxa de alfabetização das pessoas de 15 anos ou mais de idade,2022,2022,6794,Total,95251,Total,100362,Total
6,Município,2,%,95.79,4305009,Catuípe - RS,2513,Taxa de alfabetização das pessoas de 15 anos ou mais de idade,2022,2022,6794,Total,95251,Total,100362,Total
6,Município,2,%,98.36,4305108,Caxias do Sul - RS,2513,Taxa de alfabetização das pessoas de 15 anos ou mais de idade,2022,2022,6794,Total,95251,Total,100362,Total
6,Município,2,%,97.82,4305116,Centenário - RS,2513,Taxa de alfabetização das pessoas de 15 anos ou mais de idade,2022,2022,6794,Total,95251,Total,100362,Total
6,Município,2,%,92.45,4305124,Cerrito - RS,2513,Taxa de alfabetização das pessoas de 15 anos ou mais de idade,2022,2022,6794,Total,95251,Total,100362,Total
6,Município,2,%,90.5,4305132,Cerro Branco - RS,2513,Taxa de alfabetização das pessoas de 15 anos ou mais de idade,2022,2022,6794,Total,95251,Total,100362,Total
6,Município,2,%,88.71,4305157,Cerro Grande - RS,2513,Taxa de alfabetização das pessoas de 15 anos ou mais de idade,2022,2022,6794,Total,95251,Total,100362,Total
6,Município,2,%,92.98,4305173,Cerro Grande do Sul - RS,2513,Taxa de alfabetização das pessoas de 15 anos ou mais de idade,2022,2022,6794,Total,95251,Total,100362,Total
6,Município,2,%,97.05,4305207,Cerro Largo - RS,2513,Taxa de alfabetização das pessoas de 15 anos ou mais de idade,2022,2022,6794,Total,95251,Total,100362,Total
6,Município,2,%,96.74,4305306,Chapada - RS,2513,Taxa de alfabetização das pessoas de 15 anos ou mais de idade,2022,2022,6794,Total,95251,Total,100362,Total
6,Município,2,%,96.96,4305355,Charqueadas - RS,2513,Taxa de alfabetização das pessoas de 15 anos ou mais de idade,2022,2022,6794,Total,95251,Total,100362,Total
6,Município,2,%,93.73,4305371,Charrua - RS,2513,Taxa de alfabetização das pessoas de 15 anos ou mais de idade,2022,2022,6794,Total,95251,Total,100362,Total
6,Município,2,%,95.4,4305405,Chiapetta - RS,2513,Taxa de alfabetização das pessoas de 15 anos ou mais de idade,2022,2022,6794,Total,95251,Total,100362,Total
6,Município,2,%,98.36,4305439,Chuí - RS,2513,Taxa de alfabetização das pessoas de 15 anos ou mais de idade,2022,2022,6794,Total,95251,Total,100362,Total
6,Município,2,%,92.97,4305447,Chuvisca - RS,2513,Taxa de alfabetização das pessoas de 15 anos ou mais de idade,2022,2022,6794,Total,95251,Total,100362,Total
6,Município,2,%,96.78,4305454,Cidreira - RS,2513,Taxa de alfabetização das pessoas de 15 anos ou mais de idade,2022,2022,6794,Total,95251,Total,100362,Total
6,Município,2,%,96.08,4305504,Ciríaco - RS,2513,Taxa de alfabetização das pessoas de 15 anos ou mais de idade,2022,2022,6794,Total,95251,Total,100362,Total
6,Município,2,%,98.3,4305587,Colinas - RS,2513,Taxa de alfabetização das pessoas de 15 anos ou mais de idade,2022,2022,6794,Total,95251,Total,100362,Total
6,Município,2,%,95.92,4305603,Colorado - RS,2513,Taxa de alfabetização das pessoas de 15 anos ou mais de idade,2022,2022,6794,Total,95251,Total,100362,Total
6,Município,2,%,95.94,4305702,Condor - RS,2513,Taxa de alfabetização das pessoas de 15 anos ou mais de idade,2022,2022,6794,Total,95251,Total,100362,Total
6,Município,2,%,95.61,4305801,Constantina - RS,2513,Taxa de alfabetização das pessoas de 15 anos ou mais de idade,2022,2022,6794,Total,95251,Total,100362,Total
6,Município,2,%,95.13,4305835,Coqueiro Baixo - RS,2513,Taxa de alfabetização das pessoas de 15 anos ou mais de idade,2022,2022,6794,Total,95251,Total,100362,Total
6,Município,2,%,96.28,4305850,Coqueiros do Sul - RS,2513,Taxa de alfabetização das pessoas de 15 anos ou mais de idade,2022,2022,6794,Total,95251,Total,100362,Total
6,Município,2,%,98.03,4305871,Coronel Barros - RS,2513,Taxa de alfabetização das pessoas de 15 anos ou mais de idade,2022,2022,6794,Total,95251,Total,100362,Total
6,Município,2,%,91.47,4305900,Coronel Bicaco - RS,2513,Taxa de alfabetização das pessoas de 15 anos ou mais de idade,2022,2022,6794,Total,95251,Total,100362,Total
6,Município,2,%,97,4305934,Coronel Pilar - RS,2513,Taxa de alfabetização das pessoas de 15 anos ou mais de idade,2022,2022,6794,Total,95251,Total,100362,Total
6,Município,2,%,97.78,4305959,Cotiporã - RS,2513,Taxa de alfabetização das pessoas de 15 anos ou mais de idade,2022,2022,6794,Total,95251,Total,100362,Total
6,Município,2,%,95.97,4305975,Coxilha - RS,2513,Taxa de alfabetização das pessoas de 15 anos ou mais de idade,2022,2022,6794,Total,95251,Total,100362,Total
6,Município,2,%,96.42,4306007,Crissiumal - RS,2513,Taxa de alfabetização das pessoas de 15 anos ou mais de idade,2022,2022,6794,Total,95251,Total,100362,Total
6,Município,2,%,92.82,4306056,Cristal - RS,2513,Taxa de alfabetização das pessoas de 15 anos ou mais de idade,2022,2022,6794,Total,95251,Total,100362,Total
6,Município,2,%,91.81,4306072,Cristal do Sul - RS,2513,Taxa de alfabetização das pessoas de 15 anos ou mais de idade,2022,2022,6794,Total,95251,Total,100362,Total
6,Município,2,%,96.53,4306106,Cruz Alta - RS,2513,Taxa de alfabetização das pessoas de 15 anos ou mais de idade,2022,2022,6794,Total,95251,Total,100362,Total
6,Município,2,%,93.97,4306130,Cruzaltense - RS,2513,Taxa de alfabetização das pessoas de 15 anos ou mais de idade,2022,2022,6794,Total,95251,Total,100362,Total
6,Município,2,%,96.98,4306205,Cruzeiro do Sul - RS,2513,Taxa de alfabetização das pessoas de 15 anos ou mais de idade,2022,2022,6794,Total,95251,Total,100362,Total
6,Município,2,%,95.7,4306304,David Canabarro - RS,2513,Taxa de alfabetização das pessoas de 15 anos ou mais de idade,2022,2022,6794,Total,95251,Total,100362,Total
6,Município,2,%,93.32,4306320,Derrubadas - RS,2513,Taxa de alfabetização das pessoas de 15 anos ou mais de idade,2022,2022,6794,Total,95251,Total,100362,Total
6,Município,2,%,90.78,4306353,Dezesseis de Novembro - RS,2513,Taxa de alfabetização das pessoas de 15 anos ou mais de idade,2022,2022,6794,Total,95251,Total,100362,Total
6,Município,2,%,90.52,4306379,Dilermando de Aguiar - RS,2513,Taxa de alfabetização das pessoas de 15 anos ou mais de idade,2022,2022,6794,Total,95251,Total,100362,Total
6,Município,2,%,98.63,4306403,Dois Irmãos - RS,2513,Taxa de alfabetização das pessoas de 15 anos ou mais de idade,2022,2022,6794,Total,95251,Total,100362,Total
6,Município,2,%,89.79,4306429,Dois Irmãos das Missões - RS,2513,Taxa de alfabetização das pessoas de 15 anos ou mais de idade,2022,2022,6794,Total,95251,Total,100362,Total
6,Município,2,%,96.9,4306452,Dois Lajeados - RS,2513,Taxa de alfabetização das pessoas de 15 anos ou mais de idade,2022,2022,6794,Total,95251,Total,100362,Total
6,Município,2,%,91.41,4306502,Dom Feliciano - RS,2513,Taxa de alfabetização das pessoas de 15 anos ou mais de idade,2022,2022,6794,Total,95251,Total,100362,Total
6,Município,2,%,97.04,4306551,Dom Pedro de Alcântara - RS,2513,Taxa de alfabetização das pessoas de 15 anos ou mais de idade,2022,2022,6794,Total,95251,Total,100362,Total
6,Município,2,%,95.65,4306601,Dom Pedrito - RS,2513,Taxa de alfabetização das pessoas de 15 anos ou mais de idade,2022,2022,6794,Total,95251,Total,100362,Total
6,Município,2,%,96.6,4306700,Dona Francisca - RS,2513,Taxa de alfabetização das pessoas de 15 anos ou mais de idade,2022,2022,6794,Total,95251,Total,100362,Total
6,Município,2,%,96.25,4306734,Doutor Maurício Cardoso - RS,2513,Taxa de alfabetização das pessoas de 15 anos ou mais de idade,2022,2022,6794,Total,95251,Total,100362,Total
6,Município,2,%,97.63,4306759,Doutor Ricardo - RS,2513,Taxa de alfabetização das pessoas de 15 anos ou mais de idade,2022,2022,6794,Total,95251,Total,100362,Total
6,Município,2,%,96.49,4306767,Eldorado do Sul - RS,2513,Taxa de alfabetização das pessoas de 15 anos ou mais de idade,2022,2022,6794,Total,95251,Total,100362,Total
6,Município,2,%,97.05,4306809,Encantado - RS,2513,Taxa de alfabetização das pessoas de 15 anos ou mais de idade,2022,2022,6794,Total,95251,Total,100362,Total
6,Município,2,%,92.81,4306908,Encruzilhada do Sul - RS,2513,Taxa de alfabetização das pessoas de 15 anos ou mais de idade,2022,2022,6794,Total,95251,Total,100362,Total
6,Município,2,%,92.45,4306924,Engenho Velho - RS,2513,Taxa de alfabetização das pessoas de 15 anos ou mais de idade,2022,2022,6794,Total,95251,Total,100362,Total
6,Município,2,%,95.7,4306932,Entre-Ijuís - RS,2513,Taxa de alfabetização das pessoas de 15 anos ou mais de idade,2022,2022,6794,Total,95251,Total,100362,Total
6,Município,2,%,93.13,4306957,Entre Rios do Sul - RS,2513,Taxa de alfabetização das pessoas de 15 anos ou mais de idade,2022,2022,6794,Total,95251,Total,100362,Total
6,Município,2,%,95.13,4306973,Erebango - RS,2513,Taxa de alfabetização das pessoas de 15 anos ou mais de idade,2022,2022,6794,Total,95251,Total,100362,Total
6,Município,2,%,97.8,4307005,Erechim - RS,2513,Taxa de alfabetização das pessoas de 15 anos ou mais de idade,2022,2022,6794,Total,95251,Total,100362,Total
6,Município,2,%,97.48,4307054,Ernestina - RS,2513,Taxa de alfabetização das pessoas de 15 anos ou mais de idade,2022,2022,6794,Total,95251,Total,100362,Total
6,Município,2,%,95,4307104,Herval - RS,2513,Taxa de alfabetização das pessoas de 15 anos ou mais de idade,2022,2022,6794,Total,95251,Total,100362,Total
6,Município,2,%,91.2,4307203,Erval Grande - RS,2513,Taxa de alfabetização das pessoas de 15 anos ou mais de idade,2022,2022,6794,Total,95251,Total,100362,Total
6,Município,2,%,92.88,4307302,Erval Seco - RS,2513,Taxa de alfabetização das pessoas de 15 anos ou mais de idade,2022,2022,6794,Total,95251,Total,100362,Total
6,Município,2,%,94.04,4307401,Esmeralda - RS,2513,Taxa de alfabetização das pessoas de 15 anos ou mais de idade,2022,2022,6794,Total,95251,Total,100362,Total
6,Município,2,%,93.54,4307450,Esperança do Sul - RS,2513,Taxa de alfabetização das pessoas de 15 anos ou mais de idade,2022,2022,6794,Total,95251,Total,100362,Total
6,Município,2,%,95.14,4307500,Espumoso - RS,2513,Taxa de alfabetização das pessoas de 15 anos ou mais de idade,2022,2022,6794,Total,95251,Total,100362,Total
6,Município,2,%,97.64,4307559,Estação - RS,2513,Taxa de alfabetização das pessoas de 15 anos ou mais de idade,2022,2022,6794,Total,95251,Total,100362,Total
6,Município,2,%,98.38,4307609,Estância Velha - RS,2513,Taxa de alfabetização das pessoas de 15 anos ou mais de idade,2022,2022,6794,Total,95251,Total,100362,Total
6,Município,2,%,98.03,4307708,Esteio - RS,2513,Taxa de alfabetização das pessoas de 15 anos ou mais de idade,2022,2022,6794,Total,95251,Total,100362,Total
6,Município,2,%,97.99,4307807,Estrela - RS,2513,Taxa de alfabetização das pessoas de 15 anos ou mais de idade,2022,2022,6794,Total,95251,Total,100362,Total
6,Município,2,%,95.42,4307815,Estrela Velha - RS,2513,Taxa de alfabetização das pessoas de 15 anos ou mais de idade,2022,2022,6794,Total,95251,Total,100362,Total
6,Município,2,%,95.58,4307831,Eugênio de Castro - RS,2513,Taxa de alfabetização das pessoas de 15 anos ou mais de idade,2022,2022,6794,Total,95251,Total,100362,Total
6,Município,2,%,97.57,4307864,Fagundes Varela - RS,2513,Taxa de alfabetização das pessoas de 15 anos ou mais de idade,2022,2022,6794,Total,95251,Total,100362,Total
6,Município,2,%,98.09,4307906,Farroupilha - RS,2513,Taxa de alfabetização das pessoas de 15 anos ou mais de idade,2022,2022,6794,Total,95251,Total,100362,Total
6,Município,2,%,96.64,4308003,Faxinal do Soturno - RS,2513,Taxa de alfabetização das pessoas de 15 anos ou mais de idade,2022,2022,6794,Total,95251,Total,100362,Total
6,Município,2,%,92.05,4308052,Faxinalzinho - RS,2513,Taxa de alfabetização das pessoas de 15 anos ou mais de idade,2022,2022,6794,Total,95251,Total,100362,Total
6,Município,2,%,95.57,4308078,Fazenda Vilanova - RS,2513,Taxa de alfabetização das pessoas de 15 anos ou mais de idade,2022,2022,6794,Total,95251,Total,100362,Total
6,Município,2,%,98.64,4308102,Feliz - RS,2513,Taxa de alfabetização das pessoas de 15 anos ou mais de idade,2022,2022,6794,Total,95251,Total,100362,Total
6,Município,2,%,97.89,4308201,Flores da Cunha - RS,2513,Taxa de alfabetização das pessoas de 15 anos ou mais de idade,2022,2022,6794,Total,95251,Total,100362,Total
6,Município,2,%,95.96,4308250,Floriano Peixoto - RS,2513,Taxa de alfabetização das pessoas de 15 anos ou mais de idade,2022,2022,6794,Total,95251,Total,100362,Total
6,Município,2,%,88.55,4308300,Fontoura Xavier - RS,2513,Taxa de alfabetização das pessoas de 15 anos ou mais de idade,2022,2022,6794,Total,95251,Total,100362,Total
6,Município,2,%,91.81,4308409,Formigueiro - RS,2513,Taxa de alfabetização das pessoas de 15 anos ou mais de idade,2022,2022,6794,Total,95251,Total,100362,Total
6,Município,2,%,94.49,4308433,Forquetinha - RS,2513,Taxa de alfabetização das pessoas de 15 anos ou mais de idade,2022,2022,6794,Total,95251,Total,100362,Total
6,Município,2,%,95.87,4308458,Fortaleza dos Valos - RS,2513,Taxa de alfabetização das pessoas de 15 anos ou mais de idade,2022,2022,6794,Total,95251,Total,100362,Total
6,Município,2,%,96.6,4308508,Frederico Westphalen - RS,2513,Taxa de alfabetização das pessoas de 15 anos ou mais de idade,2022,2022,6794,Total,95251,Total,100362,Total
6,Município,2,%,98.11,4308607,Garibaldi - RS,2513,Taxa de alfabetização das pessoas de 15 anos ou mais de idade,2022,2022,6794,Total,95251,Total,100362,Total
6,Município,2,%,90.97,4308656,Garruchos - RS,2513,Taxa de alfabetização das pessoas de 15 anos ou mais de idade,2022,2022,6794,Total,95251,Total,100362,Total
6,Município,2,%,96.71,4308706,Gaurama - RS,2513,Taxa de alfabetização das pessoas de 15 anos ou mais de idade,2022,2022,6794,Total,95251,Total,100362,Total
6,Município,2,%,94.27,4308805,General Câmara - RS,2513,Taxa de alfabetização das pessoas de 15 anos ou mais de idade,2022,2022,6794,Total,95251,Total,100362,Total
6,Município,2,%,95.17,4308854,Gentil - RS,2513,Taxa de alfabetização das pessoas de 15 anos ou mais de idade,2022,2022,6794,Total,95251,Total,100362,Total
6,Município,2,%,96.98,4308904,Getúlio Vargas - RS,2513,Taxa de alfabetização das pessoas de 15 anos ou mais de idade,2022,2022,6794,Total,95251,Total,100362,Total
6,Município,2,%,95.45,4309001,Giruá - RS,2513,Taxa de alfabetização das pessoas de 15 anos ou mais de idade,2022,2022,6794,Total,95251,Total,100362,Total
6,Município,2,%,95.64,4309050,Glorinha - RS,2513,Taxa de alfabetização das pessoas de 15 anos ou mais de idade,2022,2022,6794,Total,95251,Total,100362,Total
6,Município,2,%,98.52,4309100,Gramado - RS,2513,Taxa de alfabetização das pessoas de 15 anos ou mais de idade,2022,2022,6794,Total,95251,Total,100362,Total
6,Município,2,%,86.7,4309126,Gramado dos Loureiros - RS,2513,Taxa de alfabetização das pessoas de 15 anos ou mais de idade,2022,2022,6794,Total,95251,Total,100362,Total
6,Município,2,%,91.73,4309159,Gramado Xavier - RS,2513,Taxa de alfabetização das pessoas de 15 anos ou mais de idade,2022,2022,6794,Total,95251,Total,100362,Total
6,Município,2,%,97.59,4309209,Gravataí - RS,2513,Taxa de alfabetização das pessoas de 15 anos ou mais de idade,2022,2022,6794,Total,95251,Total,100362,Total
6,Município,2,%,96.68,4309258,Guabiju - RS,2513,Taxa de alfabetização das pessoas de 15 anos ou mais de idade,2022,2022,6794,Total,95251,Total,100362,Total
6,Município,2,%,97.68,4309308,Guaíba - RS,2513,Taxa de alfabetização das pessoas de 15 anos ou mais de idade,2022,2022,6794,Total,95251,Total,100362,Total
6,Município,2,%,97.44,4309407,Guaporé - RS,2513,Taxa de alfabetização das pessoas de 15 anos ou mais de idade,2022,2022,6794,Total,95251,Total,100362,Total
6,Município,2,%,95.6,4309506,Guarani das Missões - RS,2513,Taxa de alfabetização das pessoas de 15 anos ou mais de idade,2022,2022,6794,Total,95251,Total,100362,Total
6,Município,2,%,98.6,4309555,Harmonia - RS,2513,Taxa de alfabetização das pessoas de 15 anos ou mais de idade,2022,2022,6794,Total,95251,Total,100362,Total
6,Município,2,%,92.09,4309571,Herveiras - RS,2513,Taxa de alfabetização das pessoas de 15 anos ou mais de idade,2022,2022,6794,Total,95251,Total,100362,Total
6,Município,2,%,97.69,4309605,Horizontina - RS,2513,Taxa de alfabetização das pessoas de 15 anos ou mais de idade,2022,2022,6794,Total,95251,Total,100362,Total
6,Município,2,%,93.84,4309654,Hulha Negra - RS,2513,Taxa de alfabetização das pessoas de 15 anos ou mais de idade,2022,2022,6794,Total,95251,Total,100362,Total
6,Município,2,%,96.95,4309704,Humaitá - RS,2513,Taxa de alfabetização das pessoas de 15 anos ou mais de idade,2022,2022,6794,Total,95251,Total,100362,Total
6,Município,2,%,93.58,4309753,Ibarama - RS,2513,Taxa de alfabetização das pessoas de 15 anos ou mais de idade,2022,2022,6794,Total,95251,Total,100362,Total
6,Município,2,%,96.41,4309803,Ibiaçá - RS,2513,Taxa de alfabetização das pessoas de 15 anos ou mais de idade,2022,2022,6794,Total,95251,Total,100362,Total
6,Município,2,%,95.48,4309902,Ibiraiaras - RS,2513,Taxa de alfabetização das pessoas de 15 anos ou mais de idade,2022,2022,6794,Total,95251,Total,100362,Total
6,Município,2,%,92.91,4309951,Ibirapuitã - RS,2513,Taxa de alfabetização das pessoas de 15 anos ou mais de idade,2022,2022,6794,Total,95251,Total,100362,Total
6,Município,2,%,97.77,4310009,Ibirubá - RS,2513,Taxa de alfabetização das pessoas de 15 anos ou mais de idade,2022,2022,6794,Total,95251,Total,100362,Total
6,Município,2,%,97.61,4310108,Igrejinha - RS,2513,Taxa de alfabetização das pessoas de 15 anos ou mais de idade,2022,2022,6794,Total,95251,Total,100362,Total
6,Município,2,%,97.11,4310207,Ijuí - RS,2513,Taxa de alfabetização das pessoas de 15 anos ou mais de idade,2022,2022,6794,Total,95251,Total,100362,Total
6,Município,2,%,94.63,4310306,Ilópolis - RS,2513,Taxa de alfabetização das pessoas de 15 anos ou mais de idade,2022,2022,6794,Total,95251,Total,100362,Total
6,Município,2,%,97.86,4310330,Imbé - RS,2513,Taxa de alfabetização das pessoas de 15 anos ou mais de idade,2022,2022,6794,Total,95251,Total,100362,Total
6,Município,2,%,98.14,4310363,Imigrante - RS,2513,Taxa de alfabetização das pessoas de 15 anos ou mais de idade,2022,2022,6794,Total,95251,Total,100362,Total
6,Município,2,%,95.63,4310405,Independência - RS,2513,Taxa de alfabetização das pessoas de 15 anos ou mais de idade,2022,2022,6794,Total,95251,Total,100362,Total
6,Município,2,%,90.72,4310413,Inhacorá - RS,2513,Taxa de alfabetização das pessoas de 15 anos ou mais de idade,2022,2022,6794,Total,95251,Total,100362,Total
6,Município,2,%,95.52,4310439,Ipê - RS,2513,Taxa de alfabetização das pessoas de 15 anos ou mais de idade,2022,2022,6794,Total,95251,Total,100362,Total
6,Município,2,%,95.94,4310462,Ipiranga do Sul - RS,2513,Taxa de alfabetização das pessoas de 15 anos ou mais de idade,2022,2022,6794,Total,95251,Total,100362,Total
6,Município,2,%,92,4310504,Iraí - RS,2513,Taxa de alfabetização das pessoas de 15 anos ou mais de idade,2022,2022,6794,Total,95251,Total,100362,Total
6,Município,2,%,96.27,4310538,Itaara - RS,2513,Taxa de alfabetização das pessoas de 15 anos ou mais de idade,2022,2022,6794,Total,95251,Total,100362,Total
6,Município,2,%,93.64,4310553,Itacurubi - RS,2513,Taxa de alfabetização das pessoas de 15 anos ou mais de idade,2022,2022,6794,Total,95251,Total,100362,Total
6,Município,2,%,91.36,4310579,Itapuca - RS,2513,Taxa de alfabetização das pessoas de 15 anos ou mais de idade,2022,2022,6794,Total,95251,Total,100362,Total
6,Município,2,%,95.37,4310603,Itaqui - RS,2513,Taxa de alfabetização das pessoas de 15 anos ou mais de idade,2022,2022,6794,Total,95251,Total,100362,Total
6,Município,2,%,93.67,4310652,Itati - RS,2513,Taxa de alfabetização das pessoas de 15 anos ou mais de idade,2022,2022,6794,Total,95251,Total,100362,Total
6,Município,2,%,95.22,4310702,Itatiba do Sul - RS,2513,Taxa de alfabetização das pessoas de 15 anos ou mais de idade,2022,2022,6794,Total,95251,Total,100362,Total
6,Município,2,%,94.51,4310751,Ivorá - RS,2513,Taxa de alfabetização das pessoas de 15 anos ou mais de idade,2022,2022,6794,Total,95251,Total,100362,Total
6,Município,2,%,98.36,4310801,Ivoti - RS,2513,Taxa de alfabetização das pessoas de 15 anos ou mais de idade,2022,2022,6794,Total,95251,Total,100362,Total
6,Município,2,%,89.96,4310850,Jaboticaba - RS,2513,Taxa de alfabetização das pessoas de 15 anos ou mais de idade,2022,2022,6794,Total,95251,Total,100362,Total
6,Município,2,%,89.9,4310876,Jacuizinho - RS,2513,Taxa de alfabetização das pessoas de 15 anos ou mais de idade,2022,2022,6794,Total,95251,Total,100362,Total
6,Município,2,%,95.16,4310900,Jacutinga - RS,2513,Taxa de alfabetização das pessoas de 15 anos ou mais de idade,2022,2022,6794,Total,95251,Total,100362,Total
6,Município,2,%,95.76,4311007,Jaguarão - RS,2513,Taxa de alfabetização das pessoas de 15 anos ou mais de idade,2022,2022,6794,Total,95251,Total,100362,Total
6,Município,2,%,96.07,4311106,Jaguari - RS,2513,Taxa de alfabetização das pessoas de 15 anos ou mais de idade,2022,2022,6794,Total,95251,Total,100362,Total
6,Município,2,%,92.04,4311122,Jaquirana - RS,2513,Taxa de alfabetização das pessoas de 15 anos ou mais de idade,2022,2022,6794,Total,95251,Total,100362,Total
6,Município,2,%,94.72,4311130,Jari - RS,2513,Taxa de alfabetização das pessoas de 15 anos ou mais de idade,2022,2022,6794,Total,95251,Total,100362,Total
6,Município,2,%,94.49,4311155,Jóia - RS,2513,Taxa de alfabetização das pessoas de 15 anos ou mais de idade,2022,2022,6794,Total,95251,Total,100362,Total
6,Município,2,%,95.7,4311205,Júlio de Castilhos - RS,2513,Taxa de alfabetização das pessoas de 15 anos ou mais de idade,2022,2022,6794,Total,95251,Total,100362,Total
6,Município,2,%,91.59,4311239,Lagoa Bonita do Sul - RS,2513,Taxa de alfabetização das pessoas de 15 anos ou mais de idade,2022,2022,6794,Total,95251,Total,100362,Total
6,Município,2,%,83.64,4311254,Lagoão - RS,2513,Taxa de alfabetização das pessoas de 15 anos ou mais de idade,2022,2022,6794,Total,95251,Total,100362,Total
6,Município,2,%,98.61,4311270,Lagoa dos Três Cantos - RS,2513,Taxa de alfabetização das pessoas de 15 anos ou mais de idade,2022,2022,6794,Total,95251,Total,100362,Total
6,Município,2,%,96.09,4311304,Lagoa Vermelha - RS,2513,Taxa de alfabetização das pessoas de 15 anos ou mais de idade,2022,2022,6794,Total,95251,Total,100362,Total
6,Município,2,%,97.76,4311403,Lajeado - RS,2513,Taxa de alfabetização das pessoas de 15 anos ou mais de idade,2022,2022,6794,Total,95251,Total,100362,Total
6,Município,2,%,87.99,4311429,Lajeado do Bugre - RS,2513,Taxa de alfabetização das pessoas de 15 anos ou mais de idade,2022,2022,6794,Total,95251,Total,100362,Total
6,Município,2,%,93.56,4311502,Lavras do Sul - RS,2513,Taxa de alfabetização das pessoas de 15 anos ou mais de idade,2022,2022,6794,Total,95251,Total,100362,Total
6,Município,2,%,90.79,4311601,Liberato Salzano - RS,2513,Taxa de alfabetização das pessoas de 15 anos ou mais de idade,2022,2022,6794,Total,95251,Total,100362,Total
6,Município,2,%,97.04,4311627,Lindolfo Collor - RS,2513,Taxa de alfabetização das pessoas de 15 anos ou mais de idade,2022,2022,6794,Total,95251,Total,100362,Total
6,Município,2,%,97.69,4311643,Linha Nova - RS,2513,Taxa de alfabetização das pessoas de 15 anos ou mais de idade,2022,2022,6794,Total,95251,Total,100362,Total
6,Município,2,%,93.32,4311700,Machadinho - RS,2513,Taxa de alfabetização das pessoas de 15 anos ou mais de idade,2022,2022,6794,Total,95251,Total,100362,Total
6,Município,2,%,93.92,4311718,Maçambará - RS,2513,Taxa de alfabetização das pessoas de 15 anos ou mais de idade,2022,2022,6794,Total,95251,Total,100362,Total
6,Município,2,%,92.56,4311734,Mampituba - RS,2513,Taxa de alfabetização das pessoas de 15 anos ou mais de idade,2022,2022,6794,Total,95251,Total,100362,Total
6,Município,2,%,94.17,4311759,Manoel Viana - RS,2513,Taxa de alfabetização das pessoas de 15 anos ou mais de idade,2022,2022,6794,Total,95251,Total,100362,Total
6,Município,2,%,95.33,4311775,Maquiné - RS,2513,Taxa de alfabetização das pessoas de 15 anos ou mais de idade,2022,2022,6794,Total,95251,Total,100362,Total
6,Município,2,%,96.67,4311791,Maratá - RS,2513,Taxa de alfabetização das pessoas de 15 anos ou mais de idade,2022,2022,6794,Total,95251,Total,100362,Total
6,Município,2,%,98.02,4311809,Marau - RS,2513,Taxa de alfabetização das pessoas de 15 anos ou mais de idade,2022,2022,6794,Total,95251,Total,100362,Total
6,Município,2,%,95.93,4311908,Marcelino Ramos - RS,2513,Taxa de alfabetização das pessoas de 15 anos ou mais de idade,2022,2022,6794,Total,95251,Total,100362,Total
6,Município,2,%,93.45,4311981,Mariana Pimentel - RS,2513,Taxa de alfabetização das pessoas de 15 anos ou mais de idade,2022,2022,6794,Total,95251,Total,100362,Total
6,Município,2,%,94.23,4312005,Mariano Moro - RS,2513,Taxa de alfabetização das pessoas de 15 anos ou mais de idade,2022,2022,6794,Total,95251,Total,100362,Total
6,Município,2,%,95.62,4312054,Marques de Souza - RS,2513,Taxa de alfabetização das pessoas de 15 anos ou mais de idade,2022,2022,6794,Total,95251,Total,100362,Total
6,Município,2,%,95.49,4312104,Mata - RS,2513,Taxa de alfabetização das pessoas de 15 anos ou mais de idade,2022,2022,6794,Total,95251,Total,100362,Total
6,Município,2,%,94.93,4312138,Mato Castelhano - RS,2513,Taxa de alfabetização das pessoas de 15 anos ou mais de idade,2022,2022,6794,Total,95251,Total,100362,Total
6,Município,2,%,96.67,4312153,Mato Leitão - RS,2513,Taxa de alfabetização das pessoas de 15 anos ou mais de idade,2022,2022,6794,Total,95251,Total,100362,Total
6,Município,2,%,96.89,4312179,Mato Queimado - RS,2513,Taxa de alfabetização das pessoas de 15 anos ou mais de idade,2022,2022,6794,Total,95251,Total,100362,Total
6,Município,2,%,95.15,4312203,Maximiliano de Almeida - RS,2513,Taxa de alfabetização das pessoas de 15 anos ou mais de idade,2022,2022,6794,Total,95251,Total,100362,Total
6,Município,2,%,94.33,4312252,Minas do Leão - RS,2513,Taxa de alfabetização das pessoas de 15 anos ou mais de idade,2022,2022,6794,Total,95251,Total,100362,Total
6,Município,2,%,94.19,4312302,Miraguaí - RS,2513,Taxa de alfabetização das pessoas de 15 anos ou mais de idade,2022,2022,6794,Total,95251,Total,100362,Total
6,Município,2,%,93.91,4312351,Montauri - RS,2513,Taxa de alfabetização das pessoas de 15 anos ou mais de idade,2022,2022,6794,Total,95251,Total,100362,Total
6,Município,2,%,92.4,4312377,Monte Alegre dos Campos - RS,2513,Taxa de alfabetização das pessoas de 15 anos ou mais de idade,2022,2022,6794,Total,95251,Total,100362,Total
6,Município,2,%,98.62,4312385,Monte Belo do Sul - RS,2513,Taxa de alfabetização das pessoas de 15 anos ou mais de idade,2022,2022,6794,Total,95251,Total,100362,Total
6,Município,2,%,97.14,4312401,Montenegro - RS,2513,Taxa de alfabetização das pessoas de 15 anos ou mais de idade,2022,2022,6794,Total,95251,Total,100362,Total
6,Município,2,%,93.47,4312427,Mormaço - RS,2513,Taxa de alfabetização das pessoas de 15 anos ou mais de idade,2022,2022,6794,Total,95251,Total,100362,Total
6,Município,2,%,97.17,4312443,Morrinhos do Sul - RS,2513,Taxa de alfabetização das pessoas de 15 anos ou mais de idade,2022,2022,6794,Total,95251,Total,100362,Total
6,Município,2,%,94.17,4312450,Morro Redondo - RS,2513,Taxa de alfabetização das pessoas de 15 anos ou mais de idade,2022,2022,6794,Total,95251,Total,100362,Total
6,Município,2,%,98.48,4312476,Morro Reuter - RS,2513,Taxa de alfabetização das pessoas de 15 anos ou mais de idade,2022,2022,6794,Total,95251,Total,100362,Total
6,Município,2,%,92.48,4312500,Mostardas - RS,2513,Taxa de alfabetização das pessoas de 15 anos ou mais de idade,2022,2022,6794,Total,95251,Total,100362,Total
6,Município,2,%,96.05,4312609,Muçum - RS,2513,Taxa de alfabetização das pessoas de 15 anos ou mais de idade,2022,2022,6794,Total,95251,Total,100362,Total
6,Município,2,%,96.56,4312617,Muitos Capões - RS,2513,Taxa de alfabetização das pessoas de 15 anos ou mais de idade,2022,2022,6794,Total,95251,Total,100362,Total
6,Município,2,%,94.4,4312625,Muliterno - RS,2513,Taxa de alfabetização das pessoas de 15 anos ou mais de idade,2022,2022,6794,Total,95251,Total,100362,Total
6,Município,2,%,97.37,4312658,Não-Me-Toque - RS,2513,Taxa de alfabetização das pessoas de 15 anos ou mais de idade,2022,2022,6794,Total,95251,Total,100362,Total
6,Município,2,%,95.87,4312674,Nicolau Vergueiro - RS,2513,Taxa de alfabetização das pessoas de 15 anos ou mais de idade,2022,2022,6794,Total,95251,Total,100362,Total
6,Município,2,%,91.62,4312708,Nonoai - RS,2513,Taxa de alfabetização das pessoas de 15 anos ou mais de idade,2022,2022,6794,Total,95251,Total,100362,Total
6,Município,2,%,95.14,4312757,Nova Alvorada - RS,2513,Taxa de alfabetização das pessoas de 15 anos ou mais de idade,2022,2022,6794,Total,95251,Total,100362,Total
6,Município,2,%,98.41,4312807,Nova Araçá - RS,2513,Taxa de alfabetização das pessoas de 15 anos ou mais de idade,2022,2022,6794,Total,95251,Total,100362,Total
6,Município,2,%,98.41,4312906,Nova Bassano - RS,2513,Taxa de alfabetização das pessoas de 15 anos ou mais de idade,2022,2022,6794,Total,95251,Total,100362,Total
6,Município,2,%,98.35,4312955,Nova Boa Vista - RS,2513,Taxa de alfabetização das pessoas de 15 anos ou mais de idade,2022,2022,6794,Total,95251,Total,100362,Total
6,Município,2,%,97.96,4313003,Nova Bréscia - RS,2513,Taxa de alfabetização das pessoas de 15 anos ou mais de idade,2022,2022,6794,Total,95251,Total,100362,Total
6,Município,2,%,97.9,4313011,Nova Candelária - RS,2513,Taxa de alfabetização das pessoas de 15 anos ou mais de idade,2022,2022,6794,Total,95251,Total,100362,Total
6,Município,2,%,96.7,4313037,Nova Esperança do Sul - RS,2513,Taxa de alfabetização das pessoas de 15 anos ou mais de idade,2022,2022,6794,Total,95251,Total,100362,Total
6,Município,2,%,96.83,4313060,Nova Hartz - RS,2513,Taxa de alfabetização das pessoas de 15 anos ou mais de idade,2022,2022,6794,Total,95251,Total,100362,Total
6,Município,2,%,97.85,4313086,Nova Pádua - RS,2513,Taxa de alfabetização das pessoas de 15 anos ou mais de idade,2022,2022,6794,Total,95251,Total,100362,Total
6,Município,2,%,97.67,4313102,Nova Palma - RS,2513,Taxa de alfabetização das pessoas de 15 anos ou mais de idade,2022,2022,6794,Total,95251,Total,100362,Total
6,Município,2,%,98.62,4313201,Nova Petrópolis - RS,2513,Taxa de alfabetização das pessoas de 15 anos ou mais de idade,2022,2022,6794,Total,95251,Total,100362,Total
6,Município,2,%,97.95,4313300,Nova Prata - RS,2513,Taxa de alfabetização das pessoas de 15 anos ou mais de idade,2022,2022,6794,Total,95251,Total,100362,Total
6,Município,2,%,96.26,4313334,Nova Ramada - RS,2513,Taxa de alfabetização das pessoas de 15 anos ou mais de idade,2022,2022,6794,Total,95251,Total,100362,Total
6,Município,2,%,97.38,4313359,Nova Roma do Sul - RS,2513,Taxa de alfabetização das pessoas de 15 anos ou mais de idade,2022,2022,6794,Total,95251,Total,100362,Total
6,Município,2,%,97.03,4313375,Nova Santa Rita - RS,2513,Taxa de alfabetização das pessoas de 15 anos ou mais de idade,2022,2022,6794,Total,95251,Total,100362,Total
6,Município,2,%,94.73,4313391,Novo Cabrais - RS,2513,Taxa de alfabetização das pessoas de 15 anos ou mais de idade,2022,2022,6794,Total,95251,Total,100362,Total
6,Município,2,%,97.75,4313409,Novo Hamburgo - RS,2513,Taxa de alfabetização das pessoas de 15 anos ou mais de idade,2022,2022,6794,Total,95251,Total,100362,Total
6,Município,2,%,95.05,4313425,Novo Machado - RS,2513,Taxa de alfabetização das pessoas de 15 anos ou mais de idade,2022,2022,6794,Total,95251,Total,100362,Total
6,Município,2,%,92.38,4313441,Novo Tiradentes - RS,2513,Taxa de alfabetização das pessoas de 15 anos ou mais de idade,2022,2022,6794,Total,95251,Total,100362,Total
6,Município,2,%,95.48,4313466,Novo Xingu - RS,2513,Taxa de alfabetização das pessoas de 15 anos ou mais de idade,2022,2022,6794,Total,95251,Total,100362,Total
6,Município,2,%,92.86,4313490,Novo Barreiro - RS,2513,Taxa de alfabetização das pessoas de 15 anos ou mais de idade,2022,2022,6794,Total,95251,Total,100362,Total
6,Município,2,%,97.21,4313508,Osório - RS,2513,Taxa de alfabetização das pessoas de 15 anos ou mais de idade,2022,2022,6794,Total,95251,Total,100362,Total
6,Município,2,%,95.77,4313607,Paim Filho - RS,2513,Taxa de alfabetização das pessoas de 15 anos ou mais de idade,2022,2022,6794,Total,95251,Total,100362,Total
6,Município,2,%,94.86,4313656,Palmares do Sul - RS,2513,Taxa de alfabetização das pessoas de 15 anos ou mais de idade,2022,2022,6794,Total,95251,Total,100362,Total
6,Município,2,%,93.7,4313706,Palmeira das Missões - RS,2513,Taxa de alfabetização das pessoas de 15 anos ou mais de idade,2022,2022,6794,Total,95251,Total,100362,Total
6,Município,2,%,93,4313805,Palmitinho - RS,2513,Taxa de alfabetização das pessoas de 15 anos ou mais de idade,2022,2022,6794,Total,95251,Total,100362,Total
6,Município,2,%,97.91,4313904,Panambi - RS,2513,Taxa de alfabetização das pessoas de 15 anos ou mais de idade,2022,2022,6794,Total,95251,Total,100362,Total
6,Município,2,%,92.7,4313953,Pantano Grande - RS,2513,Taxa de alfabetização das pessoas de 15 anos ou mais de idade,2022,2022,6794,Total,95251,Total,100362,Total
6,Município,2,%,98.25,4314001,Paraí - RS,2513,Taxa de alfabetização das pessoas de 15 anos ou mais de idade,2022,2022,6794,Total,95251,Total,100362,Total
6,Município,2,%,94.13,4314027,Paraíso do Sul - RS,2513,Taxa de alfabetização das pessoas de 15 anos ou mais de idade,2022,2022,6794,Total,95251,Total,100362,Total
6,Município,2,%,98.1,4314035,Pareci Novo - RS,2513,Taxa de alfabetização das pessoas de 15 anos ou mais de idade,2022,2022,6794,Total,95251,Total,100362,Total
6,Município,2,%,96.68,4314050,Parobé - RS,2513,Taxa de alfabetização das pessoas de 15 anos ou mais de idade,2022,2022,6794,Total,95251,Total,100362,Total
6,Município,2,%,91.18,4314068,Passa Sete - RS,2513,Taxa de alfabetização das pessoas de 15 anos ou mais de idade,2022,2022,6794,Total,95251,Total,100362,Total
6,Município,2,%,96.04,4314076,Passo do Sobrado - RS,2513,Taxa de alfabetização das pessoas de 15 anos ou mais de idade,2022,2022,6794,Total,95251,Total,100362,Total
6,Município,2,%,97.54,4314100,Passo Fundo - RS,2513,Taxa de alfabetização das pessoas de 15 anos ou mais de idade,2022,2022,6794,Total,95251,Total,100362,Total
6,Município,2,%,96.74,4314134,Paulo Bento - RS,2513,Taxa de alfabetização das pessoas de 15 anos ou mais de idade,2022,2022,6794,Total,95251,Total,100362,Total
6,Município,2,%,96.21,4314159,Paverama - RS,2513,Taxa de alfabetização das pessoas de 15 anos ou mais de idade,2022,2022,6794,Total,95251,Total,100362,Total
6,Município,2,%,93.23,4314175,Pedras Altas - RS,2513,Taxa de alfabetização das pessoas de 15 anos ou mais de idade,2022,2022,6794,Total,95251,Total,100362,Total
6,Município,2,%,93.6,4314209,Pedro Osório - RS,2513,Taxa de alfabetização das pessoas de 15 anos ou mais de idade,2022,2022,6794,Total,95251,Total,100362,Total
6,Município,2,%,97,4314308,Pejuçara - RS,2513,Taxa de alfabetização das pessoas de 15 anos ou mais de idade,2022,2022,6794,Total,95251,Total,100362,Total
6,Município,2,%,97.19,4314407,Pelotas - RS,2513,Taxa de alfabetização das pessoas de 15 anos ou mais de idade,2022,2022,6794,Total,95251,Total,100362,Total
6,Município,2,%,98.56,4314423,Picada Café - RS,2513,Taxa de alfabetização das pessoas de 15 anos ou mais de idade,2022,2022,6794,Total,95251,Total,100362,Total
6,Município,2,%,92.38,4314456,Pinhal - RS,2513,Taxa de alfabetização das pessoas de 15 anos ou mais de idade,2022,2022,6794,Total,95251,Total,100362,Total
6,Município,2,%,93.26,4314464,Pinhal da Serra - RS,2513,Taxa de alfabetização das pessoas de 15 anos ou mais de idade,2022,2022,6794,Total,95251,Total,100362,Total
6,Município,2,%,94.86,4314472,Pinhal Grande - RS,2513,Taxa de alfabetização das pessoas de 15 anos ou mais de idade,2022,2022,6794,Total,95251,Total,100362,Total
6,Município,2,%,91.61,4314498,Pinheirinho do Vale - RS,2513,Taxa de alfabetização das pessoas de 15 anos ou mais de idade,2022,2022,6794,Total,95251,Total,100362,Total
6,Município,2,%,93.01,4314506,Pinheiro Machado - RS,2513,Taxa de alfabetização das pessoas de 15 anos ou mais de idade,2022,2022,6794,Total,95251,Total,100362,Total
6,Município,2,%,97.63,4314548,Pinto Bandeira - RS,2513,Taxa de alfabetização das pessoas de 15 anos ou mais de idade,2022,2022,6794,Total,95251,Total,100362,Total
6,Município,2,%,90.13,4314555,Pirapó - RS,2513,Taxa de alfabetização das pessoas de 15 anos ou mais de idade,2022,2022,6794,Total,95251,Total,100362,Total
6,Município,2,%,92.85,4314605,Piratini - RS,2513,Taxa de alfabetização das pessoas de 15 anos ou mais de idade,2022,2022,6794,Total,95251,Total,100362,Total
6,Município,2,%,92.17,4314704,Planalto - RS,2513,Taxa de alfabetização das pessoas de 15 anos ou mais de idade,2022,2022,6794,Total,95251,Total,100362,Total
6,Município,2,%,97.87,4314753,Poço das Antas - RS,2513,Taxa de alfabetização das pessoas de 15 anos ou mais de idade,2022,2022,6794,Total,95251,Total,100362,Total
6,Município,2,%,96.17,4314779,Pontão - RS,2513,Taxa de alfabetização das pessoas de 15 anos ou mais de idade,2022,2022,6794,Total,95251,Total,100362,Total
6,Município,2,%,95.98,4314787,Ponte Preta - RS,2513,Taxa de alfabetização das pessoas de 15 anos ou mais de idade,2022,2022,6794,Total,95251,Total,100362,Total
6,Município,2,%,97.09,4314803,Portão - RS,2513,Taxa de alfabetização das pessoas de 15 anos ou mais de idade,2022,2022,6794,Total,95251,Total,100362,Total
6,Município,2,%,98.26,4314902,Porto Alegre - RS,2513,Taxa de alfabetização das pessoas de 15 anos ou mais de idade,2022,2022,6794,Total,95251,Total,100362,Total
6,Município,2,%,92.98,4315008,Porto Lucena - RS,2513,Taxa de alfabetização das pessoas de 15 anos ou mais de idade,2022,2022,6794,Total,95251,Total,100362,Total
6,Município,2,%,94.89,4315057,Porto Mauá - RS,2513,Taxa de alfabetização das pessoas de 15 anos ou mais de idade,2022,2022,6794,Total,95251,Total,100362,Total
6,Município,2,%,92.49,4315073,Porto Vera Cruz - RS,2513,Taxa de alfabetização das pessoas de 15 anos ou mais de idade,2022,2022,6794,Total,95251,Total,100362,Total
6,Município,2,%,93.36,4315107,Porto Xavier - RS,2513,Taxa de alfabetização das pessoas de 15 anos ou mais de idade,2022,2022,6794,Total,95251,Total,100362,Total
6,Município,2,%,91.81,4315131,Pouso Novo - RS,2513,Taxa de alfabetização das pessoas de 15 anos ou mais de idade,2022,2022,6794,Total,95251,Total,100362,Total
6,Município,2,%,97.79,4315149,Presidente Lucena - RS,2513,Taxa de alfabetização das pessoas de 15 anos ou mais de idade,2022,2022,6794,Total,95251,Total,100362,Total
6,Município,2,%,92.4,4315156,Progresso - RS,2513,Taxa de alfabetização das pessoas de 15 anos ou mais de idade,2022,2022,6794,Total,95251,Total,100362,Total
6,Município,2,%,95.23,4315172,Protásio Alves - RS,2513,Taxa de alfabetização das pessoas de 15 anos ou mais de idade,2022,2022,6794,Total,95251,Total,100362,Total
6,Município,2,%,95.31,4315206,Putinga - RS,2513,Taxa de alfabetização das pessoas de 15 anos ou mais de idade,2022,2022,6794,Total,95251,Total,100362,Total
6,Município,2,%,96.17,4315305,Quaraí - RS,2513,Taxa de alfabetização das pessoas de 15 anos ou mais de idade,2022,2022,6794,Total,95251,Total,100362,Total
6,Município,2,%,94.33,4315313,Quatro Irmãos - RS,2513,Taxa de alfabetização das pessoas de 15 anos ou mais de idade,2022,2022,6794,Total,95251,Total,100362,Total
6,Município,2,%,93.61,4315321,Quevedos - RS,2513,Taxa de alfabetização das pessoas de 15 anos ou mais de idade,2022,2022,6794,Total,95251,Total,100362,Total
6,Município,2,%,97.58,4315354,Quinze de Novembro - RS,2513,Taxa de alfabetização das pessoas de 15 anos ou mais de idade,2022,2022,6794,Total,95251,Total,100362,Total
6,Município,2,%,90.72,4315404,Redentora - RS,2513,Taxa de alfabetização das pessoas de 15 anos ou mais de idade,2022,2022,6794,Total,95251,Total,100362,Total
6,Município,2,%,96.53,4315453,Relvado - RS,2513,Taxa de alfabetização das pessoas de 15 anos ou mais de idade,2022,2022,6794,Total,95251,Total,100362,Total
6,Município,2,%,94.78,4315503,Restinga Sêca - RS,2513,Taxa de alfabetização das pessoas de 15 anos ou mais de idade,2022,2022,6794,Total,95251,Total,100362,Total
6,Município,2,%,89.8,4315552,Rio dos Índios - RS,2513,Taxa de alfabetização das pessoas de 15 anos ou mais de idade,2022,2022,6794,Total,95251,Total,100362,Total
6,Município,2,%,96.74,4315602,Rio Grande - RS,2513,Taxa de alfabetização das pessoas de 15 anos ou mais de idade,2022,2022,6794,Total,95251,Total,100362,Total
6,Município,2,%,94.31,4315701,Rio Pardo - RS,2513,Taxa de alfabetização das pessoas de 15 anos ou mais de idade,2022,2022,6794,Total,95251,Total,100362,Total
6,Município,2,%,93.56,4315750,Riozinho - RS,2513,Taxa de alfabetização das pessoas de 15 anos ou mais de idade,2022,2022,6794,Total,95251,Total,100362,Total
6,Município,2,%,97.6,4315800,Roca Sales - RS,2513,Taxa de alfabetização das pessoas de 15 anos ou mais de idade,2022,2022,6794,Total,95251,Total,100362,Total
6,Município,2,%,94.61,4315909,Rodeio Bonito - RS,2513,Taxa de alfabetização das pessoas de 15 anos ou mais de idade,2022,2022,6794,Total,95251,Total,100362,Total
6,Município,2,%,93.67,4315958,Rolador - RS,2513,Taxa de alfabetização das pessoas de 15 anos ou mais de idade,2022,2022,6794,Total,95251,Total,100362,Total
6,Município,2,%,95.95,4316006,Rolante - RS,2513,Taxa de alfabetização das pessoas de 15 anos ou mais de idade,2022,2022,6794,Total,95251,Total,100362,Total
6,Município,2,%,94.41,4316105,Ronda Alta - RS,2513,Taxa de alfabetização das pessoas de 15 anos ou mais de idade,2022,2022,6794,Total,95251,Total,100362,Total
6,Município,2,%,96.06,4316204,Rondinha - RS,2513,Taxa de alfabetização das pessoas de 15 anos ou mais de idade,2022,2022,6794,Total,95251,Total,100362,Total
6,Município,2,%,94.57,4316303,Roque Gonzales - RS,2513,Taxa de alfabetização das pessoas de 15 anos ou mais de idade,2022,2022,6794,Total,95251,Total,100362,Total
6,Município,2,%,95.07,4316402,Rosário do Sul - RS,2513,Taxa de alfabetização das pessoas de 15 anos ou mais de idade,2022,2022,6794,Total,95251,Total,100362,Total
6,Município,2,%,93.07,4316428,Sagrada Família - RS,2513,Taxa de alfabetização das pessoas de 15 anos ou mais de idade,2022,2022,6794,Total,95251,Total,100362,Total
6,Município,2,%,96.47,4316436,Saldanha Marinho - RS,2513,Taxa de alfabetização das pessoas de 15 anos ou mais de idade,2022,2022,6794,Total,95251,Total,100362,Total
6,Município,2,%,93.35,4316451,Salto do Jacuí - RS,2513,Taxa de alfabetização das pessoas de 15 anos ou mais de idade,2022,2022,6794,Total,95251,Total,100362,Total
6,Município,2,%,98.66,4316477,Salvador das Missões - RS,2513,Taxa de alfabetização das pessoas de 15 anos ou mais de idade,2022,2022,6794,Total,95251,Total,100362,Total
6,Município,2,%,97.94,4316501,Salvador do Sul - RS,2513,Taxa de alfabetização das pessoas de 15 anos ou mais de idade,2022,2022,6794,Total,95251,Total,100362,Total
6,Município,2,%,96.72,4316600,Sananduva - RS,2513,Taxa de alfabetização das pessoas de 15 anos ou mais de idade,2022,2022,6794,Total,95251,Total,100362,Total
6,Município,2,%,95.85,4316709,Santa Bárbara do Sul - RS,2513,Taxa de alfabetização das pessoas de 15 anos ou mais de idade,2022,2022,6794,Total,95251,Total,100362,Total
6,Município,2,%,95.65,4316733,Santa Cecília do Sul - RS,2513,Taxa de alfabetização das pessoas de 15 anos ou mais de idade,2022,2022,6794,Total,95251,Total,100362,Total
6,Município,2,%,97.87,4316758,Santa Clara do Sul - RS,2513,Taxa de alfabetização das pessoas de 15 anos ou mais de idade,2022,2022,6794,Total,95251,Total,100362,Total
6,Município,2,%,97.75,4316808,Santa Cruz do Sul - RS,2513,Taxa de alfabetização das pessoas de 15 anos ou mais de idade,2022,2022,6794,Total,95251,Total,100362,Total
6,Município,2,%,97.9,4316907,Santa Maria - RS,2513,Taxa de alfabetização das pessoas de 15 anos ou mais de idade,2022,2022,6794,Total,95251,Total,100362,Total
6,Município,2,%,97.95,4316956,Santa Maria do Herval - RS,2513,Taxa de alfabetização das pessoas de 15 anos ou mais de idade,2022,2022,6794,Total,95251,Total,100362,Total
6,Município,2,%,90.97,4316972,Santa Margarida do Sul - RS,2513,Taxa de alfabetização das pessoas de 15 anos ou mais de idade,2022,2022,6794,Total,95251,Total,100362,Total
6,Município,2,%,91.64,4317004,Santana da Boa Vista - RS,2513,Taxa de alfabetização das pessoas de 15 anos ou mais de idade,2022,2022,6794,Total,95251,Total,100362,Total
6,Município,2,%,97.12,4317103,Sant'Ana do Livramento - RS,2513,Taxa de alfabetização das pessoas de 15 anos ou mais de idade,2022,2022,6794,Total,95251,Total,100362,Total
6,Município,2,%,97.61,4317202,Santa Rosa - RS,2513,Taxa de alfabetização das pessoas de 15 anos ou mais de idade,2022,2022,6794,Total,95251,Total,100362,Total
6,Município,2,%,97.86,4317251,Santa Tereza - RS,2513,Taxa de alfabetização das pessoas de 15 anos ou mais de idade,2022,2022,6794,Total,95251,Total,100362,Total
6,Município,2,%,95.91,4317301,Santa Vitória do Palmar - RS,2513,Taxa de alfabetização das pessoas de 15 anos ou mais de idade,2022,2022,6794,Total,95251,Total,100362,Total
6,Município,2,%,96.73,4317400,Santiago - RS,2513,Taxa de alfabetização das pessoas de 15 anos ou mais de idade,2022,2022,6794,Total,95251,Total,100362,Total
6,Município,2,%,97.07,4317509,Santo Ângelo - RS,2513,Taxa de alfabetização das pessoas de 15 anos ou mais de idade,2022,2022,6794,Total,95251,Total,100362,Total
6,Município,2,%,96.58,4317558,Santo Antônio do Palma - RS,2513,Taxa de alfabetização das pessoas de 15 anos ou mais de idade,2022,2022,6794,Total,95251,Total,100362,Total
6,Município,2,%,94.26,4317608,Santo Antônio da Patrulha - RS,2513,Taxa de alfabetização das pessoas de 15 anos ou mais de idade,2022,2022,6794,Total,95251,Total,100362,Total
6,Município,2,%,92.91,4317707,Santo Antônio das Missões - RS,2513,Taxa de alfabetização das pessoas de 15 anos ou mais de idade,2022,2022,6794,Total,95251,Total,100362,Total
6,Município,2,%,96.57,4317756,Santo Antônio do Planalto - RS,2513,Taxa de alfabetização das pessoas de 15 anos ou mais de idade,2022,2022,6794,Total,95251,Total,100362,Total
6,Município,2,%,93.96,4317806,Santo Augusto - RS,2513,Taxa de alfabetização das pessoas de 15 anos ou mais de idade,2022,2022,6794,Total,95251,Total,100362,Total
6,Município,2,%,97.54,4317905,Santo Cristo - RS,2513,Taxa de alfabetização das pessoas de 15 anos ou mais de idade,2022,2022,6794,Total,95251,Total,100362,Total
6,Município,2,%,92.77,4317954,Santo Expedito do Sul - RS,2513,Taxa de alfabetização das pessoas de 15 anos ou mais de idade,2022,2022,6794,Total,95251,Total,100362,Total
6,Município,2,%,94.88,4318002,São Borja - RS,2513,Taxa de alfabetização das pessoas de 15 anos ou mais de idade,2022,2022,6794,Total,95251,Total,100362,Total
6,Município,2,%,97.44,4318051,São Domingos do Sul - RS,2513,Taxa de alfabetização das pessoas de 15 anos ou mais de idade,2022,2022,6794,Total,95251,Total,100362,Total
6,Município,2,%,93.38,4318101,São Francisco de Assis - RS,2513,Taxa de alfabetização das pessoas de 15 anos ou mais de idade,2022,2022,6794,Total,95251,Total,100362,Total
6,Município,2,%,95.24,4318200,São Francisco de Paula - RS,2513,Taxa de alfabetização das pessoas de 15 anos ou mais de idade,2022,2022,6794,Total,95251,Total,100362,Total
6,Município,2,%,94.23,4318309,São Gabriel - RS,2513,Taxa de alfabetização das pessoas de 15 anos ou mais de idade,2022,2022,6794,Total,95251,Total,100362,Total
6,Município,2,%,94.36,4318408,São Jerônimo - RS,2513,Taxa de alfabetização das pessoas de 15 anos ou mais de idade,2022,2022,6794,Total,95251,Total,100362,Total
6,Município,2,%,93.95,4318424,São João da Urtiga - RS,2513,Taxa de alfabetização das pessoas de 15 anos ou mais de idade,2022,2022,6794,Total,95251,Total,100362,Total
6,Município,2,%,97.62,4318432,São João do Polêsine - RS,2513,Taxa de alfabetização das pessoas de 15 anos ou mais de idade,2022,2022,6794,Total,95251,Total,100362,Total
6,Município,2,%,97.61,4318440,São Jorge - RS,2513,Taxa de alfabetização das pessoas de 15 anos ou mais de idade,2022,2022,6794,Total,95251,Total,100362,Total
6,Município,2,%,92.21,4318457,São José das Missões - RS,2513,Taxa de alfabetização das pessoas de 15 anos ou mais de idade,2022,2022,6794,Total,95251,Total,100362,Total
6,Município,2,%,89.77,4318465,São José do Herval - RS,2513,Taxa de alfabetização das pessoas de 15 anos ou mais de idade,2022,2022,6794,Total,95251,Total,100362,Total
6,Município,2,%,98.27,4318481,São José do Hortêncio - RS,2513,Taxa de alfabetização das pessoas de 15 anos ou mais de idade,2022,2022,6794,Total,95251,Total,100362,Total
6,Município,2,%,97.24,4318499,São José do Inhacorá - RS,2513,Taxa de alfabetização das pessoas de 15 anos ou mais de idade,2022,2022,6794,Total,95251,Total,100362,Total
6,Município,2,%,88.26,4318507,São José do Norte - RS,2513,Taxa de alfabetização das pessoas de 15 anos ou mais de idade,2022,2022,6794,Total,95251,Total,100362,Total
6,Município,2,%,94.85,4318606,São José do Ouro - RS,2513,Taxa de alfabetização das pessoas de 15 anos ou mais de idade,2022,2022,6794,Total,95251,Total,100362,Total
6,Município,2,%,98.2,4318614,São José do Sul - RS,2513,Taxa de alfabetização das pessoas de 15 anos ou mais de idade,2022,2022,6794,Total,95251,Total,100362,Total
6,Município,2,%,96.12,4318622,São José dos Ausentes - RS,2513,Taxa de alfabetização das pessoas de 15 anos ou mais de idade,2022,2022,6794,Total,95251,Total,100362,Total
6,Município,2,%,97.62,4318705,São Leopoldo - RS,2513,Taxa de alfabetização das pessoas de 15 anos ou mais de idade,2022,2022,6794,Total,95251,Total,100362,Total
6,Município,2,%,96.05,4318804,São Lourenço do Sul - RS,2513,Taxa de alfabetização das pessoas de 15 anos ou mais de idade,2022,2022,6794,Total,95251,Total,100362,Total
6,Município,2,%,95.7,4318903,São Luiz Gonzaga - RS,2513,Taxa de alfabetização das pessoas de 15 anos ou mais de idade,2022,2022,6794,Total,95251,Total,100362,Total
6,Município,2,%,97.96,4319000,São Marcos - RS,2513,Taxa de alfabetização das pessoas de 15 anos ou mais de idade,2022,2022,6794,Total,95251,Total,100362,Total
6,Município,2,%,95.94,4319109,São Martinho - RS,2513,Taxa de alfabetização das pessoas de 15 anos ou mais de idade,2022,2022,6794,Total,95251,Total,100362,Total
6,Município,2,%,92.53,4319125,São Martinho da Serra - RS,2513,Taxa de alfabetização das pessoas de 15 anos ou mais de idade,2022,2022,6794,Total,95251,Total,100362,Total
6,Município,2,%,94.84,4319158,São Miguel das Missões - RS,2513,Taxa de alfabetização das pessoas de 15 anos ou mais de idade,2022,2022,6794,Total,95251,Total,100362,Total
6,Município,2,%,89.74,4319208,São Nicolau - RS,2513,Taxa de alfabetização das pessoas de 15 anos ou mais de idade,2022,2022,6794,Total,95251,Total,100362,Total
6,Município,2,%,94.97,4319307,São Paulo das Missões - RS,2513,Taxa de alfabetização das pessoas de 15 anos ou mais de idade,2022,2022,6794,Total,95251,Total,100362,Total
6,Município,2,%,97.32,4319356,São Pedro da Serra - RS,2513,Taxa de alfabetização das pessoas de 15 anos ou mais de idade,2022,2022,6794,Total,95251,Total,100362,Total
6,Município,2,%,91.63,4319364,São Pedro das Missões - RS,2513,Taxa de alfabetização das pessoas de 15 anos ou mais de idade,2022,2022,6794,Total,95251,Total,100362,Total
6,Município,2,%,98.11,4319372,São Pedro do Butiá - RS,2513,Taxa de alfabetização das pessoas de 15 anos ou mais de idade,2022,2022,6794,Total,95251,Total,100362,Total
6,Município,2,%,96.23,4319406,São Pedro do Sul - RS,2513,Taxa de alfabetização das pessoas de 15 anos ou mais de idade,2022,2022,6794,Total,95251,Total,100362,Total
6,Município,2,%,97,4319505,São Sebastião do Caí - RS,2513,Taxa de alfabetização das pessoas de 15 anos ou mais de idade,2022,2022,6794,Total,95251,Total,100362,Total
6,Município,2,%,94.47,4319604,São Sepé - RS,2513,Taxa de alfabetização das pessoas de 15 anos ou mais de idade,2022,2022,6794,Total,95251,Total,100362,Total
6,Município,2,%,92.08,4319703,São Valentim - RS,2513,Taxa de alfabetização das pessoas de 15 anos ou mais de idade,2022,2022,6794,Total,95251,Total,100362,Total
6,Município,2,%,98.31,4319711,São Valentim do Sul - RS,2513,Taxa de alfabetização das pessoas de 15 anos ou mais de idade,2022,2022,6794,Total,95251,Total,100362,Total
6,Município,2,%,90.71,4319737,São Valério do Sul - RS,2513,Taxa de alfabetização das pessoas de 15 anos ou mais de idade,2022,2022,6794,Total,95251,Total,100362,Total
6,Município,2,%,98.67,4319752,São Vendelino - RS,2513,Taxa de alfabetização das pessoas de 15 anos ou mais de idade,2022,2022,6794,Total,95251,Total,100362,Total
6,Município,2,%,95.49,4319802,São Vicente do Sul - RS,2513,Taxa de alfabetização das pessoas de 15 anos ou mais de idade,2022,2022,6794,Total,95251,Total,100362,Total
6,Município,2,%,97.24,4319901,Sapiranga - RS,2513,Taxa de alfabetização das pessoas de 15 anos ou mais de idade,2022,2022,6794,Total,95251,Total,100362,Total
6,Município,2,%,97.36,4320008,Sapucaia do Sul - RS,2513,Taxa de alfabetização das pessoas de 15 anos ou mais de idade,2022,2022,6794,Total,95251,Total,100362,Total
6,Município,2,%,96.98,4320107,Sarandi - RS,2513,Taxa de alfabetização das pessoas de 15 anos ou mais de idade,2022,2022,6794,Total,95251,Total,100362,Total
6,Município,2,%,95.13,4320206,Seberi - RS,2513,Taxa de alfabetização das pessoas de 15 anos ou mais de idade,2022,2022,6794,Total,95251,Total,100362,Total
6,Município,2,%,93.13,4320230,Sede Nova - RS,2513,Taxa de alfabetização das pessoas de 15 anos ou mais de idade,2022,2022,6794,Total,95251,Total,100362,Total
6,Município,2,%,91.67,4320263,Segredo - RS,2513,Taxa de alfabetização das pessoas de 15 anos ou mais de idade,2022,2022,6794,Total,95251,Total,100362,Total
6,Município,2,%,97.21,4320305,Selbach - RS,2513,Taxa de alfabetização das pessoas de 15 anos ou mais de idade,2022,2022,6794,Total,95251,Total,100362,Total
6,Município,2,%,95.33,4320321,Senador Salgado Filho - RS,2513,Taxa de alfabetização das pessoas de 15 anos ou mais de idade,2022,2022,6794,Total,95251,Total,100362,Total
6,Município,2,%,93.63,4320354,Sentinela do Sul - RS,2513,Taxa de alfabetização das pessoas de 15 anos ou mais de idade,2022,2022,6794,Total,95251,Total,100362,Total
6,Município,2,%,97.85,4320404,Serafina Corrêa - RS,2513,Taxa de alfabetização das pessoas de 15 anos ou mais de idade,2022,2022,6794,Total,95251,Total,100362,Total
6,Município,2,%,90.83,4320453,Sério - RS,2513,Taxa de alfabetização das pessoas de 15 anos ou mais de idade,2022,2022,6794,Total,95251,Total,100362,Total
6,Município,2,%,96.93,4320503,Sertão - RS,2513,Taxa de alfabetização das pessoas de 15 anos ou mais de idade,2022,2022,6794,Total,95251,Total,100362,Total
6,Município,2,%,95.31,4320552,Sertão Santana - RS,2513,Taxa de alfabetização das pessoas de 15 anos ou mais de idade,2022,2022,6794,Total,95251,Total,100362,Total
6,Município,2,%,95.72,4320578,Sete de Setembro - RS,2513,Taxa de alfabetização das pessoas de 15 anos ou mais de idade,2022,2022,6794,Total,95251,Total,100362,Total
6,Município,2,%,96.74,4320602,Severiano de Almeida - RS,2513,Taxa de alfabetização das pessoas de 15 anos ou mais de idade,2022,2022,6794,Total,95251,Total,100362,Total
6,Município,2,%,96.33,4320651,Silveira Martins - RS,2513,Taxa de alfabetização das pessoas de 15 anos ou mais de idade,2022,2022,6794,Total,95251,Total,100362,Total
6,Município,2,%,94.46,4320677,Sinimbu - RS,2513,Taxa de alfabetização das pessoas de 15 anos ou mais de idade,2022,2022,6794,Total,95251,Total,100362,Total
6,Município,2,%,95.28,4320701,Sobradinho - RS,2513,Taxa de alfabetização das pessoas de 15 anos ou mais de idade,2022,2022,6794,Total,95251,Total,100362,Total
6,Município,2,%,94.51,4320800,Soledade - RS,2513,Taxa de alfabetização das pessoas de 15 anos ou mais de idade,2022,2022,6794,Total,95251,Total,100362,Total
6,Município,2,%,94.66,4320859,Tabaí - RS,2513,Taxa de alfabetização das pessoas de 15 anos ou mais de idade,2022,2022,6794,Total,95251,Total,100362,Total
6,Município,2,%,97.71,4320909,Tapejara - RS,2513,Taxa de alfabetização das pessoas de 15 anos ou mais de idade,2022,2022,6794,Total,95251,Total,100362,Total
6,Município,2,%,95.44,4321006,Tapera - RS,2513,Taxa de alfabetização das pessoas de 15 anos ou mais de idade,2022,2022,6794,Total,95251,Total,100362,Total
6,Município,2,%,94.33,4321105,Tapes - RS,2513,Taxa de alfabetização das pessoas de 15 anos ou mais de idade,2022,2022,6794,Total,95251,Total,100362,Total
6,Município,2,%,96.73,4321204,Taquara - RS,2513,Taxa de alfabetização das pessoas de 15 anos ou mais de idade,2022,2022,6794,Total,95251,Total,100362,Total
6,Município,2,%,95.49,4321303,Taquari - RS,2513,Taxa de alfabetização das pessoas de 15 anos ou mais de idade,2022,2022,6794,Total,95251,Total,100362,Total
6,Município,2,%,94.87,4321329,Taquaruçu do Sul - RS,2513,Taxa de alfabetização das pessoas de 15 anos ou mais de idade,2022,2022,6794,Total,95251,Total,100362,Total
6,Município,2,%,91.49,4321352,Tavares - RS,2513,Taxa de alfabetização das pessoas de 15 anos ou mais de idade,2022,2022,6794,Total,95251,Total,100362,Total
6,Município,2,%,94.24,4321402,Tenente Portela - RS,2513,Taxa de alfabetização das pessoas de 15 anos ou mais de idade,2022,2022,6794,Total,95251,Total,100362,Total
6,Município,2,%,95.46,4321436,Terra de Areia - RS,2513,Taxa de alfabetização das pessoas de 15 anos ou mais de idade,2022,2022,6794,Total,95251,Total,100362,Total
6,Município,2,%,98.63,4321451,Teutônia - RS,2513,Taxa de alfabetização das pessoas de 15 anos ou mais de idade,2022,2022,6794,Total,95251,Total,100362,Total
6,Município,2,%,96.42,4321469,Tio Hugo - RS,2513,Taxa de alfabetização das pessoas de 15 anos ou mais de idade,2022,2022,6794,Total,95251,Total,100362,Total
6,Município,2,%,94.01,4321477,Tiradentes do Sul - RS,2513,Taxa de alfabetização das pessoas de 15 anos ou mais de idade,2022,2022,6794,Total,95251,Total,100362,Total
6,Município,2,%,95.88,4321493,Toropi - RS,2513,Taxa de alfabetização das pessoas de 15 anos ou mais de idade,2022,2022,6794,Total,95251,Total,100362,Total
6,Município,2,%,97.16,4321501,Torres - RS,2513,Taxa de alfabetização das pessoas de 15 anos ou mais de idade,2022,2022,6794,Total,95251,Total,100362,Total
6,Município,2,%,97.57,4321600,Tramandaí - RS,2513,Taxa de alfabetização das pessoas de 15 anos ou mais de idade,2022,2022,6794,Total,95251,Total,100362,Total
6,Município,2,%,97.19,4321626,Travesseiro - RS,2513,Taxa de alfabetização das pessoas de 15 anos ou mais de idade,2022,2022,6794,Total,95251,Total,100362,Total
6,Município,2,%,97.08,4321634,Três Arroios - RS,2513,Taxa de alfabetização das pessoas de 15 anos ou mais de idade,2022,2022,6794,Total,95251,Total,100362,Total
6,Município,2,%,96.74,4321667,Três Cachoeiras - RS,2513,Taxa de alfabetização das pessoas de 15 anos ou mais de idade,2022,2022,6794,Total,95251,Total,100362,Total
6,Município,2,%,96.84,4321709,Três Coroas - RS,2513,Taxa de alfabetização das pessoas de 15 anos ou mais de idade,2022,2022,6794,Total,95251,Total,100362,Total
6,Município,2,%,97.05,4321808,Três de Maio - RS,2513,Taxa de alfabetização das pessoas de 15 anos ou mais de idade,2022,2022,6794,Total,95251,Total,100362,Total
6,Município,2,%,92.26,4321832,Três Forquilhas - RS,2513,Taxa de alfabetização das pessoas de 15 anos ou mais de idade,2022,2022,6794,Total,95251,Total,100362,Total
6,Município,2,%,93.72,4321857,Três Palmeiras - RS,2513,Taxa de alfabetização das pessoas de 15 anos ou mais de idade,2022,2022,6794,Total,95251,Total,100362,Total
6,Município,2,%,96.49,4321907,Três Passos - RS,2513,Taxa de alfabetização das pessoas de 15 anos ou mais de idade,2022,2022,6794,Total,95251,Total,100362,Total
6,Município,2,%,93.11,4321956,Trindade do Sul - RS,2513,Taxa de alfabetização das pessoas de 15 anos ou mais de idade,2022,2022,6794,Total,95251,Total,100362,Total
6,Município,2,%,95.68,4322004,Triunfo - RS,2513,Taxa de alfabetização das pessoas de 15 anos ou mais de idade,2022,2022,6794,Total,95251,Total,100362,Total
6,Município,2,%,96.21,4322103,Tucunduva - RS,2513,Taxa de alfabetização das pessoas de 15 anos ou mais de idade,2022,2022,6794,Total,95251,Total,100362,Total
6,Município,2,%,85.05,4322152,Tunas - RS,2513,Taxa de alfabetização das pessoas de 15 anos ou mais de idade,2022,2022,6794,Total,95251,Total,100362,Total
6,Município,2,%,94.05,4322186,Tupanci do Sul - RS,2513,Taxa de alfabetização das pessoas de 15 anos ou mais de idade,2022,2022,6794,Total,95251,Total,100362,Total
6,Município,2,%,95.42,4322202,Tupanciretã - RS,2513,Taxa de alfabetização das pessoas de 15 anos ou mais de idade,2022,2022,6794,Total,95251,Total,100362,Total
6,Município,2,%,98.48,4322251,Tupandi - RS,2513,Taxa de alfabetização das pessoas de 15 anos ou mais de idade,2022,2022,6794,Total,95251,Total,100362,Total
6,Município,2,%,96.85,4322301,Tuparendi - RS,2513,Taxa de alfabetização das pessoas de 15 anos ou mais de idade,2022,2022,6794,Total,95251,Total,100362,Total
6,Município,2,%,94.24,4322327,Turuçu - RS,2513,Taxa de alfabetização das pessoas de 15 anos ou mais de idade,2022,2022,6794,Total,95251,Total,100362,Total
6,Município,2,%,96.71,4322343,Ubiretama - RS,2513,Taxa de alfabetização das pessoas de 15 anos ou mais de idade,2022,2022,6794,Total,95251,Total,100362,Total
6,Município,2,%,96.81,4322350,União da Serra - RS,2513,Taxa de alfabetização das pessoas de 15 anos ou mais de idade,2022,2022,6794,Total,95251,Total,100362,Total
6,Município,2,%,93.82,4322376,Unistalda - RS,2513,Taxa de alfabetização das pessoas de 15 anos ou mais de idade,2022,2022,6794,Total,95251,Total,100362,Total
6,Município,2,%,97.13,4322400,Uruguaiana - RS,2513,Taxa de alfabetização das pessoas de 15 anos ou mais de idade,2022,2022,6794,Total,95251,Total,100362,Total
6,Município,2,%,97.01,4322509,Vacaria - RS,2513,Taxa de alfabetização das pessoas de 15 anos ou mais de idade,2022,2022,6794,Total,95251,Total,100362,Total
6,Município,2,%,93.52,4322525,Vale Verde - RS,2513,Taxa de alfabetização das pessoas de 15 anos ou mais de idade,2022,2022,6794,Total,95251,Total,100362,Total
6,Município,2,%,95.01,4322533,Vale do Sol - RS,2513,Taxa de alfabetização das pessoas de 15 anos ou mais de idade,2022,2022,6794,Total,95251,Total,100362,Total
6,Município,2,%,98.21,4322541,Vale Real - RS,2513,Taxa de alfabetização das pessoas de 15 anos ou mais de idade,2022,2022,6794,Total,95251,Total,100362,Total
6,Município,2,%,95.11,4322558,Vanini - RS,2513,Taxa de alfabetização das pessoas de 15 anos ou mais de idade,2022,2022,6794,Total,95251,Total,100362,Total
6,Município,2,%,96.35,4322608,Venâncio Aires - RS,2513,Taxa de alfabetização das pessoas de 15 anos ou mais de idade,2022,2022,6794,Total,95251,Total,100362,Total
6,Município,2,%,96.94,4322707,Vera Cruz - RS,2513,Taxa de alfabetização das pessoas de 15 anos ou mais de idade,2022,2022,6794,Total,95251,Total,100362,Total
6,Município,2,%,98.37,4322806,Veranópolis - RS,2513,Taxa de alfabetização das pessoas de 15 anos ou mais de idade,2022,2022,6794,Total,95251,Total,100362,Total
6,Município,2,%,95.95,4322855,Vespasiano Corrêa - RS,2513,Taxa de alfabetização das pessoas de 15 anos ou mais de idade,2022,2022,6794,Total,95251,Total,100362,Total
6,Município,2,%,95.57,4322905,Viadutos - RS,2513,Taxa de alfabetização das pessoas de 15 anos ou mais de idade,2022,2022,6794,Total,95251,Total,100362,Total
6,Município,2,%,97.1,4323002,Viamão - RS,2513,Taxa de alfabetização das pessoas de 15 anos ou mais de idade,2022,2022,6794,Total,95251,Total,100362,Total
6,Município,2,%,91.75,4323101,Vicente Dutra - RS,2513,Taxa de alfabetização das pessoas de 15 anos ou mais de idade,2022,2022,6794,Total,95251,Total,100362,Total
6,Município,2,%,98.04,4323200,Victor Graeff - RS,2513,Taxa de alfabetização das pessoas de 15 anos ou mais de idade,2022,2022,6794,Total,95251,Total,100362,Total
6,Município,2,%,97.46,4323309,Vila Flores - RS,2513,Taxa de alfabetização das pessoas de 15 anos ou mais de idade,2022,2022,6794,Total,95251,Total,100362,Total
6,Município,2,%,96,4323358,Vila Lângaro - RS,2513,Taxa de alfabetização das pessoas de 15 anos ou mais de idade,2022,2022,6794,Total,95251,Total,100362,Total
6,Município,2,%,96.3,4323408,Vila Maria - RS,2513,Taxa de alfabetização das pessoas de 15 anos ou mais de idade,2022,2022,6794,Total,95251,Total,100362,Total
6,Município,2,%,93.97,4323457,Vila Nova do Sul - RS,2513,Taxa de alfabetização das pessoas de 15 anos ou mais de idade,2022,2022,6794,Total,95251,Total,100362,Total
6,Município,2,%,94.49,4323507,Vista Alegre - RS,2513,Taxa de alfabetização das pessoas de 15 anos ou mais de idade,2022,2022,6794,Total,95251,Total,100362,Total
6,Município,2,%,97.93,4323606,Vista Alegre do Prata - RS,2513,Taxa de alfabetização das pessoas de 15 anos ou mais de idade,2022,2022,6794,Total,95251,Total,100362,Total
6,Município,2,%,95.96,4323705,Vista Gaúcha - RS,2513,Taxa de alfabetização das pessoas de 15 anos ou mais de idade,2022,2022,6794,Total,95251,Total,100362,Total
6,Município,2,%,93.28,4323754,Vitória das Missões - RS,2513,Taxa de alfabetização das pessoas de 15 anos ou mais de idade,2022,2022,6794,Total,95251,Total,100362,Total
6,Município,2,%,98.95,4323770,Westfália - RS,2513,Taxa de alfabetização das pessoas de 15 anos ou mais de idade,2022,2022,6794,Total,95251,Total,100362,Total
6,Município,2,%,97.99,4323804,Xangri-lá - RS,2513,Taxa de alfabetização das pessoas de 15 anos ou mais de idade,2022,2022,6794,Total,95251,Total,100362,Total
6,Município,2,%,93.95,5000203,Água Clara - MS,2513,Taxa de alfabetização das pessoas de 15 anos ou mais de idade,2022,2022,6794,Total,95251,Total,100362,Total
6,Município,2,%,91.26,5000252,Alcinópolis - MS,2513,Taxa de alfabetização das pessoas de 15 anos ou mais de idade,2022,2022,6794,Total,95251,Total,100362,Total
6,Município,2,%,91.53,5000609,Amambai - MS,2513,Taxa de alfabetização das pessoas de 15 anos ou mais de idade,2022,2022,6794,Total,95251,Total,100362,Total
6,Município,2,%,91.02,5000708,Anastácio - MS,2513,Taxa de alfabetização das pessoas de 15 anos ou mais de idade,2022,2022,6794,Total,95251,Total,100362,Total
6,Município,2,%,91.49,5000807,Anaurilândia - MS,2513,Taxa de alfabetização das pessoas de 15 anos ou mais de idade,2022,2022,6794,Total,95251,Total,100362,Total
6,Município,2,%,91.52,5000856,Angélica - MS,2513,Taxa de alfabetização das pessoas de 15 anos ou mais de idade,2022,2022,6794,Total,95251,Total,100362,Total
6,Município,2,%,89.2,5000906,Antônio João - MS,2513,Taxa de alfabetização das pessoas de 15 anos ou mais de idade,2022,2022,6794,Total,95251,Total,100362,Total
6,Município,2,%,93.33,5001003,Aparecida do Taboado - MS,2513,Taxa de alfabetização das pessoas de 15 anos ou mais de idade,2022,2022,6794,Total,95251,Total,100362,Total
6,Município,2,%,93.3,5001102,Aquidauana - MS,2513,Taxa de alfabetização das pessoas de 15 anos ou mais de idade,2022,2022,6794,Total,95251,Total,100362,Total
6,Município,2,%,88.88,5001243,Aral Moreira - MS,2513,Taxa de alfabetização das pessoas de 15 anos ou mais de idade,2022,2022,6794,Total,95251,Total,100362,Total
6,Município,2,%,92.7,5001508,Bandeirantes - MS,2513,Taxa de alfabetização das pessoas de 15 anos ou mais de idade,2022,2022,6794,Total,95251,Total,100362,Total
6,Município,2,%,93.47,5001904,Bataguassu - MS,2513,Taxa de alfabetização das pessoas de 15 anos ou mais de idade,2022,2022,6794,Total,95251,Total,100362,Total
6,Município,2,%,90.6,5002001,Batayporã - MS,2513,Taxa de alfabetização das pessoas de 15 anos ou mais de idade,2022,2022,6794,Total,95251,Total,100362,Total
6,Município,2,%,92.74,5002100,Bela Vista - MS,2513,Taxa de alfabetização das pessoas de 15 anos ou mais de idade,2022,2022,6794,Total,95251,Total,100362,Total
6,Município,2,%,91.11,5002159,Bodoquena - MS,2513,Taxa de alfabetização das pessoas de 15 anos ou mais de idade,2022,2022,6794,Total,95251,Total,100362,Total
6,Município,2,%,93.42,5002209,Bonito - MS,2513,Taxa de alfabetização das pessoas de 15 anos ou mais de idade,2022,2022,6794,Total,95251,Total,100362,Total
6,Município,2,%,93.47,5002308,Brasilândia - MS,2513,Taxa de alfabetização das pessoas de 15 anos ou mais de idade,2022,2022,6794,Total,95251,Total,100362,Total
6,Município,2,%,92.01,5002407,Caarapó - MS,2513,Taxa de alfabetização das pessoas de 15 anos ou mais de idade,2022,2022,6794,Total,95251,Total,100362,Total
6,Município,2,%,93.63,5002605,Camapuã - MS,2513,Taxa de alfabetização das pessoas de 15 anos ou mais de idade,2022,2022,6794,Total,95251,Total,100362,Total
6,Município,2,%,97.09,5002704,Campo Grande - MS,2513,Taxa de alfabetização das pessoas de 15 anos ou mais de idade,2022,2022,6794,Total,95251,Total,100362,Total
6,Município,2,%,92.71,5002803,Caracol - MS,2513,Taxa de alfabetização das pessoas de 15 anos ou mais de idade,2022,2022,6794,Total,95251,Total,100362,Total
6,Município,2,%,92.6,5002902,Cassilândia - MS,2513,Taxa de alfabetização das pessoas de 15 anos ou mais de idade,2022,2022,6794,Total,95251,Total,100362,Total
6,Município,2,%,96.77,5002951,Chapadão do Sul - MS,2513,Taxa de alfabetização das pessoas de 15 anos ou mais de idade,2022,2022,6794,Total,95251,Total,100362,Total
6,Município,2,%,91.33,5003108,Corguinho - MS,2513,Taxa de alfabetização das pessoas de 15 anos ou mais de idade,2022,2022,6794,Total,95251,Total,100362,Total
6,Município,2,%,84.96,5003157,Coronel Sapucaia - MS,2513,Taxa de alfabetização das pessoas de 15 anos ou mais de idade,2022,2022,6794,Total,95251,Total,100362,Total
6,Município,2,%,95.35,5003207,Corumbá - MS,2513,Taxa de alfabetização das pessoas de 15 anos ou mais de idade,2022,2022,6794,Total,95251,Total,100362,Total
6,Município,2,%,93.35,5003256,Costa Rica - MS,2513,Taxa de alfabetização das pessoas de 15 anos ou mais de idade,2022,2022,6794,Total,95251,Total,100362,Total
6,Município,2,%,92.47,5003306,Coxim - MS,2513,Taxa de alfabetização das pessoas de 15 anos ou mais de idade,2022,2022,6794,Total,95251,Total,100362,Total
6,Município,2,%,91.68,5003454,Deodápolis - MS,2513,Taxa de alfabetização das pessoas de 15 anos ou mais de idade,2022,2022,6794,Total,95251,Total,100362,Total
6,Município,2,%,90.45,5003488,Dois Irmãos do Buriti - MS,2513,Taxa de alfabetização das pessoas de 15 anos ou mais de idade,2022,2022,6794,Total,95251,Total,100362,Total
6,Município,2,%,92.3,5003504,Douradina - MS,2513,Taxa de alfabetização das pessoas de 15 anos ou mais de idade,2022,2022,6794,Total,95251,Total,100362,Total
6,Município,2,%,95.97,5003702,Dourados - MS,2513,Taxa de alfabetização das pessoas de 15 anos ou mais de idade,2022,2022,6794,Total,95251,Total,100362,Total
6,Município,2,%,90.74,5003751,Eldorado - MS,2513,Taxa de alfabetização das pessoas de 15 anos ou mais de idade,2022,2022,6794,Total,95251,Total,100362,Total
6,Município,2,%,92.38,5003801,Fátima do Sul - MS,2513,Taxa de alfabetização das pessoas de 15 anos ou mais de idade,2022,2022,6794,Total,95251,Total,100362,Total
6,Município,2,%,90.98,5003900,Figueirão - MS,2513,Taxa de alfabetização das pessoas de 15 anos ou mais de idade,2022,2022,6794,Total,95251,Total,100362,Total
6,Município,2,%,91.61,5004007,Glória de Dourados - MS,2513,Taxa de alfabetização das pessoas de 15 anos ou mais de idade,2022,2022,6794,Total,95251,Total,100362,Total
6,Município,2,%,91.3,5004106,Guia Lopes da Laguna - MS,2513,Taxa de alfabetização das pessoas de 15 anos ou mais de idade,2022,2022,6794,Total,95251,Total,100362,Total
6,Município,2,%,89.39,5004304,Iguatemi - MS,2513,Taxa de alfabetização das pessoas de 15 anos ou mais de idade,2022,2022,6794,Total,95251,Total,100362,Total
6,Município,2,%,91.51,5004403,Inocência - MS,2513,Taxa de alfabetização das pessoas de 15 anos ou mais de idade,2022,2022,6794,Total,95251,Total,100362,Total
6,Município,2,%,92.25,5004502,Itaporã - MS,2513,Taxa de alfabetização das pessoas de 15 anos ou mais de idade,2022,2022,6794,Total,95251,Total,100362,Total
6,Município,2,%,89.6,5004601,Itaquiraí - MS,2513,Taxa de alfabetização das pessoas de 15 anos ou mais de idade,2022,2022,6794,Total,95251,Total,100362,Total
6,Município,2,%,93.47,5004700,Ivinhema - MS,2513,Taxa de alfabetização das pessoas de 15 anos ou mais de idade,2022,2022,6794,Total,95251,Total,100362,Total
6,Município,2,%,84.97,5004809,Japorã - MS,2513,Taxa de alfabetização das pessoas de 15 anos ou mais de idade,2022,2022,6794,Total,95251,Total,100362,Total
6,Município,2,%,92.89,5004908,Jaraguari - MS,2513,Taxa de alfabetização das pessoas de 15 anos ou mais de idade,2022,2022,6794,Total,95251,Total,100362,Total
6,Município,2,%,93.22,5005004,Jardim - MS,2513,Taxa de alfabetização das pessoas de 15 anos ou mais de idade,2022,2022,6794,Total,95251,Total,100362,Total
6,Município,2,%,91.36,5005103,Jateí - MS,2513,Taxa de alfabetização das pessoas de 15 anos ou mais de idade,2022,2022,6794,Total,95251,Total,100362,Total
6,Município,2,%,89.24,5005152,Juti - MS,2513,Taxa de alfabetização das pessoas de 15 anos ou mais de idade,2022,2022,6794,Total,95251,Total,100362,Total
6,Município,2,%,95.86,5005202,Ladário - MS,2513,Taxa de alfabetização das pessoas de 15 anos ou mais de idade,2022,2022,6794,Total,95251,Total,100362,Total
6,Município,2,%,90.63,5005251,Laguna Carapã - MS,2513,Taxa de alfabetização das pessoas de 15 anos ou mais de idade,2022,2022,6794,Total,95251,Total,100362,Total
6,Município,2,%,95.6,5005400,Maracaju - MS,2513,Taxa de alfabetização das pessoas de 15 anos ou mais de idade,2022,2022,6794,Total,95251,Total,100362,Total
6,Município,2,%,90.76,5005608,Miranda - MS,2513,Taxa de alfabetização das pessoas de 15 anos ou mais de idade,2022,2022,6794,Total,95251,Total,100362,Total
6,Município,2,%,91.23,5005681,Mundo Novo - MS,2513,Taxa de alfabetização das pessoas de 15 anos ou mais de idade,2022,2022,6794,Total,95251,Total,100362,Total
6,Município,2,%,92.71,5005707,Naviraí - MS,2513,Taxa de alfabetização das pessoas de 15 anos ou mais de idade,2022,2022,6794,Total,95251,Total,100362,Total
6,Município,2,%,91.86,5005806,Nioaque - MS,2513,Taxa de alfabetização das pessoas de 15 anos ou mais de idade,2022,2022,6794,Total,95251,Total,100362,Total
6,Município,2,%,93.61,5006002,Nova Alvorada do Sul - MS,2513,Taxa de alfabetização das pessoas de 15 anos ou mais de idade,2022,2022,6794,Total,95251,Total,100362,Total
6,Município,2,%,94.04,5006200,Nova Andradina - MS,2513,Taxa de alfabetização das pessoas de 15 anos ou mais de idade,2022,2022,6794,Total,95251,Total,100362,Total
6,Município,2,%,89.7,5006259,Novo Horizonte do Sul - MS,2513,Taxa de alfabetização das pessoas de 15 anos ou mais de idade,2022,2022,6794,Total,95251,Total,100362,Total
6,Município,2,%,92.81,5006275,Paraíso das Águas - MS,2513,Taxa de alfabetização das pessoas de 15 anos ou mais de idade,2022,2022,6794,Total,95251,Total,100362,Total
6,Município,2,%,92.5,5006309,Paranaíba - MS,2513,Taxa de alfabetização das pessoas de 15 anos ou mais de idade,2022,2022,6794,Total,95251,Total,100362,Total
6,Município,2,%,86.01,5006358,Paranhos - MS,2513,Taxa de alfabetização das pessoas de 15 anos ou mais de idade,2022,2022,6794,Total,95251,Total,100362,Total
6,Município,2,%,89.45,5006408,Pedro Gomes - MS,2513,Taxa de alfabetização das pessoas de 15 anos ou mais de idade,2022,2022,6794,Total,95251,Total,100362,Total
6,Município,2,%,94.09,5006606,Ponta Porã - MS,2513,Taxa de alfabetização das pessoas de 15 anos ou mais de idade,2022,2022,6794,Total,95251,Total,100362,Total
6,Município,2,%,90.99,5006903,Porto Murtinho - MS,2513,Taxa de alfabetização das pessoas de 15 anos ou mais de idade,2022,2022,6794,Total,95251,Total,100362,Total
6,Município,2,%,93.51,5007109,Ribas do Rio Pardo - MS,2513,Taxa de alfabetização das pessoas de 15 anos ou mais de idade,2022,2022,6794,Total,95251,Total,100362,Total
6,Município,2,%,93.65,5007208,Rio Brilhante - MS,2513,Taxa de alfabetização das pessoas de 15 anos ou mais de idade,2022,2022,6794,Total,95251,Total,100362,Total
6,Município,2,%,91.34,5007307,Rio Negro - MS,2513,Taxa de alfabetização das pessoas de 15 anos ou mais de idade,2022,2022,6794,Total,95251,Total,100362,Total
6,Município,2,%,90.87,5007406,Rio Verde de Mato Grosso - MS,2513,Taxa de alfabetização das pessoas de 15 anos ou mais de idade,2022,2022,6794,Total,95251,Total,100362,Total
6,Município,2,%,90.76,5007505,Rochedo - MS,2513,Taxa de alfabetização das pessoas de 15 anos ou mais de idade,2022,2022,6794,Total,95251,Total,100362,Total
6,Município,2,%,91.54,5007554,Santa Rita do Pardo - MS,2513,Taxa de alfabetização das pessoas de 15 anos ou mais de idade,2022,2022,6794,Total,95251,Total,100362,Total
6,Município,2,%,95.74,5007695,São Gabriel do Oeste - MS,2513,Taxa de alfabetização das pessoas de 15 anos ou mais de idade,2022,2022,6794,Total,95251,Total,100362,Total
6,Município,2,%,87.34,5007703,Sete Quedas - MS,2513,Taxa de alfabetização das pessoas de 15 anos ou mais de idade,2022,2022,6794,Total,95251,Total,100362,Total
6,Município,2,%,92.97,5007802,Selvíria - MS,2513,Taxa de alfabetização das pessoas de 15 anos ou mais de idade,2022,2022,6794,Total,95251,Total,100362,Total
6,Município,2,%,93.72,5007901,Sidrolândia - MS,2513,Taxa de alfabetização das pessoas de 15 anos ou mais de idade,2022,2022,6794,Total,95251,Total,100362,Total
6,Município,2,%,91.81,5007935,Sonora - MS,2513,Taxa de alfabetização das pessoas de 15 anos ou mais de idade,2022,2022,6794,Total,95251,Total,100362,Total
6,Município,2,%,84.4,5007950,Tacuru - MS,2513,Taxa de alfabetização das pessoas de 15 anos ou mais de idade,2022,2022,6794,Total,95251,Total,100362,Total
6,Município,2,%,88.77,5007976,Taquarussu - MS,2513,Taxa de alfabetização das pessoas de 15 anos ou mais de idade,2022,2022,6794,Total,95251,Total,100362,Total
6,Município,2,%,92.73,5008008,Terenos - MS,2513,Taxa de alfabetização das pessoas de 15 anos ou mais de idade,2022,2022,6794,Total,95251,Total,100362,Total
6,Município,2,%,96.17,5008305,Três Lagoas - MS,2513,Taxa de alfabetização das pessoas de 15 anos ou mais de idade,2022,2022,6794,Total,95251,Total,100362,Total
6,Município,2,%,89.81,5008404,Vicentina - MS,2513,Taxa de alfabetização das pessoas de 15 anos ou mais de idade,2022,2022,6794,Total,95251,Total,100362,Total
6,Município,2,%,89.57,5100102,Acorizal - MT,2513,Taxa de alfabetização das pessoas de 15 anos ou mais de idade,2022,2022,6794,Total,95251,Total,100362,Total
6,Município,2,%,94.41,5100201,Água Boa - MT,2513,Taxa de alfabetização das pessoas de 15 anos ou mais de idade,2022,2022,6794,Total,95251,Total,100362,Total
6,Município,2,%,94.2,5100250,Alta Floresta - MT,2513,Taxa de alfabetização das pessoas de 15 anos ou mais de idade,2022,2022,6794,Total,95251,Total,100362,Total
6,Município,2,%,92.02,5100300,Alto Araguaia - MT,2513,Taxa de alfabetização das pessoas de 15 anos ou mais de idade,2022,2022,6794,Total,95251,Total,100362,Total
6,Município,2,%,91.59,5100359,Alto Boa Vista - MT,2513,Taxa de alfabetização das pessoas de 15 anos ou mais de idade,2022,2022,6794,Total,95251,Total,100362,Total
6,Município,2,%,94.13,5100409,Alto Garças - MT,2513,Taxa de alfabetização das pessoas de 15 anos ou mais de idade,2022,2022,6794,Total,95251,Total,100362,Total
6,Município,2,%,90.6,5100508,Alto Paraguai - MT,2513,Taxa de alfabetização das pessoas de 15 anos ou mais de idade,2022,2022,6794,Total,95251,Total,100362,Total
6,Município,2,%,94.44,5100607,Alto Taquari - MT,2513,Taxa de alfabetização das pessoas de 15 anos ou mais de idade,2022,2022,6794,Total,95251,Total,100362,Total
6,Município,2,%,88.4,5100805,Apiacás - MT,2513,Taxa de alfabetização das pessoas de 15 anos ou mais de idade,2022,2022,6794,Total,95251,Total,100362,Total
6,Município,2,%,91.3,5101001,Araguaiana - MT,2513,Taxa de alfabetização das pessoas de 15 anos ou mais de idade,2022,2022,6794,Total,95251,Total,100362,Total
6,Município,2,%,87.09,5101209,Araguainha - MT,2513,Taxa de alfabetização das pessoas de 15 anos ou mais de idade,2022,2022,6794,Total,95251,Total,100362,Total
6,Município,2,%,90.57,5101258,Araputanga - MT,2513,Taxa de alfabetização das pessoas de 15 anos ou mais de idade,2022,2022,6794,Total,95251,Total,100362,Total
6,Município,2,%,90.5,5101308,Arenápolis - MT,2513,Taxa de alfabetização das pessoas de 15 anos ou mais de idade,2022,2022,6794,Total,95251,Total,100362,Total
6,Município,2,%,94.66,5101407,Aripuanã - MT,2513,Taxa de alfabetização das pessoas de 15 anos ou mais de idade,2022,2022,6794,Total,95251,Total,100362,Total
6,Município,2,%,85.46,5101605,Barão de Melgaço - MT,2513,Taxa de alfabetização das pessoas de 15 anos ou mais de idade,2022,2022,6794,Total,95251,Total,100362,Total
6,Município,2,%,90.7,5101704,Barra do Bugres - MT,2513,Taxa de alfabetização das pessoas de 15 anos ou mais de idade,2022,2022,6794,Total,95251,Total,100362,Total
6,Município,2,%,95.69,5101803,Barra do Garças - MT,2513,Taxa de alfabetização das pessoas de 15 anos ou mais de idade,2022,2022,6794,Total,95251,Total,100362,Total
6,Município,2,%,93.6,5101852,Bom Jesus do Araguaia - MT,2513,Taxa de alfabetização das pessoas de 15 anos ou mais de idade,2022,2022,6794,Total,95251,Total,100362,Total
6,Município,2,%,92.96,5101902,Brasnorte - MT,2513,Taxa de alfabetização das pessoas de 15 anos ou mais de idade,2022,2022,6794,Total,95251,Total,100362,Total
6,Município,2,%,92.24,5102504,Cáceres - MT,2513,Taxa de alfabetização das pessoas de 15 anos ou mais de idade,2022,2022,6794,Total,95251,Total,100362,Total
6,Município,2,%,83.82,5102603,Campinápolis - MT,2513,Taxa de alfabetização das pessoas de 15 anos ou mais de idade,2022,2022,6794,Total,95251,Total,100362,Total
6,Município,2,%,95.7,5102637,Campo Novo do Parecis - MT,2513,Taxa de alfabetização das pessoas de 15 anos ou mais de idade,2022,2022,6794,Total,95251,Total,100362,Total
6,Município,2,%,95.51,5102678,Campo Verde - MT,2513,Taxa de alfabetização das pessoas de 15 anos ou mais de idade,2022,2022,6794,Total,95251,Total,100362,Total
6,Município,2,%,94.15,5102686,Campos de Júlio - MT,2513,Taxa de alfabetização das pessoas de 15 anos ou mais de idade,2022,2022,6794,Total,95251,Total,100362,Total
6,Município,2,%,91.09,5102694,Canabrava do Norte - MT,2513,Taxa de alfabetização das pessoas de 15 anos ou mais de idade,2022,2022,6794,Total,95251,Total,100362,Total
6,Município,2,%,94.28,5102702,Canarana - MT,2513,Taxa de alfabetização das pessoas de 15 anos ou mais de idade,2022,2022,6794,Total,95251,Total,100362,Total
6,Município,2,%,87.71,5102793,Carlinda - MT,2513,Taxa de alfabetização das pessoas de 15 anos ou mais de idade,2022,2022,6794,Total,95251,Total,100362,Total
6,Município,2,%,91.54,5102850,Castanheira - MT,2513,Taxa de alfabetização das pessoas de 15 anos ou mais de idade,2022,2022,6794,Total,95251,Total,100362,Total
6,Município,2,%,90.16,5103007,Chapada dos Guimarães - MT,2513,Taxa de alfabetização das pessoas de 15 anos ou mais de idade,2022,2022,6794,Total,95251,Total,100362,Total
6,Município,2,%,93.32,5103056,Cláudia - MT,2513,Taxa de alfabetização das pessoas de 15 anos ou mais de idade,2022,2022,6794,Total,95251,Total,100362,Total
6,Município,2,%,89.4,5103106,Cocalinho - MT,2513,Taxa de alfabetização das pessoas de 15 anos ou mais de idade,2022,2022,6794,Total,95251,Total,100362,Total
6,Município,2,%,93.13,5103205,Colíder - MT,2513,Taxa de alfabetização das pessoas de 15 anos ou mais de idade,2022,2022,6794,Total,95251,Total,100362,Total
6,Município,2,%,92.51,5103254,Colniza - MT,2513,Taxa de alfabetização das pessoas de 15 anos ou mais de idade,2022,2022,6794,Total,95251,Total,100362,Total
6,Município,2,%,91.47,5103304,Comodoro - MT,2513,Taxa de alfabetização das pessoas de 15 anos ou mais de idade,2022,2022,6794,Total,95251,Total,100362,Total
6,Município,2,%,93.34,5103353,Confresa - MT,2513,Taxa de alfabetização das pessoas de 15 anos ou mais de idade,2022,2022,6794,Total,95251,Total,100362,Total
6,Município,2,%,91,5103361,Conquista D'Oeste - MT,2513,Taxa de alfabetização das pessoas de 15 anos ou mais de idade,2022,2022,6794,Total,95251,Total,100362,Total
6,Município,2,%,91.77,5103379,Cotriguaçu - MT,2513,Taxa de alfabetização das pessoas de 15 anos ou mais de idade,2022,2022,6794,Total,95251,Total,100362,Total
6,Município,2,%,96.73,5103403,Cuiabá - MT,2513,Taxa de alfabetização das pessoas de 15 anos ou mais de idade,2022,2022,6794,Total,95251,Total,100362,Total
6,Município,2,%,89.22,5103437,Curvelândia - MT,2513,Taxa de alfabetização das pessoas de 15 anos ou mais de idade,2022,2022,6794,Total,95251,Total,100362,Total
6,Município,2,%,88.62,5103452,Denise - MT,2513,Taxa de alfabetização das pessoas de 15 anos ou mais de idade,2022,2022,6794,Total,95251,Total,100362,Total
6,Município,2,%,93.62,5103502,Diamantino - MT,2513,Taxa de alfabetização das pessoas de 15 anos ou mais de idade,2022,2022,6794,Total,95251,Total,100362,Total
6,Município,2,%,88.76,5103601,Dom Aquino - MT,2513,Taxa de alfabetização das pessoas de 15 anos ou mais de idade,2022,2022,6794,Total,95251,Total,100362,Total
6,Município,2,%,93.56,5103700,Feliz Natal - MT,2513,Taxa de alfabetização das pessoas de 15 anos ou mais de idade,2022,2022,6794,Total,95251,Total,100362,Total
6,Município,2,%,91,5103809,Figueirópolis D'Oeste - MT,2513,Taxa de alfabetização das pessoas de 15 anos ou mais de idade,2022,2022,6794,Total,95251,Total,100362,Total
6,Município,2,%,90.22,5103858,Gaúcha do Norte - MT,2513,Taxa de alfabetização das pessoas de 15 anos ou mais de idade,2022,2022,6794,Total,95251,Total,100362,Total
6,Município,2,%,90.06,5103908,General Carneiro - MT,2513,Taxa de alfabetização das pessoas de 15 anos ou mais de idade,2022,2022,6794,Total,95251,Total,100362,Total
6,Município,2,%,89.13,5103957,Glória D'Oeste - MT,2513,Taxa de alfabetização das pessoas de 15 anos ou mais de idade,2022,2022,6794,Total,95251,Total,100362,Total
6,Município,2,%,94.03,5104104,Guarantã do Norte - MT,2513,Taxa de alfabetização das pessoas de 15 anos ou mais de idade,2022,2022,6794,Total,95251,Total,100362,Total
6,Município,2,%,90.73,5104203,Guiratinga - MT,2513,Taxa de alfabetização das pessoas de 15 anos ou mais de idade,2022,2022,6794,Total,95251,Total,100362,Total
6,Município,2,%,89.29,5104500,Indiavaí - MT,2513,Taxa de alfabetização das pessoas de 15 anos ou mais de idade,2022,2022,6794,Total,95251,Total,100362,Total
6,Município,2,%,95.83,5104526,Ipiranga do Norte - MT,2513,Taxa de alfabetização das pessoas de 15 anos ou mais de idade,2022,2022,6794,Total,95251,Total,100362,Total
6,Município,2,%,93.66,5104542,Itanhangá - MT,2513,Taxa de alfabetização das pessoas de 15 anos ou mais de idade,2022,2022,6794,Total,95251,Total,100362,Total
6,Município,2,%,89.91,5104559,Itaúba - MT,2513,Taxa de alfabetização das pessoas de 15 anos ou mais de idade,2022,2022,6794,Total,95251,Total,100362,Total
6,Município,2,%,93.53,5104609,Itiquira - MT,2513,Taxa de alfabetização das pessoas de 15 anos ou mais de idade,2022,2022,6794,Total,95251,Total,100362,Total
6,Município,2,%,93.35,5104807,Jaciara - MT,2513,Taxa de alfabetização das pessoas de 15 anos ou mais de idade,2022,2022,6794,Total,95251,Total,100362,Total
6,Município,2,%,82.95,5104906,Jangada - MT,2513,Taxa de alfabetização das pessoas de 15 anos ou mais de idade,2022,2022,6794,Total,95251,Total,100362,Total
6,Município,2,%,87.08,5105002,Jauru - MT,2513,Taxa de alfabetização das pessoas de 15 anos ou mais de idade,2022,2022,6794,Total,95251,Total,100362,Total
6,Município,2,%,93.07,5105101,Juara - MT,2513,Taxa de alfabetização das pessoas de 15 anos ou mais de idade,2022,2022,6794,Total,95251,Total,100362,Total
6,Município,2,%,93.16,5105150,Juína - MT,2513,Taxa de alfabetização das pessoas de 15 anos ou mais de idade,2022,2022,6794,Total,95251,Total,100362,Total
6,Município,2,%,91.17,5105176,Juruena - MT,2513,Taxa de alfabetização das pessoas de 15 anos ou mais de idade,2022,2022,6794,Total,95251,Total,100362,Total
6,Município,2,%,88.8,5105200,Juscimeira - MT,2513,Taxa de alfabetização das pessoas de 15 anos ou mais de idade,2022,2022,6794,Total,95251,Total,100362,Total
6,Município,2,%,84.94,5105234,Lambari D'Oeste - MT,2513,Taxa de alfabetização das pessoas de 15 anos ou mais de idade,2022,2022,6794,Total,95251,Total,100362,Total
6,Município,2,%,97.16,5105259,Lucas do Rio Verde - MT,2513,Taxa de alfabetização das pessoas de 15 anos ou mais de idade,2022,2022,6794,Total,95251,Total,100362,Total
6,Município,2,%,91.3,5105309,Luciara - MT,2513,Taxa de alfabetização das pessoas de 15 anos ou mais de idade,2022,2022,6794,Total,95251,Total,100362,Total
6,Município,2,%,91.97,5105507,Vila Bela da Santíssima Trindade - MT,2513,Taxa de alfabetização das pessoas de 15 anos ou mais de idade,2022,2022,6794,Total,95251,Total,100362,Total
6,Município,2,%,93.32,5105580,Marcelândia - MT,2513,Taxa de alfabetização das pessoas de 15 anos ou mais de idade,2022,2022,6794,Total,95251,Total,100362,Total
6,Município,2,%,93.21,5105606,Matupá - MT,2513,Taxa de alfabetização das pessoas de 15 anos ou mais de idade,2022,2022,6794,Total,95251,Total,100362,Total
6,Município,2,%,91.92,5105622,Mirassol d'Oeste - MT,2513,Taxa de alfabetização das pessoas de 15 anos ou mais de idade,2022,2022,6794,Total,95251,Total,100362,Total
6,Município,2,%,91.78,5105903,Nobres - MT,2513,Taxa de alfabetização das pessoas de 15 anos ou mais de idade,2022,2022,6794,Total,95251,Total,100362,Total
6,Município,2,%,90.34,5106000,Nortelândia - MT,2513,Taxa de alfabetização das pessoas de 15 anos ou mais de idade,2022,2022,6794,Total,95251,Total,100362,Total
6,Município,2,%,87.2,5106109,Nossa Senhora do Livramento - MT,2513,Taxa de alfabetização das pessoas de 15 anos ou mais de idade,2022,2022,6794,Total,95251,Total,100362,Total
6,Município,2,%,93.5,5106158,Nova Bandeirantes - MT,2513,Taxa de alfabetização das pessoas de 15 anos ou mais de idade,2022,2022,6794,Total,95251,Total,100362,Total
6,Município,2,%,82.43,5106174,Nova Nazaré - MT,2513,Taxa de alfabetização das pessoas de 15 anos ou mais de idade,2022,2022,6794,Total,95251,Total,100362,Total
6,Município,2,%,89.95,5106182,Nova Lacerda - MT,2513,Taxa de alfabetização das pessoas de 15 anos ou mais de idade,2022,2022,6794,Total,95251,Total,100362,Total
6,Município,2,%,91,5106190,Nova Santa Helena - MT,2513,Taxa de alfabetização das pessoas de 15 anos ou mais de idade,2022,2022,6794,Total,95251,Total,100362,Total
6,Município,2,%,79.79,5106208,Nova Brasilândia - MT,2513,Taxa de alfabetização das pessoas de 15 anos ou mais de idade,2022,2022,6794,Total,95251,Total,100362,Total
6,Município,2,%,91.99,5106216,Nova Canaã do Norte - MT,2513,Taxa de alfabetização das pessoas de 15 anos ou mais de idade,2022,2022,6794,Total,95251,Total,100362,Total
6,Município,2,%,96.12,5106224,Nova Mutum - MT,2513,Taxa de alfabetização das pessoas de 15 anos ou mais de idade,2022,2022,6794,Total,95251,Total,100362,Total
6,Município,2,%,89.2,5106232,Nova Olímpia - MT,2513,Taxa de alfabetização das pessoas de 15 anos ou mais de idade,2022,2022,6794,Total,95251,Total,100362,Total
6,Município,2,%,93.27,5106240,Nova Ubiratã - MT,2513,Taxa de alfabetização das pessoas de 15 anos ou mais de idade,2022,2022,6794,Total,95251,Total,100362,Total
6,Município,2,%,93.65,5106257,Nova Xavantina - MT,2513,Taxa de alfabetização das pessoas de 15 anos ou mais de idade,2022,2022,6794,Total,95251,Total,100362,Total
6,Município,2,%,94.7,5106265,Novo Mundo - MT,2513,Taxa de alfabetização das pessoas de 15 anos ou mais de idade,2022,2022,6794,Total,95251,Total,100362,Total
6,Município,2,%,88.21,5106273,Novo Horizonte do Norte - MT,2513,Taxa de alfabetização das pessoas de 15 anos ou mais de idade,2022,2022,6794,Total,95251,Total,100362,Total
6,Município,2,%,90.27,5106281,Novo São Joaquim - MT,2513,Taxa de alfabetização das pessoas de 15 anos ou mais de idade,2022,2022,6794,Total,95251,Total,100362,Total
6,Município,2,%,91.15,5106299,Paranaíta - MT,2513,Taxa de alfabetização das pessoas de 15 anos ou mais de idade,2022,2022,6794,Total,95251,Total,100362,Total
6,Município,2,%,93.06,5106307,Paranatinga - MT,2513,Taxa de alfabetização das pessoas de 15 anos ou mais de idade,2022,2022,6794,Total,95251,Total,100362,Total
6,Município,2,%,92.94,5106315,Novo Santo Antônio - MT,2513,Taxa de alfabetização das pessoas de 15 anos ou mais de idade,2022,2022,6794,Total,95251,Total,100362,Total
6,Município,2,%,90.46,5106372,Pedra Preta - MT,2513,Taxa de alfabetização das pessoas de 15 anos ou mais de idade,2022,2022,6794,Total,95251,Total,100362,Total
6,Município,2,%,90.52,5106422,Peixoto de Azevedo - MT,2513,Taxa de alfabetização das pessoas de 15 anos ou mais de idade,2022,2022,6794,Total,95251,Total,100362,Total
6,Município,2,%,91.46,5106455,Planalto da Serra - MT,2513,Taxa de alfabetização das pessoas de 15 anos ou mais de idade,2022,2022,6794,Total,95251,Total,100362,Total
6,Município,2,%,88.88,5106505,Poconé - MT,2513,Taxa de alfabetização das pessoas de 15 anos ou mais de idade,2022,2022,6794,Total,95251,Total,100362,Total
6,Município,2,%,94.26,5106653,Pontal do Araguaia - MT,2513,Taxa de alfabetização das pessoas de 15 anos ou mais de idade,2022,2022,6794,Total,95251,Total,100362,Total
6,Município,2,%,86.45,5106703,Ponte Branca - MT,2513,Taxa de alfabetização das pessoas de 15 anos ou mais de idade,2022,2022,6794,Total,95251,Total,100362,Total
6,Município,2,%,93.29,5106752,Pontes e Lacerda - MT,2513,Taxa de alfabetização das pessoas de 15 anos ou mais de idade,2022,2022,6794,Total,95251,Total,100362,Total
6,Município,2,%,91.93,5106778,Porto Alegre do Norte - MT,2513,Taxa de alfabetização das pessoas de 15 anos ou mais de idade,2022,2022,6794,Total,95251,Total,100362,Total
6,Município,2,%,93.84,5106802,Porto dos Gaúchos - MT,2513,Taxa de alfabetização das pessoas de 15 anos ou mais de idade,2022,2022,6794,Total,95251,Total,100362,Total
6,Município,2,%,88.18,5106828,Porto Esperidião - MT,2513,Taxa de alfabetização das pessoas de 15 anos ou mais de idade,2022,2022,6794,Total,95251,Total,100362,Total
6,Município,2,%,77.76,5106851,Porto Estrela - MT,2513,Taxa de alfabetização das pessoas de 15 anos ou mais de idade,2022,2022,6794,Total,95251,Total,100362,Total
6,Município,2,%,89.46,5107008,Poxoréu - MT,2513,Taxa de alfabetização das pessoas de 15 anos ou mais de idade,2022,2022,6794,Total,95251,Total,100362,Total
6,Município,2,%,96.81,5107040,Primavera do Leste - MT,2513,Taxa de alfabetização das pessoas de 15 anos ou mais de idade,2022,2022,6794,Total,95251,Total,100362,Total
6,Município,2,%,95.1,5107065,Querência - MT,2513,Taxa de alfabetização das pessoas de 15 anos ou mais de idade,2022,2022,6794,Total,95251,Total,100362,Total
6,Município,2,%,90.8,5107107,São José dos Quatro Marcos - MT,2513,Taxa de alfabetização das pessoas de 15 anos ou mais de idade,2022,2022,6794,Total,95251,Total,100362,Total
6,Município,2,%,89.31,5107156,Reserva do Cabaçal - MT,2513,Taxa de alfabetização das pessoas de 15 anos ou mais de idade,2022,2022,6794,Total,95251,Total,100362,Total
6,Município,2,%,91.65,5107180,Ribeirão Cascalheira - MT,2513,Taxa de alfabetização das pessoas de 15 anos ou mais de idade,2022,2022,6794,Total,95251,Total,100362,Total
6,Município,2,%,91.28,5107198,Ribeirãozinho - MT,2513,Taxa de alfabetização das pessoas de 15 anos ou mais de idade,2022,2022,6794,Total,95251,Total,100362,Total
6,Município,2,%,88.49,5107206,Rio Branco - MT,2513,Taxa de alfabetização das pessoas de 15 anos ou mais de idade,2022,2022,6794,Total,95251,Total,100362,Total
6,Município,2,%,93.75,5107248,Santa Carmem - MT,2513,Taxa de alfabetização das pessoas de 15 anos ou mais de idade,2022,2022,6794,Total,95251,Total,100362,Total
6,Município,2,%,88.46,5107263,Santo Afonso - MT,2513,Taxa de alfabetização das pessoas de 15 anos ou mais de idade,2022,2022,6794,Total,95251,Total,100362,Total
6,Município,2,%,88.61,5107297,São José do Povo - MT,2513,Taxa de alfabetização das pessoas de 15 anos ou mais de idade,2022,2022,6794,Total,95251,Total,100362,Total
6,Município,2,%,90.53,5107305,São José do Rio Claro - MT,2513,Taxa de alfabetização das pessoas de 15 anos ou mais de idade,2022,2022,6794,Total,95251,Total,100362,Total
6,Município,2,%,92.59,5107354,São José do Xingu - MT,2513,Taxa de alfabetização das pessoas de 15 anos ou mais de idade,2022,2022,6794,Total,95251,Total,100362,Total
6,Município,2,%,87.1,5107404,São Pedro da Cipa - MT,2513,Taxa de alfabetização das pessoas de 15 anos ou mais de idade,2022,2022,6794,Total,95251,Total,100362,Total
6,Município,2,%,89.81,5107578,Rondolândia - MT,2513,Taxa de alfabetização das pessoas de 15 anos ou mais de idade,2022,2022,6794,Total,95251,Total,100362,Total
6,Município,2,%,95.44,5107602,Rondonópolis - MT,2513,Taxa de alfabetização das pessoas de 15 anos ou mais de idade,2022,2022,6794,Total,95251,Total,100362,Total
6,Município,2,%,86.36,5107701,Rosário Oeste - MT,2513,Taxa de alfabetização das pessoas de 15 anos ou mais de idade,2022,2022,6794,Total,95251,Total,100362,Total
6,Município,2,%,92.75,5107743,Santa Cruz do Xingu - MT,2513,Taxa de alfabetização das pessoas de 15 anos ou mais de idade,2022,2022,6794,Total,95251,Total,100362,Total
6,Município,2,%,88.99,5107750,Salto do Céu - MT,2513,Taxa de alfabetização das pessoas de 15 anos ou mais de idade,2022,2022,6794,Total,95251,Total,100362,Total
6,Município,2,%,93.24,5107768,Santa Rita do Trivelato - MT,2513,Taxa de alfabetização das pessoas de 15 anos ou mais de idade,2022,2022,6794,Total,95251,Total,100362,Total
6,Município,2,%,88.87,5107776,Santa Terezinha - MT,2513,Taxa de alfabetização das pessoas de 15 anos ou mais de idade,2022,2022,6794,Total,95251,Total,100362,Total
6,Município,2,%,93.53,5107792,Santo Antônio do Leste - MT,2513,Taxa de alfabetização das pessoas de 15 anos ou mais de idade,2022,2022,6794,Total,95251,Total,100362,Total
6,Município,2,%,89.91,5107800,Santo Antônio de Leverger - MT,2513,Taxa de alfabetização das pessoas de 15 anos ou mais de idade,2022,2022,6794,Total,95251,Total,100362,Total
6,Município,2,%,91.67,5107859,São Félix do Araguaia - MT,2513,Taxa de alfabetização das pessoas de 15 anos ou mais de idade,2022,2022,6794,Total,95251,Total,100362,Total
6,Município,2,%,95.6,5107875,Sapezal - MT,2513,Taxa de alfabetização das pessoas de 15 anos ou mais de idade,2022,2022,6794,Total,95251,Total,100362,Total
6,Município,2,%,90.84,5107883,Serra Nova Dourada - MT,2513,Taxa de alfabetização das pessoas de 15 anos ou mais de idade,2022,2022,6794,Total,95251,Total,100362,Total
6,Município,2,%,96.57,5107909,Sinop - MT,2513,Taxa de alfabetização das pessoas de 15 anos ou mais de idade,2022,2022,6794,Total,95251,Total,100362,Total
6,Município,2,%,96,5107925,Sorriso - MT,2513,Taxa de alfabetização das pessoas de 15 anos ou mais de idade,2022,2022,6794,Total,95251,Total,100362,Total
6,Município,2,%,92.94,5107941,Tabaporã - MT,2513,Taxa de alfabetização das pessoas de 15 anos ou mais de idade,2022,2022,6794,Total,95251,Total,100362,Total
6,Município,2,%,94.42,5107958,Tangará da Serra - MT,2513,Taxa de alfabetização das pessoas de 15 anos ou mais de idade,2022,2022,6794,Total,95251,Total,100362,Total
6,Município,2,%,94.79,5108006,Tapurah - MT,2513,Taxa de alfabetização das pessoas de 15 anos ou mais de idade,2022,2022,6794,Total,95251,Total,100362,Total
6,Município,2,%,91.53,5108055,Terra Nova do Norte - MT,2513,Taxa de alfabetização das pessoas de 15 anos ou mais de idade,2022,2022,6794,Total,95251,Total,100362,Total
6,Município,2,%,89.55,5108105,Tesouro - MT,2513,Taxa de alfabetização das pessoas de 15 anos ou mais de idade,2022,2022,6794,Total,95251,Total,100362,Total
6,Município,2,%,89.07,5108204,Torixoréu - MT,2513,Taxa de alfabetização das pessoas de 15 anos ou mais de idade,2022,2022,6794,Total,95251,Total,100362,Total
6,Município,2,%,90.78,5108303,União do Sul - MT,2513,Taxa de alfabetização das pessoas de 15 anos ou mais de idade,2022,2022,6794,Total,95251,Total,100362,Total
6,Município,2,%,88.47,5108352,Vale de São Domingos - MT,2513,Taxa de alfabetização das pessoas de 15 anos ou mais de idade,2022,2022,6794,Total,95251,Total,100362,Total
6,Município,2,%,95.52,5108402,Várzea Grande - MT,2513,Taxa de alfabetização das pessoas de 15 anos ou mais de idade,2022,2022,6794,Total,95251,Total,100362,Total
6,Município,2,%,92.87,5108501,Vera - MT,2513,Taxa de alfabetização das pessoas de 15 anos ou mais de idade,2022,2022,6794,Total,95251,Total,100362,Total
6,Município,2,%,92.18,5108600,Vila Rica - MT,2513,Taxa de alfabetização das pessoas de 15 anos ou mais de idade,2022,2022,6794,Total,95251,Total,100362,Total
6,Município,2,%,93.1,5108808,Nova Guarita - MT,2513,Taxa de alfabetização das pessoas de 15 anos ou mais de idade,2022,2022,6794,Total,95251,Total,100362,Total
6,Município,2,%,91.98,5108857,Nova Marilândia - MT,2513,Taxa de alfabetização das pessoas de 15 anos ou mais de idade,2022,2022,6794,Total,95251,Total,100362,Total
6,Município,2,%,91.98,5108907,Nova Maringá - MT,2513,Taxa de alfabetização das pessoas de 15 anos ou mais de idade,2022,2022,6794,Total,95251,Total,100362,Total
6,Município,2,%,91.02,5108956,Nova Monte Verde - MT,2513,Taxa de alfabetização das pessoas de 15 anos ou mais de idade,2022,2022,6794,Total,95251,Total,100362,Total
6,Município,2,%,94.27,5200050,Abadia de Goiás - GO,2513,Taxa de alfabetização das pessoas de 15 anos ou mais de idade,2022,2022,6794,Total,95251,Total,100362,Total
6,Município,2,%,92.76,5200100,Abadiânia - GO,2513,Taxa de alfabetização das pessoas de 15 anos ou mais de idade,2022,2022,6794,Total,95251,Total,100362,Total
6,Município,2,%,90.7,5200134,Acreúna - GO,2513,Taxa de alfabetização das pessoas de 15 anos ou mais de idade,2022,2022,6794,Total,95251,Total,100362,Total
6,Município,2,%,89.78,5200159,Adelândia - GO,2513,Taxa de alfabetização das pessoas de 15 anos ou mais de idade,2022,2022,6794,Total,95251,Total,100362,Total
6,Município,2,%,89.07,5200175,Água Fria de Goiás - GO,2513,Taxa de alfabetização das pessoas de 15 anos ou mais de idade,2022,2022,6794,Total,95251,Total,100362,Total
6,Município,2,%,90.8,5200209,Água Limpa - GO,2513,Taxa de alfabetização das pessoas de 15 anos ou mais de idade,2022,2022,6794,Total,95251,Total,100362,Total
6,Município,2,%,94.76,5200258,Águas Lindas de Goiás - GO,2513,Taxa de alfabetização das pessoas de 15 anos ou mais de idade,2022,2022,6794,Total,95251,Total,100362,Total
6,Município,2,%,91.15,5200308,Alexânia - GO,2513,Taxa de alfabetização das pessoas de 15 anos ou mais de idade,2022,2022,6794,Total,95251,Total,100362,Total
6,Município,2,%,89.05,5200506,Aloândia - GO,2513,Taxa de alfabetização das pessoas de 15 anos ou mais de idade,2022,2022,6794,Total,95251,Total,100362,Total
6,Município,2,%,93.72,5200555,Alto Horizonte - GO,2513,Taxa de alfabetização das pessoas de 15 anos ou mais de idade,2022,2022,6794,Total,95251,Total,100362,Total
6,Município,2,%,94.05,5200605,Alto Paraíso de Goiás - GO,2513,Taxa de alfabetização das pessoas de 15 anos ou mais de idade,2022,2022,6794,Total,95251,Total,100362,Total
6,Município,2,%,87.2,5200803,Alvorada do Norte - GO,2513,Taxa de alfabetização das pessoas de 15 anos ou mais de idade,2022,2022,6794,Total,95251,Total,100362,Total
6,Município,2,%,88.39,5200829,Amaralina - GO,2513,Taxa de alfabetização das pessoas de 15 anos ou mais de idade,2022,2022,6794,Total,95251,Total,100362,Total
6,Município,2,%,88.56,5200852,Americano do Brasil - GO,2513,Taxa de alfabetização das pessoas de 15 anos ou mais de idade,2022,2022,6794,Total,95251,Total,100362,Total
6,Município,2,%,86.84,5200902,Amorinópolis - GO,2513,Taxa de alfabetização das pessoas de 15 anos ou mais de idade,2022,2022,6794,Total,95251,Total,100362,Total
6,Município,2,%,96.21,5201108,Anápolis - GO,2513,Taxa de alfabetização das pessoas de 15 anos ou mais de idade,2022,2022,6794,Total,95251,Total,100362,Total
6,Município,2,%,97.15,5201207,Anhanguera - GO,2513,Taxa de alfabetização das pessoas de 15 anos ou mais de idade,2022,2022,6794,Total,95251,Total,100362,Total
6,Município,2,%,91.86,5201306,Anicuns - GO,2513,Taxa de alfabetização das pessoas de 15 anos ou mais de idade,2022,2022,6794,Total,95251,Total,100362,Total
6,Município,2,%,96.33,5201405,Aparecida de Goiânia - GO,2513,Taxa de alfabetização das pessoas de 15 anos ou mais de idade,2022,2022,6794,Total,95251,Total,100362,Total
6,Município,2,%,91.55,5201454,Aparecida do Rio Doce - GO,2513,Taxa de alfabetização das pessoas de 15 anos ou mais de idade,2022,2022,6794,Total,95251,Total,100362,Total
6,Município,2,%,92.8,5201504,Aporé - GO,2513,Taxa de alfabetização das pessoas de 15 anos ou mais de idade,2022,2022,6794,Total,95251,Total,100362,Total
6,Município,2,%,88.88,5201603,Araçu - GO,2513,Taxa de alfabetização das pessoas de 15 anos ou mais de idade,2022,2022,6794,Total,95251,Total,100362,Total
6,Município,2,%,93.17,5201702,Aragarças - GO,2513,Taxa de alfabetização das pessoas de 15 anos ou mais de idade,2022,2022,6794,Total,95251,Total,100362,Total
6,Município,2,%,91.4,5201801,Aragoiânia - GO,2513,Taxa de alfabetização das pessoas de 15 anos ou mais de idade,2022,2022,6794,Total,95251,Total,100362,Total
6,Município,2,%,84.12,5202155,Araguapaz - GO,2513,Taxa de alfabetização das pessoas de 15 anos ou mais de idade,2022,2022,6794,Total,95251,Total,100362,Total
6,Município,2,%,89.93,5202353,Arenópolis - GO,2513,Taxa de alfabetização das pessoas de 15 anos ou mais de idade,2022,2022,6794,Total,95251,Total,100362,Total
6,Município,2,%,91.29,5202502,Aruanã - GO,2513,Taxa de alfabetização das pessoas de 15 anos ou mais de idade,2022,2022,6794,Total,95251,Total,100362,Total
6,Município,2,%,89.1,5202601,Aurilândia - GO,2513,Taxa de alfabetização das pessoas de 15 anos ou mais de idade,2022,2022,6794,Total,95251,Total,100362,Total
6,Município,2,%,88.41,5202809,Avelinópolis - GO,2513,Taxa de alfabetização das pessoas de 15 anos ou mais de idade,2022,2022,6794,Total,95251,Total,100362,Total
6,Município,2,%,89.54,5203104,Baliza - GO,2513,Taxa de alfabetização das pessoas de 15 anos ou mais de idade,2022,2022,6794,Total,95251,Total,100362,Total
6,Município,2,%,91.43,5203203,Barro Alto - GO,2513,Taxa de alfabetização das pessoas de 15 anos ou mais de idade,2022,2022,6794,Total,95251,Total,100362,Total
6,Município,2,%,94.04,5203302,Bela Vista de Goiás - GO,2513,Taxa de alfabetização das pessoas de 15 anos ou mais de idade,2022,2022,6794,Total,95251,Total,100362,Total
6,Município,2,%,90.04,5203401,Bom Jardim de Goiás - GO,2513,Taxa de alfabetização das pessoas de 15 anos ou mais de idade,2022,2022,6794,Total,95251,Total,100362,Total
6,Município,2,%,91.93,5203500,Bom Jesus de Goiás - GO,2513,Taxa de alfabetização das pessoas de 15 anos ou mais de idade,2022,2022,6794,Total,95251,Total,100362,Total
6,Município,2,%,92.76,5203559,Bonfinópolis - GO,2513,Taxa de alfabetização das pessoas de 15 anos ou mais de idade,2022,2022,6794,Total,95251,Total,100362,Total
6,Município,2,%,86.76,5203575,Bonópolis - GO,2513,Taxa de alfabetização das pessoas de 15 anos ou mais de idade,2022,2022,6794,Total,95251,Total,100362,Total
6,Município,2,%,92.17,5203609,Brazabrantes - GO,2513,Taxa de alfabetização das pessoas de 15 anos ou mais de idade,2022,2022,6794,Total,95251,Total,100362,Total
6,Município,2,%,89.44,5203807,Britânia - GO,2513,Taxa de alfabetização das pessoas de 15 anos ou mais de idade,2022,2022,6794,Total,95251,Total,100362,Total
6,Município,2,%,92.92,5203906,Buriti Alegre - GO,2513,Taxa de alfabetização das pessoas de 15 anos ou mais de idade,2022,2022,6794,Total,95251,Total,100362,Total
6,Município,2,%,89.89,5203939,Buriti de Goiás - GO,2513,Taxa de alfabetização das pessoas de 15 anos ou mais de idade,2022,2022,6794,Total,95251,Total,100362,Total
6,Município,2,%,81.18,5203962,Buritinópolis - GO,2513,Taxa de alfabetização das pessoas de 15 anos ou mais de idade,2022,2022,6794,Total,95251,Total,100362,Total
6,Município,2,%,89.97,5204003,Cabeceiras - GO,2513,Taxa de alfabetização das pessoas de 15 anos ou mais de idade,2022,2022,6794,Total,95251,Total,100362,Total
6,Município,2,%,91.94,5204102,Cachoeira Alta - GO,2513,Taxa de alfabetização das pessoas de 15 anos ou mais de idade,2022,2022,6794,Total,95251,Total,100362,Total
6,Município,2,%,86.33,5204201,Cachoeira de Goiás - GO,2513,Taxa de alfabetização das pessoas de 15 anos ou mais de idade,2022,2022,6794,Total,95251,Total,100362,Total
6,Município,2,%,89.52,5204250,Cachoeira Dourada - GO,2513,Taxa de alfabetização das pessoas de 15 anos ou mais de idade,2022,2022,6794,Total,95251,Total,100362,Total
6,Município,2,%,92.1,5204300,Caçu - GO,2513,Taxa de alfabetização das pessoas de 15 anos ou mais de idade,2022,2022,6794,Total,95251,Total,100362,Total
6,Município,2,%,90.09,5204409,Caiapônia - GO,2513,Taxa de alfabetização das pessoas de 15 anos ou mais de idade,2022,2022,6794,Total,95251,Total,100362,Total
6,Município,2,%,95.56,5204508,Caldas Novas - GO,2513,Taxa de alfabetização das pessoas de 15 anos ou mais de idade,2022,2022,6794,Total,95251,Total,100362,Total
6,Município,2,%,93.76,5204557,Caldazinha - GO,2513,Taxa de alfabetização das pessoas de 15 anos ou mais de idade,2022,2022,6794,Total,95251,Total,100362,Total
6,Município,2,%,90.17,5204607,Campestre de Goiás - GO,2513,Taxa de alfabetização das pessoas de 15 anos ou mais de idade,2022,2022,6794,Total,95251,Total,100362,Total
6,Município,2,%,88.94,5204656,Campinaçu - GO,2513,Taxa de alfabetização das pessoas de 15 anos ou mais de idade,2022,2022,6794,Total,95251,Total,100362,Total
6,Município,2,%,94.25,5204706,Campinorte - GO,2513,Taxa de alfabetização das pessoas de 15 anos ou mais de idade,2022,2022,6794,Total,95251,Total,100362,Total
6,Município,2,%,94.35,5204805,Campo Alegre de Goiás - GO,2513,Taxa de alfabetização das pessoas de 15 anos ou mais de idade,2022,2022,6794,Total,95251,Total,100362,Total
6,Município,2,%,94.58,5204854,Campo Limpo de Goiás - GO,2513,Taxa de alfabetização das pessoas de 15 anos ou mais de idade,2022,2022,6794,Total,95251,Total,100362,Total
6,Município,2,%,89.4,5204904,Campos Belos - GO,2513,Taxa de alfabetização das pessoas de 15 anos ou mais de idade,2022,2022,6794,Total,95251,Total,100362,Total
6,Município,2,%,84.52,5204953,Campos Verdes - GO,2513,Taxa de alfabetização das pessoas de 15 anos ou mais de idade,2022,2022,6794,Total,95251,Total,100362,Total
6,Município,2,%,91.68,5205000,Carmo do Rio Verde - GO,2513,Taxa de alfabetização das pessoas de 15 anos ou mais de idade,2022,2022,6794,Total,95251,Total,100362,Total
6,Município,2,%,81.67,5205059,Castelândia - GO,2513,Taxa de alfabetização das pessoas de 15 anos ou mais de idade,2022,2022,6794,Total,95251,Total,100362,Total
6,Município,2,%,96.66,5205109,Catalão - GO,2513,Taxa de alfabetização das pessoas de 15 anos ou mais de idade,2022,2022,6794,Total,95251,Total,100362,Total
6,Município,2,%,90.14,5205208,Caturaí - GO,2513,Taxa de alfabetização das pessoas de 15 anos ou mais de idade,2022,2022,6794,Total,95251,Total,100362,Total
6,Município,2,%,84.24,5205307,Cavalcante - GO,2513,Taxa de alfabetização das pessoas de 15 anos ou mais de idade,2022,2022,6794,Total,95251,Total,100362,Total
6,Município,2,%,95.49,5205406,Ceres - GO,2513,Taxa de alfabetização das pessoas de 15 anos ou mais de idade,2022,2022,6794,Total,95251,Total,100362,Total
6,Município,2,%,88.57,5205455,Cezarina - GO,2513,Taxa de alfabetização das pessoas de 15 anos ou mais de idade,2022,2022,6794,Total,95251,Total,100362,Total
6,Município,2,%,96.22,5205471,Chapadão do Céu - GO,2513,Taxa de alfabetização das pessoas de 15 anos ou mais de idade,2022,2022,6794,Total,95251,Total,100362,Total
6,Município,2,%,96.08,5205497,Cidade Ocidental - GO,2513,Taxa de alfabetização das pessoas de 15 anos ou mais de idade,2022,2022,6794,Total,95251,Total,100362,Total
6,Município,2,%,90.91,5205513,Cocalzinho de Goiás - GO,2513,Taxa de alfabetização das pessoas de 15 anos ou mais de idade,2022,2022,6794,Total,95251,Total,100362,Total
6,Município,2,%,88.29,5205521,Colinas do Sul - GO,2513,Taxa de alfabetização das pessoas de 15 anos ou mais de idade,2022,2022,6794,Total,95251,Total,100362,Total
6,Município,2,%,90.98,5205703,Córrego do Ouro - GO,2513,Taxa de alfabetização das pessoas de 15 anos ou mais de idade,2022,2022,6794,Total,95251,Total,100362,Total
6,Município,2,%,89.88,5205802,Corumbá de Goiás - GO,2513,Taxa de alfabetização das pessoas de 15 anos ou mais de idade,2022,2022,6794,Total,95251,Total,100362,Total
6,Município,2,%,94.55,5205901,Corumbaíba - GO,2513,Taxa de alfabetização das pessoas de 15 anos ou mais de idade,2022,2022,6794,Total,95251,Total,100362,Total
6,Município,2,%,93.82,5206206,Cristalina - GO,2513,Taxa de alfabetização das pessoas de 15 anos ou mais de idade,2022,2022,6794,Total,95251,Total,100362,Total
6,Município,2,%,94.44,5206305,Cristianópolis - GO,2513,Taxa de alfabetização das pessoas de 15 anos ou mais de idade,2022,2022,6794,Total,95251,Total,100362,Total
6,Município,2,%,90.52,5206404,Crixás - GO,2513,Taxa de alfabetização das pessoas de 15 anos ou mais de idade,2022,2022,6794,Total,95251,Total,100362,Total
6,Município,2,%,92.86,5206503,Cromínia - GO,2513,Taxa de alfabetização das pessoas de 15 anos ou mais de idade,2022,2022,6794,Total,95251,Total,100362,Total
6,Município,2,%,88.56,5206602,Cumari - GO,2513,Taxa de alfabetização das pessoas de 15 anos ou mais de idade,2022,2022,6794,Total,95251,Total,100362,Total
6,Município,2,%,87.74,5206701,Damianópolis - GO,2513,Taxa de alfabetização das pessoas de 15 anos ou mais de idade,2022,2022,6794,Total,95251,Total,100362,Total
6,Município,2,%,89.09,5206800,Damolândia - GO,2513,Taxa de alfabetização das pessoas de 15 anos ou mais de idade,2022,2022,6794,Total,95251,Total,100362,Total
6,Município,2,%,91.83,5206909,Davinópolis - GO,2513,Taxa de alfabetização das pessoas de 15 anos ou mais de idade,2022,2022,6794,Total,95251,Total,100362,Total
6,Município,2,%,90.05,5207105,Diorama - GO,2513,Taxa de alfabetização das pessoas de 15 anos ou mais de idade,2022,2022,6794,Total,95251,Total,100362,Total
6,Município,2,%,89.21,5207253,Doverlândia - GO,2513,Taxa de alfabetização das pessoas de 15 anos ou mais de idade,2022,2022,6794,Total,95251,Total,100362,Total
6,Município,2,%,91.48,5207352,Edealina - GO,2513,Taxa de alfabetização das pessoas de 15 anos ou mais de idade,2022,2022,6794,Total,95251,Total,100362,Total
6,Município,2,%,91.35,5207402,Edéia - GO,2513,Taxa de alfabetização das pessoas de 15 anos ou mais de idade,2022,2022,6794,Total,95251,Total,100362,Total
6,Município,2,%,88.37,5207501,Estrela do Norte - GO,2513,Taxa de alfabetização das pessoas de 15 anos ou mais de idade,2022,2022,6794,Total,95251,Total,100362,Total
6,Município,2,%,86.41,5207535,Faina - GO,2513,Taxa de alfabetização das pessoas de 15 anos ou mais de idade,2022,2022,6794,Total,95251,Total,100362,Total
6,Município,2,%,90.7,5207600,Fazenda Nova - GO,2513,Taxa de alfabetização das pessoas de 15 anos ou mais de idade,2022,2022,6794,Total,95251,Total,100362,Total
6,Município,2,%,91.24,5207808,Firminópolis - GO,2513,Taxa de alfabetização das pessoas de 15 anos ou mais de idade,2022,2022,6794,Total,95251,Total,100362,Total
6,Município,2,%,89.33,5207907,Flores de Goiás - GO,2513,Taxa de alfabetização das pessoas de 15 anos ou mais de idade,2022,2022,6794,Total,95251,Total,100362,Total
6,Município,2,%,94.29,5208004,Formosa - GO,2513,Taxa de alfabetização das pessoas de 15 anos ou mais de idade,2022,2022,6794,Total,95251,Total,100362,Total
6,Município,2,%,90.21,5208103,Formoso - GO,2513,Taxa de alfabetização das pessoas de 15 anos ou mais de idade,2022,2022,6794,Total,95251,Total,100362,Total
6,Município,2,%,91.56,5208152,Gameleira de Goiás - GO,2513,Taxa de alfabetização das pessoas de 15 anos ou mais de idade,2022,2022,6794,Total,95251,Total,100362,Total
6,Município,2,%,86.12,5208301,Divinópolis de Goiás - GO,2513,Taxa de alfabetização das pessoas de 15 anos ou mais de idade,2022,2022,6794,Total,95251,Total,100362,Total
6,Município,2,%,92.92,5208400,Goianápolis - GO,2513,Taxa de alfabetização das pessoas de 15 anos ou mais de idade,2022,2022,6794,Total,95251,Total,100362,Total
6,Município,2,%,94.8,5208509,Goiandira - GO,2513,Taxa de alfabetização das pessoas de 15 anos ou mais de idade,2022,2022,6794,Total,95251,Total,100362,Total
6,Município,2,%,93.18,5208608,Goianésia - GO,2513,Taxa de alfabetização das pessoas de 15 anos ou mais de idade,2022,2022,6794,Total,95251,Total,100362,Total
6,Município,2,%,97.51,5208707,Goiânia - GO,2513,Taxa de alfabetização das pessoas de 15 anos ou mais de idade,2022,2022,6794,Total,95251,Total,100362,Total
6,Município,2,%,95.21,5208806,Goianira - GO,2513,Taxa de alfabetização das pessoas de 15 anos ou mais de idade,2022,2022,6794,Total,95251,Total,100362,Total
6,Município,2,%,91.09,5208905,Goiás - GO,2513,Taxa de alfabetização das pessoas de 15 anos ou mais de idade,2022,2022,6794,Total,95251,Total,100362,Total
6,Município,2,%,94.3,5209101,Goiatuba - GO,2513,Taxa de alfabetização das pessoas de 15 anos ou mais de idade,2022,2022,6794,Total,95251,Total,100362,Total
6,Município,2,%,87.01,5209150,Gouvelândia - GO,2513,Taxa de alfabetização das pessoas de 15 anos ou mais de idade,2022,2022,6794,Total,95251,Total,100362,Total
6,Município,2,%,91.67,5209200,Guapó - GO,2513,Taxa de alfabetização das pessoas de 15 anos ou mais de idade,2022,2022,6794,Total,95251,Total,100362,Total
6,Município,2,%,90.03,5209291,Guaraíta - GO,2513,Taxa de alfabetização das pessoas de 15 anos ou mais de idade,2022,2022,6794,Total,95251,Total,100362,Total
6,Município,2,%,82.26,5209408,Guarani de Goiás - GO,2513,Taxa de alfabetização das pessoas de 15 anos ou mais de idade,2022,2022,6794,Total,95251,Total,100362,Total
6,Município,2,%,85.9,5209457,Guarinos - GO,2513,Taxa de alfabetização das pessoas de 15 anos ou mais de idade,2022,2022,6794,Total,95251,Total,100362,Total
6,Município,2,%,89.11,5209606,Heitoraí - GO,2513,Taxa de alfabetização das pessoas de 15 anos ou mais de idade,2022,2022,6794,Total,95251,Total,100362,Total
6,Município,2,%,94.96,5209705,Hidrolândia - GO,2513,Taxa de alfabetização das pessoas de 15 anos ou mais de idade,2022,2022,6794,Total,95251,Total,100362,Total
6,Município,2,%,90.75,5209804,Hidrolina - GO,2513,Taxa de alfabetização das pessoas de 15 anos ou mais de idade,2022,2022,6794,Total,95251,Total,100362,Total
6,Município,2,%,87.72,5209903,Iaciara - GO,2513,Taxa de alfabetização das pessoas de 15 anos ou mais de idade,2022,2022,6794,Total,95251,Total,100362,Total
6,Município,2,%,87.53,5209937,Inaciolândia - GO,2513,Taxa de alfabetização das pessoas de 15 anos ou mais de idade,2022,2022,6794,Total,95251,Total,100362,Total
6,Município,2,%,91.78,5209952,Indiara - GO,2513,Taxa de alfabetização das pessoas de 15 anos ou mais de idade,2022,2022,6794,Total,95251,Total,100362,Total
6,Município,2,%,92.71,5210000,Inhumas - GO,2513,Taxa de alfabetização das pessoas de 15 anos ou mais de idade,2022,2022,6794,Total,95251,Total,100362,Total
6,Município,2,%,93.18,5210109,Ipameri - GO,2513,Taxa de alfabetização das pessoas de 15 anos ou mais de idade,2022,2022,6794,Total,95251,Total,100362,Total
6,Município,2,%,91.7,5210158,Ipiranga de Goiás - GO,2513,Taxa de alfabetização das pessoas de 15 anos ou mais de idade,2022,2022,6794,Total,95251,Total,100362,Total
6,Município,2,%,93,5210208,Iporá - GO,2513,Taxa de alfabetização das pessoas de 15 anos ou mais de idade,2022,2022,6794,Total,95251,Total,100362,Total
6,Município,2,%,89.38,5210307,Israelândia - GO,2513,Taxa de alfabetização das pessoas de 15 anos ou mais de idade,2022,2022,6794,Total,95251,Total,100362,Total
6,Município,2,%,92.79,5210406,Itaberaí - GO,2513,Taxa de alfabetização das pessoas de 15 anos ou mais de idade,2022,2022,6794,Total,95251,Total,100362,Total
6,Município,2,%,91.08,5210562,Itaguari - GO,2513,Taxa de alfabetização das pessoas de 15 anos ou mais de idade,2022,2022,6794,Total,95251,Total,100362,Total
6,Município,2,%,88.41,5210604,Itaguaru - GO,2513,Taxa de alfabetização das pessoas de 15 anos ou mais de idade,2022,2022,6794,Total,95251,Total,100362,Total
6,Município,2,%,90.31,5210802,Itajá - GO,2513,Taxa de alfabetização das pessoas de 15 anos ou mais de idade,2022,2022,6794,Total,95251,Total,100362,Total
6,Município,2,%,91.57,5210901,Itapaci - GO,2513,Taxa de alfabetização das pessoas de 15 anos ou mais de idade,2022,2022,6794,Total,95251,Total,100362,Total
6,Município,2,%,87.3,5211008,Itapirapuã - GO,2513,Taxa de alfabetização das pessoas de 15 anos ou mais de idade,2022,2022,6794,Total,95251,Total,100362,Total
6,Município,2,%,90.75,5211206,Itapuranga - GO,2513,Taxa de alfabetização das pessoas de 15 anos ou mais de idade,2022,2022,6794,Total,95251,Total,100362,Total
6,Município,2,%,89.61,5211305,Itarumã - GO,2513,Taxa de alfabetização das pessoas de 15 anos ou mais de idade,2022,2022,6794,Total,95251,Total,100362,Total
6,Município,2,%,92.56,5211404,Itauçu - GO,2513,Taxa de alfabetização das pessoas de 15 anos ou mais de idade,2022,2022,6794,Total,95251,Total,100362,Total
6,Município,2,%,94.49,5211503,Itumbiara - GO,2513,Taxa de alfabetização das pessoas de 15 anos ou mais de idade,2022,2022,6794,Total,95251,Total,100362,Total
6,Município,2,%,90.42,5211602,Ivolândia - GO,2513,Taxa de alfabetização das pessoas de 15 anos ou mais de idade,2022,2022,6794,Total,95251,Total,100362,Total
6,Município,2,%,91.96,5211701,Jandaia - GO,2513,Taxa de alfabetização das pessoas de 15 anos ou mais de idade,2022,2022,6794,Total,95251,Total,100362,Total
6,Município,2,%,92.82,5211800,Jaraguá - GO,2513,Taxa de alfabetização das pessoas de 15 anos ou mais de idade,2022,2022,6794,Total,95251,Total,100362,Total
6,Município,2,%,95.26,5211909,Jataí - GO,2513,Taxa de alfabetização das pessoas de 15 anos ou mais de idade,2022,2022,6794,Total,95251,Total,100362,Total
6,Município,2,%,88.22,5212006,Jaupaci - GO,2513,Taxa de alfabetização das pessoas de 15 anos ou mais de idade,2022,2022,6794,Total,95251,Total,100362,Total
6,Município,2,%,86.64,5212055,Jesúpolis - GO,2513,Taxa de alfabetização das pessoas de 15 anos ou mais de idade,2022,2022,6794,Total,95251,Total,100362,Total
6,Município,2,%,92.22,5212105,Joviânia - GO,2513,Taxa de alfabetização das pessoas de 15 anos ou mais de idade,2022,2022,6794,Total,95251,Total,100362,Total
6,Município,2,%,90.87,5212204,Jussara - GO,2513,Taxa de alfabetização das pessoas de 15 anos ou mais de idade,2022,2022,6794,Total,95251,Total,100362,Total
6,Município,2,%,94.49,5212253,Lagoa Santa - GO,2513,Taxa de alfabetização das pessoas de 15 anos ou mais de idade,2022,2022,6794,Total,95251,Total,100362,Total
6,Município,2,%,92.22,5212303,Leopoldo de Bulhões - GO,2513,Taxa de alfabetização das pessoas de 15 anos ou mais de idade,2022,2022,6794,Total,95251,Total,100362,Total
6,Município,2,%,94.19,5212501,Luziânia - GO,2513,Taxa de alfabetização das pessoas de 15 anos ou mais de idade,2022,2022,6794,Total,95251,Total,100362,Total
6,Município,2,%,89.94,5212600,Mairipotaba - GO,2513,Taxa de alfabetização das pessoas de 15 anos ou mais de idade,2022,2022,6794,Total,95251,Total,100362,Total
6,Município,2,%,85.74,5212709,Mambaí - GO,2513,Taxa de alfabetização das pessoas de 15 anos ou mais de idade,2022,2022,6794,Total,95251,Total,100362,Total
6,Município,2,%,88.38,5212808,Mara Rosa - GO,2513,Taxa de alfabetização das pessoas de 15 anos ou mais de idade,2022,2022,6794,Total,95251,Total,100362,Total
6,Município,2,%,92.81,5212907,Marzagão - GO,2513,Taxa de alfabetização das pessoas de 15 anos ou mais de idade,2022,2022,6794,Total,95251,Total,100362,Total
6,Município,2,%,88.65,5212956,Matrinchã - GO,2513,Taxa de alfabetização das pessoas de 15 anos ou mais de idade,2022,2022,6794,Total,95251,Total,100362,Total
6,Município,2,%,88.26,5213004,Maurilândia - GO,2513,Taxa de alfabetização das pessoas de 15 anos ou mais de idade,2022,2022,6794,Total,95251,Total,100362,Total
6,Município,2,%,83.15,5213053,Mimoso de Goiás - GO,2513,Taxa de alfabetização das pessoas de 15 anos ou mais de idade,2022,2022,6794,Total,95251,Total,100362,Total
6,Município,2,%,89.86,5213087,Minaçu - GO,2513,Taxa de alfabetização das pessoas de 15 anos ou mais de idade,2022,2022,6794,Total,95251,Total,100362,Total
6,Município,2,%,94.94,5213103,Mineiros - GO,2513,Taxa de alfabetização das pessoas de 15 anos ou mais de idade,2022,2022,6794,Total,95251,Total,100362,Total
6,Município,2,%,90.63,5213400,Moiporá - GO,2513,Taxa de alfabetização das pessoas de 15 anos ou mais de idade,2022,2022,6794,Total,95251,Total,100362,Total
6,Município,2,%,83.67,5213509,Monte Alegre de Goiás - GO,2513,Taxa de alfabetização das pessoas de 15 anos ou mais de idade,2022,2022,6794,Total,95251,Total,100362,Total
6,Município,2,%,91.16,5213707,Montes Claros de Goiás - GO,2513,Taxa de alfabetização das pessoas de 15 anos ou mais de idade,2022,2022,6794,Total,95251,Total,100362,Total
6,Município,2,%,92.2,5213756,Montividiu - GO,2513,Taxa de alfabetização das pessoas de 15 anos ou mais de idade,2022,2022,6794,Total,95251,Total,100362,Total
6,Município,2,%,85.62,5213772,Montividiu do Norte - GO,2513,Taxa de alfabetização das pessoas de 15 anos ou mais de idade,2022,2022,6794,Total,95251,Total,100362,Total
6,Município,2,%,95.13,5213806,Morrinhos - GO,2513,Taxa de alfabetização das pessoas de 15 anos ou mais de idade,2022,2022,6794,Total,95251,Total,100362,Total
6,Município,2,%,89.53,5213855,Morro Agudo de Goiás - GO,2513,Taxa de alfabetização das pessoas de 15 anos ou mais de idade,2022,2022,6794,Total,95251,Total,100362,Total
6,Município,2,%,90.64,5213905,Mossâmedes - GO,2513,Taxa de alfabetização das pessoas de 15 anos ou mais de idade,2022,2022,6794,Total,95251,Total,100362,Total
6,Município,2,%,90.85,5214002,Mozarlândia - GO,2513,Taxa de alfabetização das pessoas de 15 anos ou mais de idade,2022,2022,6794,Total,95251,Total,100362,Total
6,Município,2,%,86.48,5214051,Mundo Novo - GO,2513,Taxa de alfabetização das pessoas de 15 anos ou mais de idade,2022,2022,6794,Total,95251,Total,100362,Total
6,Município,2,%,87.26,5214101,Mutunópolis - GO,2513,Taxa de alfabetização das pessoas de 15 anos ou mais de idade,2022,2022,6794,Total,95251,Total,100362,Total
6,Município,2,%,90.89,5214408,Nazário - GO,2513,Taxa de alfabetização das pessoas de 15 anos ou mais de idade,2022,2022,6794,Total,95251,Total,100362,Total
6,Município,2,%,93.81,5214507,Nerópolis - GO,2513,Taxa de alfabetização das pessoas de 15 anos ou mais de idade,2022,2022,6794,Total,95251,Total,100362,Total
6,Município,2,%,88.43,5214606,Niquelândia - GO,2513,Taxa de alfabetização das pessoas de 15 anos ou mais de idade,2022,2022,6794,Total,95251,Total,100362,Total
6,Município,2,%,89.59,5214705,Nova América - GO,2513,Taxa de alfabetização das pessoas de 15 anos ou mais de idade,2022,2022,6794,Total,95251,Total,100362,Total
6,Município,2,%,93.4,5214804,Nova Aurora - GO,2513,Taxa de alfabetização das pessoas de 15 anos ou mais de idade,2022,2022,6794,Total,95251,Total,100362,Total
6,Município,2,%,87.16,5214838,Nova Crixás - GO,2513,Taxa de alfabetização das pessoas de 15 anos ou mais de idade,2022,2022,6794,Total,95251,Total,100362,Total
6,Município,2,%,88.56,5214861,Nova Glória - GO,2513,Taxa de alfabetização das pessoas de 15 anos ou mais de idade,2022,2022,6794,Total,95251,Total,100362,Total
6,Município,2,%,91.15,5214879,Nova Iguaçu de Goiás - GO,2513,Taxa de alfabetização das pessoas de 15 anos ou mais de idade,2022,2022,6794,Total,95251,Total,100362,Total
6,Município,2,%,87.42,5214903,Nova Roma - GO,2513,Taxa de alfabetização das pessoas de 15 anos ou mais de idade,2022,2022,6794,Total,95251,Total,100362,Total
6,Município,2,%,93.68,5215009,Nova Veneza - GO,2513,Taxa de alfabetização das pessoas de 15 anos ou mais de idade,2022,2022,6794,Total,95251,Total,100362,Total
6,Município,2,%,90.28,5215207,Novo Brasil - GO,2513,Taxa de alfabetização das pessoas de 15 anos ou mais de idade,2022,2022,6794,Total,95251,Total,100362,Total
6,Município,2,%,93.95,5215231,Novo Gama - GO,2513,Taxa de alfabetização das pessoas de 15 anos ou mais de idade,2022,2022,6794,Total,95251,Total,100362,Total
6,Município,2,%,88.76,5215256,Novo Planalto - GO,2513,Taxa de alfabetização das pessoas de 15 anos ou mais de idade,2022,2022,6794,Total,95251,Total,100362,Total
6,Município,2,%,94.27,5215306,Orizona - GO,2513,Taxa de alfabetização das pessoas de 15 anos ou mais de idade,2022,2022,6794,Total,95251,Total,100362,Total
6,Município,2,%,90.93,5215405,Ouro Verde de Goiás - GO,2513,Taxa de alfabetização das pessoas de 15 anos ou mais de idade,2022,2022,6794,Total,95251,Total,100362,Total
6,Município,2,%,95.78,5215504,Ouvidor - GO,2513,Taxa de alfabetização das pessoas de 15 anos ou mais de idade,2022,2022,6794,Total,95251,Total,100362,Total
6,Município,2,%,90.41,5215603,Padre Bernardo - GO,2513,Taxa de alfabetização das pessoas de 15 anos ou mais de idade,2022,2022,6794,Total,95251,Total,100362,Total
6,Município,2,%,88.76,5215652,Palestina de Goiás - GO,2513,Taxa de alfabetização das pessoas de 15 anos ou mais de idade,2022,2022,6794,Total,95251,Total,100362,Total
6,Município,2,%,93.63,5215702,Palmeiras de Goiás - GO,2513,Taxa de alfabetização das pessoas de 15 anos ou mais de idade,2022,2022,6794,Total,95251,Total,100362,Total
6,Município,2,%,93.44,5215801,Palmelo - GO,2513,Taxa de alfabetização das pessoas de 15 anos ou mais de idade,2022,2022,6794,Total,95251,Total,100362,Total
6,Município,2,%,92.66,5215900,Palminópolis - GO,2513,Taxa de alfabetização das pessoas de 15 anos ou mais de idade,2022,2022,6794,Total,95251,Total,100362,Total
6,Município,2,%,90,5216007,Panamá - GO,2513,Taxa de alfabetização das pessoas de 15 anos ou mais de idade,2022,2022,6794,Total,95251,Total,100362,Total
6,Município,2,%,89.96,5216304,Paranaiguara - GO,2513,Taxa de alfabetização das pessoas de 15 anos ou mais de idade,2022,2022,6794,Total,95251,Total,100362,Total
6,Município,2,%,93.23,5216403,Paraúna - GO,2513,Taxa de alfabetização das pessoas de 15 anos ou mais de idade,2022,2022,6794,Total,95251,Total,100362,Total
6,Município,2,%,90.87,5216452,Perolândia - GO,2513,Taxa de alfabetização das pessoas de 15 anos ou mais de idade,2022,2022,6794,Total,95251,Total,100362,Total
6,Município,2,%,91.86,5216809,Petrolina de Goiás - GO,2513,Taxa de alfabetização das pessoas de 15 anos ou mais de idade,2022,2022,6794,Total,95251,Total,100362,Total
6,Município,2,%,91.42,5216908,Pilar de Goiás - GO,2513,Taxa de alfabetização das pessoas de 15 anos ou mais de idade,2022,2022,6794,Total,95251,Total,100362,Total
6,Município,2,%,93.4,5217104,Piracanjuba - GO,2513,Taxa de alfabetização das pessoas de 15 anos ou mais de idade,2022,2022,6794,Total,95251,Total,100362,Total
6,Município,2,%,90.23,5217203,Piranhas - GO,2513,Taxa de alfabetização das pessoas de 15 anos ou mais de idade,2022,2022,6794,Total,95251,Total,100362,Total
6,Município,2,%,92.99,5217302,Pirenópolis - GO,2513,Taxa de alfabetização das pessoas de 15 anos ou mais de idade,2022,2022,6794,Total,95251,Total,100362,Total
6,Município,2,%,94.82,5217401,Pires do Rio - GO,2513,Taxa de alfabetização das pessoas de 15 anos ou mais de idade,2022,2022,6794,Total,95251,Total,100362,Total
6,Município,2,%,92.69,5217609,Planaltina - GO,2513,Taxa de alfabetização das pessoas de 15 anos ou mais de idade,2022,2022,6794,Total,95251,Total,100362,Total
6,Município,2,%,92.72,5217708,Pontalina - GO,2513,Taxa de alfabetização das pessoas de 15 anos ou mais de idade,2022,2022,6794,Total,95251,Total,100362,Total
6,Município,2,%,91.82,5218003,Porangatu - GO,2513,Taxa de alfabetização das pessoas de 15 anos ou mais de idade,2022,2022,6794,Total,95251,Total,100362,Total
6,Município,2,%,90.12,5218052,Porteirão - GO,2513,Taxa de alfabetização das pessoas de 15 anos ou mais de idade,2022,2022,6794,Total,95251,Total,100362,Total
6,Município,2,%,89.03,5218102,Portelândia - GO,2513,Taxa de alfabetização das pessoas de 15 anos ou mais de idade,2022,2022,6794,Total,95251,Total,100362,Total
6,Município,2,%,90.61,5218300,Posse - GO,2513,Taxa de alfabetização das pessoas de 15 anos ou mais de idade,2022,2022,6794,Total,95251,Total,100362,Total
6,Município,2,%,91.17,5218391,Professor Jamil - GO,2513,Taxa de alfabetização das pessoas de 15 anos ou mais de idade,2022,2022,6794,Total,95251,Total,100362,Total
6,Município,2,%,93.33,5218508,Quirinópolis - GO,2513,Taxa de alfabetização das pessoas de 15 anos ou mais de idade,2022,2022,6794,Total,95251,Total,100362,Total
6,Município,2,%,94.43,5218607,Rialma - GO,2513,Taxa de alfabetização das pessoas de 15 anos ou mais de idade,2022,2022,6794,Total,95251,Total,100362,Total
6,Município,2,%,90.41,5218706,Rianápolis - GO,2513,Taxa de alfabetização das pessoas de 15 anos ou mais de idade,2022,2022,6794,Total,95251,Total,100362,Total
6,Município,2,%,95.07,5218789,Rio Quente - GO,2513,Taxa de alfabetização das pessoas de 15 anos ou mais de idade,2022,2022,6794,Total,95251,Total,100362,Total
6,Município,2,%,95.33,5218805,Rio Verde - GO,2513,Taxa de alfabetização das pessoas de 15 anos ou mais de idade,2022,2022,6794,Total,95251,Total,100362,Total
6,Município,2,%,92.62,5218904,Rubiataba - GO,2513,Taxa de alfabetização das pessoas de 15 anos ou mais de idade,2022,2022,6794,Total,95251,Total,100362,Total
6,Município,2,%,91.31,5219001,Sanclerlândia - GO,2513,Taxa de alfabetização das pessoas de 15 anos ou mais de idade,2022,2022,6794,Total,95251,Total,100362,Total
6,Município,2,%,89.61,5219100,Santa Bárbara de Goiás - GO,2513,Taxa de alfabetização das pessoas de 15 anos ou mais de idade,2022,2022,6794,Total,95251,Total,100362,Total
6,Município,2,%,89.68,5219209,Santa Cruz de Goiás - GO,2513,Taxa de alfabetização das pessoas de 15 anos ou mais de idade,2022,2022,6794,Total,95251,Total,100362,Total
6,Município,2,%,91.55,5219258,Santa Fé de Goiás - GO,2513,Taxa de alfabetização das pessoas de 15 anos ou mais de idade,2022,2022,6794,Total,95251,Total,100362,Total
6,Município,2,%,91.36,5219308,Santa Helena de Goiás - GO,2513,Taxa de alfabetização das pessoas de 15 anos ou mais de idade,2022,2022,6794,Total,95251,Total,100362,Total
6,Município,2,%,87.89,5219357,Santa Isabel - GO,2513,Taxa de alfabetização das pessoas de 15 anos ou mais de idade,2022,2022,6794,Total,95251,Total,100362,Total
6,Município,2,%,92.68,5219407,Santa Rita do Araguaia - GO,2513,Taxa de alfabetização das pessoas de 15 anos ou mais de idade,2022,2022,6794,Total,95251,Total,100362,Total
6,Município,2,%,85.32,5219456,Santa Rita do Novo Destino - GO,2513,Taxa de alfabetização das pessoas de 15 anos ou mais de idade,2022,2022,6794,Total,95251,Total,100362,Total
6,Município,2,%,88.41,5219506,Santa Rosa de Goiás - GO,2513,Taxa de alfabetização das pessoas de 15 anos ou mais de idade,2022,2022,6794,Total,95251,Total,100362,Total
6,Município,2,%,88.29,5219605,Santa Tereza de Goiás - GO,2513,Taxa de alfabetização das pessoas de 15 anos ou mais de idade,2022,2022,6794,Total,95251,Total,100362,Total
6,Município,2,%,88.84,5219704,Santa Terezinha de Goiás - GO,2513,Taxa de alfabetização das pessoas de 15 anos ou mais de idade,2022,2022,6794,Total,95251,Total,100362,Total
6,Município,2,%,86.76,5219712,Santo Antônio da Barra - GO,2513,Taxa de alfabetização das pessoas de 15 anos ou mais de idade,2022,2022,6794,Total,95251,Total,100362,Total
6,Município,2,%,94.68,5219738,Santo Antônio de Goiás - GO,2513,Taxa de alfabetização das pessoas de 15 anos ou mais de idade,2022,2022,6794,Total,95251,Total,100362,Total
6,Município,2,%,93.09,5219753,Santo Antônio do Descoberto - GO,2513,Taxa de alfabetização das pessoas de 15 anos ou mais de idade,2022,2022,6794,Total,95251,Total,100362,Total
6,Município,2,%,84.34,5219803,São Domingos - GO,2513,Taxa de alfabetização das pessoas de 15 anos ou mais de idade,2022,2022,6794,Total,95251,Total,100362,Total
6,Município,2,%,89,5219902,São Francisco de Goiás - GO,2513,Taxa de alfabetização das pessoas de 15 anos ou mais de idade,2022,2022,6794,Total,95251,Total,100362,Total
6,Município,2,%,92.88,5220009,São João d'Aliança - GO,2513,Taxa de alfabetização das pessoas de 15 anos ou mais de idade,2022,2022,6794,Total,95251,Total,100362,Total
6,Município,2,%,91.64,5220058,São João da Paraúna - GO,2513,Taxa de alfabetização das pessoas de 15 anos ou mais de idade,2022,2022,6794,Total,95251,Total,100362,Total
6,Município,2,%,94.26,5220108,São Luís de Montes Belos - GO,2513,Taxa de alfabetização das pessoas de 15 anos ou mais de idade,2022,2022,6794,Total,95251,Total,100362,Total
6,Município,2,%,88.5,5220157,São Luiz do Norte - GO,2513,Taxa de alfabetização das pessoas de 15 anos ou mais de idade,2022,2022,6794,Total,95251,Total,100362,Total
6,Município,2,%,89.33,5220207,São Miguel do Araguaia - GO,2513,Taxa de alfabetização das pessoas de 15 anos ou mais de idade,2022,2022,6794,Total,95251,Total,100362,Total
6,Município,2,%,92.81,5220264,São Miguel do Passa Quatro - GO,2513,Taxa de alfabetização das pessoas de 15 anos ou mais de idade,2022,2022,6794,Total,95251,Total,100362,Total
6,Município,2,%,90.54,5220280,São Patrício - GO,2513,Taxa de alfabetização das pessoas de 15 anos ou mais de idade,2022,2022,6794,Total,95251,Total,100362,Total
6,Município,2,%,91.72,5220405,São Simão - GO,2513,Taxa de alfabetização das pessoas de 15 anos ou mais de idade,2022,2022,6794,Total,95251,Total,100362,Total
6,Município,2,%,95.88,5220454,Senador Canedo - GO,2513,Taxa de alfabetização das pessoas de 15 anos ou mais de idade,2022,2022,6794,Total,95251,Total,100362,Total
6,Município,2,%,92.82,5220504,Serranópolis - GO,2513,Taxa de alfabetização das pessoas de 15 anos ou mais de idade,2022,2022,6794,Total,95251,Total,100362,Total
6,Município,2,%,94.42,5220603,Silvânia - GO,2513,Taxa de alfabetização das pessoas de 15 anos ou mais de idade,2022,2022,6794,Total,95251,Total,100362,Total
6,Município,2,%,85.87,5220686,Simolândia - GO,2513,Taxa de alfabetização das pessoas de 15 anos ou mais de idade,2022,2022,6794,Total,95251,Total,100362,Total
6,Município,2,%,84.46,5220702,Sítio d'Abadia - GO,2513,Taxa de alfabetização das pessoas de 15 anos ou mais de idade,2022,2022,6794,Total,95251,Total,100362,Total
6,Município,2,%,91.06,5221007,Taquaral de Goiás - GO,2513,Taxa de alfabetização das pessoas de 15 anos ou mais de idade,2022,2022,6794,Total,95251,Total,100362,Total
6,Município,2,%,86.44,5221080,Teresina de Goiás - GO,2513,Taxa de alfabetização das pessoas de 15 anos ou mais de idade,2022,2022,6794,Total,95251,Total,100362,Total
6,Município,2,%,92.73,5221197,Terezópolis de Goiás - GO,2513,Taxa de alfabetização das pessoas de 15 anos ou mais de idade,2022,2022,6794,Total,95251,Total,100362,Total
6,Município,2,%,93,5221304,Três Ranchos - GO,2513,Taxa de alfabetização das pessoas de 15 anos ou mais de idade,2022,2022,6794,Total,95251,Total,100362,Total
6,Município,2,%,94.14,5221403,Trindade - GO,2513,Taxa de alfabetização das pessoas de 15 anos ou mais de idade,2022,2022,6794,Total,95251,Total,100362,Total
6,Município,2,%,85.19,5221452,Trombas - GO,2513,Taxa de alfabetização das pessoas de 15 anos ou mais de idade,2022,2022,6794,Total,95251,Total,100362,Total
6,Município,2,%,89.45,5221502,Turvânia - GO,2513,Taxa de alfabetização das pessoas de 15 anos ou mais de idade,2022,2022,6794,Total,95251,Total,100362,Total
6,Município,2,%,90.64,5221551,Turvelândia - GO,2513,Taxa de alfabetização das pessoas de 15 anos ou mais de idade,2022,2022,6794,Total,95251,Total,100362,Total
6,Município,2,%,87.29,5221577,Uirapuru - GO,2513,Taxa de alfabetização das pessoas de 15 anos ou mais de idade,2022,2022,6794,Total,95251,Total,100362,Total
6,Município,2,%,92.77,5221601,Uruaçu - GO,2513,Taxa de alfabetização das pessoas de 15 anos ou mais de idade,2022,2022,6794,Total,95251,Total,100362,Total
6,Município,2,%,89.54,5221700,Uruana - GO,2513,Taxa de alfabetização das pessoas de 15 anos ou mais de idade,2022,2022,6794,Total,95251,Total,100362,Total
6,Município,2,%,93.73,5221809,Urutaí - GO,2513,Taxa de alfabetização das pessoas de 15 anos ou mais de idade,2022,2022,6794,Total,95251,Total,100362,Total
6,Município,2,%,97.21,5221858,Valparaíso de Goiás - GO,2513,Taxa de alfabetização das pessoas de 15 anos ou mais de idade,2022,2022,6794,Total,95251,Total,100362,Total
6,Município,2,%,88.84,5221908,Varjão - GO,2513,Taxa de alfabetização das pessoas de 15 anos ou mais de idade,2022,2022,6794,Total,95251,Total,100362,Total
6,Município,2,%,93.45,5222005,Vianópolis - GO,2513,Taxa de alfabetização das pessoas de 15 anos ou mais de idade,2022,2022,6794,Total,95251,Total,100362,Total
6,Município,2,%,90.87,5222054,Vicentinópolis - GO,2513,Taxa de alfabetização das pessoas de 15 anos ou mais de idade,2022,2022,6794,Total,95251,Total,100362,Total
6,Município,2,%,87.17,5222203,Vila Boa - GO,2513,Taxa de alfabetização das pessoas de 15 anos ou mais de idade,2022,2022,6794,Total,95251,Total,100362,Total
6,Município,2,%,85.68,5222302,Vila Propício - GO,2513,Taxa de alfabetização das pessoas de 15 anos ou mais de idade,2022,2022,6794,Total,95251,Total,100362,Total
6,Município,2,%,97.23,5300108,Brasília - DF,2513,Taxa de alfabetização das pessoas de 15 anos ou mais de idade,2022,2022,6794,Total,95251,Total,100362,Total
